-0.12933211549812995 -1.7278019526782717 222.4729999984095 0.16409659999771975
-0.45778211173144 -1.7406206738220504 222.98836990265673 0.1843440999982704
-0.5856518320239488 -1.7336814510449727 222.73853337572027 0.21414779999759048
-0.5333619791658606 -1.7601136191760514 221.71298862467077 0.2476576999979443
-1.2794138067737393 -1.773944610458157 224.5347536518363 0.29277469999942696
-1.0735665281326874 -1.7201831196269879 222.4015168712489 0.32439099999828613
-0.8042032566103572 -1.466414198976084 221.0375354868949 0.35774529999980587
-1.7521782743316763 -1.8816797360446689 224.31848595549602 0.3895734999969136
-1.201043242475322 -1.4809719316874226 222.13219669697645 0.4210527999966871
-1.7281716793976898 -1.5302956659500584 222.25660494764347 0.4531818999967072
-2.116858847870624 -1.6535315568271702 223.48605652396955 0.4850630999972054
-2.1513205262530946 -1.5025790556779235 222.55764299015073 0.517844399997557
-2.1029737401193884 -1.2751546382463737 221.7764350649111 0.5506741999997757
-2.3667519802433006 -1.3756613604602634 222.20795597557884 0.5826562999973248
-2.8075072210961807 -1.443442548219231 223.03378154590004 0.6149936000001617
-2.7159682100975004 -1.2675610112840694 222.2782972514886 0.6624643999966793
-3.022426320483362 -1.1661214700696227 223.41182101669597 0.6940698999969754
-2.439908801901339 -0.7972563265890074 220.20167291087216 0.7259363999983179
-3.351508216479118 -1.0782359253814455 223.37296259235933 0.7580523999968136
-3.536719396011911 -0.9575855580242738 223.8315915963847 0.7916530999973475
-2.5658738830466845 -0.4753492057942488 219.46079945033017 0.8210250999982236
-3.3207028335118096 -0.6057199926646888 222.48956895907878 0.8534908999972686
-3.81480531144674 -0.7292559891305537 223.7587606257971 0.8850020999998378
-3.8865562068667145 -0.5017923246624498 223.57635635132726 0.9177474999996775
-3.4157166028031014 -0.15020642748669388 221.17609288991676 0.9499876999980188
-4.043709420297056 -0.2821347804824228 223.77506189651123 0.981449299997621
-4.213095377220512 -0.19423895713100592 224.5691495580139 1.0301739999995334
-4.129085459480649 -0.07138916031573217 223.87620700371474 1.0605602999967232
-3.9994273145431976 0.2839537621044297 222.52706687549536 1.095683799998369
-4.118006940618038 0.16788380166755879 223.60140939761277 1.1246799000000465
-3.553833208055728 0.5105064261025589 220.46118869777771 1.1562236999998277
-3.982950808792033 0.6183693086102977 222.12848358796188 1.1900092999967455
-3.910620966929386 0.8378770871220436 221.59314338850342 1.221978499997931
-4.194756965945096 0.7373076194286448 223.233898265475 1.2553623999992851
-4.345799553072794 0.6305971419662111 224.1456701753349 1.2857162000000244
-4.091819123704802 0.9475883345937728 222.93146939089385 1.3174253999968641
-3.9916015111559773 1.188203721861413 222.25654627779468 1.3498299999992014
-3.8271372743253025 1.280314017364276 221.70644946746657 1.39744779999819
-3.8271372743253025 1.280314017364276 221.70644946746657 1.4323627999983728
-4.346891268609255 1.2878241400417778 224.1013353463846 1.4612932999989425
-4.640048921886866 1.2631291466716643 225.50032220887542 1.4957756999974663
-4.010389711406255 1.6070709887984833 223.2753699935167 1.52632199999789
-4.057448007779037 1.5052970184746393 223.80920756952938 1.558542299997498
-3.5307219458778647 1.7147203854164967 221.97337579982977 1.5901997999972082
-3.855862835457337 1.5932523700111645 223.39668822821133 1.6208292999981495
-4.189499677530058 1.7125741771936074 225.49682978974698 1.6531524999991234
-3.5476045009043204 1.8260792250104707 222.90232046189 1.6861365999975533
-3.60815652625098 1.7278012629716848 223.7981729305002 1.718436199997086
-3.176051390784089 1.9335648457407277 222.2836102767728 1.7659459999995306
-3.5345570985664168 1.8266479607138635 224.51369855820508 1.79910629999722
-3.2695972756317673 1.7333807310541562 223.474780958536 1.8298297000001185
-2.7210041742936752 1.9918106943194491 222.6475790832262 1.8622254999972938
-2.742027652661676 1.8378358130954613 222.34970934298494 1.8938740999983565
-3.162586047480872 1.7160161781298768 225.1136119932922 1.924405799996748
-2.6998591558692766 1.8483389198633553 224.26034934079397 1.9586183999999776
-2.832507554241097 1.600297537380321 225.15030675905194 1.988971999999194
-2.0760785586243387 1.8621497360799601 221.59827249132428 2.0199957999975595
-2.1405643695799483 1.911630698277623 224.01817794460047 2.0532241000000795
-1.7701587048250857 1.9261731546388177 222.38374448330967 2.08576759999778
-1.7701587048250857 1.9261731546388177 222.38374448330967 2.110116299998481
-1.5461739209493146 1.6108942016126715 222.4802913957487 2.1658337999979267
-1.3340636513892221 1.6384338627332546 222.82332545311638 2.1985998999989533
-1.46878273151669 1.4015521814869611 224.30838921661947 2.22990579999896
-1.2160788836024565 1.3648420990821286 224.19065599835537 2.262726399996609
-1.1187456597734737 1.260885612606808 224.12809753336938 2.294280499998422
-0.6259263345162367 1.245142385915475 223.26605006269574 2.3270725999973365
-0.752460412438424 1.0363963714648303 223.9892019340449 2.3577866999985417
-0.7848793478378226 0.8412555718243553 225.40151017056345 2.388795399998344
-0.12483413843082047 0.9138311811779332 223.79411262666605 2.422888299999613
-0.12483413843082047 0.9138311811779332 223.79411262666605 2.4378969999997935
-0.56363632455475 0.582081017321725 226.2397355959333 2.4542690999987826
0.2269911669662008 0.803206695153273 223.12095938163165 2.5004930999966746
0.6193465139273542 0.3827791515101513 223.3996588190103 2.5648131999987527
0.9144370014138019 0.46154499730559984 223.84778978825616 2.5965953999984777
0.9127781154214105 0.2526075019208509 223.25335418633244 2.6294137999975646
0.5869642751208204 -0.09673788005260953 226.15926712623096 2.6598935999973037
1.1472913616166096 -0.19403971145688992 224.6402304976763 2.6950758999992104
1.1750965261748476 -0.21110118391821509 225.4249635933013 2.7244020999969507
1.6900652659473039 -0.10417638401937523 223.54420861850667 2.7586541999990004
1.3122147084269074 -0.4350339872442319 226.30466812593988 2.7895711999990453
1.3122147084269074 -0.4350339872442319 226.30466812593988 2.8097304999973858
1.8521387167375423 -0.3207266815130314 224.22757274012764 2.8249357999993663
2.0354988376176664 -0.5394785041005274 224.08701444629327 2.8702723999995214
2.3040084224293693 -0.7701464145337393 224.2206673194743 2.900383799998963
2.1758506558961344 -0.8851273141257252 225.15499490698318 2.933441599998332
2.648227204468391 -1.0592344334027644 223.94793067073343 2.9959746999993513
2.7185553667147886 -1.1252811441858004 224.66716639782783 3.029469999997673
3.169957297279417 -1.0870802123473453 222.80925749912527 3.0617934000001696
2.9077488864336445 -1.4028375377586766 224.99885998946297 3.095382299998164
2.8569360106826664 -1.478820241038413 225.7783358440122 3.1247463999970932
3.7073108650991813 -1.3708628693746991 222.44707878078472 3.15858489999664
3.7073108650991813 -1.3708628693746991 222.44707878078472 3.179488499998115
3.7785521834181637 -1.2785796875523765 222.04142041489405 3.1954110999977274
3.8292175299549314 -1.4791361888602506 222.39477132096738 3.238368199999968
4.003900306529758 -1.5004513410659506 222.0288989618458 3.269353699997737
3.447842060606206 -1.7937902083131245 225.3733421887326 3.301165899996704
3.7188090539853746 -1.7744443822355436 224.74385452680832 3.3341576999991958
3.9829278078406674 -1.884192280110593 223.8963025802347 3.3982561999982863
3.7056996529502584 -2.0118160642136598 225.86178036585787 3.4301109999978507
4.0627018091408615 -1.8884972979045536 224.0682639942182 3.4600148999998055
3.8099879073303526 -2.128442047640995 225.9101727679568 3.491398599999229
4.064796341246321 -1.887505482430507 224.417602559184 3.5247924999966926
4.064796341246321 -1.887505482430507 224.417602559184 3.539926800000103
4.14114530644553 -1.8892271065341966 224.2479489545082 3.5572778999994625
3.90247693851412 -2.0199389722966803 225.36073585585976 3.604930499997863
3.90247693851412 -2.0199389722966803 225.36073585585976 3.6378921999967133
4.064796341246321 -1.887505482430507 224.417602559184 3.671186299998226
4.008656577983764 -2.002594608467888 224.77979671392464 3.700256999996782
4.284375920578789 -1.6780495022412723 223.46687737706003 3.7667727999978524
4.44366459701434 -1.4358268430076961 222.54678151029998 3.7965876999987813
4.066325858928366 -1.662341978488202 224.40480620436676 3.8289307999984885
4.572794838297646 -1.4149336341036207 221.82668917047968 3.8614062999986345
3.9016561900769773 -1.5690476844010615 225.35713330965436 3.892150199997559
3.9016561900769773 -1.5690476844010615 225.35713330965436 3.9107038999973156
4.278733378049587 -1.2472121150605595 223.571214543853 3.926029299997026
3.9125195462957336 -1.3493875586478215 224.30512300169616 3.972214899997198
3.776380939622925 -1.3295592679192652 224.8079797808542 4.005397199998697
3.470900006399816 -1.335713241524246 225.89759161744476 4.036166799996863
3.6573673846448074 -0.9972528365582161 224.1926993276154 4.0701177999981155
3.9976370264059895 -0.748232122091034 221.91903707962993 4.102177099997789
3.6252383868514286 -0.7417366710818882 223.48766603554967 4.133696599998075
3.698871455528632 -0.4096042279703802 221.49990432194846 4.197351399998297
3.384196993886526 -0.3092743828088267 223.56222876046132 4.228212199999689
2.935367808260665 -0.31757080002901894 224.07036437628702 4.2627173999972
2.935367808260665 -0.31757080002901894 224.07036437628702 4.282290199997078
3.240377466722286 -0.07955751682896306 221.8024740510138 4.297058299998753
2.517860873543725 -0.27656068782472687 224.88790819197436 4.342285299997457
2.365898406370441 0.004130946911235611 224.7224085847927 4.373380399996677
2.302191065748346 0.12670391697859884 224.21501676923705 4.405569399998058
2.733155104584057 0.3849814134342484 221.28867771474825 4.437394499997026
2.377063922188306 0.5025201489797748 222.0110246858133 4.469488499998988
2.6206759385971097 0.8206881705216453 221.18422648516238 4.501158299997769
1.3872903692561493 0.5841738528354394 224.90889552764796 4.564227999999275
1.7383976412268964 1.0443027766767337 221.60420151044607 4.597814899996592
1.0379970623171246 0.8180490294077849 224.61058592853777 4.629233699997712
1.0379970623171246 0.8180490294077849 224.61058592853777 4.6564306000000215
0.7721066968625792 0.8482532403326637 224.9515197785335 4.671259399998235
0.7002272224818853 1.051630137598174 223.75587889721672 4.710276799996791
0.5580566787104075 1.29131933841159 224.07699960114363 4.741124799998943
0.6362900195689747 1.4773921908565715 222.9506314772888 4.7738226000001305
0.17217165241369514 1.3685670846210822 224.18201009236623 4.805547399999341
0.5405493232845231 1.711956377030372 221.48721450581425 4.838107699997636
-0.35946260392760365 1.392560057413247 224.59270723375369 4.868837299996812
-0.14901129965164017 1.6004194812518087 222.86067496704032 4.901291199999832
-0.3232112670774754 1.8650331031401635 222.84082450296194 4.966066999997565
-0.9021029016319133 1.7220706350322619 223.70477680964504 4.997820099997625
-0.9021029016319133 1.7220706350322619 223.70477680964504 5.01247389999844
-1.1809690339657095 1.8203815048348115 224.20759750789594 5.027654800000164
-0.9860360722966846 1.8398184147261212 222.13817127571573 5.079075499997998
-1.5879200199726284 1.8174454291480284 224.34180514723357 5.111179799998354
-1.4898146246133521 1.8311494414774554 222.7389272503688 5.141478599998663
-2.020081427685618 1.7114051300216815 224.14200913862942 5.172904999999446
-2.082486103068426 1.822681253953787 224.22695367370898 5.205706499997177
-1.8455249097579838 1.8358557206652488 222.3171889945441 5.237769699997443
-2.2051641207677264 1.8223428415778518 222.87822332314403 5.269390599998587
-2.6322450518666898 1.8244408661472775 224.49625951448334 5.300413499997376
-3.1355007758003666 1.5223886113632243 225.31584947690558 5.365390499999194
-3.1355007758003666 1.5223886113632243 225.31584947690558 5.385278499998094
-2.7237955530264983 1.70928400170175 223.01160778106168 5.4012085999966075
-2.9721824447166156 1.6136364409410202 222.8968161015237 5.446101800000179
-3.5055506106662975 1.4858732118775766 225.46759092316552 5.477488799999264
-2.9696618912439945 1.6425934530756638 221.63430593415782 5.511768699998356
-3.535118491757224 1.3771371723311017 224.52370587937898 5.542542399998638
-3.3362978731190296 1.3929137107928895 222.52930798556525 5.574178599999868
-3.2487680747636176 1.4209363153804375 223.01939180755718 5.605187899996963
-3.5405150722498746 1.1728775178138484 222.65390346810975 5.636734899999283
-3.632695927000711 1.1740821719523211 222.36570269557154 5.6687340999997105
-3.898144645331662 0.8368721396005689 223.60769522080903 5.701063099997555
-4.052291655670203 0.834866976348291 223.79623596352843 5.735209299997223
-3.953738685436626 0.8148089612475395 223.34676257952296 5.76574619999883
-3.9527449190635053 0.7236288902682606 222.8132759575383 5.815354299997125
-4.064100568381498 0.5986791364806656 223.03992204132905 5.845623799999885
-4.274348708517287 0.3884915474770221 223.79555520126686 5.878177999999025
-4.540377290135162 0.27258583221098576 225.02814124665787 5.910240299999714
-3.8663941680476626 0.4016236889463993 221.8903956008764 5.942335099996853
-3.9476323569258227 0.1793931747651012 222.29932456307 5.972681399998692
-3.9976841393411036 0.061890403222040646 222.52274152142212 6.007607299998199
-4.399765382746601 -0.1603801772606186 224.39531061161884 6.036883499997202
-4.602517626238459 -0.3985118759631394 224.81705582301169 6.071902499999851
-4.176084838422966 -0.3010486840623674 223.36074885336262 6.100720599999477
-4.438783856711609 -0.41836001032821635 224.57796257604585 6.133245999997598
-4.3936084517844805 -0.6075369240089277 224.37423057002093 6.182363500000065
-4.090813072856022 -0.612969116156826 222.95352210226469 6.212773699997342
-4.101220164666913 -0.6881007313699286 222.80586219344 6.245974199999182
-4.076058857369546 -0.863069111552349 223.42272920194432 6.277651499996864
-3.9613886158028535 -0.8535552297621525 223.10321475979194 6.310446499999671
-3.592248171444524 -0.8240878449349989 222.18750673015785 6.342879099996935
-3.1904883880486423 -0.8091980042165066 220.33655263118254 6.37407699999676
-3.7262144737743554 -1.195386693950315 223.36145610684682 6.407607799999823
-3.5001934094871814 -1.2817310323984916 222.81593882778768 6.437977799996588
-3.0395397567239613 -1.1273642025971 220.96147428744342 6.475402399999439
-3.6200911614226925 -1.4069420869651879 224.21186518046747 6.502612599997519
-3.2388196030352674 -1.428291075368648 223.99973571139793 6.549483299997519
-3.438413046438775 -1.6610090622006144 224.64755322858346 6.580863299997873
-2.8662155785428496 -1.4945468820418064 222.45984898961842 6.614529599999514
-3.2263379789280506 -1.7457834405874522 224.71331439133465 6.645810999998503
-3.073800889125444 -1.882196821547872 225.08736572819936 6.679209299996728
-2.1668430120978925 -1.4986061467805225 220.9367425887689 6.708475099996576
-2.3126064526760644 -1.5265414472024936 222.27381246543203 6.743615599996701
-2.253624672758349 -1.7368928189092472 223.04017636197682 6.7740129999983765
-2.2342773982200868 -1.7523709701794026 223.38318298862 6.805578199997399
-2.0101760627588376 -1.7529806234602514 223.37982942927982 6.83728709999923
-2.038423923757243 -1.8585733722869993 224.16473462619325 6.869816299997183
-2.108751266181912 -1.8910483287233983 225.31339568473217 6.923814799996762
-1.8812703081525655 -1.8913619591202426 225.30381055982122 6.950251700000081
-1.4783195709779449 -1.8882165841489567 224.41696826118385 6.981945299998188
-1.3012460033936648 -1.8827718720069377 224.30829474775265 7.0133058999999776
-0.9713189477662638 -1.6704619535829117 223.78835581256084 7.045494999998482
-1.0366334796327337 -1.7528414910274606 224.7907221432003 7.079393699998036
-0.4035482960909107 -1.4996398764535712 222.38517068888981 7.109029599996575
-0.6641360159672303 -1.7543927440169753 224.8202142221214 7.141630599999189
-0.5290105687671911 -1.5686047024064056 224.94325395301462 7.173450299997057
0.00889198779082534 -1.3109114703274098 223.33197365577342 7.204598399999668
0.00792417702347592 -1.4293572492628197 224.47201519998043 7.2385229999999865
0.32601027266047566 -1.271750739285789 223.79763759726504 7.284201999998913
0.6822718551303666 -1.0889256039426307 223.31316538998476 7.315988899998047
0.7261344600551496 -0.9907800286744219 224.2566243190039 7.350645299997268
1.3611781460832617 -0.7474503616232475 222.10654522963648 7.3824760999996215
1.361100172710863 -0.7533465828282857 223.6484723072581 7.415256899999804
1.048722128987194 -0.8773530926387583 224.93318270977545 7.446060399997805
1.3673417980790745 -0.6716077343312659 224.6661020278898 7.47911749999912
1.585386976365804 -0.5383907456490338 224.09450975221083 7.50997759999882
2.418491825859725 -0.07994620517258255 220.9727748287551 7.5429107999989355
1.8521387167375423 -0.3207266815130314 224.22757274012764 7.574826799998846
2.5032938007656256 -0.0060826266828293285 222.96034364565583 7.622417899998254
2.480414132586972 0.025130073700303512 223.24110792209427 7.653700999999273
2.287334817567775 -0.052263477267919356 224.9125968117659 7.685663899999781
2.79207665043311 0.24937571914365364 223.0119927527108 7.717831599999045
2.752699977431334 0.34992790524420414 224.20400175471156 7.750555099999474
3.078940574943438 0.5348537954745822 224.28390856297207 7.7812727999989875
3.266472444106789 0.6055372875784908 223.22388378405685 7.814763399997901
3.7094548453101126 0.8135888831103681 221.5269498163382 7.84518499999831
3.271802147226559 0.7141510962269297 224.42526410469364 7.878996799998276
3.130614504964214 0.7739316345383269 225.88430073598013 7.910683899997821
3.499648965843953 1.0639011765643485 225.2124356005422 7.941875499996968
3.5536620837699147 1.1279096674725526 224.7416919976999 7.990281399997912
3.444236401873063 1.1382363595735718 225.34151394864472 8.021610699997836
3.8331640710071824 1.248830929604713 224.0431962038245 8.053723199998785
3.9579100783663534 1.4016187358034689 224.58896735056945 8.08525479999662
3.671113047597238 1.363441161622534 225.3318489864744 8.117332999998325
4.5487045572192955 1.7024787117284603 221.398880393471 8.151323299996875
4.103388432552947 1.4681995618484631 224.16897717698106 8.180265599999984
3.898001560923973 1.5886541319761278 225.32212969793127 8.213908699999592
3.898001560923973 1.5886541319761278 225.32212969793127 8.245811400000093
4.1994211286246 1.6962417326908383 223.87830350983256 8.277260099999694
4.730348630345894 1.928653096622563 221.2462645374723 8.310785399997258
4.671422733052516 1.9151516808201965 221.83375793283935 8.356506899999658
4.362864463940241 1.8081518015452307 222.94332839458852 8.388191899997764
4.362864463940241 1.8081518015452307 222.94332839458852 8.422195199997077
4.228538698058159 1.8076439074243336 224.0942860766132 8.453751499997452
4.578179435995267 1.914193860729208 221.7391706679301 8.485106499996618
4.578179435995267 1.914193860729208 221.7391706679301 8.516809299999295
4.4422838025914615 1.9136606590692935 222.88717242248111 8.549618299999565
4.578179435995267 1.914193860729208 221.7391706679301 8.58213959999921
3.8651023779173954 1.4838855434492935 225.78356131202628 8.614200500000152
3.9229354267627556 1.5915029564331942 224.80587705694424 8.647903399996721
4.2029519790703915 1.650845092943717 224.23940281159412 8.67831870000009
4.632646595358409 1.8523937453089907 221.45730353521998 8.727957600000082
3.832799884772186 1.472921964209437 224.04154175161779 8.75712299999941
3.720430718697088 1.3860292265760972 224.4200761994485 8.789280699998926
3.7698229831988073 1.4930886582991096 223.2835386242683 8.821578799997951
3.8228102763542964 1.470564887735689 223.5698618839893 8.853680399999575
3.4273789178045533 1.2454206385387874 224.18434855011185 8.886010199999873
2.949307347875177 0.7346067273091705 223.74292211804172 9.112062299998797
1.7243366763401866 -0.07976466724628395 224.56397961177746 9.279019399997196
0.9428933666286738 -0.5374231919543124 224.895072313273 9.451007499999832
-0.40076110620067595 -1.2123440449810232 224.2831186415005 9.621352999998635
-1.1138911343876146 -1.4278010782605275 224.14996355977493 9.796397199999774
-1.5228888316447708 -1.4973744911752647 222.41894548165922 9.95266139999876
-1.928387695542483 -1.6580926272019632 221.17006055766538 10.109617499998421
-2.734031110296648 -1.3687682365506593 220.57409452755505 10.281283499996789
-3.5999060707262984 -1.3857049296275346 222.56563585198725 10.453989199999342
-3.9183514338912104 -1.2056113508018242 224.04143042121024 10.607629299996916
-3.7139265081403465 -0.24407127333105905 221.00011145573447 10.782670900000085
-4.438699493174617 -0.1936643110043974 224.57373002900152 10.954329499996675
-4.181344100657157 0.8118054922198379 225.47266758858055 11.129656499997509
-3.7091178476147135 1.1518659425455215 224.6185742294393 11.300343299997621
-2.666095118806375 1.6134787737168654 222.5138252657586 11.471267099997931
-2.002220673486505 1.7292876554202454 223.81930558376962 11.626107399999455
-1.3466021374253287 1.71218524959016 225.04660830383182 11.800185499996587
-0.13277415639747403 1.392161153373511 224.58330137961457 11.971624499998143
0.7217109519860827 1.2516456948424093 224.24130205725822 12.142732999996952
1.6788436703130358 0.7968940856730153 224.31148368833743 12.314746199997899
2.5153689872555205 -0.05233558956198081 224.89773705455394 12.482699299998785
3.2893168580140397 -0.5032810844096094 225.16791469337304 12.657327299999451
3.621531706626108 -0.7610030317671832 224.3617711367327 12.829473899997538
3.9016561900769773 -1.5690476844010615 225.35713330965436 12.999944299997878
4.394545608273404 -1.536372272162442 223.55294149888013 13.170798600000126
4.280602979190107 -1.7401914773914164 223.18354607612687 13.34584790000008
4.253910091866132 -1.6448633691424863 222.1118259364054 13.51342399999703
3.466330731850938 -1.663028067486204 224.24972731269045 13.670859999998356
2.453644309875763 -1.077934459906384 224.40100253860555 13.84410559999742
1.6716864294140947 -0.6868022541640357 225.84116912109405 14.003199999999197
1.1790305640005627 -0.051451898321628775 225.2544949178072 14.161118699998042
0.23181095120553152 0.17299276736081026 225.0548529602115 14.336247799998091
-0.706794541073613 1.2580471632467667 222.97491773829154 14.525432099999307
-1.5869983897143385 1.4098043868294283 224.00871279469453 14.697186599998531
-2.300170903919664 1.862508541062443 221.60974731291984 14.856910599999537
-3.5350319249759394 1.6230016361027921 224.72659115414487 15.02891129999989
-3.759218149354915 1.7311729836851946 223.9724332474244 15.203090599999996
-4.546751691610588 1.1717692493069922 225.04263388809352 15.373081899997487
-4.22323408237893 0.9524015833414659 223.561046089762 15.546955899997556
-4.272629736111639 0.16508624008947592 223.7913476597285 15.719576799998322
-3.6001548660369735 -0.043970275369302314 221.99453667862502 15.890801499997906
-3.7116356962039205 -0.6478279423230422 224.6617513163392 16.06490329999724
-2.8804051012047935 -1.4304763109585785 224.3405035236914 16.23690059999717
-2.4555944016255964 -1.7827831384106467 225.549592575136 16.413125199997012
-0.850309870852918 -1.8838505206699434 224.29813489528803 16.583322699996643
-0.28868183347624665 -1.8933404624289043 225.2347120535987 16.75604999999996
0.6869075573792287 -1.6563705426687285 224.1202986606229 16.92879499999981
2.252601036281149 -0.9854697843502027 223.07428567781332 17.101251000000047
2.322569410115605 -0.8842763270787355 225.97932858165672 17.272418499997002
3.5904538609637555 -0.08647939437940266 222.06353557530346 17.43094459999702
4.023120560448447 0.45053335324265653 223.52553353985587 17.601139599999442
4.361244931046322 1.1384647871179787 222.96374235585031 17.775301099998615
4.105685619643758 1.2534985001508048 224.8186459549312 17.949311399999715
4.228538698058159 1.8076439074243336 224.0942860766132 18.11877209999875
3.930532377297503 1.7050460247295902 224.10589381546367 18.293306899999152
3.4252713773844903 1.7523341737300733 222.66001734778243 18.46410609999657
2.8978271306219696 1.404744272863896 222.5670019261338 18.634188399999402
1.734273403100758 0.8406465189478123 225.21086964534138 18.805686499999865
0.9255343413781816 0.49521978108534626 222.3834243552732 18.96413859999666
-0.17083755473710482 -0.1922241870814947 223.90623971800255 19.13388849999683
-1.4484301221350933 -0.873415517012484 225.03248230715994 19.305498899997474
-2.545502270932708 -1.4720579550214214 226.00955852009344 19.476960199997848
-2.418426372871174 -1.4955026954837631 222.44617119053353 19.651385699999082
-2.873185189265989 -1.62448307542779 222.18311108802496 19.82017579999956
-4.0317547559211775 -1.8451516245094925 223.74652052070513 19.993540599996777
-3.8349727643249807 -1.6012398461006683 222.08191516167435 20.16692619999958
-3.7089593963257173 -0.9055430496740442 220.9886442017896 20.337166499997693
-4.299293960365425 -0.9448236400512702 223.62448862354606 20.511547199999768
-3.4692430052906644 -0.17642823255793338 222.5654808044706 20.685027499999705
-3.632020387723159 0.2709521673864419 224.9904206710755 20.858459999999468
-2.479525073749919 1.1640828963339747 223.00257903206128 21.01416539999991
-1.177075208882421 1.6398034231050147 221.54248422403285 21.171544699998776
-0.8269628672859497 1.7244781628624164 223.87899756548975 21.345011199999135
0.005898085386178309 1.7062171339694832 224.10457871783515 21.51773239999966
1.3076723055730923 1.7217265153871093 223.50403032760394 21.691761499998393
1.9572284302448608 1.2898611184468152 225.21839526691386 21.862578099997336
2.6214352889589847 1.1740144817094222 224.05766271493346 22.033336799999233
3.4917254812325638 0.9436177634515044 221.9863869378668 22.188128899997537
3.9811317042510623 0.08687063959896868 224.25556824816687 22.34852249999676
3.869816554201577 -0.5685717933590855 225.40604716699988 22.521112999998877
4.573672811068889 -0.9709682579743895 221.81387196742466 22.680634199998167
3.9016561900769773 -1.5690476844010615 225.35713330965436 22.837845599999127
3.843728283319649 -1.8033750937064656 224.67978844101032 23.008923599998525
2.8943849735368943 -2.1283211251506433 225.965323872783 23.17958529999669
2.8320352557847244 -1.8447923151616763 223.19720278469495 23.353095499998744
2.3892965456222726 -1.4917232515648458 221.980114992587 23.524595099999715
0.7910930536443317 -0.9968416135158602 223.5796101082646 23.69895539999925
-0.5094230729702929 -0.7949979929659889 226.60591644000672 23.869248299997707
-1.231469954628487 0.16790158015091805 223.37242191651416 24.043661199997587
-1.360401686033505 0.8726864445983704 220.29507021867553 24.214373299997533
-2.8045624767345814 1.1497989087163507 224.59394026514536 24.384285599997384
-3.2834168531793466 1.717533128741838 222.71808899005268 24.556938799996715
-3.7309714532274967 1.8367897538020177 222.7992473086117 24.726361999997607
-3.598448763433815 1.9753026194800203 220.43896262617798 24.884793999997783
-3.6429899689188616 1.8328680795637666 220.3470845136461 25.06001059999835
-4.281230236703948 1.2823029502597585 223.81260670231958 25.21582899999703
-4.316514607864555 0.7217035062922594 225.02621181349016 25.38966739999887
-3.469487095813996 0.04846441083583031 224.7688121213708 25.56226339999921
-2.113021852268602 -0.03242369364834374 221.0582348004649 25.73386279999977
-2.205378173300147 -0.7595059905265682 224.31995222793395 25.90792009999859
-0.5866262313570587 -1.2884548724625322 222.73537652022148 26.081908000000112
0.19972028087628502 -1.49800106115471 223.01808983333348 26.238884299997153
0.9351019686702031 -1.7492849966971225 222.84481805716203 26.41132429999925
2.276710098430236 -1.7528333089010353 222.82639033930647 26.569387099996675
2.312368739586624 -1.7919259582246099 225.4086543367895 26.741608099997393
2.9932649744961566 -1.5675858105308258 225.38554335414202 26.9005533999989
3.8823880806667006 -0.7735502671564092 224.18652283538475 27.07352009999886
4.060600796290451 -0.320194050268519 224.05273394221751 27.24271559999761
4.635270621665583 0.464674779206824 222.436542116121 27.4171482999991
3.9851325954934254 0.9122204965330543 225.09544326090983 27.58855079999921
4.066568870162428 1.4536346335009345 223.37897476192728 27.74501919999966
3.55273747095211 1.5849262644315534 224.1095574027483 27.92078709999987
2.51173119849458 1.7355976584937647 224.03910574438314 28.093391799997335
1.725157946664595 1.5145815483628127 225.24918504504438 28.264048199998797
0.47343962182934973 1.2593975608075212 224.964386262029 28.438461499998084
-0.13335770461303298 0.973672904689856 223.7872939183204 28.611822499999107
-0.9716825839316598 0.49362656823366535 224.6452179653473 28.78399469999931
-1.8258622100642654 0.15019852095985087 223.3195404730085 28.955692599996837
-2.426667417960175 -0.3857077020360613 222.46645910571368 29.130157299998245
-3.1216404971098086 -0.9441519949892356 221.8647041914917 29.30205659999774
-3.916290684019444 -1.428209619390243 224.03643729498967 29.474548599999252
-3.6198598806405826 -1.3662942699147926 220.5914543296513 29.645210299997416
-3.789162759507711 -1.607615327541975 221.88558293118234 29.81653649999862
-4.4406017081606635 -1.880606764563792 225.1594432209961 29.9888409999985
-3.5666577515776225 -1.3864683072494817 221.87858211433297 30.162596199999825
-2.3160469492825158 -0.4830281240861094 219.61941106201175 30.337587299996812
-2.2266847701988013 -0.18663935808110566 223.31882221290553 30.509162899998046
-1.248143857274357 0.4693979032590523 223.83805654462995 30.682043699998758
-0.8670382165284138 0.7973807884007318 223.78072064454207 30.850812799999403
-0.0349285893350455 1.2562718712209975 222.9628495549838 31.025104099997407
1.1718016093272539 1.699152616721273 224.2287326769929 31.197910899998533
1.848204919169504 1.6975620232449913 224.214548030412 31.3680355999968
3.035541595968567 1.7044854548648036 223.74508459707522 31.543662799998856
3.8182840963068188 1.691466029387275 222.00329181193558 31.716810299996723
3.9275596173716494 0.9179414924856513 224.7907058220953 31.88911289999669
3.9860981189096236 0.46195111441986647 225.09774974821678 32.06144779999886
4.114928186238949 0.13133888775286273 224.78405663884703 32.21929689999888
4.236424302157033 -0.513271427636246 223.209357856596 32.390750699996715
3.6899228068646295 -0.9827896542572354 224.36757665744793 32.55940120000014
3.82681034559635 -1.0693893588073955 221.13170176647222 32.734757299997
2.49234168947887 -1.6435373949813368 223.58475321213132 32.904613199996675
1.9437946881144441 -1.7123981555086498 221.98987997715676 33.07726759999787
0.046458192379155605 -1.882291558520281 224.8955279067741 33.250412399997
-0.082061256515928 -1.2608296685437246 222.59127429708286 33.42172059999939
-1.1319598151874573 -1.0701103191930166 222.99939803109177 33.59532479999689
-2.4024889472707187 -0.2905569965287267 223.40942022771566 33.76935759999833
-3.3207057454502404 -0.08599966340760012 225.16068101081507 33.93930719999844
-3.331015423608335 0.7265509770495218 222.5154917416584 34.098005299998476
-4.155258556425451 1.1997563238814415 224.0635790351041 34.25562319999881
-4.092179203377043 1.616471442405187 222.921979296085 34.42550769999798
-4.284671783787196 1.7293236634378335 223.8212532071198 34.599442399998225
-4.271289587520521 1.7174302393044147 224.18600610681122 34.771338299997296
-4.095728581300236 1.6205841824878107 225.0314702381781 34.94507579999845
-3.768912624704086 1.2931177749852125 225.63526632313494 35.11865299999772
-1.92322824471686 0.8905708393473777 221.9540342036192 35.28810899999735
-1.5511301437563674 0.48250708518575536 223.2807609400703 35.46041119999791
-0.5370489966684531 -0.5066861121196453 225.31106244678395 35.635018899996794
0.24507485359863068 -0.9485530231245125 225.0053654363299 35.805064699998184
1.0524859278997383 -1.326172126387009 224.92098926320676 35.978528599996935
2.5843290834922144 -1.5919963501729804 222.49945533828625 36.150595899998734
2.873863310945154 -2.0014175057273604 224.82781986834786 36.32150199999887
3.9458369244210303 -1.7586822141727119 223.57025712683688 36.49329729999954
4.1415982687095365 -1.6435303974678241 223.74251399162395 36.66296799999691
4.109279622195125 -1.4465181863489178 224.18550707008453 36.83427899999879
4.495330683464346 -0.544666574714979 223.02351427883147 37.00693429999956
4.55366862077593 0.03969007339694741 221.30359273863678 37.16564389999985
3.459461138125782 0.1014464841185223 225.55664021352857 37.3387573
2.7454904442402324 1.0310358079023896 224.8675435958779 37.49587699999756
2.6080294575748866 1.6450956967495198 222.6336391442711 37.6688041999987
1.2670721465154955 1.5147159418474025 225.2847101036352 37.84115629999724
0.33288778800564955 1.7257717249785571 223.34835491479973 37.998213699996995
-0.14510927113205696 1.827915482341444 222.7028321240768 38.15774400000009
-0.9843520132895449 1.6180580249750598 222.13350300166363 38.32702719999725
-2.134252756376661 1.2433144887113734 224.00112415539235 38.487222399999155
-2.8441933954085883 0.7196242958559225 222.63879715395032 38.64691039999889
-3.4837296520761925 0.29534157641870884 224.84422303423074 38.81799390000015
-3.8903982323042925 -0.05564963809799117 223.58663036012294 38.99015159999908
-4.390391885074045 -0.8711851548320695 224.68570598006323 39.16154849999657
-4.262341029819176 -1.1749518342202308 223.7666287576683 39.33218829999896
-4.525337399359103 -1.749282538736857 224.99343630302212 39.50482059999922
-3.987497919773368 -1.7674859091885438 224.59189956605772 39.67782869999792
-3.104951621543293 -1.8783230684583057 224.34925733562415 39.84904549999919
-2.0799478874616213 -1.4100846269630622 222.41595423153836 40.00587439999799
-1.8118589670523448 -1.1855998814731823 224.1412076257137 40.180056899997
-0.6727695945532162 -0.6320628201308907 224.84414382681356 40.352228599997034
0.6956468253694155 0.143681558625687 222.0843797490209 40.52493239999967
0.8501984154080873 0.35790552694019695 225.34620788636016 40.69928709999658
2.0821952332042244 1.1408163503901516 225.3805118147045 40.86853589999737
2.9759931210821193 1.4706961857057141 224.1924137845982 41.027245099998254
3.382273171992402 1.6980598531435778 224.04710973941212 41.18583319999743
4.270156522098844 1.915457929325589 223.55652087093702 41.35449199999857
4.078618883068252 1.5946941172372782 224.574805749213 41.51007229999959
4.096772344972372 1.292741011811362 224.85286923412866 41.687724499999604
4.28980558030122 1.005780435137634 223.3896364105167 41.85918439999659
3.5734154288629085 0.35274653891593033 225.26767890669362 42.01863219999723
3.2763844663520914 0.04178334970533726 224.41135801340303 42.18851719999657
2.2608917304734675 -0.7640662430402649 224.0853589011346 42.358500399997865
1.5294252783687625 -1.1004807361054318 224.16959377925156 42.53061919999891
1.1002476027207209 -1.2750486190562071 222.9742088447579 42.70222179999837
-0.4978020916376025 -1.7681544623863434 224.21922485128871 42.873687399998744
-0.8863600326329433 -1.6176241564529086 222.23186693817178 43.04589209999904
-1.536898212057345 -1.6284734061209782 222.16708894804853 43.20192199999656
-3.319316544699568 -1.6193943429184348 225.16852066468238 43.37461609999809
-2.9353923259085732 -0.8413297722933653 221.20379904099795 43.5486650999992
-3.7081123226247925 -0.21360893326765762 222.01318602950354 43.72265139999945
-3.9994273145431976 0.2839537621044297 222.52706687549536 43.89624699999695
-3.8262036702113704 0.8371183640950228 221.70954045790464 44.06668859999991
-4.211845015385073 1.3788370218679056 224.53697110807917 44.24123569999938
-3.5063916006270546 1.6134536213937896 222.7947542077493 44.41139859999748
-3.2802748205778514 1.710601952456848 225.46609011511651 44.587459899998066
-1.972057498204677 1.9292968237247035 222.06168336533062 44.759793599998375
-1.217380608085925 1.8264759393656025 221.73253323666728 44.93400019999899
-0.5093240973613149 1.1371468780468987 224.7959925245573 45.106656299998576
0.22566550351233872 0.7141926317218168 224.83168637588813 45.277502499997354
1.010072903518079 0.17572646885873944 224.89589756823037 45.45048969999698
2.1819143153994602 -0.654527381162028 224.89315790504725 45.621280999999726
2.7193465156743315 -0.7593734637764289 224.3797941755372 45.79361969999809
3.3481995575434027 -1.6776122418414214 225.95255041737656 45.96740129999671
3.884265317508344 -1.670202537485327 224.19172819492067 46.13693909999711
4.265083163720902 -1.7689102494123592 223.29579874817074 46.29376429999684
4.476643251512662 -1.6454652715606741 222.11018473732463 46.45365329999913
4.062417708090315 -1.664465204579093 224.0658958510989 46.62423579999813
3.237226845260743 -1.250636139083312 225.55843370317675 46.79880339999727
3.2764188262950498 -0.3856483291943462 221.97066839522074 46.96742989999984
2.603362999874008 0.0588305538060645 221.9969716974288 47.13808179999978
1.5918899611422432 0.263241318573451 224.75895788138334 47.296206099999836
0.5826419570519903 1.392907386152432 222.08098456228703 47.470120099998894
-0.05082277361439225 1.6102025556628874 222.2462593105406 47.637884399999166
-1.2679076933316722 1.6185517697332141 224.63467570451095 47.8111648999984
-2.0381386968744692 1.9410142929009027 223.2343409183122 47.98298319999958
-2.5517797844787466 1.843409603994214 222.1871352602372 48.15609779999795
-3.676345718676913 1.2827897514666429 223.60899443735053 48.32941899999787
-3.696933672955275 1.1992107309012727 223.04016176156333 48.50000569999975
-3.6937167768448234 0.7861170865004556 222.07287255725382 48.670107899997674
-4.438699493174617 -0.1936643110043974 224.57373002900152 48.84139649999997
-4.208846634338691 -0.7325175867524916 224.0229136467593 49.01526119999835
-3.465887660471452 -1.2031641025898825 223.51215329609755 49.18614759999764
-2.415043238883129 -1.2630605913386663 220.62600496762943 49.3584959999971
-2.7911466909374454 -1.8900626306227721 225.34175279096894 49.51658019999741
-1.341844196693522 -1.948550609147226 224.08635571551915 49.68999799999801
-0.6253064091919782 -1.6602004267747557 224.29141752521812 49.86089059999722
0.7134401544279498 -1.3364488119479478 223.03512099206085 50.035178399997676
1.349891609325347 -0.8848314971720388 225.3398914102331 50.2049580999992
2.696398297994392 -0.06556897139414275 222.07022974117663 50.36254049999843
2.5433505925453943 0.017796050789682383 225.99555373755248 50.535310299997946
3.3260834389588467 0.803584774458697 226.03544629093236 50.71035739999934
3.8786698229078382 1.253828615396662 224.82804184065094 50.880464799996844
4.480651453187576 1.8332158648276966 222.62789151733654 51.05266179999671
4.026382057887744 1.7051038783014238 225.23623016454957 51.22775379999803
4.4414580994618476 1.7417272154307621 222.2789332140222 51.39833879999787
3.400727512639321 1.3838913470589222 224.69962741309448 51.57053259999884
3.2180818113542315 1.1523354967610864 222.61616964881728 51.74275519999719
2.505832179900594 0.7709336843009389 224.1138783256493 51.901908699997875
1.2457749676079075 -0.059642167246366284 223.2816761840677 52.074882799999614
0.2742803471742761 -0.541306133247403 224.2634136163473 52.23242389999723
0.10208918276046575 -0.7219594747854945 221.50405729923995 52.406300499998906
-1.5604208867354359 -1.4220675654275396 223.1617929154602 52.56286309999996
-2.04083084736088 -1.6048714719113981 221.69515028263558 52.72391789999892
-2.906575555141565 -1.750525258860426 223.39338606619393 52.891921399997955
-3.375915670209089 -1.7344219725204013 223.07205194915454 53.05076519999784
-3.7727650685673098 -1.3908156553271613 222.65817204003915 53.22196409999742
-4.174529284323214 -1.1941078595022319 223.3688770158297 53.39631029999873
-4.090970532877641 -0.39004729633200164 222.95037726726787 53.567945699996926
-3.687194835855223 0.1585874633675335 221.81805361344726 53.72735610000018
-3.7092372423311417 0.5757130114706914 224.07106891477383 53.900191099997755
-3.1110322639640344 1.2612529921802675 224.32399114974896 54.073054699998465
-2.2864723831470997 1.588851426611761 223.3730457942779 54.24656639999739
-1.7109919360959793 1.69738147869014 223.8459742015196 54.42090969999845
-0.6694163467100509 1.7079218634742173 224.1168192916808 54.589862199998606
0.21910192537316675 1.6129382992099277 224.85063112677912 54.76249409999946
1.1599839407752697 1.1477461047632591 226.10763151175894 54.93389529999695
2.607588552118216 0.9644072466765383 222.87155586585328 55.10570489999736
2.9343318396616596 0.3546144228556152 224.0645932209758 55.26288889999705
3.6559812447027156 -0.3246913768448234 224.1887696639768 55.433611099997506
3.673470356091947 -0.892234144940236 225.35815129753593 55.60560689999693
4.285801475519939 -1.007026085857655 223.44692670362056 55.77886999999828
4.327443506815925 -1.5436562143156785 222.960090804465 55.95041499999934
4.69537756427323 -1.5193113641313314 220.88540542878502 56.12230769999951
3.6182378199247083 -1.7563143511244217 222.8094079526618 56.29571479999868
3.0125725024131143 -1.795331379489415 224.31926963746048 56.45441359999677
2.1541038601900837 -1.525185448615062 224.42974420230536 56.62934899999891
1.0165305548812569 -0.8516123158053635 224.49098185765186 56.800094099999114
0.2714355500959087 -0.4976021243187372 225.01370212886857 56.973255099997914
-0.347568292343297 0.828614391588296 221.50920586073184 57.143825499999366
-1.7926026890186932 0.8144314321024257 225.0385888266534 57.31658119999702
-2.4071748216054516 1.3743833609888316 224.50176320853615 57.488755200000014
-3.3859190523985916 1.7363726963399984 224.10903086133425 57.661556899998686
-3.680258495468422 1.7292380205306053 223.61998930907222 57.81711339999674
-3.7878774615570165 1.8383262791393307 222.55232140989384 57.98663469999883
-4.13573039181297 1.6112281056513282 222.92501135267838 58.157044499999756
-3.8124480996481367 1.2913939660939207 221.9267196722078 58.33391560000018
-3.4980323577860872 0.6376174667381047 221.00850724689028 58.505166299997654
-3.275539306199711 0.17795572555076333 222.27479949378016 58.67413659999875
-2.3804619177774597 -0.15506379483219668 220.6499315172514 58.84695819999979
-2.0076382244045803 -1.1792187323317016 223.68566735549808 59.016445499997644
-1.3482697134047967 -1.5023164992735438 224.11084484200774 59.187965399996756
-0.8664534873107925 -1.786057809837386 225.50369817960834 59.357354299998406
0.7279964558829448 -1.8875185690099396 224.2628063579045 59.53370240000004
1.429272830426079 -1.7797638497283916 224.47728257664625 59.70266039999842
2.4730942230297117 -1.5408416488933518 223.30825716615234 59.857614399999875
3.389540437948874 -1.0044518108415819 223.45263765170378 60.03148289999808
3.7430461350643967 -0.5638515082058966 223.71952234324843 60.20293759999913
4.358985682286132 0.24545984593211045 222.99179350097762 60.372896999997465
4.576698751670229 0.804628846287418 221.76610091348547 60.5316705999976
4.026761410389092 1.0284748671175095 225.24568757036602 60.70527729999958
3.984169016953409 1.3625226344453658 225.0932000169489 60.87593189999825
3.382273171992402 1.6980598531435778 224.04710973941212 61.046068799998466
3.216654742051567 1.8203291184778028 222.61265447519168 61.217140999997355
1.8011925343872832 1.5849369442244825 224.24793272593513 61.38941679999698
1.7585019863373645 1.6734300142353007 221.6862542567256 61.56332399999883
0.1312255433594629 0.8409272259356193 225.33360409151314 61.7337916999968
-0.8148910894107715 0.3595036652789503 223.30326568052695 61.90625739999814
-1.8756011545458406 -0.17799526819877443 224.67796624855 62.0794324999988
-2.9111999086241767 -0.9543028156796236 223.72238970341462 62.26827309999862
-2.890267804215533 -1.0385620208438446 221.3126777299842 62.4394515999993
-3.7578517899743176 -1.4076429476160328 223.49774052672717 62.610983899998246
-4.173713742663544 -1.6405895755298054 223.3728808800897 62.7819657
-4.171583329083418 -1.7254171025379534 222.83809951522738 62.93826269999772
-3.8274103955832786 -1.4479563377714442 221.55286046637414 63.11152569999831
-4.065867549597691 -1.3177478445570028 224.43367939309124 63.28347439999925
-3.4314250682283287 -0.9486371094209769 223.54680802191606 63.457217299997865
-2.2787322349816606 0.06198924641972603 222.29077004727367 63.63119569999981
-1.5976217948254003 0.6088038565512672 222.5394949009997 63.802177599998686
-1.45281683093026 0.8065088628985517 225.37316997887356 63.9596864999985
-0.06957705808890324 1.3895918458700258 224.61841032173726 64.1325285999992
0.6687952666318822 1.5965126559448155 225.32014484070294 64.30526309999914
2.011939411048232 1.8046415064013068 224.4254884788348 64.47552679999717
3.3599151930916236 2.034629789811749 220.8556174281358 64.6471313999973
3.466947108579774 1.5871199901261992 222.96193864060285 64.8196106999967
3.6080937438266503 1.2493508720259925 224.04675129346467 64.99351579999711
4.3581161224813485 0.711249258209472 222.96810449240877 65.16622769999958
4.089872374303553 0.025355502668229946 224.53703833245893 65.33668369999941
4.271208111777128 -0.42646475383277327 223.23727408850115 65.5075474999976
3.882853395647224 -0.9977264817881295 224.1878178731538 65.6797845000001
3.3762548669417924 -1.433766283902763 223.04754595043246 65.85172919999968
2.177696831059336 -1.9286394041694308 225.78991310996082 66.02592129999903
2.007446642628267 -1.7880970565258671 223.66904606102295 66.19645639999726
0.6292043414724873 -1.7707708325114986 224.19406609805577 66.36859889999687
-0.3473554316975367 -1.5654011099937808 224.81762128198724 66.54205539999748
-1.5045086013354592 -0.748695261542391 224.49695163065684 66.71359229999871
-1.9014345623676547 -0.2831421767003697 222.93212938153766 66.88347139999678
-2.5234170616375167 0.27483194460409344 222.90566506635972 67.056908999999
-3.487584568723463 1.0211248062234706 224.069807791554 67.22987539999667
-4.065191434448948 1.2885105745268888 224.14775659252987 67.40300500000012
-4.284671783787196 1.7293236634378335 223.8212532071198 67.57625479999842
-4.4368175288312415 1.8289182637881272 224.5312834902511 67.74922919999881
-4.284671783787196 1.7293236634378335 223.8212532071198 67.91829909999797
-3.126638286235284 1.7173059168849107 221.84283869356898 68.09097349999865
-2.472048477782309 1.4596547828501443 221.82730110334757 68.26455309999801
-2.2998258547001242 0.9431072628207868 222.89131224262218 68.43751629999679
-1.1169428492480336 0.13762191869987284 223.15048418051987 68.61180929999682
-0.5005415182851465 -0.4233296966137985 224.20943356262654 68.78469819999737
1.5145981523842948 -0.9189149086420336 220.74989611301132 68.95142839999971
1.9295339103379021 -1.3978384600900746 223.23516572317584 69.12410819999786
2.382173574738914 -1.7494366832934176 224.41581800436586 69.28213949999918
3.433767349150358 -1.8934111481781475 224.2029494961506 69.4550625999982
4.253910091866132 -1.6448633691424863 222.1118259364054 69.62606879999657
3.9020582240843353 -1.7945003173282927 225.35897271144148 69.80025999999998
4.473610100804947 -0.8765488658869511 222.37496159788938 69.97109399999681
4.286727582770929 -0.5597023897510365 223.43385818993283 70.14384099999734
3.9456913408616003 -0.06418476822913988 223.1881994712915 70.30158569999912
3.078418383292437 0.7583217363196653 224.28276513128225 70.4760196999996
2.2761664172162455 1.0483243548497168 223.71465819529516 70.64726220000011
1.4043453396974286 1.3933903042054858 224.41917090218575 70.8215827999993
0.005898085386178309 1.7062171339694832 224.10457871783515 70.9901069999978
-0.7302032489869532 1.8192503049231554 224.19797699441605 71.16322419999779
-2.3979233387692673 1.5168588918781527 225.55357520453754 71.33299899999838
-2.4991398369231206 1.485777568425016 223.00771763367342 71.50219099999958
-3.3775132131316283 1.0568576286580047 223.77715383389713 71.67504589999953
-4.123090031265747 0.3899780964967601 224.11800008680277 71.8351722999978
-4.109933935263356 -0.02199952282957618 222.8348851819006 72.00736509999842
-4.174482299624415 -0.3893712293542322 222.8277052442266 72.17972019999797
-4.14787245293013 -1.1638601492336154 223.4515608846559 72.35363279999729
-4.283182932012338 -1.5536639871506104 225.4579989680765 72.52611609999803
-2.6027368611232546 -1.7291416996892561 222.79447692859296 72.6965876999966
-1.7284317594059502 -1.546549155668524 220.30644299191025 72.86863809999704
-1.6055822876208694 -1.7938075450446824 225.05002309616845 73.03919499999756
-0.4387302251999614 -1.530229064686477 224.81445055503025 73.21077719999812
0.6278100613888924 -1.0984247865680175 224.18940171830002 73.38242609999725
2.3812766131271204 -0.16233901487792401 221.999826531016 73.53922169999714
2.709623748776785 0.1310797798419685 224.07010304658968 73.71268479999708
3.549462703356525 0.8014961772689446 222.90302831440601 73.8848119999966
3.758513938300304 1.228733356175841 225.7524679802018 74.05709429999843
4.495325481732934 1.9153421664264325 223.54588259381248 74.21668229999705
3.8499153840821023 1.5074116467073733 226.29098924934715 74.38721309999892
4.561085725031184 1.927412870209837 221.81785623867012 74.54598279999846
3.9949798481353085 1.6918581059522868 222.8944238707801 74.71694949999801
2.95937095310142 1.2364079466518536 225.41590043489435 74.88840399999754
2.7079123298701404 1.1384391070735305 220.82469889111107 75.04794189999666
1.0564268286489735 0.16695804865075203 225.22662374668016 75.21905479999987
0.23239179434735036 -0.18415970470469922 224.81221879188928 75.39162289999877
-0.7609822500894197 -0.7605902440858401 223.87765357517534 75.56297739999718
-1.8118589670523448 -1.1855998814731823 224.1412076257137 75.73220059999949
-2.6336338316833547 -1.5461591351667892 224.55988498798192 75.90420549999908
-3.12030874683893 -1.6093468937349193 221.8702060814256 76.0765900999977
-4.133928454120543 -1.9689323213950072 224.7567688135437 76.24724189999688
-4.078750683407236 -1.4823479285099204 222.49499432871832 76.419332999998
-4.438882194918385 -1.3170574974582738 224.59397410438697 76.59107149999909
-4.049865690624131 -0.8405069226806052 223.07791552172142 76.7598244999972
-3.5447574526683567 -0.06406763268651439 223.85428044350022 76.93313979999948
-3.4049233847393268 0.27055682840767226 224.9808868745642 77.10883639999884
-2.4738181921980598 0.83153638611169 223.74130316878976 77.27838359999805
-1.478426900308591 1.291255912167145 225.47632718245097 77.45334549999825
-0.5619429651715535 1.5956568838930654 225.06545675272625 77.62661549999757
0.8498007727125625 1.7113326231023809 225.32511741717434 77.78567759999714
1.7087751886407077 1.5914894251849265 224.97744064122256 77.95569549999709
2.751814234435429 1.5805970853519664 222.9749503742709 78.11149069999738
3.441721184414476 1.3745182733370243 222.6089380044271 78.27207099999941
3.4822863246474753 0.35244066622358794 226.03001234279176 78.44268860000011
4.274327292735137 0.2446409853097382 223.20796139850648 78.60266029999912
4.3578149438558995 -0.20108262808484767 223.00616667917734 78.77561239999704
3.871417918067799 -1.244508843732424 225.40867461981983 78.94552659999681
3.7320460388529284 -1.4487882578517315 224.40162153200507 79.10115999999834
3.1640617129727246 -1.660710854786629 224.42231894075036 79.25904339999761
2.410595988580674 -1.691722722099886 223.66501753370505 79.43300249999811
1.7203912105848929 -1.7119701478506268 221.99627358209804 79.60206959999778
0.39170825146077703 -1.6694341226443044 225.21203060847154 79.77835649999906
-0.5871124567334007 -1.0658303029843967 222.73382126775184 79.95008379999854
-1.9018810338651164 -0.49959634473609427 223.38385979446588 80.1250407999978
-3.0146721615460876 0.047801864521419546 224.74486497508434 80.29713929999707
-3.3740902267356674 0.6099917091001945 223.76839420701 80.47029629999815
-3.584349800810898 1.1942276100685358 222.93042150008233 80.62737639999978
-3.6975736138732174 1.8915722620524296 222.0713905837033 80.79985469999883
-4.585355661101339 1.7277148282533066 225.8964812934595 80.97017189999679
-3.9896635008795656 1.8416981649705768 222.66096658123334 81.14000109999688
-3.8951434905703692 1.7355045522731256 224.07741156585718 81.31251899999916
-3.0400116352873994 1.466470295618402 224.05640815879545 81.48491049999939
-2.248323452921859 0.8310770229594358 223.73340827312356 81.65548779999881
-1.4246314443213492 0.26994021266290247 224.6645287286529 81.81628349999664
-0.7616581447349446 -0.0945227078114641 225.31630572635197 81.98678569999902
0.7810985090816587 0.002563840163563924 221.33915045187348 82.16102649999812
1.7434644260933965 -1.2821571228650068 223.9918124780034 82.33077429999685
2.7129367935112825 -1.6598696286802603 224.43110951512995 82.50284059999831
3.6182378199247083 -1.7563143511244217 222.8094079526618 82.67490759999782
3.816821818695132 -1.7678458923423452 223.30115968759128 82.84628719999819
4.400777047064103 -1.7169462423975634 221.92140967096717 83.01698449999822
3.990453630520854 -1.563861556120166 225.1089904090935 83.19038389999696
4.573672811068889 -0.9709682579743895 221.81387196742466 83.3650886999967
3.5376362093373572 -0.4943963053058784 224.63555265482205 83.53481819999797
3.4986935642708232 0.2666047070242552 223.29725648631964 83.70665279999957
2.64467471845947 0.7179804674320671 222.12604395525125 83.87851539999974
1.0022376842717478 1.165962134034375 224.53125870487966 84.03635209999993
0.7628139658288902 1.8328720948492077 220.93257103222203 84.20634289999725
-0.8174626134355236 1.8295183118486378 222.72087340837857 84.37848679999661
-2.027611920914339 1.7135877124970076 225.07194827551479 84.54853079999884
-2.532837198559207 1.5995995454689567 224.23846253218372 84.71914209999886
-3.363918142233075 1.258953698199841 223.19829789498507 84.89178489999904
-3.5713223889379506 1.0530291863274694 221.85820313579438 85.05014459999802
-3.793448938662813 0.6100132109385967 221.86689209016032 85.22250109999732
-3.9516063813750932 -0.17546386464447927 222.30944846774923 85.39674119999836
-4.390548802200513 -0.8310722140262836 224.36380872214085 85.56926199999725
-3.7247982881434325 -1.058524724572358 222.82043447123112 85.74236380000002
-3.3188901360658534 -1.7519446900145876 224.94304323230793 85.91487429999688
-2.34246428214211 -1.8360262750863523 223.37701448265864 86.08496159999777
-0.9923123618436378 -1.8384871561347733 223.32966675225538 86.25705949999974
-0.3833706731464872 -1.6523137988294767 224.52582146251183 86.43295239999861
0.5015856490482875 -1.4386481053869353 224.26470079085684 86.6028026999993
2.4300143319955794 -0.5719009784539839 221.26690016173393 86.77547579999737
2.9227567090032522 -0.09530910425385386 223.06042370435523 86.95039369999722
3.716469126782208 0.6047812915179556 223.20831655892516 87.11839299999701
3.6714192275609463 0.912211443222759 225.33789164026834 87.2908196999997
4.295430557658207 1.4742779734843374 223.3272961515147 87.46445069999754
4.609513185762395 1.75247467974242 222.0843991291179 87.61999029999788
4.15167388132209 1.6266422193090708 223.667924620057 87.79314319999685
3.572545094846433 1.705946374039927 225.2492105272468 87.95136759999878
2.3377357568732435 1.265956786265333 226.44061300825965 88.1227601999999
2.0749547997064965 1.024205321688079 224.21413417374458 88.28068379999968
1.2336926444658047 0.49292562926314787 224.5078403743816 88.45162100000016
0.9897223963513042 0.3826002860420914 221.4799862871974 88.60854669999753
-1.4409253734638625 -0.6598310966347753 226.46995130393915 88.783467199999
-1.5784892132194486 -0.9343506826692867 223.02493279035704 88.95271099999809
-2.267396241972932 -1.18890224476284 223.01149165421057 89.12270419999913
-3.5087997892963187 -1.7585812327696662 224.14650343565808 89.29628400000001
-3.98197965758591 -1.8530200998798207 224.03000251338597 89.46645329999956
-4.173713742663544 -1.6405895755298054 223.3728808800897 89.63746879999962
-4.19467892197131 -1.509692011642512 223.2378991820664 89.81261859999722
-3.6676328430291676 -0.9119099405696751 221.1051965619234 89.98389649999808
-3.238498038055681 -0.49218008617301656 221.58110727376663 90.15662129999691
-2.928176457591846 0.049366585908870775 223.03321740241938 90.31483099999969
-2.207988369121125 0.5860352808706359 224.30951055537105 90.48323339999843
-1.0405217683945125 1.2533897809884973 223.2990945900695 90.64187879999736
-0.3408422317086277 1.5040866044203458 223.36734181314233 90.80240459999914
0.13745748249061052 1.5936480216013216 224.49615905052568 90.97631019999972
1.9487314880466116 1.8772291220418307 224.31797052823276 91.1467922999982
2.716729679785942 1.9389410228532213 221.9269413377869 91.3171975999976
3.157573012241791 1.4744891826202302 224.05232088559228 91.4758714999989
4.008161449145469 1.1415231841699534 223.05851428311198 91.64893870000014
3.9888734298069295 0.4652168762915352 224.85083965603505 91.82206979999683
3.9875489277500265 -0.21339198609011767 225.10133464093263 91.99754619999658
4.107411756074669 -0.5498398504204722 224.1803895256157 92.16989819999799
3.8365012510807333 -0.991825938274042 224.0625242816831 92.32776289999674
2.942513448345771 -1.5759360930624542 224.6811328920442 92.49989799999821
2.491874577998729 -1.6728074658356284 223.47856599561305 92.67130509999697
1.2859541031113082 -1.7400969580135506 222.8504807770808 92.84345179999946
0.6032745016754362 -1.7097923291161976 222.02863382471244 93.01440879999791
0.30646868637588653 -1.2472340327893576 220.99099247958097 93.18534019999788
-1.5110740059245842 -0.812583936877342 222.12032906605162 93.35635729999922
-2.4330125668562275 -0.4868152639705219 223.34047087061737 93.52920269999959
-3.1434770447961924 -0.06061876181667181 223.7474762210974 93.69690229999833
-3.5561114363700597 0.942364433912557 222.43644704661347 93.87052729999778
-3.6893351889796975 1.2800944617597025 221.58686587314753 94.04518059999828
-4.049941312897232 1.8374186840309097 223.03217388602914 94.21809239999857
-3.6915108671836876 1.9443762483376723 221.58588919117338 94.38827449999735
-3.4475356732402176 2.049459217562898 222.30374342947647 94.54566919999706
-2.8900394011952955 1.6040647619466935 223.25655947675742 94.71784560000015
-2.4071748216054516 1.3743833609888316 224.50176320853615 94.88826979999794
-1.4156163687348808 1.0855346056851225 222.72186217098533 95.06109839999772
0.18395151408577703 0.27894505945195824 222.20585923633033 95.23095229999672
0.6259948695397952 -0.2018473120268638 224.18322276827882 95.40241179999794
1.8072975438730126 -0.5263472722182208 222.09477332024767 95.5748074999974
2.4034686402057517 -1.477711439686388 225.78432295913106 95.7315724
3.4945261537096073 -1.5361089608185061 223.59274677431182 95.90419800000018
3.7578365336579296 -1.8837039149676187 223.901020898485 96.0755793999997
4.064796341246321 -1.887505482430507 224.417602559184 96.24851989999661
4.535488470795137 -1.6323257886709222 222.0234610218733 96.4182262999966
4.572794838297646 -1.4149336341036207 221.82668917047968 96.57659209999838
4.033916633773245 -0.75472636514729 222.08250612899494 96.73424739999973
3.1607486524839885 -0.5421538038091196 224.06880758694567 96.90719029999673
2.3164968259153014 -0.20762353377065956 226.00121481801523 97.06435809999675
1.0753422465765397 0.714771166767239 224.7338427463817 97.23864909999975
1.1173546790117754 1.4007005132855213 221.8851352660681 97.41183979999914
-0.1299239271184618 1.58187047686868 223.80679836182208 97.58199429999877
-1.8137607606644508 1.8180175337604805 224.34785477683542 97.74198259999685
-2.368882916138844 1.731395737800467 223.44312810713672 97.91490429999976
-2.8345124464497857 1.8344962333217332 222.7750885286568 98.08645559999786
-3.9862727375053737 1.3782665041936006 224.53254051267461 98.2613425999989
-4.090412943070191 1.1649616392070143 223.43926589241457 98.4309551999977
-4.177181943239638 0.36882776733881073 223.35453080567044 98.60523419999663
-3.823140821516752 -0.04343913618225592 221.99930308178722 98.76099759999852
-4.12438193620487 -0.5072996996486694 224.13955927397416 98.93735369999922
-3.3106819820449473 -1.319874701934097 224.5704414179644 99.11157850000018
-2.4907117874157407 -1.4110866690517376 223.01672773531936 99.2822914999997
-1.3378918937035067 -1.565670259732137 222.68948419818344 99.45449839999856
-0.5423028230259419 -1.839279802750097 223.31394446926646 99.61190309999802
0.38019599036287843 -1.6963043214958482 224.39024133173814 99.78328619999957
1.8017781534428323 -1.3154512656428423 223.30746124895947 99.95385779999924
2.3044705841181496 -0.9943376984402263 224.22208545542998 100.12913419999677
3.652413259785348 -0.20486892953441327 222.9649817402456 100.30286049999995
4.004830031044136 0.24781577000176291 223.09219827086355 100.46955549999984
4.2774798888565755 0.9156651611220621 223.17863953263688 100.64340069999889
3.906736716809945 1.1448453888325645 225.95390961339064 100.8133265999968
4.1029591570297015 1.6924697161523135 224.16770365964308 100.97032709999985
4.058621128797569 1.8060597637145115 222.7814392286203 101.14111589999811
3.1604368008848738 1.591145739020643 225.26879503772753 101.30075489999945
2.4985479613740225 1.6815848279940706 223.38477254453977 101.47690749999674
1.3485802019177981 1.1440814874692062 225.31217745378103 101.64587140000003
0.02531145516426392 0.5864721244049012 224.9626048434389 101.81943869999668
-0.44461197055598944 0.3588907407404722 223.13558351173867 101.99068259999694
-1.4025517574737592 -0.19695799512779644 224.22762228787622 102.16382739999972
-1.9388324983589271 -0.5978568524647425 220.65590243402792 102.3361475999991
-3.052437471581243 -1.060146269554913 222.80184127049841 102.50786269999662
-4.0723335362627395 -1.6305991038389038 224.23333182631785 102.67740330000015
-4.0899603711417996 -1.7275009880696004 222.96923386623706 102.84978090000004
-4.229190177852182 -1.8221610240163333 223.40595404635374 103.02195909999864
-4.2589249781372445 -1.6214831222581374 223.75860791886933 103.19388339999932
-3.416357048399128 -1.1834492206045013 222.4209369433458 103.3653235999991
-3.3621473485593683 -0.9534386301705915 223.7385308354001 103.5419753999995
-1.7433380781636814 0.056052056975895326 221.43136234535342 103.71119079999698
-1.6446553401026875 0.238229889130519 224.86170404640592 103.87950119999732
-0.5914844127406624 0.8055313871147884 223.29646898283636 104.04995459999918
0.4021313396837911 1.2324685897362269 225.936127946999 104.20828329999858
1.57700102882945 1.7395382429914115 224.1973426005452 104.37988219999897
2.8502773831533474 1.8760303114523005 224.28606785428892 104.55032629999914
3.2436729299798515 1.5927925307921935 224.8255623173073 104.72224509999796
3.8429099550494 1.6778598872194141 223.37454749477598 104.89655889999995
3.9851325954934254 0.9122204965330543 225.09544326090983 105.06558419999783
3.912728901861051 0.4679701156662883 225.93066002562134 105.2395215999968
4.10604090158845 0.12276120153145698 224.17658228889607 105.41257140000016
3.8229757796362733 -0.4254283457204373 223.24288644534067 105.58501409999735
3.4465093912683145 -0.8516550236920075 222.6213591303978 105.75896649999777
2.281373554192733 -1.5110693571895464 222.54266330352402 105.92950689999998
1.2511771491324097 -1.751578512689857 223.84963965296453 106.10014699999738
0.1863407928927714 -1.9770272725195177 224.72365838113186 106.25522300000011
-0.7905701025430929 -1.8115353151654503 222.6725790107935 106.42986599999858
-1.4324641015918687 -1.4282403632630984 223.90052428252363 106.60263249999844
-1.8195090017971438 -0.9182959425016826 221.05902554289136 106.77436449999732
-3.27909374365165 -0.5268740042655935 223.34827763989742 106.94561659999817
-3.727202414140578 0.05491092587312174 222.81205084485893 107.11828369999785
-3.798985583289003 0.9508211555058868 221.38814840860982 107.28802480000013
-4.437673617197689 1.154666439377161 224.54632300361177 107.4617677999995
-3.8436234706782813 1.7124219480692364 223.03316781200814 107.63527269999759
-3.160692119097938 1.943328821275852 221.68881889033577 107.80589739999778
-2.8345124464497857 1.8344962333217332 222.7750885286568 107.97699849999844
-2.9108415141263677 1.6029100769303994 225.50955048969186 108.14941519999775
-1.1187456597734737 1.260885612606808 224.12809753336938 108.31783259999793
-0.5543725334862728 0.9532630464024727 224.2337251568548 108.48861629999737
0.5254520377041771 0.4524150806473717 224.36558481030468 108.66127309999865
1.8229776664032329 -0.1053575467984178 223.4387447916018 108.83317289999832
2.5028029470780737 -0.5187900099287237 223.72793691674775 109.00604899999962
3.540595290542875 -1.204422841125556 223.58282932860698 109.17729649999819
4.517622238536347 -1.2603697214750476 220.02471447291344 109.34939649999797
4.265083163720902 -1.7689102494123592 223.29579874817074 109.50832119999905
3.90247693851412 -2.0199389722966803 225.36073585585976 109.68192529999942
4.1393571331617665 -1.7981191817825444 224.3009541126266 109.85229479999907
3.4467644489748253 -1.4380350849026993 224.7672509513664 110.02459439999802
2.864189602385352 -0.7449479224649789 223.95505432230271 110.18411550000019
2.366191835946559 -0.5305786197818776 223.76802101678834 110.35501419999855
1.0959572771041692 0.47846452782668614 223.11579671402086 110.53142709999884
0.5885501857538173 0.9794602253474878 222.74583999310894 110.69992179999826
-0.8564706888383284 1.625763029895321 222.13881780489672 110.87589269999808
-2.1747378780067663 1.6202823003214366 224.67168182248034 111.04870010000013
-2.59242172814033 1.9118519971120005 224.04307946596504 111.22088889999941
-3.8686610253714377 1.6201373572095825 225.02234701138747 111.39430019999782
-3.7860765233392826 1.6161462641017685 222.5475521979871 111.56740910000008
-4.485205939516 1.170225486105938 225.08273948284918 111.74173879999944
-3.722407560385129 0.8586925483289125 221.02053760676355 111.91249549999702
-3.9083064576194744 0.2732398976891517 222.92760627194247 112.08624549999877
-3.09254475872725 -0.5123186838072336 222.15050459651874 112.2610711999987
-2.791237760578497 -0.9831764441796995 223.98511123419993 112.41812879999998
-1.928776383537901 -1.2809842789008439 222.55440954424847 112.59249749999799
-0.6627306516426756 -1.8229944236508402 222.92525006516146 112.76506489999883
-0.1738985097593968 -1.8854430538603228 224.28295156067443 112.93728749999718
0.7444492422848654 -1.8797451367331455 224.50966602982047 113.109080299997
2.250010062905943 -1.3165576920921769 223.30157678448327 113.28297789999851
2.755898513187468 -1.21950177329607 224.21365686776227 113.45455039999797
3.5975785080478317 -0.542696637131785 223.04417918880472 113.61170349999884
3.9920584067558664 0.15035888534885977 223.9047721217911 113.7697225999982
4.360129263257171 0.6919753782339555 222.9776506883241 113.94197699999859
4.429304588111194 1.2036320342764775 224.23365073298234 114.11305979999815
4.136292002928194 1.490535736030191 223.71529740007617 114.2854273999983
4.383582399926347 2.0568798600780465 220.69721155863476 114.47519809999721
2.9925383504143994 1.8208125554365573 222.6186720916532 114.63118729999769
1.725422193908635 1.4764568197898722 225.27113729123673 114.80317549999745
1.2471171623619028 1.46361816333496 223.4937610463993 114.96093599999949
-0.6033556084626142 0.6741844357196207 225.881352727159 115.13239189999877
-1.1174946849227183 0.38211928616173907 223.68446446260302 115.28845319999891
-1.7526307222548496 0.03941993250881204 222.875557890726 115.46234109999932
-2.7195501919048013 -0.8241377033343831 222.28760059528958 115.63345579999805
-3.1216404971098086 -0.9441519949892356 221.8647041914917 115.80594049999854
-4.033456482229461 -1.6219186996988864 223.75051090883179 115.97733989999688
-3.8214517774675656 -1.6000877062441727 221.72967489026047 116.15006459999859
-4.298576145068402 -1.8546598103831133 224.2466816991554 116.3173139999999
-3.792325340643835 -1.5021816409164988 223.3386525151495 116.47644089999812
-3.0537323154432414 -1.197283592239204 223.35049568857312 116.64744049999717
-2.63381164321914 -0.8721991185314515 224.5490138799501 116.81875479999871
-1.457125720340791 -0.4967628040002765 221.53906345516995 116.97585679999975
-0.21669088541492698 0.36228984034129397 224.11827918445104 117.1340225999993
0.9202934781732637 0.8099540665233498 222.06071990384817 117.30539769999814
1.8563860592278658 1.359908221658566 222.99017735115513 117.47558369999751
2.7280681583605 1.5745696378994953 224.56821076923967 117.6319405999966
3.6744645762067734 1.7349695894988706 222.57860916397325 117.80422819999876
4.281729335818561 1.8102330395587583 223.1395627645672 117.97411849999844
4.596135709713117 1.8019365058594907 222.26225115482472 118.14588469999944
4.412939972119496 1.4661008114127743 223.62731090458527 118.31787619999886
3.91177417541099 0.6250338352775131 222.5165101418929 118.48699679999845
2.978626982631404 0.12520001452078766 224.20056464102635 118.64739479999844
1.9880444816908067 -0.4091487238693592 224.68573768008326 118.816920199999
0.576732084551935 -0.9499329722686145 223.28939888065767 118.9745574999979
0.14356659050784515 -1.044982430034457 220.73005879932575 119.14990009999747
-0.9170413522620535 -1.4511885977083345 221.40538082225981 119.31973299999663
-2.640693164279746 -1.7169420648102651 222.4491504582586 119.47817059999943
-2.954880291362443 -1.588484412538886 220.5794524781845 119.65165839999827
-4.2653364717388484 -1.875241976991063 225.0648856650575 119.82369409999956
-4.050660542335734 -1.162838028535127 222.58778706404672 119.99592709999706
-4.450145479374797 -0.9826072695738475 225.18863644972157 120.16668209999989
-3.8256583774163033 -0.39479532070215306 223.064832961172 120.34115799999927
-2.921397873118522 0.38566041266613915 223.74822944750636 120.51306589999876
-2.037968346463046 0.920878236207713 224.36110604969215 120.6703740999983
-0.3756662490262528 1.4994566092410828 223.86746837648852 120.84367709999788
0.277732248831029 1.4622516355779371 225.62836588562453 121.01672489999692
1.8217381747826593 1.8116610935410353 222.81286357000837 121.18601809999745
2.8153580545010826 1.8316923248867099 222.0228813639253 121.34388489999765
3.516460399839822 1.2975513660323887 224.72612823298795 121.51649479999833
4.2480098527641275 1.264705939699514 223.33881349360175 121.68404689999807
4.178216717995781 0.7129403835585144 224.38598563083778 121.8435948999977
3.9335745353275158 0.020097805580181927 224.77161406520645 122.01745069999743
3.782141336689129 -0.4330453180844742 224.11656279437113 122.18936119999853
3.174395672133791 -0.7411182707586903 223.50451749838032 122.34598199999891
1.2356638175820933 -1.5676644921004375 226.336877185564 122.51836509999703
0.9346816938920455 -1.526609218201866 222.843056519557 122.68832309999925
-0.8456609641753232 -1.8627493448703731 223.47657301880434 122.86278200000015
-1.5925004364398916 -1.712997638118729 222.22838386903567 123.03370959999666
-2.903724937138435 -1.877669516192702 225.0123634862419 123.19017319999693
-3.541260735392342 -1.0491840896627131 222.48830228183675 123.36378469999909
-3.8166206303261063 -0.5165886378798881 222.5117003342536 123.53439359999902
-3.7156025195614717 -0.023550025088214355 221.00406553906865 123.70403959999749
-4.314910196804398 0.4969254896800397 225.02251237255814 123.86410780000006
-3.125845476467333 1.2736552789353262 221.84648431542897 124.03734449999683
-3.2198233720198104 1.2853371296082017 224.07105470079065 124.20989989999725
-1.5790521990458402 1.733009996586123 224.04701176401994 124.38096809999843
-1.0412050253817426 1.6181295000803626 224.62537265970496 124.55436719999852
0.13064203057390955 1.7040487078299353 225.34289300490943 124.72571949999838
1.4234214795326565 1.2589499137571956 226.1267644525198 124.8973808999981
2.851165540774012 0.9504082296441343 224.0324910329813 125.07028829999763
3.780330992735898 0.46352258698297355 224.11137586356213 125.24219579999772
4.106494790439676 -0.10144792849657946 224.17784960234283 125.41474339999695
4.188620178632519 -0.8554620919708871 224.35405095211814 125.58846549999726
4.478705448723829 -0.978286249311763 222.08672745942204 125.75887650000004
2.8109381470111785 -1.67211194530978 225.5310852588095 125.93323769999915
2.77587542623521 -1.6134639774695394 221.44899742946973 126.10283469999922
1.04833059083019 -2.02374671314287 224.94725659715508 126.26027559999784
0.7857824812981846 -1.8126620259767012 222.58795367038633 126.43022849999761
-0.4632207347149446 -0.9505989365158438 219.96369402201833 126.60258389999944
-2.1143374472693637 -1.2800732612084769 224.21624722122465 126.77356829999917
-2.746808529303493 -0.616316317975949 222.9231476502578 126.94681429999764
-3.661398975345975 0.19958669618866942 222.81793641432242 127.12163709999732
-3.854743091928313 0.760155542745407 221.64167946736015 127.294385899997
-4.281230236703948 1.2823029502597585 223.81260670231958 127.45451899999898
-3.636599903983452 1.6179250680699475 222.37659329473206 127.62454109999817
-2.748294956907479 1.8360453137785928 222.88867633812382 127.79890689999957
-1.8807163100609259 1.8418527385335999 222.16605534283252 127.97207969999727
-1.3616682554002466 1.5924425981474641 224.3374949552476 128.14183199999752
0.5935789308808879 1.1393723648714325 223.1670392591756 128.31525279999914
1.7050588690673223 0.7255162291075852 222.03474182489214 128.48375779999697
2.097733916296889 0.10458803527333593 225.58705103005343 128.6459763999992
3.430956096121392 -0.5484057539631522 224.1949269188257 128.81581989999904
4.050473246822989 -0.7667663601909407 223.48538242703754 128.98858339999788
4.108808661196058 -1.2223617971103007 224.1842215200852 129.16090809999878
4.069226243589355 -1.8039705545554021 224.67746179943484 129.33286020000014
3.956496465294201 -1.8464642405687997 223.1588419692122 129.50368889999663
3.16251352975015 -1.8858651350067142 224.4350082678003 129.67590779999955
1.7223984542483848 -1.8396028824285864 224.73444182960245 129.84928859999854
0.6745623984589741 -1.428512763782125 224.7737805769709 130.01962679999997
-0.5371448991100536 -0.5380240343458738 223.8700431738495 130.19447629999922
-1.9019859868451903 -0.16310409101541445 224.25624703907792 130.36759719999827
-2.8865424590674778 0.17513904063377872 225.224611362884 130.53995289999875
-3.696904139017917 0.9759667568859509 224.02015878704256 130.7111761999986
-4.019490106133716 1.3825809529859932 223.86552269463544 130.8825728999982
-4.6440604706182285 1.7135930625994344 225.51192988251097 131.05466259999957
-4.524479077153238 1.7190770238319821 225.16274312314562 131.2278286999972
-3.759218149354915 1.7311729836851946 223.9724332474244 131.400050799999
-2.4066515879764836 1.2980652992373365 222.89307942019417 131.56999339999675
-2.019590964615034 0.8148777865761332 225.0471532811024 131.74379919999774
-0.8787211619861637 0.5980335827342085 224.37672168175536 131.91153309999936
1.5457611592637974 -0.04527644060953939 220.91406636790836 132.0834533999987
1.931361097791914 -0.6093839645100481 224.67530609906478 132.25743739999962
2.6111091307732224 -1.0798240321129118 224.53671427562887 132.41502649999893
4.09516969124374 -1.4847886150367202 221.8710890443075 132.5843627999966
4.7091682346566515 -1.5985382750943256 221.9334150073142 132.7556353
4.265083163720902 -1.7689102494123592 223.29579874817074 132.93095449999964
3.7648806623637796 -1.9324798991986825 225.7687864025424 133.1014774999967
3.3790782084944126 -1.3883174877178277 222.89516675324737 133.26024229999894
2.477253058271131 -0.6459505244408597 223.26989634446983 133.43578379999963
1.5832307244454853 -0.3084912432247471 223.64502033237378 133.6047854999997
0.776872504343082 0.03133751680872621 223.0469474807284 133.78213099999994
-1.453826710023499 0.822802053633966 224.70256214714362 133.95177150000018
-2.081266050117989 1.1499616620758744 224.23217024306672 134.12387989999843
-2.938065741679054 1.9427273198060089 221.68442524490735 134.29437009999674
-4.075976395303584 1.656075551690165 224.77020612107276 134.46427689999837
-4.3612095194854135 1.6272797814251323 224.5141879094308 134.63531229999717
-3.729372973314568 1.7411949981236834 221.03805306330904 134.81105810000008
-3.720055403455632 1.3820804151402513 222.23989691708795 134.98341289999735
-2.9915234655940424 0.3888592647044309 223.55857761019143 135.15901549999762
-2.4655815954260873 -0.08262746938745735 225.04032947899157 135.32971429999816
-0.5228953067450419 -0.6427213247367067 223.19498433394014 135.50294529999883
0.4581647381828873 -1.088355943429864 223.31628479198022 135.67427139999927
1.8045883593197374 -1.4157396813141716 222.12470449515666 135.84309239999857
2.7573130191860074 -1.891985547432819 224.21784306985293 136.0147659999966
3.221139332186553 -2.01888255122676 225.38237614074478 136.18852819999665
4.065395988059812 -1.7574602315312653 222.8040795710036 136.35598989999926
4.310552892357244 -1.3227845636084599 223.66139227568036 136.5164737999985
4.071438462117008 -1.1288594861213461 224.65274892791336 136.68925469999886
4.046057364982531 -0.649665362702331 223.24981208041845 136.8479772999999
2.8791368921892797 0.24133583224458022 224.1318307740528 137.01845989999856
1.84128665472889 0.5834485696066913 224.89072283806212 137.19280869999784
0.9294128330477065 1.0340104920957316 224.94004497360604 137.36452889999782
-0.676600815699878 1.7216193797083186 223.69690874225324 137.52112139999736
-1.578612393460297 1.7234488652598472 223.72829857902107 137.69618079999782
-2.8256091512342607 1.7096495840471437 225.45042794919365 137.8667734999981
-3.2262399244706614 1.8260487715558718 222.31258056902195 138.03746939999837
-3.9547346515819513 1.4847993208229777 223.34038749739736 138.19556239999656
-4.240826154436789 0.9363351974910419 223.86101308881828 138.36938759999975
-3.8252915236327922 0.3939444340616838 221.7128068671976 138.54075219999868
-3.8182245820479537 -0.28259754843789153 223.76710830677558 138.70938190000015
-2.8995627704349047 -0.5012297924235138 221.85601574329095 138.88325219999751
-1.9785629361089931 -1.432728810727319 224.32011152802227 139.05495109999902
-0.7060209210172275 -1.5778371828362143 222.56320552261994 139.22507349999796
0.44471732930235675 -2.0098497967494513 225.37435873254617 139.39951259999725
1.6299060884491254 -1.8895388404121753 224.24276523502647 139.57091599999694
2.2566487585282218 -1.7883382566144412 225.33311948605473 139.74666159999833
3.8198791282440467 -1.0965993484431689 223.2720429804897 139.91943519999768
4.39472751004223 -0.6092980642686516 221.93601587241756 140.09038829999918
4.358985682286132 0.24545984593211045 222.99179350097762 140.2627864999995
4.362121634297189 0.6246972785645468 222.49146709067563 140.4360639999977
3.3260834389588467 0.803584774458697 226.03544629093236 140.59490599999845
2.2876288151025292 1.4808439158134448 224.89958861040355 140.76822479999828
1.6596645090989455 1.8180039300203887 224.64206153474183 140.94052969999757
0.8030655376618796 1.8358905786296056 222.0832282264076 141.1110160999997
-0.9183445453553745 1.714481146035471 223.224434969291 141.28330789999745
-2.366714704069693 1.258390307238482 225.42098950240685 141.4530915999967
-3.3740902267356674 0.6099917091001945 223.76839420701 141.62617229999887
-4.086205126285293 0.27175858966445965 225.0093624808797 141.79726639999717
-3.7156025195614717 -0.023550025088214355 221.00406553906865 141.96847439999692
-4.246761556709281 -0.8520759742661692 223.37824153770347 142.14085599999817
-3.980223894968127 -1.183019431453264 223.48864779942082 142.31294509999861
-3.213774749738846 -1.6634153338873965 223.80602358395885 142.47011289999864
-2.167073305503685 -1.749942728118281 223.07289909539926 142.64439089999723
-1.3378661288444604 -1.7547928105410477 223.36991208116916 142.81622499999867
-0.9712672210775679 -1.8925397812459348 225.2647691470018 142.98936289999983
1.8468236908580877 -0.9398922234358711 221.31311070085997 143.14620529999956
1.879960746298643 -0.8821840973526331 224.45647991315928 143.3225014999989
3.311457417910894 0.017223219388949218 224.86574624602608 143.49680219999937
3.9801809478631327 0.5337754218337967 224.25283977156613 143.6679323999997
4.360690633202154 0.9152232954872517 222.97066695663835 143.842944
3.90473829747193 1.370526076838713 225.96170455319032 144.0153509999982
3.9455200761061846 1.6099016296045008 224.4151872418391 144.17092389999743
2.7238762898378113 1.4854555293452059 225.83771685417526 144.34290699999838
2.4127976815571586 1.7481817169272915 222.51112570679922 144.51618809999854
1.0737443850194737 1.3664051556265218 224.16288312446335 144.6856463999975
-0.04917572851403662 0.9756085040539055 221.45618052541911 144.85792389999915
-1.5218787224617287 0.3548719819821873 223.2880811908534 145.03210959999706
-2.5812715420841528 -0.09151202563280947 225.38817633468014 145.20292079999854
-3.6251002112170028 -0.8708977870727654 224.27624594139945 145.36271119999947
-3.6685158052275497 -1.0159428163925828 222.95404592572646 145.535662899998
-4.51652803255547 -1.765272467049913 224.44956979622478 145.70461489999798
-3.9699643540248246 -1.6951939809378942 222.20638527527498 145.88008029999764
-3.3367262330072407 -1.5779520133245022 221.03659462230544 146.0511587999972
-2.8324500181015324 -1.5167044110474706 223.66965430330978 146.22244989999672
-1.719683645940222 -1.1682506521631595 222.26848570180798 146.39516159999766
-1.4352246630542282 -0.992935201695575 225.31412790443713 146.56552609999926
0.6229787855109876 -0.0631423509021225 223.3884328293991 146.73589529999663
1.2250018940085141 0.3652421180013583 225.51752001481572 146.9094828999987
2.7754525022833434 1.00499518251525 225.57409056205276 147.08203759999742
3.934505429161767 1.6077614124412527 221.9857990299102 147.25501599999916
3.8399551006188872 1.5897514511284516 225.25513698895293 147.41280269999697
3.902739970667362 1.5962348572480813 225.9695184810644 147.58663789999991
3.908677902700937 1.4533878383663303 225.55087667028482 147.7597603999966
3.832799884772186 1.472921964209437 224.04154175161779 147.93063119999715
2.652405701812441 0.9143565285639177 224.13247640909796 148.10265789999903
1.5672954826087633 0.3646581105136235 224.78234268879692 148.2605337999994
0.40577395403924044 -0.3496545716604871 225.94311146131213 148.43307669999922
-0.950431145129194 -0.8705515027860464 224.22267249482778 148.60383509999883
-1.5808853029047896 -1.0691569899054922 223.01214692428474 148.7741266999983
-2.566786993686904 -1.4289724343044927 223.4946104530334 148.94849829999657
-3.6419548794586944 -1.7286206405983684 222.95900287658856 149.12057159999677
-3.5382786527068504 -1.545488454804671 221.65024672855654 149.29340649999722
-4.090139445491346 -1.5046050350069375 222.96609230024973 149.46504379999897
-4.1087745059613 -1.2124472391913699 223.79722281612865 149.63698339999974
-3.9370312153855522 -0.9888415425048365 225.41376777654784 149.81060429999707
-2.8086829879924338 -0.0911051307352917 225.396868297596 149.9828525999983
-1.017858286036585 0.7818758633667535 221.97679484500864 150.15604299999904
-0.2370441925817417 1.1476255000175737 225.3455832385333 150.3271808999998
1.1718813986544276 1.645558765499656 224.5095512363449 150.49903709999853
2.1337055218877268 1.7222971163903118 223.2854098640847 150.6705312999984
3.4674776563369036 1.810338266677773 222.95527645779873 150.8270997999971
3.7270408015534358 1.5772684538545665 224.63690625591158 151.0006085999994
3.8652596841483273 1.2342182083171842 225.40151543184408 151.17308449999837
3.861517723715977 0.6049439459149824 226.23804071244908 151.3458322999977
4.501222877849067 0.6004639777761405 221.66258754777778 151.51401189999888
2.935146748451224 -0.4373480488378245 225.30097258820618 151.68702069999927
2.49872207267034 -0.8626574823904125 222.81634560597576 151.8609749999996
1.5312291376045977 -1.2011616364598474 223.32331518788902 152.03199539999696
-0.6023013225566132 -1.7754617815771407 224.52044973353296 152.2052060999995
-0.6423934835477212 -1.488255996669828 220.59384125971152 152.37629009999728
-2.2634033926950323 -1.604282390376298 221.6993752324998 152.54570400000011
-3.5310066613237012 -1.6299922213993927 224.01221487218172 152.718983499999
-3.3359118979311546 -1.0375779150294395 221.32683573410236 152.88890139999785
-4.174482299624415 -0.3893712293542322 222.8277052442266 153.0626627999991
-4.062449510612808 0.16961358913285096 222.61976319159396 153.23542629999793
-4.212710894430479 0.47989418627387614 224.55595054480094 153.40481739999814
-3.440289508258928 1.0704247257759754 225.4961329168279 153.578462999998
-2.176533042601271 1.593479101847624 223.06141302665978 153.75018449999698
-0.5931308748757047 1.8451614976242912 223.08038678193304 153.92206699999952
0.7006508080308507 1.9219134972739553 222.02878079371118 154.09562619999997
1.1598488731140506 1.7188518851390686 224.2673369010489 154.2667180999997
2.4479860349931144 1.001490466751914 225.8979090529362 154.44167329999982
3.9397192508336474 0.949890366872614 222.4207968807169 154.61465279999902
3.9350513832665683 -0.20432193941139154 224.76704391548415 154.78589309999734
3.9002227867467596 -0.6671005268087704 225.34896862084915 154.95781050000005
4.269148870866317 -0.8739126064199922 223.25680161725484 155.13392229999954
3.466330731850938 -1.663028067486204 224.24972731269045 155.30261889999747
2.7573130191860074 -1.891985547432819 224.21784306985293 155.4767957999975
1.0920279941554227 -1.9784111492135121 224.6926290061776 155.64632669999992
0.45500485658847367 -1.7595020285510383 223.3445272213693 155.82084849999956
-0.5438050419427327 -1.6164637423642425 223.3175161269486 155.9919977999998
-1.6791709462000313 -0.717544166361149 221.54512723889158 156.1656781999991
-2.711986840588459 -0.27733539148230335 222.55876356632612 156.33714139999938
-3.945610256347841 -0.08897384539838704 225.4394614823156 156.50934119999874
-3.8868361254271235 0.9594964817778422 222.21105964020342 156.6674340999998
-3.8597878436670996 1.512634799561722 221.8411038236027 156.83904129999792
-3.79544643438242 1.7191044894948568 221.8575748768454 157.01105819999793
-3.4811726312806357 1.8264276763104998 224.5923435348546 157.1853685999995
-2.857828014749394 1.824986617513579 224.5006063940144 157.35712879999846
-1.322417328173394 1.4988610276883971 224.3347795754283 157.5296574999993
0.024943196351401298 1.1632240853300573 222.424003517624 157.6887268999999
0.4035421717759533 0.5543219366048326 225.9398050512534 157.84716829999888
1.7928278006874265 0.33422916043399553 223.83123217657126 158.0029218999989
3.079425864521113 -0.5395172474574679 223.908676042504 158.17744999999923
3.788588862614702 -0.9583494336528453 223.21981136768684 158.3481088999979
4.354147454551956 -1.5408793145920718 223.05062666328968 158.52262559999872
4.284375920578789 -1.6780495022412723 223.46687737706003 158.69478009999875
4.0627018091408615 -1.8884972979045536 224.0682639942182 158.8662218999998
3.377031762915138 -1.6566308943282966 223.04714600254277 159.03732939999827
2.3139322548729595 -1.6609750251962616 224.80856917301165 159.20971569999892
1.5298894988315865 -1.3245962718533573 224.17107796670274 159.38291559999925
0.16497670442044665 -0.40026939533400885 222.85616349628043 159.5577342999968
-1.3307154315629575 -0.08472749216510955 224.99683007687517 159.72813589999714
-2.36904847996405 0.8679532393131204 222.69782383216327 159.90210509999815
-3.76558908460634 1.0681228976889479 225.62312778257316 160.07485389999783
-3.702769783187975 1.5051454290487989 224.0327508200448 160.2489655999998
-4.6440604706182285 1.7135930625994344 225.51192988251097 160.42116659999738
-4.4368175288312415 1.8289182637881272 224.5312834902511 160.59755629999927
-3.884670598457703 1.3789204775233426 224.26986739982297 160.76737059999869
-3.1123079491761843 1.3923836107529048 222.5225511407819 160.93917449999935
-2.6214095543294107 0.7237145114506749 224.67253247565557 161.11190889999853
-0.879964854793819 0.2571288075038094 223.27971963256275 161.28484559999924
0.4572991087785425 -0.30789324766394444 223.6969885171983 161.45734099999754
2.1618391210381986 -0.7966143510506001 222.22561942531897 161.63010020000002
2.4559444956165137 -1.464953250862278 224.86767991255638 161.80251700000008
3.450343338212967 -1.8864946606195865 224.75491311730104 161.97290579999753
3.8847409634945365 -1.8943436971403749 224.1930419088904 162.1460709999992
4.327936864902718 -1.766497044218811 222.96122667148438 162.30354259999876
4.572794838297646 -1.4149336341036207 221.82668917047968 162.4783471999981
3.987417813784745 -1.0672479946640543 222.35120080131296 162.65047659999982
3.5306174402741277 -0.5673396478757997 222.49906628121073 162.82278379999843
1.5173202879097758 -0.05749835953380256 225.1789106497547 162.99639229999957
0.7910695494543631 0.6099372063662507 223.31000701438114 163.17226989999835
-0.7894421600910349 1.2819642976879226 223.3785304442847 163.34375999999975
-1.6470489552251024 1.5300201962730071 222.75634422856604 163.51512639999783
-2.1909762900810037 1.8706577817239243 221.30817467254985 163.6904188999979
-3.833661740616826 1.7283047881186508 223.80587739755265 163.85839459999988
-4.2972521254489635 1.6000584237218902 224.41526843128216 164.03085779999674
-4.074355636943977 1.5028089990369633 222.6529781921262 164.20465139999942
-4.03543351580673 0.8146844229140431 223.21376622661626 164.3741674999983
-3.50474748191003 0.3669116794184326 223.34382765430723 164.53265569999712
-2.9857941785768816 -0.2803567926262609 223.54270419837346 164.70884739999747
-1.9005005596055113 -1.0971429692145023 225.04439543231052 164.87632139999914
-0.9757609832386436 -1.443120420496303 225.27994903631023 165.04938529999708
0.23680995517753445 -1.6552498290840596 224.12807257033953 165.21756509999977
2.2839119489350637 -1.7265879474517138 222.30150512684264 165.3776951999971
2.7113794742621735 -1.885019433774092 224.44374641434842 165.54911469999934
4.002795564709352 -1.427725749145063 222.90340905178758 165.72198949999802
4.003359444742806 -1.329805813275616 224.7983590117845 165.8935394
3.917354254819216 -1.0267064235847414 225.54313214575788 166.0482043999982
3.880656323846175 -0.5445542426210892 225.72918329722532 166.20624929999758
3.4321333334162603 0.35664203569608866 224.81921248041354 166.37715579999713
3.2880450609032934 1.202777039630682 222.57208718754075 166.54768989999866
1.8406272253055889 1.7143099076374853 221.30031116733278 166.73703159999786
1.0084908698023014 2.0443752873105225 221.4945347381427 166.91011389999767
-0.5676352993025233 1.7275913043704545 223.37990754796022 167.08078419999947
-2.0519021699973976 1.7074333829872987 222.9989374163042 167.23864329999924
-2.358603662590326 1.6682197596217865 222.02301767902327 167.4115880999998
-3.159277981001928 1.2784955490178724 221.6931526744199 167.58178719999705
-4.177181943239638 0.36882776733881073 223.35453080567044 167.75232619999952
-3.981551235659623 -0.14296451654721665 222.23270423113593 167.92549270000018
-4.325081362081548 -1.176233201773421 225.44701711477637 168.09733269999924
-3.5363293863016523 -1.319319343276641 224.57514105170324 168.26950869999928
-3.0269081678540815 -1.6567575488144293 224.50215496813618 168.42689899999823
-1.2664103115741412 -1.8533688337347396 223.69687122425776 168.6010780999968
-0.21732946706556078 -1.7577571183925187 223.35386454234492 168.77234749999843
0.454611950867168 -1.7762683509287882 224.29853597316804 168.94446259999677
2.696858961868678 -0.973483421405664 222.10143481374936 169.1186237999973
3.105566700789389 -0.7571806720457577 222.91493723702624 169.28787459999876
4.416445899791903 0.13083696341493578 220.8188493879067 169.44682949999697
4.1847047902000725 0.5061227337202254 224.59049873342914 169.60321639999893
4.230269741628142 0.9108829358488073 224.0993428443879 169.77591669999674
4.2029519790703915 1.650845092943717 224.23940281159412 169.94818269999814
3.426520618397568 1.69396328217859 224.18169390021825 170.1191523999987
2.481940112458922 1.7001757214630882 224.06180744512776 170.29190599999856
1.247820645198523 1.687377275358454 223.4864115363164 170.44905870000002
-0.0892496102259912 1.3690817291839643 224.50898177444293 170.60645789999762
-0.8280907551276755 1.1459498889271469 224.47594363810495 170.7796871999999
-1.7284868760690344 0.6062185132628102 223.92384783510448 170.95066889999725
-2.924925131278414 0.07406483547930343 222.9948155961842 171.12221299999874
-3.238498038055681 -0.49218008617301656 221.58110727376663 171.29448359999878
-4.312059513554637 -1.2876099737447326 223.80144214565613 171.46542079999927
-4.250055045567429 -1.5230770848834716 223.4053747180227 171.63742439999987
-4.2572201694408776 -1.8447213852062703 223.75464168490652 171.81197959999918
-3.3934140183361947 -1.9492935675371932 224.24402374768815 171.9823699999979
-2.6237897913370105 -1.8518633126228927 223.76488875717814 172.15144329999748
-1.1235135793711066 -1.2790677253842784 224.1052157085496 172.32349169999725
-0.2665379117246047 -0.8674204946466908 224.8775995003415 172.48306089999824
1.1282908429669334 -0.3140066150027998 223.1004637531105 172.65474269999686
2.5397910655229197 0.4659472876837967 223.41023175376938 172.82856369999718
3.003185056141106 0.778946587537229 225.56855421454904 172.99915770000007
3.4488835004164216 1.1452539232286316 225.9806572974627 173.17108769999686
4.101936138253713 1.7025208903266478 224.83293050303715 173.34379289999924
4.421951109236822 1.8062142182058594 222.62842657022773 173.518021099997
4.057506090061452 1.6965011195845072 224.03639757099177 173.67617139999857
3.1365075891503196 1.352323887842875 224.42850219271287 173.84686229999716
2.7033794034429377 1.249764085079839 222.02813175359103 174.02287199999773
0.5851087312160175 0.24580493451782282 224.98270230295986 174.19321069999933
-0.29137780309948624 -0.06654726723564686 224.0255161002909 174.36581829999704
-0.9549896346261306 -0.39769099642438377 222.88041643190428 174.53907199999958
-2.478695988139023 -1.0671998073733349 223.03746589356243 174.70958569999857
-3.503622016231496 -1.61175098827891 224.23209747838908 174.88498739999704
-4.049250464015294 -1.732888832085182 223.09102460544037 175.05747019999762
-4.1828928134978085 -1.7443706400501533 223.11179433645083 175.2295798999985
-4.0068688842156135 -1.609568264598419 222.27776979958492 175.40412129999822
-3.7569061471358793 -1.4055302007961021 224.01690226868934 175.57638489999954
-2.4547798195983646 -0.6625004781035262 220.2865433465917 175.7468528999998
-2.0749715569667657 -0.39503267716681734 222.90505879804346 175.91861359999893
-0.5578114177509264 0.3895448725199113 223.35296809600618 176.0930034999983
0.5135773917059581 0.9175004484310119 223.0141399791566 176.26387469999827
2.6977846268937284 1.7758900718011414 221.1034188168613 176.4346235999983
2.53600023960842 1.5912234503674565 225.3609779898128 176.60819779999656
3.4148706874814536 1.7148148654053017 224.2182200293372 176.76568099999713
4.091394065471398 1.71369246513831 224.20351773211263 176.92233399999895
3.90473829747193 1.370526076838713 225.96170455319032 177.09426689999964
3.898448394713256 0.9118036211985974 225.33123004890808 177.26756599999862
3.7593359974947305 0.7770107609943686 225.7550516810174 177.4237112999981
3.144482044499604 0.15632136446537714 222.04774019382768 177.5809337999999
2.257587585769244 -0.2938132445627648 223.96474719501825 177.75220569999874
0.9516080998158003 -0.9912984848039557 224.2516710572443 177.92318309999973
-0.5180376679713206 -1.4118127214338436 224.0615501435787 178.08048759999656
-1.730801154412653 -1.7729109440937627 224.54427832234163 178.25500199999806
-3.160900126356964 -1.9757758230133824 224.92953825280665 178.42313060000015
-3.600029689138175 -1.821492195088826 223.1022785323425 178.59956590000002
-4.115215849398247 -1.7022044543219046 223.9264068351465 178.77134189999924
-3.7089593963257173 -0.9055430496740442 220.9886442017896 178.94098829999712
-4.090813072856022 -0.612969116156826 222.95352210226469 179.10194369999954
-3.5437938883272793 0.166552016328394 224.15175122243605 179.27337639999678
-2.494337349057126 0.8233265044698896 223.29908584304044 179.4467173999983
-2.024525716489812 1.0540338566112304 223.730067476679 179.61961269999665
-1.180151849450823 1.371905367337968 224.21095430560675 179.79077799999868
0.11482957535548621 1.484805584847452 226.23214011844144 179.96292509999694
1.2546227432902342 1.5922839521642693 224.99532054735852 180.13385919999928
3.335981895819316 1.69651359537351 221.85100482100162 180.3093388999987
4.038901569891657 1.4271194839010821 222.47026726470443 180.4799794999999
4.576698751670229 0.804628846287418 221.76610091348547 180.65242379999836
4.353940140861653 0.2637848202190476 222.99933691930863 180.8239410999995
4.4034920977363186 -0.20607500895084208 223.12713507200743 180.98132209999676
3.7258250269233457 -0.829617078944068 221.95151957472976 181.15296869999656
2.6569331461331487 -1.3270785242890462 224.14636857576625 181.3261504999973
2.236796317739902 -1.4020203355511516 222.17350698822895 181.49638689999847
0.019055086141818833 -1.9794770311809007 224.78320031248984 181.65510249999716
-0.8859780453266737 -1.9482836497649227 224.0502544565692 181.82869789999677
-1.9564886912143464 -1.7723875643392546 224.5490388964214 182.00027969999792
-2.928628513770178 -1.1649889609969293 222.54538829792003 182.15846169999713
-3.757409469453968 -0.9575293039175286 224.01113739579816 182.32901229999698
-3.684514165967542 -0.26964270771490106 221.59098387912985 182.50072979999823
-4.091554936714125 0.5016901357329413 222.93778109357015 182.66144529999656
-3.6918315949544365 1.063225908654978 221.8905733288298 182.8330689999966
-3.4153858517803926 1.27789134392326 221.78029493955748 183.00590849999935
-2.2343713246834582 1.8585566036769627 221.8170547244873 183.1647413999999
-1.628540130389375 1.9162361680559012 223.65556459523663 183.33401400000002
-0.8945238900403325 1.7084955667188613 224.12095255051116 183.50868569999875
0.6749861204000354 1.387532747682119 224.82575877847287 183.67892859999847
1.688895174801793 0.8485055050806327 224.87012980517486 183.8505148999975
2.3076607650250196 0.5086745431772712 226.02365941312755 184.02160449999792
3.460249129030025 -0.12401196058780073 225.55601720847923 184.19495209999877
4.060917110073007 -0.5442490863791143 224.05480233292536 184.35295069999847
4.069441373800579 -1.2120452109708566 224.37896089266204 184.52520039999945
4.627803333826201 -1.3037140444203228 222.42479330879968 184.6972782999983
3.884167713720096 -1.6373985239764544 222.58157443952356 184.85631699999794
2.982796968531133 -1.8924643037686248 224.2128739713008 185.0150778999996
1.5755831501014228 -1.7623539382244129 223.32945436117504 185.1880616999988
0.6343827243663043 -1.5144890079456914 223.21337919831922 185.34762019999835
-0.5227692142084237 -1.5044190866350942 224.11476230553177 185.52007879999655
-1.9735975341473448 -0.6318027521441643 223.75108248968274 185.69222549999904
-2.488800484378011 -0.05281437324976501 221.690005877401 185.86283579999872
-3.5549883197471246 0.7270742160534134 222.52228793205967 186.03384399999777
-4.501463452542765 0.8493420063131136 225.38728672684312 186.20287039999675
-3.941632690099368 1.6052659761780799 222.2332294494069 186.37627470000007
-4.059166841225704 1.7288122585705192 223.81357075605146 186.54842719999942
-3.376866148421982 1.835769997413795 223.0144158264872 186.72050399999716
-2.275866328881058 1.7080475785231855 223.0031384565366 186.8937294999996
-1.465758331931184 1.1778796981004032 224.2969822329755 187.06667059999745
-0.05194695369026903 0.696483199095189 224.19159112325045 187.23645810000016
0.10042092151415005 0.49469859812611006 224.55560719399108 187.39520079999784
1.8383104530351275 -0.112379054585805 224.90304271104623 187.5660622999967
3.052986951119969 -0.3852234161703727 221.9770355745918 187.74019119999866
3.4470810091678814 -1.3428498670630802 225.3693978090182 187.91238939999675
4.221710723345801 -1.5406168054205427 223.1600957433061 188.08461259999967
4.265083163720902 -1.7689102494123592 223.29579874817074 188.2558468999996
4.109678485776811 -1.9917262937771376 223.8202092429301 188.42997469999682
2.7066888074022444 -1.7896417392885358 226.1425626126669 188.60142059999998
2.757612248685689 -1.1826108645106803 222.01424824076747 188.7743163999985
1.5797610491957101 -0.8674655265559892 223.29141735209132 188.94631639999716
-0.2105779279561233 -0.2894225280373526 223.638261499981 189.11666259999765
-0.7922804152152452 0.608354919266958 221.5200180693635 189.285627199999
-2.1798334734424216 0.831241821099308 223.93544163828813 189.4571240999976
-3.4461621952547716 1.2997462715990284 224.12190062661102 189.61532989999978
-3.7453790143465824 1.82080427957926 223.09088282685065 189.78697909999755
-3.756585329434259 1.873416401689198 221.3840950188002 189.95963009999832
-4.549853487260641 1.6214921830275806 225.0496012200969 190.13108189999912
-3.6419974731981455 1.643709936392705 221.66846385948492 190.30318559999796
-3.407138745020042 1.3685817418975699 223.39187081684648 190.4753176999984
-1.6898869116210662 0.8332049215517738 221.36138528816434 190.6471623999969
-1.3412971220791974 0.159209435967389 223.68791079041313 190.81998829999793
0.30427814193205194 -0.6677848433696614 224.36678094089805 190.99238169999808
1.304019983819913 -1.0999718621323513 224.1745361340686 191.16288229999918
2.3112628378912845 -1.3158947289447696 222.9913469183428 191.33284619999904
3.3876426805639994 -1.8869197001233875 224.07854544433343 191.50443359999917
3.8376839455079264 -1.887973770712037 224.0716583212486 191.66308070000014
3.8099879073303526 -2.128442047640995 225.9101727679568 191.83278849999988
4.109753084568105 -1.6706657806467273 224.18679767876895 192.00489509999898
3.9125195462957336 -1.3493875586478215 224.30512300169616 192.1631376999976
2.9337147420904586 -1.0233512586811795 226.40801423624964 192.3352137999973
2.2788623247546838 0.04624349843981612 222.5286708163801 192.5085997999995
0.9352274246881436 0.36040748949956836 224.920452419061 192.67963609999788
-0.48283878872373975 1.2574527412546441 222.97087142934737 192.8543464999966
-1.7196431149333549 1.3950417485880298 224.6487048833351 193.02816509999684
-2.733273124404441 1.6179758473749573 224.97612418151155 193.1993180999998
-3.553500719389632 1.9492542522890712 223.2206487671073 193.37419749999754
-4.059166841225704 1.7288122585705192 223.81357075605146 193.54780929999833
-4.548310112371034 1.3966198454917684 225.0461426743774 193.70543369999723
-4.244475052780274 0.7396491301044428 224.19048941678236 193.87789699999848
-3.7092372423311417 0.5757130114706914 224.07106891477383 194.03621829999975
-3.370670858630106 0.1632025543358413 223.75973012679273 194.2084849999992
-2.3799397512696956 -0.9963747063314763 226.28609144257535 194.38141109999924
-1.1928025177400627 -0.9975227958046133 223.76432388668806 194.5537467999966
0.915631431507812 -1.6014301162062026 222.83764577949276 194.72573289999855
1.7666252249588723 -1.7186671665294053 222.1058686112868 194.89947149999716
2.3836721712073725 -1.9734099343984504 224.4117203456724 195.07089540000015
3.463286010639287 -1.7964544003739409 224.31187474449624 195.2429803999985
4.254602046970277 -1.422465853997327 222.10398451977287 195.41259159999754
4.10834029795582 -0.9981966110342047 224.18294046231077 195.58830229999876
4.3156264834926645 -0.5224761503266304 223.2750194783388 195.75815299999886
3.844367890428714 0.15059046575403023 223.4993674719336 195.9166125999982
3.6709934556471495 1.2671991346728255 218.95784464417156 196.08950360000017
1.5608206120379933 1.2624795101223256 224.80197866612335 196.2604431999971
1.222117889977227 1.5808157145236983 223.74372483963535 196.43292019999717
-0.8722508168435965 1.8224305051655527 223.21483326729538 196.60486489999676
-1.7563221291158158 1.630661822922793 224.075160807234 196.77547869999762
-3.1554351595011028 1.5033101619860876 223.77824412678433 196.93400239999755
-3.760942893899241 1.1529538745039556 224.53298051822372 197.1074308999996
-4.052291655670203 0.834866976348291 223.79623596352843 197.2775535999972
-3.6083132884079134 0.2846942132028776 220.5132365229094 197.45267389999935
-4.379349856902778 -0.30614072971256157 224.50437188839317 197.62465999999768
-3.401429827928453 -0.6554235865395537 221.94402914409784 197.79859450000004
-2.513226840858607 -1.3551151730566957 222.68285368642634 197.96813869999824
-1.862240566143626 -1.6390773560404472 223.76852599506077 198.13922349999848
0.04065175469290949 -1.7468807834648103 222.8578749538981 198.31285260000004
0.6041158525506276 -1.9986483911261406 224.9216800340967 198.48488759999964
1.6349808791858536 -1.8844069176870875 224.8307267351781 198.65913719999662
3.058843712345009 -1.302214600039198 224.39475683753687 198.82973049999782
4.1089892003495265 -0.5099395214733988 221.4149368928347 199.00104889999784
4.106951775918219 -0.3256482818582995 224.17911848220623 199.17287809999834
4.179720632472531 0.4888282804919335 224.3812657291383 199.3441469999998
4.058587648602845 1.0242272640483883 224.04138518726236 199.51413390000016
3.558478107473931 1.6959376865103444 221.8490776981478 199.6894990999972
2.3590195811140546 1.6122979018429255 224.48323895964353 199.86162019999756
1.5514039311106345 1.6192421221523396 224.24242785190003 200.03406459999678
0.06364976635234143 1.587464322984287 223.02067572836089 200.20610739999756
-1.052247169236857 1.2768693380969776 223.89260728944367 200.38027650000004
-2.3839222836114473 0.7197165388655513 222.7705719087778 200.5524125999982
-2.987037813221143 0.29226920344564 222.1698773734963 200.72502579999855
-3.536673755716194 -0.06643926980498627 222.14257060622597 200.88458309999987
-3.9840608727938616 -0.7319264415989206 222.169222160253 201.05597409999973
-4.050660542335734 -1.162838028535127 222.58778706404672 201.22779479999735
-4.164202173884547 -1.5463068324565281 224.69136290523602 201.39730939999936
-3.1299036586043982 -1.8468287544886781 223.71393276185975 201.5713051999992
-2.1392933954706663 -1.8192851181982999 222.19068319663916 201.74374709999756
-1.1844436835554006 -1.706173200074776 222.0816878291671 201.91512619999776
0.042670413839914545 -1.4336145236254847 224.90724740691948 202.08416029999717
1.0557536197957162 -0.8960033055356416 224.8878116036978 202.25423419999788
2.8794018056491737 -0.06613740473921403 223.28456735135117 202.42884049999702
3.384451846541033 0.3535595364100814 224.05739614591974 202.59926689999702
3.833875676255623 0.800663511751301 224.04665765064067 202.77458589999878
4.443475136777749 1.4679094631621616 222.88768452324854 202.9470724999992
3.778062268094061 1.5776092924910632 226.9187368147388 203.12009419999958
3.749099806697423 1.69725834577984 223.8879443631904 203.29195519999848
2.844790167343369 1.4874351622086017 224.56041809968787 203.46454869999798
1.5001208924715357 1.2517785006859175 225.27181911127727 203.6351833999979
0.3254666358164968 0.7185673416855565 224.55061528053213 203.80636589999995
-0.44104587318388155 0.38086121049899013 223.66034050259628 203.9800774999967
-0.8682720661913592 0.18890325179775225 221.89645600749805 204.1503066999976
-2.5262729676966913 -0.8012764003867456 221.88511712423863 204.32626419999724
-3.6643061983349767 -1.2110333247909182 224.6452286702778 204.49752579999767
-4.492269403242027 -1.8748198044264068 225.07355999488746 204.67168649999803
-3.903329007764711 -1.5971454122776105 221.60191232818633 204.84303979999822
-4.575953582225019 -1.8621599894027874 224.6972144448 205.01445599999715
-3.6495300289953647 -1.8401228108820522 223.5368278988429 205.18871939999735
-2.6640305957263095 -1.2940409100491017 222.66117066156693 205.35870839999916
-1.6447580716480488 -0.7367983223260541 224.07751337854432 205.5156412999968
-0.5126286446560258 -0.18746524643099072 223.457084019496 205.68916699999681
1.039410397936841 0.5124654893919001 222.50374549330516 205.863010699999
2.0416039156557844 0.9587019562514119 223.79982088785857 206.0344946999976
2.7746738895699323 1.230523433077634 225.57466979234994 206.20783679999658
4.058621128797569 1.8060597637145115 222.7814392286203 206.380409399997
4.15959163521822 1.7018610703474604 223.72480939000644 206.5497327999983
4.172144951129873 1.6095762835955494 224.40537424328676 206.72206249999726
4.203478015582341 1.4273689348844485 224.24039655076362 206.87801259999833
3.3370135683067943 0.8407364462767202 225.08328114291743 207.04997309999817
2.752256131788201 0.5741663978074634 224.20262723084636 207.22308679999696
1.5363932957177795 -0.08484373693253922 222.93875707156843 207.3941593999989
1.0117704492367068 -0.3802966100312464 220.25045627016 207.56847489999927
-0.652495639834946 -1.0469001860619507 223.86037014675216 207.72461349999867
-2.029387431526665 -1.5143217848099706 223.03084976586953 207.89885969999887
-2.4468802699051295 -1.5798967400937034 221.00848383217442 208.06934029999684
-3.9283152858116424 -1.8882748746934226 225.38776728194637 208.24311919999673
-4.438791384618739 -1.766351245594647 224.60144505725006 208.4146879
-3.903955715708186 -1.375811775727632 221.60085443327506 208.58653499999855
-4.070907731466214 -0.7325776009113305 224.21024737497368 208.7572392999973
-3.96634365473421 -0.43106638420800536 226.61410456804117 208.92698219999875
-2.626677489623738 0.26003589871203303 223.40550906758048 209.09987159999946
-1.360344317887865 0.9192114587611986 224.34233477748745 209.26992429999882
-0.40560148753389313 1.2543765475988788 224.26535042434423 209.42643439999665
0.668489798127645 1.590375046294298 224.78173405366516 209.60088469999755
2.443798390353365 1.8154378769631023 223.05161194433347 209.771064499997
2.9667860704420193 1.704298231609858 224.87922560092116 209.943942599999
3.8324696744351456 1.5876050339289094 223.15535423558663 210.11467009999978
4.15296485322569 1.0308779330298155 224.12914550705574 210.2871985999991
4.889522437237453 0.9178208434132493 220.63023996923252 210.4610348999995
3.835232313010941 -0.09561562711846605 224.05418834686577 210.63356059999933
2.991937034573347 -0.6655595481454881 225.37664858308497 210.8075484000001
2.377642197217682 -1.077413498228669 224.42841903933996 210.97907909999776
0.82546621574744 -1.5720650571810815 224.9265319872285 211.134600399997
0.014261068426201007 -1.7632703920632196 224.75474719187258 211.30909339999926
-0.9280305009909355 -1.9246185799334636 223.67863666116529 211.48111009999775
-2.453528003809687 -1.8480402614192357 223.68937983620617 211.65156889999707
-2.927217399978076 -1.5123571653116858 223.05630699941443 211.8124816999989
-3.429619827980467 -1.07912038441855 222.2908055077995 211.98294859999805
-3.9528324862996556 -0.3980929511943412 222.31896682548143 212.15278229999967
-4.627665068494174 -0.08762007758806156 225.46437463169474 212.32532619999984
-4.013425128061918 0.7124312387426084 223.8482384692095 212.48327199999767
-3.441493726353187 1.1789852532849832 224.4215857590792 212.66158799999903
-1.943049624104134 1.8253230134090845 223.31462429670273 212.83154039999863
-0.1617595524490696 2.0517113323639986 221.0642022440021 213.0030263999979
0.005898085386178309 1.7062171339694832 224.10457871783515 213.17186429999856
0.8000018520440122 1.6306285579512139 224.6911365711152 213.34458180000001
2.5259033124772685 1.02317776867595 224.20462246940872 213.51792529999875
2.818242419884122 0.8164201485347498 225.44718023163423 213.6920536999969
4.01954658963885 -0.0881027623637447 224.26056049774274 213.8627306999988
3.9157722155487846 -0.5758874714432167 225.544398354484 214.02317879999828
4.072185690066263 -0.9038322871636808 224.6444936926488 214.19710129999658
3.7173979176705814 -1.5501298072421168 224.74786321167488 214.36813749999783
3.342436100524374 -1.6261181784199543 223.22515811024297 214.54108689999703
1.9907277796549963 -1.8475332262290163 223.28337937249364 214.7112277999986
1.0325562395473682 -1.8419464402923165 223.25918711821927 214.88109259999692
-0.07794655721583155 -1.4279450022582463 223.82482997330885 215.0407312999996
-1.624369534081886 -1.1744872864001454 223.46273179264819 215.21356909999668
-2.382460614340083 -0.5293771772487599 223.334137626291 215.38775189999797
-2.555880495133323 0.14383025652013082 221.72585450161594 215.55632889999833
-3.390727553945368 0.9530989573547028 220.70882487888585 215.72736689999874
-4.091944028617149 1.1705446443533134 222.92830927238055 215.9001427999974
-4.476278234200947 1.4890630755805283 225.26998432256025 216.07314749999932
-3.680258495468422 1.7292380205306053 223.61998930907222 216.2445618999991
-3.0808114276908327 1.8482709789525522 223.22937628775713 216.41612089999762
-1.5819167321628669 1.608353594481775 222.9707218511001 216.58494839999912
-1.2461518193797119 1.0662705336866392 225.447323697376 216.75565799999822
0.046169947243605236 0.8047139930236114 224.25887095580686 216.92774039999858
1.6901201742256404 0.043921249637309145 224.47951769961224 217.08691319999707
2.310495990633285 -0.43880347216695803 225.39451792257267 217.25893480000013
3.205933971755698 -0.7721122492237935 224.20112699693004 217.4310734999999
4.109279622195125 -1.4465181863489178 224.18550707008453 217.6017498000001
4.4815527727217415 -1.5264205967422875 222.83652778273958 217.7582767999993
4.430960280786721 -1.7538725701581033 222.63858504874517 217.93320799999856
3.6126642330818797 -1.8874479078020165 224.07508554858234 218.10570240000015
3.1316115321982707 -1.6655149324775813 223.28717310665422 218.27744079999684
2.1997786836536974 -1.5054569882921065 223.9544249485527 218.43502799999987
0.2173065276072208 -0.8823506265124959 225.36385579880096 218.60580239999763
-0.3279863855984644 -0.2796815939351234 223.33260896683993 218.78045169999677
-1.824587003500973 0.5924719018215026 222.99697283414304 218.96486839999852
-2.856705363797545 1.0568148786273444 223.95402981260003 219.123734599998
-3.6195718555192755 1.373788652968825 224.39981929221483 219.2981914999982
-4.284671783787196 1.7293236634378335 223.8212532071198 219.46772869999768
-4.092289371885819 1.8394418304163445 222.9188089646967 219.64011689999825
-4.284671783787196 1.7293236634378335 223.8212532071198 219.81161919999795
-3.4242080970399513 1.473585461706433 223.68889233470634 219.9831782000001
-2.3898349761787188 1.2969423031540988 220.98238302280436 220.15621539999847
-1.8675445323355575 0.10804006500520913 225.9865610546524 220.32925449999675
-0.005178051567490627 -0.0708392525446726 221.93287608347495 220.48725889999696
0.5315901748805629 -0.5162480895095705 223.6416403531915 220.6604398999989
2.46623456819637 -1.0938433165065486 222.39760641255373 220.83320169999934
2.4410422764344446 -1.6743747031417602 225.3241207510062 220.9885574
3.6819940067941133 -1.7624918317543639 223.0660995455366 221.14719019999757
4.14812995189358 -1.9022780041329952 223.60032244851027 221.31965849999688
4.5875186878707055 -1.6799640951093018 222.5660106498031 221.47803179999755
3.9020582240843353 -1.7945003173282927 225.35897271144148 221.64830269999948
4.06471420268479 -1.3120609327394668 222.80005620317027 221.82229529999677
2.6773544140317824 -0.6301718739616806 224.39944171167116 221.99366299999747
2.174816913865925 -0.11114772612130785 223.70874040238363 222.15110249999998
0.926010846615263 0.37964736927674103 223.75816927944666 222.32512979999956
0.10762851753565172 1.287259690729682 220.9935482632407 222.48245150000002
-1.9463472568105828 1.3954700131398514 224.6579662610961 222.65285519999816
-2.931640661413205 1.7263144681468976 223.77499083133338 222.82561489999716
-3.719974973053567 1.7343939306526508 223.4906151046946 222.98123510000005
-3.3482820793053136 2.0559861253331295 220.79263733677033 223.14124949999677
-4.437414103831792 1.3794114076809638 224.54141083183936 223.3139624999967
-4.604138136506926 1.0585298611956926 225.64040526480423 223.47225199999957
-3.9285753217555524 0.6086897485230907 224.05656839984294 223.646477899998
-2.8661874825466924 -0.06517462659479634 223.8227525114865 223.81723929999862
-2.262695300574258 -0.6298659064617311 224.9153112100148 223.9899587
-1.1074544729220648 -0.9575856207578095 223.65736406384286 224.16478839999763
0.6801654385623337 -1.53635275736257 223.33203230162732 224.33541049999985
1.799702030544772 -1.7629158628087236 223.32651354685686 224.4945979999975
2.019541572537797 -2.0156826828423995 226.18487534282352 224.6657856999991
3.738741786547301 -1.6845950013509334 223.76330152460537 224.83914729999742
4.388449774566595 -1.422255430332136 221.98510841515449 225.01435389999824
4.12397508518405 -0.9902735267253302 224.75111624611256 225.18354869999894
4.325221162358488 -0.5049740998842616 222.9601555883981 225.35598489999757
4.056616702500023 0.13540022431726761 223.53778506207695 225.52578339999673
3.3784387896641164 0.5806578497787704 223.57593042242598 225.68595089999872
1.6104387389928334 1.0328568407973542 224.913125733638 225.8552607999991
0.808883533015063 1.338280457879355 223.92213682632146 226.02623839999796
-1.0457748291909752 1.7387845523749021 224.23381197332955 226.1961827999985
-1.9846056378735284 1.7069520284097646 224.29593132121963 226.36971589999666
-2.706135458991234 1.7258268329316842 223.7672398726441 226.5280187999997
-3.8302278785280564 1.2813032421824975 223.79710925241537 226.70066210000005
-3.9532165183473182 0.9463626303548978 222.8116586822848 226.87407789999997
-4.629761619008384 0.13743772036501767 225.4704652641323 227.04809869999735
-3.9646984905608136 -0.25470143917175037 222.90638472906312 227.2199658999998
-3.6158150256338644 -0.7105745212895975 223.15768378608823 227.3927076
-2.0415984937598353 -1.161786957043093 221.69101423934163 227.56372279999778
-1.8835033171297937 -1.6666272359268373 225.31106480374302 227.7370919999994
-0.4368260232620216 -1.8230642361495164 222.91131139157804 227.895916999998
1.1535426380570968 -1.8538204834758965 223.5566883891841 228.07085749999897
2.2672958272266115 -1.6434625593144698 223.59490301991585 228.24234129999968
2.8637172378407882 -1.4280230089027448 223.614892464265 228.41540699999678
3.7135230160339603 -0.9002098588136231 224.75454813234953 228.58892039999773
4.357219628936107 -0.4243642136098895 223.0134383580603 228.7472091999989
4.0273353891894175 0.3519469341758654 225.25420650159268 228.9214123999991
3.7593359974947305 0.7770107609943686 225.7550516810174 229.0936772999994
3.345821177058994 1.2552573468085484 225.26230716411916 229.26707869999882
2.3587845955760542 1.7218781501582185 223.27755995661659 229.4383272999985
1.2983026692122621 1.8143154185178645 224.15512354990645 229.59610209999664
0.45610072637603594 1.7050942746476405 224.09655273931125 229.75264689999676
-1.7074821504537354 1.291408793857972 225.4926843917821 229.9279843999975
-1.2451175170584818 1.626411207072982 219.71744725184246 230.10091499999908
-2.928313659475947 0.9419683415150377 223.01848213469754 230.27328919999854
-4.1516736732602055 0.04950536139824635 224.80419989484528 230.44459689999712
-4.295854079949201 -0.28306436648598066 224.20538305028842 230.6157237999978
-4.264051975579996 -0.9516586340028024 223.7706819858416 230.7920880999991
-3.7791833791476392 -1.1644006006380714 222.2441518942533 230.96445529999983
-2.9270092934878917 -1.7354230771910277 223.05934225981113 231.13531909999801
-2.463529708829263 -1.8723370813160578 224.17925348948307 231.3086734999997
-1.0471970346590282 -1.7529483303030702 223.05211804690538 231.48098319999917
0.23680995517753445 -1.6552498290840596 224.12807257033953 231.65106869999727
1.7921586102968092 -1.0269710507028051 223.72988739931236 231.81101969999872
1.8668872375279406 -1.1095041283196423 225.99822657189338 231.98290789999737
3.234071570539207 -0.3489518071869515 225.56056863925465 232.15683259999787
4.061520766562886 0.4696370109573884 222.7873437389187 232.32665479999923
4.208516192954285 0.8050201439524525 224.20254190950064 232.4996476999986
4.096772344972372 1.292741011811362 224.85286923412866 232.67087649999667
3.9742614368999725 1.6967486427042733 223.88311499139056 232.84307609999814
3.0682162891707847 1.9306726993244592 223.421356245651 233.01384829999733
2.368225062477009 1.832605371953278 222.03614747669445 233.18461449999813
0.925507312533135 1.4831910333399883 224.95336218878177 233.3568865999987
-0.8846348920743878 0.8126939578344121 225.00404117653775 233.52944189999835
-1.816815390433156 0.49261290615642395 224.91725140208902 233.7005403999974
-2.810838636880767 0.1338903874509043 225.4036797889615 233.85837189999802
-3.5032486894025254 -0.5262410883190984 223.35187220438078 234.03163829999903
-3.9507729471240296 -0.9714960393981809 223.36315807367242 234.1995121
-3.822267695452986 -1.1570031097115088 221.7256200431988 234.3558207999995
-4.2572201694408776 -1.8447213852062703 223.75464168490652 234.5281572999993
-3.8029596502709566 -1.748025278501368 223.40731973029 234.7010835000001
-3.723465375656808 -2.118908232233398 225.6528102691395 234.87290949999806
-1.8674046456613382 -1.4435911719795733 223.7864913385594 235.04298930000004
-0.47431677119391225 -1.010408837978927 221.39927668476463 235.21385339999688
0.07796271680222588 -0.7413477249897156 223.87988771791987 235.3738768999974
1.5312924107850492 -0.09448585545036359 225.33299150256806 235.54559169999993
2.7205164060636235 0.5629252481403064 223.4130991667607 235.7173617999979
3.8724503726868136 1.3549160237497748 222.95732868992363 235.89098659999945
4.337705276493828 1.595304020515309 222.58362544041884 236.05032159999973
4.094314376467111 1.5170738244838624 224.86322248488793 236.22290259999863
3.898001560923973 1.5886541319761278 225.32212969793127 236.39695169999686
3.9151721220997047 1.809240082509488 222.94924360572125 236.5657461999981
2.873239881508418 1.2897729769751614 225.145666715551 236.737294999999
1.4587504642978644 0.7167817873634146 224.50281861567328 236.90857799999867
0.2667206008237528 0.24191409853448675 225.4447770774029 237.06398449999688
-0.44097542251264343 -0.08526551359906875 224.12591241602155 237.2365480999979
-1.4021102750557333 -0.42113083333997636 224.22931009639098 237.3957878000001
-2.376805604418955 -0.9291335246257795 221.3959032783679 237.5529405999987
-3.8572459317923347 -1.6246195112430808 225.37598484428656 237.72383379999883
-4.2572201694408776 -1.8447213852062703 223.75464168490652 237.8970328999967
-3.9840769696667095 -1.7140345908730836 222.4904020296915 238.06842219999817
-4.0899603711417996 -1.7275009880696004 222.96923386623706 238.2431480999985
-3.559511044579608 -1.2564872052556328 224.7059477664065 238.4000578999985
-2.828554662425333 -1.0573456651931554 222.59427513995814 238.57304159999694
-1.825229732036533 -0.6041656625322371 222.25965183224227 238.7306346999976
-0.3445336249440487 0.15283995404756823 222.76537828964544 238.9026356999966
0.6908463671154195 0.7004583651371359 223.23771854385916 239.07464139999865
1.7312478694785653 1.0652568011746268 225.2235499741398 239.24549979999938
2.408389074807637 1.3528200743868108 226.94894190709465 239.41512599999987
3.3282712993249675 1.5143430305077885 225.12155826705612 239.5853352999984
3.7524858793789235 1.58816217888379 224.8951216968714 239.7596397999987
3.90473829747193 1.370526076838713 225.96170455319032 239.93155049999768
4.478670673809617 1.349904589395786 221.8245573965812 240.10207309999896
3.3290660082618686 0.6886716254527663 224.1195773946646 240.27264209999703
2.8786915367315373 0.4654987972714153 224.13046326188706 240.44821039999806
2.1458434928706467 -0.0612103411299465 223.25038676667236 240.61576549999882
0.23752359228313225 -0.8576669626120452 224.79737563978222 240.79094259999692
-0.5203367679328395 -1.084152397781736 223.51153047907687 240.96479799999724
-2.4812485884441386 -1.7522051371123748 224.90341365093929 241.136617199998
-3.1892555782908545 -1.8597730717660799 224.866499499122 241.31070869999894
-3.6944606513044036 -1.9489062774366062 224.27508444127318 241.46847960000014
-4.090139445491346 -1.5046050350069375 222.96609230024973 241.6393594000001
-4.377570618659554 -1.408221127610128 224.09537463197208 241.8125590999989
-3.600934173004383 -0.49294829483625335 221.71543854551084 241.98280709999744
-3.187332233877818 -0.07045709112034082 222.37035863931632 242.13927429999967
-2.7524893490375177 0.2656643830073353 223.46865146621465 242.3121640999998
-1.507263426036772 0.8097584520631624 225.09649339937138 242.48397229999682
-0.27860760033805576 1.3696671788089407 224.19162305392553 242.65608229999998
0.7649785879374704 1.589947263178221 224.02491215866442 242.83043219999672
2.544372688079463 1.8147366659011084 223.22994613359407 243.00029619999987
3.27951542342705 1.8678117335499902 223.7193474596701 243.1739873999977
3.9146405619871274 1.586019538310147 222.95594642464593 243.33017919999838
4.129226229027687 1.1156461833061062 224.3091563261547 243.48760159999802
4.283996605277288 0.7996304593175019 224.0396729009768 243.6608058999991
3.899088088471977 0.2350564532949484 225.3394054957429 243.83333519999724
3.5538620177541276 -0.30277936370787906 221.9080531788696 243.9925747999987
2.6073614536209178 -0.8507463377190128 222.4870159927112 244.16450479999912
1.1623638417211097 -1.397179035848911 224.92816314480055 244.3383701999992
-0.3512425437488389 -1.7658694518107314 224.05592134186577 244.49525229999927
-1.570964204523598 -1.977779122455507 224.85758279177531 244.66826979999678
-2.1902532830652177 -1.7563952829822949 223.49303367940337 244.84048110000003
-3.674642701012111 -1.6297524138695891 224.15259363809372 245.01382069999818
-3.8663118345682648 -1.2822670451153826 222.95783724841732 245.1876020999989
-3.7913510130333705 -0.4988944117537901 221.87621221763166 245.3602525999995
-4.438699493174617 -0.1936643110043974 224.57373002900152 245.51870719999715
-3.5853771608807605 0.367302280648131 223.2047559488561 245.68895059999704
-2.3848705647858637 1.165154707638564 222.7675205199479 245.86224159999983
-1.6809814703426582 1.4112853143647008 224.77495219276645 246.03441929999826
-0.8276974224840572 1.595458581075345 224.46661012596974 246.20738029999848
0.9791969210018152 1.5973076725172852 224.8919000324398 246.37927349999882
1.8130170209986574 1.518461587773011 225.01409301899577 246.53812669999752
2.93249413442841 1.4750169176371593 224.05597356231243 246.71000069999718
3.9385803127976544 1.0502135561131851 223.20918306226488 246.86744829999952
4.542099744560829 0.7944058692931684 222.21799114847596 247.04234769999675
4.273691244690028 0.3457468648136999 224.71859915837044 247.20018499999787
3.9820408333421327 -0.3600173811909304 224.2585820442535 247.36999129999822
3.161393799558887 -0.9902479894880081 224.07302009457229 247.5437619999975
1.927533535778096 -1.524920023825107 224.43950474645592 247.7177664999981
0.41054471454950914 -1.9309715334212374 225.94504762639997 247.88839999999982
0.4563885555941809 -1.7497812289220835 221.42529917139404 248.06217130000005
-1.24171219381509 -1.9689033255692632 224.56645689821173 248.21878619999916
-2.68066682662964 -1.624440461224486 223.7017081809288 248.3916199999985
-3.194306966985394 -1.2839376773815072 222.94258646712734 248.5618562999989
-4.110304547298838 -0.7244302334258368 223.58095089607193 248.7179320999967
-4.060475619208248 -0.05251272407739371 222.61434346635838 248.88955059999716
-4.001179762070905 0.5060338036107979 222.53145452894535 249.0612181999968
-3.125845476467333 1.2736552789353262 221.84648431542897 249.2318512999991
-2.9421479840257874 1.3720202460311786 224.38188187999364 249.4049559999985
-1.0963276471893977 1.8229973808006719 223.21837363283456 249.57655929999964
0.38293719329787024 2.1431347569015475 221.31388177879023 249.73411829999895
0.959073754104125 1.8080778237316277 223.00470641604213 249.90527229999861
2.2895521723671095 1.2562850112764075 224.89270969755086 250.07983069999682
3.3821386070675175 1.1413480211707032 223.1808210022128 250.2513740999966
3.5732169610019255 0.5782520937940401 225.26485418578426 250.42314409999744
3.899616504056837 -0.2160474601843525 225.34437077622067 250.5944062999988
3.9002227867467596 -0.6671005268087704 225.34896862084915 250.76825819999794
4.165679175542202 -0.8689480506242475 223.5709488451604 250.92569889999868
3.123950761736374 -1.3569723929885829 222.33099512197077 251.0809666999994
2.2365277990341355 -1.6628776246104913 223.29255818501176 251.25264599999718
1.1535426380570968 -1.8538204834758965 223.5566883891841 251.42519099999845
-0.24323727556968322 -1.672398681009387 221.36300635770706 251.59611949999817
-1.4094101683994609 -1.4841499542645131 222.0916960980707 251.76716229999874
-1.9399966956335746 -1.0394256721760016 220.66930578357227 251.94062849999682
-3.7762497847038077 -0.6278697721838089 223.808396424765 252.11585419999756
-3.907778476627904 0.05037605168165804 222.92907699756412 252.28698599999916
-4.438115975711483 0.7051950881982343 224.5558485130335 252.46158559999822
-3.5717230519824312 1.2748461582340305 221.85635404482588 252.63560700000016
-3.1006869508070807 1.5922207646525965 221.95524701962907 252.8091229999991
-2.3076089993249482 1.6255569347239245 224.36294368864546 252.97798209999746
-0.9860360722966846 1.8398184147261212 222.13817127571573 253.1500156000002
0.19566920455035586 1.9422625550645893 220.99975105834343 253.3104119999989
1.174235533644854 1.1426177866882714 225.40604438370053 253.48332369999844
2.0823123759261364 0.9151834842502069 225.38375219375456 253.65678539999863
3.6348442955344 0.39912781698308564 224.5372039090721 253.82885199999873
3.848983569778646 -0.2281977589680828 224.62204710637275 254.00044669999988
4.356617811578182 -0.6476528242632558 223.02076606675644 254.1730566999977
4.009415799244394 -1.3299419002592323 224.1168816925451 254.345602399997
3.3506568354396578 -1.6718341450191847 225.0705707397349 254.5192935999985
3.010470607435593 -1.760759656397667 223.07426222468925 254.69210369999928
1.5628094237224488 -1.7444694312739184 222.92856525364073 254.86343249999845
0.11793958139410421 -1.970732067032527 224.50890713343964 255.0348911000001
-1.5550425845865234 -1.4032295164481514 223.66502044102882 255.20708659999946
-1.5973400508362516 -0.8982961958632227 220.62021040953397 255.38013899999714
-2.8035742251391653 -0.4349939226418176 221.93895751120112 255.55308129999685
-3.5700956991771733 0.38762232475541225 221.86374775721498 255.72436099999686
-4.006585687752555 0.8596857818275883 222.0302167304299 255.89564109999992
-4.1788692044061335 1.4854398903599861 223.3438933979197 256.067001899999
-3.61965736855273 1.7117889973866838 223.028812088501 256.23733359999824
-2.886393495590305 1.7092928523224753 224.31547258166773 256.4128912999986
-2.1513579880524887 1.59885703132759 225.12515521569048 256.5802987999996
-0.8128470187111816 1.393370500576232 224.6114558867122 256.7391295999987
0.6517415937995565 0.9441842668136964 225.40932725200145 256.91040019999855
1.9454603565468886 0.4681667684095441 224.9347398464994 257.0691894999982
2.8541341660165713 0.31166551857298863 224.29289160209697 257.24262739999904
3.590464937510035 -0.14884881880280076 222.46092013561224 257.416445699997
4.395966414516273 -0.8308497599704108 221.93289296958184 257.5878679999987
4.371253819731656 -1.2021868193534022 222.721897018405 257.7476291999992
3.6772536705778407 -1.8867305527227494 224.74530020537813 257.9165851999969
3.387627132910076 -1.8991164192224375 223.4790998307155 258.08816639999714
2.4720652364632514 -1.764584688034672 223.31783923456624 258.26138659999924
1.6486814019825786 -1.229472457213756 219.58133517685926 258.43196219999663
0.039751214755703757 -1.3015368695641474 222.85458042791657 258.6051770999984
-1.7086836698600862 -0.6179963853192056 222.7615314889116 258.7771458999996
-2.500956698403982 -0.1593352047900254 222.29394714945906 258.94846929999767
-3.88259084995493 0.13327462692147307 225.48551417036046 259.12126259999786
-4.279509374637605 1.0588214399127533 223.8083123214145 259.29265769999984
-4.1788692044061335 1.4854398903599861 223.3438933979197 259.45120549999774
-4.437128796670308 1.6041621287442567 224.53639792425653 259.6232428999974
-3.1270281274715046 1.9391421847949193 221.841013086114 259.78240899999946
-3.0836928101660064 1.6007770251344322 224.50998808790186 259.9560212999968
-1.7295775388338654 1.6062024073007972 222.6209237912414 260.1289950999999
-0.22057373887457032 1.0505000653326189 223.66656946867244 260.30211489999783
0.6998290827280229 0.5948311767752124 224.34327892737372 260.47299759999805
2.4292207910497936 -0.20596793117914736 224.1442495092583 260.6477098999967
3.089211667123898 -0.6752684618585505 224.8508167341488 260.806278
3.620467449744126 -1.1276761542579319 224.65745669555847 260.97810209999807
4.006899231806507 -1.7783519364921272 224.78591542871547 261.15083479999885
4.208418162103641 -1.655063552751189 223.61366267498647 261.3076949999995
4.221655816412657 -1.768164814806493 222.67506390272334 261.4838275000002
2.7125670970117 -1.8853209088342897 224.08911871360212 261.6559146999971
1.8549132727422943 -1.6658737071015128 224.236301676831 261.82579350000015
0.7235087654158292 -1.4345962785025907 224.87978736583688 261.99831379999887
-0.9047336781793547 -0.6522392388370122 224.3377104272006 262.17036240000016
-1.9019859868451903 -0.16310409101541445 224.25624703907792 262.34434899999906
-2.9507202928295584 0.26978202419576824 224.96168992627616 262.50160969999706
-3.6439437843502134 1.169403915540295 222.9181860613594 262.67444689999684
-4.357630018678066 1.4034799656756025 224.50097551899103 262.84765069999776
-4.464476814714118 1.7135077683578714 224.3500728634 263.02085899999656
-4.271289587520521 1.7174302393044147 224.18600610681122 263.191761099999
-3.4202906574370147 1.8377292962295115 222.90367459383944 263.34646919999796
-2.848594525698772 1.5953355104999858 223.07408196130788 263.5208504999973
-1.6802443751287157 0.8069156828106898 225.38178804886363 263.69522679999864
-0.4653543802846585 0.5072448184481999 224.15290064292932 263.86781549999796
1.6852014190300153 -0.20035322612911344 223.6922636981526 264.0386032999995
2.274673077230574 -0.6393831248113475 222.81780780999898 264.21499159999803
3.206606216816347 -1.0952509717117564 222.97568653055683 264.38893109999844
3.837396270616239 -1.663942330582211 224.06930041684316 264.5604252999983
4.0627018091408615 -1.8884972979045536 224.0682639942182 264.7318785999996
3.983873649549608 -2.030837441815473 224.9130759020531 264.9060894999966
3.3734443540254375 -2.0748192414130298 224.92781843527104 265.07469779999883
2.6593666158175253 -1.4244577701987993 222.92507404387567 265.2495020999995
1.2029325769729766 -1.1054477747433236 224.4735210394353 265.41937619999953
0.15063911133481156 -0.12786317236214373 222.73563193686246 265.5919058999971
-1.2237934227858602 0.05975737662797087 224.22831746285397 265.76389689999996
-1.936966997910858 0.8390958423423065 221.37926140481923 265.9376411999983
-3.2740730767967605 1.035065128204863 225.44688461027744 266.09193719999894
-3.754426234126683 1.7121958754473603 222.0924776206144 266.26307279999673
-4.1336946981616265 1.755485798968822 222.91556547991436 266.41910409999764
-4.716662713916655 1.6205068636432536 225.10401906132248 266.5773597999978
-3.525464229960768 1.7304243870836782 222.0473132442339 266.75379109999994
-3.5619210748834007 1.2624427857136755 224.33390282113348 266.9256486999984
-2.0975381196168783 0.9553587809935937 222.15473678609368 267.1014327999983
-0.8285740620208983 0.25230063258098845 223.03988262073855 267.2732857999981
0.4624320831693396 -0.19360576698289123 223.2786262879756 267.4433191999997
1.5227854105303749 -0.996613436637281 225.18514030508908 267.6159615999968
2.796464507457017 -1.3292017391209363 223.61837301604 267.78764709999814
3.241093108725508 -1.6625132509505054 224.2534258406011 267.9602602999985
3.7056996529502584 -2.0118160642136598 225.86178036585787 268.133006
4.344864965290789 -1.7435734656396242 222.60194030341154 268.30906839999807
3.837396270616239 -1.663942330582211 224.06930041684316 268.47981049999726
3.4178820545198505 -1.3684627964593652 222.43758620895764 268.6376715999977
2.2134038701775935 -1.223128130003742 225.3263695955754 268.80895769999916
1.0222584913419368 -0.2821313241928838 223.28545879927603 268.98271459999887
0.3217244907564023 0.38422316431328163 221.4950951021164 269.15519199999835
-1.336637709127551 0.5889502863314249 225.01517124389545 269.3273249999984
-2.9315547710209415 1.2660720934824194 225.09316171067059 269.50089769999977
-3.382651243598673 1.7273016940142636 223.79045715133933 269.67330579999907
-3.9847629085021694 1.7317119655658164 223.97951814472623 269.8431638999973
-4.284671783787196 1.7293236634378335 223.8212532071198 270.0148384999993
-3.891833181058338 1.8335307682153648 221.79084869703138 270.18564029999834
-3.377061369415877 1.1662078296178677 223.02661486695717 270.3591441999997
-2.8843430386272786 0.5877742504145438 224.3244070225329 270.53137929999866
-1.9477407316661797 0.35079081528764 223.9304967523132 270.70582039999863
-0.603809375521017 -0.07988659153015654 222.24856543975122 270.84801399999924
0.36837266200330276 -1.2249659441987024 226.13679984371265 271.0194085999974
1.9563637516142691 -1.2513947960872986 224.3335490092741 271.2076277999986
3.2082817488392834 -1.8929395075456465 224.2079095161843 271.3805106999971
3.448248024662945 -2.019239903679951 225.37519946065208 271.55557569999655
4.313875796904526 -1.8159107987200471 224.30654323646505 271.7282884999986
4.272444337953559 -1.5279376244255367 223.29766492971095 271.89988919999814
4.042980652129671 -1.3208687736700107 223.27902034850732 272.0703932999968
3.1396169653523884 -0.42699690658397316 222.35607622212584 272.244499299999
1.822444829346864 -0.18602701964328183 224.73766826523752 272.3836851999986
1.2491358684813463 0.3338667220274676 222.8016413968476 272.5566857999984
-0.49393937182131253 1.1653689845621535 222.46156389571047 272.7260334999992
-1.2410099014444995 1.7164584504694371 221.52819142303017 272.8996169999991
-2.9603573014815225 1.6183983948390495 224.98545214488794 273.07113599999866
-3.6618943608686436 1.8205718173591467 223.21749899003262 273.2459624999974
-4.1336946981616265 1.755485798968822 222.91556547991436 273.417135599997
-4.178269216352717 1.3924314133401747 222.81453130639616 273.5927609999999
-3.9705955495086585 1.1665362851724321 222.69110379739698 273.76308009999775
-3.4091401619083115 0.6232238565829196 223.2140542000854 273.937855199998
-2.4670231488427277 -0.06195944987286772 223.7235275564173 274.1122910999984
-0.7084090676099564 -0.47336528443846504 220.81416375280568 274.28020139999717
0.2824366670864791 -1.0907717037808098 223.4162421880408 274.45286549999946
1.4039558429612526 -1.6648731746820697 224.24626453348444 274.62768369999685
2.306347654890068 -1.8910174188963431 224.22779601138302 274.79708559999926
3.140610050961108 -2.1624123339640864 225.87675180921528 274.9683140999987
3.8847409634945365 -1.8943436971403749 224.1930419088904 275.1408659999979
4.267106914342911 -1.3213947245241826 223.27631154378167 275.31380069999796
3.895050396079796 -1.1731967037730229 224.7604972673033 275.48419079999803
3.7743522682035504 -0.5307207654378736 223.5159937121557 275.6563430999995
3.1054478075752385 -0.2074575368289331 224.1297340711346 275.82858489999853
1.6912947012859618 0.6082895639847141 223.27860028282328 276.0006285999989
-0.43459303486705636 1.2610725388064274 224.999401369601 276.1741992999996
-0.6293649728432982 1.8233276352953673 220.91165134018934 276.34833279999657
-1.9380482804798405 1.8322525379566592 222.75097213285318 276.51537800000006
-3.5336714640489575 1.730637416938345 223.96533537849476 276.68657209999947
-3.6685021003821134 1.6242667006638083 222.21777771930905 276.8627824999967
-4.640048921886866 1.2631291466716643 225.50032220887542 277.0324065999994
-4.276068425780821 0.6119158040736963 223.79978571486998 277.20310529999915
-3.6250263169972143 0.28661297217687043 222.34479453249554 277.37613139999667
-2.8022413828001476 -0.4978137688992028 223.4155521405095 277.5483362999985
-2.274278242196779 -1.1020284528644488 225.42111313742996 277.71869479999805
-0.4157528788274547 -1.075670654539957 221.9003604378151 277.8930737999981
1.1328889198092256 -1.651575875146948 223.09965302736467 278.04939749999903
2.14555983194861 -1.7580905121419512 223.64999705476427 278.2231302
3.0002107627093437 -1.7410476531306074 222.63922507135453 278.396421999998
3.76564088387331 -1.6433194463666627 223.94842137945318 278.56693369999994
4.062128302136472 -1.4404295296592107 224.06357734853034 278.7385856000001
4.071026910391865 -0.9869127713438743 224.36591457212424 278.9117428999998
3.769666831798787 -0.22568227185883316 224.81744336818264 279.0814971999971
3.27486257367719 0.2658875215036005 224.41594353107817 279.25531919999776
2.1932870388041863 1.162274792930436 222.1531810475044 279.42717699999776
1.0601682495110438 1.460519435410383 223.65330517734344 279.60073329999796
-0.13723303241180673 1.5921251830405243 224.04980206456233 279.77182659999744
-1.1507446697794563 1.9707322806055352 220.32936111906744 279.92930779999733
-3.085095746292815 1.5174706873532067 225.60097849973585 280.10433489999923
-3.663142514788042 1.5048835377864247 225.80028652786987 280.2755714999985
-4.065478284317351 1.0444077617195937 223.03883118638817 280.4479003999986
-4.016794923981486 0.8324173106038906 221.87001861747825 280.61634090000007
-3.353276858897104 0.6244189679003931 219.52890771256145 280.7774008999986