-5.713064888954243 0.34510168565197774 125.39472534217636 0.6631965999995373
-6.088292643400564 0.4834374745306534 126.11017117186942 0.697909499999696
-6.030581533754869 0.6461602859750655 125.69736866391976 0.7152828999996927
-6.105685511141353 0.9020578284282353 125.66116779501357 0.7341838999991523
-6.15464144810651 0.8979301531706199 125.6903807005291 0.7573310999996465
-6.310580819638922 1.2391530573598155 126.15090869130238 0.7895427999992535
-6.184363551038253 1.2567962894714564 125.8830643586926 0.8236349999997401
-6.290697659037171 1.4432298639950307 126.09164320383637 0.8553464999995413
-6.184055801169606 1.698037954275546 126.00909983677019 0.886634999999842
-6.505153536819741 1.8135388819641736 126.83867899202184 0.9175686999997197
-6.397743845055778 1.9777737731482015 126.5935211539847 0.950195999999778
-6.179659687075777 2.115308274271276 126.3074846101484 0.9816285999995671
-5.712786930763684 2.2998940965784405 126.48627828214326 1.0148730999999316
-4.982941826589432 2.44458570359146 125.97739921473558 1.0467322999993485
-5.065828086086 2.382366374457441 127.54349171146714 1.0949995999999373
-4.683912441760469 2.508002655880449 126.7553346692418 1.1249085999997988
-4.706838095584025 2.6976252399730463 126.75472096102081 1.1589930999998614
-4.704666902584378 2.5523631982330164 127.00697324194779 1.1905603999994128
-4.032142501626076 2.6267862075537076 126.83092202480285 1.2220471999999063
-3.517491046549722 2.774223437697242 126.59995014055744 1.2545422999992297
-3.382441263278544 2.6504959541830346 127.19015507500619 1.2862325999994937
-2.8287208612764942 2.622809762302256 126.98372338077066 1.3173024999996414
-2.4123999663773503 2.657982265641188 126.90615220615487 1.3512686999993093
-2.295720911415465 2.3810285378923544 127.62371399949366 1.383052599999246
-1.3859531475430629 2.40452901275935 126.46872102614265 1.4168942999995124
-0.990720937464971 2.432058886367169 126.37328892258972 1.4627042999991318
-1.1839092671644593 2.010617022849404 127.75063242280912 1.4938278999998147
0.5149237803462938 2.0286681554406742 124.7766809602388 1.5266161999998076
0.6884536739805753 2.253887209816403 126.44310989052899 1.558891899999253
1.0966101067926672 1.650994713335702 126.24246227349673 1.59041519999937
1.2040503284557715 1.6187515392248264 126.40119083264389 1.6222216999994998
1.981728167845887 1.6512506268805085 125.95750034265915 1.654572399999779
2.5013326245775787 1.2701046870023032 125.71216782033423 1.6861277999996673
2.596803331203631 1.262958302557207 125.82045040980222 1.7181369999998424
2.689461825856732 0.9690437737525326 126.28085412515391 1.7517377999993187
2.689461825856732 0.9690437737525326 126.28085412515391 1.76888179999969
3.2006724899115255 0.7776465626990307 125.8541229196522 1.7873701999997138
3.9657474446967385 0.20304879476259163 125.36576621726675 1.8646279999993567
4.3786152138165875 0.2725633082972797 124.8044256615906 1.8936234999991939
4.548413016895246 0.16074316150450507 125.55510238054372 1.9275681999997687
4.869501146903289 -0.22982762815645275 125.19291098404334 1.958898699999736
4.979284357399344 -0.28523144672789347 125.91422515627696 1.991075599999931
5.493682383113516 -0.4603562454153157 125.04056131706112 2.023657299999286
5.493012472880494 -0.6615431170966414 125.38480940585822 2.0543286999991324
5.503553607546493 -0.8189729274880709 125.26996172041527 2.0859897999998793
5.717308331862789 -0.9603756951657639 124.98892884842624 2.117616999999882
5.717308331862789 -0.9603756951657639 124.98892884842624 2.1373257999994166
5.704102637068985 -1.0067861963836893 125.2226150362115 2.15379909999956
5.768391035657153 -1.1775999392763534 125.19086320547481 2.200891099999353
5.995710476088071 -1.3552684798970573 124.41559216462824 2.262335699999312
5.792733186258246 -1.489675378682458 125.2999997268787 2.2939041999998153
5.766179021844707 -1.6621861628627062 125.30513580371563 2.3262433999998393
5.989041899317812 -1.663168228928003 124.36498543642807 2.358294599999681
6.037429124511867 -1.7858796228292242 124.34038670208507 2.3902439999992566
5.819334028790621 -1.8997754410534236 124.94327226895194 2.422773899999811
5.836193991322958 -1.975778210124599 124.41050711227838 2.4558611999991626
5.5802996262562985 -2.017305256086742 124.43190396110796 2.487523999999212
5.5802996262562985 -2.017305256086742 124.43190396110796 2.504774699999871
5.176561413118691 -2.2577905327460353 124.82058515471986 2.5229383999994752
5.106747127331786 -2.157816135070021 124.24695196748371 2.56548439999915
4.461390950731335 -2.2876556051178656 125.17393733723786 2.5984111999996458
3.907692164658947 -2.3442502572904242 124.6659027336888 2.6635151999998925
3.5720111978926568 -2.3429725442684846 124.17456195048855 2.6947779999991326
3.0227935457156647 -2.3772788088471617 124.9461767915443 2.7268692999996347
2.6384583638842116 -2.327341364498787 124.82753209071018 2.759010899999339
2.2143629839370362 -2.299343674517141 124.90636894765545 2.7899378999991313
1.798454422176718 -2.3727060601641314 125.01441725010082 2.82230459999937
1.4280593098596057 -2.200081962633889 124.52621931274199 2.857290799999646
1.4280593098596057 -2.200081962633889 124.52621931274199 2.874398199999632
0.9105782072330442 -2.1997263768496493 124.75886845928187 2.891826199999741
0.5298691116844623 -2.206390798659237 124.71500169505853 2.9338731999996526
-0.11981740167086485 -2.0281401494777707 125.13953387476337 2.966512299999522
-0.5667212809686148 -2.050488055315867 125.11845249597486 2.998260599999412
-1.0933156072760255 -1.8419971590288289 124.51154921950524 3.0637199999991935
-1.616557280258995 -1.618952765630708 125.00534392480748 3.093796499999371
-2.1559229853743602 -1.5937686981227621 125.49012147555416 3.125154199999997
-2.3080701528180185 -1.4253024943643413 124.37119161869914 3.1576846999996633
-2.787513829281444 -1.233402853643879 124.94647990940477 3.1911451999994824
-3.1808435323828803 -1.1231429869580323 125.01820037490587 3.2223099999991973
-3.1808435323828803 -1.1231429869580323 125.01820037490587 3.2400080999996135
-3.843227915596998 -0.9914445588785855 125.70820093005459 3.27244089999931
-3.9431855862529517 -0.7623983288502773 124.94583664697709 3.302651199999673
-4.213705774062312 -0.6783595341249765 124.98856217521622 3.334211999999752
-4.43893529254408 -0.41886726107840555 124.9206165993555 3.3674152999992657
-4.772911718347721 -0.3227095331442501 124.99783143994316 3.399140399999851
-5.5154172787490765 -0.012775440109131009 125.89521070814538 3.4630179999994652
-5.580381225176559 0.1163233094473205 125.59988993249604 3.4945840000000317
-5.794507995940407 0.3717581193012008 125.6055348838826 3.5270066999992196
-6.0338410769993445 0.5036311221311036 125.83553346054241 3.5575770999994347
-6.193816022182276 0.5965900526064828 126.11626715554333 3.589907399999902
-6.193816022182276 0.5965900526064828 126.11626715554333 3.6072039999999106
-6.057213060780306 0.7741586615744376 125.63610379553703 3.63922249999996
-6.237085891883417 0.9238626304774488 126.12478635571442 3.6708957999999257
-6.075199886351832 1.092945034985566 125.63916097235122 3.7013862999992853
-6.040033867364173 1.2639252646239352 125.6481540227353 3.735314699999435
-6.392644819632544 1.393021157823393 126.58535591678455 3.7674082999992606
-6.353383559050329 1.596434855457313 126.58659384321474 3.7987826999997196
-6.098774147551872 1.9510779368803672 126.00693733977458 3.8606393000000025
-6.13395976537592 2.114139230580679 126.29137676247001 3.8943786999998338
-5.92195327411968 2.240824818245623 126.28964207067014 3.9268170999994254
-5.564332959714591 2.2759371366874483 126.67081009136785 3.956874599999537
-5.564332959714591 2.2759371366874483 126.67081009136785 3.9756932999998753
-5.220749150318028 2.5380868228315068 126.58921957260696 4.007112899999811
-4.654828788456989 2.493555940224733 126.12760086014028 4.038523399999576
-4.3653274080224875 2.6508443419206147 125.56738340753043 4.0707125999997515
-5.019768381495439 2.6199942752473953 128.00878438846942 4.101086799999393
-3.9085421643482476 2.7409207732569962 126.1665129626445 4.134161799999674
-3.9854571410340967 2.856642863973366 127.28751714693423 4.165861599999516
-3.754165817554984 2.636413302633183 127.48635737208086 4.197880499999883
-2.400518565230989 2.6645479519896647 127.39967765102212 4.262181399999463
-1.8113372324702652 2.5024061855789435 126.608466393935 4.293840299999829
-1.7769578672004016 2.37246811395431 127.34867994617971 4.325515599999562
-1.7769578672004016 2.37246811395431 127.34867994617971 4.344168599999648
-1.0358361250696717 2.4108458855623742 126.14038204773209 4.37424799999917
-1.2999382511815227 2.127802333061399 127.17566313564413 4.405480599999464
-0.2286797204297102 1.9403699803835677 126.36961984646192 4.438449199999923
0.10862488933069869 2.0928255548285803 127.01689638093569 4.470629499999632
0.4682085118975081 1.6409886265224918 125.97717312620877 4.502575599999545
1.5570740871072246 1.6026240677498405 124.84560149927847 4.5329816999992545
1.6847256217790871 1.857296203991738 126.13980996225119 4.566186499999276
1.9885534408612386 1.1247866772350201 126.2361005455658 4.5980720999996265
2.784348924630393 1.1950159959435358 126.44210897805227 4.6622864999999365
3.3523215041628234 0.6959749515663681 126.07397638968982 4.693981299999905
3.3523215041628234 0.6959749515663681 126.07397638968982 4.7121250000000146
3.66064085475071 0.6313642887734044 125.4915814447691 4.743707699999504
3.532109675792796 0.4832006517313633 126.25964688989549 4.775177199999234
4.179951836512814 0.18685329238574266 125.37287471376779 4.8053203999998
4.495405546380667 0.1315578566691753 125.62774463724291 4.837284799999907
4.641822390065947 -0.0665071851059773 125.96582548646454 4.86966829999983
4.8673527034098285 -0.3431358039673714 125.62939051699232 4.901870599999711
5.320345756125093 -0.3500432311713869 125.09514665264285 4.934392599999228
5.598446748729458 -0.4584580887301236 125.07031343936642 4.965412799999285
5.400290239946614 -0.7179676286218247 125.80913688980824 4.998701299999993
5.985560984377351 -0.9344610520928586 124.57056550540655 5.063138399999843
5.985560984377351 -0.9344610520928586 124.57056550540655 5.081544799999392
5.840110165625902 -1.1139346628685547 125.15547750832701 5.109204699999282
5.882775231373536 -1.2922598685024353 124.74964006328811 5.143284599999788
6.344139640613143 -1.2227132565168968 123.16127714008661 5.173571699999229
5.792733186258246 -1.489675378682458 125.2999997268787 5.20721869999943
5.905792961207972 -1.629081891987639 124.7868042806762 5.238313899999412
5.8799885360114175 -1.6946062412044531 124.92304813549681 5.269347699999344
6.0733088949357 -1.8025266701827896 124.28059638359134 5.301506799999515
5.848247406949028 -2.0093950903524376 124.97746491570783 5.333847599999899
5.8451481120238356 -2.039601974380135 124.45075268469337 5.366058899999189
5.505822328946024 -2.1313507641439435 124.91039841236805 5.398242099999152
5.411398665079091 -2.2387229942685947 124.1854017024577 5.4298226999999315
5.224459042090821 -2.132006049682564 123.94559020473369 5.479081799999221
4.70637736053834 -2.236644765625872 124.85547963079372 5.5104170999993585
4.453730161977376 -2.3126407377435876 124.1499334899702 5.543318499999259
4.118491598702967 -2.202080048160727 124.28470275550782 5.575628099999449
3.566544026853265 -2.270906733044286 124.51291001698691 5.607008699999824
3.2304478826625243 -2.279880395964115 124.46490243376404 5.639343499999995
2.8430625961444917 -2.328053639205814 124.67519925004586 5.670053899999402
2.3834067546434525 -2.282399277144308 125.13865711231794 5.702668299999459
1.8784897761468997 -2.297247783656368 125.02151508800426 5.734104799999841
1.560617440828274 -2.310697318057402 124.88290340610855 5.765650699999242
1.073647310937254 -2.1981997856373137 124.76791491466484 5.798629999999321
0.7131972863886986 -2.2554243430511276 124.80170915388128 5.845955999999205
0.05359659737762712 -2.041476347359588 124.892064998082 5.878179199999977
-0.25309154985143323 -1.9638819261466067 124.39257542159535 5.909161399999903
-0.8234601094713909 -1.9424765777007602 124.86335701068427 5.943334099999447
-1.2653796620242659 -1.8015615630883772 125.16813347517709 5.973922799999855
-1.3252400873129133 -1.6120046070152352 124.33207801950952 6.006518799999867
-2.082558904894995 -1.6379555522767286 125.72602513912348 6.038643399999273
-2.444785334546296 -1.4901977364258285 125.13585056564133 6.069814499999666
-2.7820846659366367 -1.267133676093104 124.97336842695547 6.1023380999995425
-3.2047635730768746 -1.1122606908404586 125.16611308662007 6.13261169999987
-3.5478576242044895 -0.9826591198716182 125.19163048332545 6.166773899999498
-3.8867588921782854 -0.8682494234175954 125.15016421073081 6.2143262999998115
-4.217518000608322 -0.6080675652901334 125.2028328571689 6.246947399999954
-4.601542341250195 -0.5494374132083802 125.61167183739013 6.279530599999816
-4.7425867117977205 -0.44837198325118444 125.0487896149156 6.310322699999233
-4.97331160736848 -0.24246728059425438 125.10962925027289 6.343530699999974
-5.058921850886968 -0.14439660504648122 124.79046914473804 6.372854399999596
-5.348715158816141 0.1341284942674803 125.10777257554334 6.405446699999629
-5.87921275124382 0.21453083376131687 126.0517266849501 6.440267299999505
-5.8958471120313405 0.4495636182188891 125.67340734126827 6.469495800000004
-5.73559220341469 0.5870873040129034 124.94265988041715 6.50205459999961
-5.840504938249595 0.8030639583718451 125.1742858472649 6.534846899999138
-5.979781321014535 0.9139819450944227 125.39476332873633 6.58150729999943
-6.153444920365978 1.0235926586908979 125.68538542434213 6.614844899999298
-5.962617278594372 1.298947360929616 125.35635466831049 6.645524399999886
-5.940435006468789 1.481412126238495 125.53760925749205 6.67914429999928
-5.786429428653378 1.6240575477842945 125.34141265715412 6.710558699999638
-5.653177978989433 1.85296433890975 125.46630139008307 6.742825799999991
-5.4304332255749515 2.0402075781605538 125.57468467671235 6.77460869999959
-5.330868724644851 2.200729640684956 125.9647123114879 6.806198899999799
-5.3627002596214055 2.292249454543503 126.24367337453846 6.837790299999142
-5.666424085882554 2.387206931681296 126.99918057414328 6.8685665999992125
-5.4776583972611235 2.5386343389499633 126.60122727514492 6.902355399999578
-4.973866998732632 2.570745893898664 126.16413543362789 6.953145399999812
-4.406302563024042 2.75690776199753 126.30896557844457 6.981360799999493
-4.377699103110665 2.729704469657842 127.32128850658664 7.014788899999985
-3.7519514425205074 2.7208051277780934 126.32343673562788 7.046818299999359
-3.244663286002151 2.901393981074118 125.44319465110065 7.077304399999775
-3.758715328774578 2.6657960738018964 127.24502357835843 7.110937299999932
-2.9743212370112104 2.7614519757086855 126.78071301069438 7.142261099999814
-2.4515502358843975 2.877384981231308 127.00737999851322 7.174322500000017
-1.9988647741446286 2.511466055415897 126.30955112282894 7.2060105999999
-1.6130797535993224 2.459024675039149 126.45252304799368 7.237652799999523
-1.2937571244108739 2.4866152983715852 127.09850998060027 7.26925779999965
-1.052014648890271 2.183691622506749 126.87649724902367 7.317793499999425
-0.24010348444535623 2.205244393265341 126.15485456415674 7.349569599999995
0.08656760267081864 2.2613315477836795 126.79523934444381 7.382094499999766
0.5863448070941786 1.8605296051926863 126.42070586517762 7.415522999999666
1.0759244411379498 1.7761078702279398 125.92555943802982 7.445332299999791
1.2061292130421037 1.6887377935632937 126.94847014013976 7.478303699999742
1.7121266722800144 1.2950816332218928 126.55263230222258 7.511321799999678
1.971756080276883 1.1295564533395757 126.70877857124057 7.541434499999923
2.3501865675186338 1.101774481335658 126.53575378825627 7.573508299999958
3.0349946489435524 0.7248870725744913 125.38019431058794 7.605349499999647
3.642927162650686 0.7730514556691438 125.50436190623785 7.638863999999558
3.9067904534041347 0.6313445635667958 125.38100446840377 7.686144299999796
4.213652758846671 0.17080590848121358 125.15302043187646 7.7178305999996155
4.221895862342713 0.1489959875627953 126.14944491846158 7.7508404000000155
4.676552600363053 -0.04419362646190317 125.65897338269284 7.78308829999969
4.829484113578175 -0.2578809261227005 125.96936867721925 7.814391599999908
5.187539661371353 -0.3775565119977974 125.28067521074269 7.846390400000018
5.483707340667316 -0.45798298592991593 125.16522925122727 7.877720799999224
5.442494270102053 -0.650186475602844 125.72687261432993 7.910684899999978
5.702024916212864 -0.8812220240844545 125.23019810086869 7.9421370000000024
5.781379941771064 -0.9787271255452331 124.91158877346024 7.97430279999935
6.0009864767574115 -1.1660085426181501 124.66505426149853 8.005998899999213
6.017270608432625 -1.306779169868189 124.61900196008223 8.054584299999988
5.9782662320560505 -1.4000750351525597 124.97276791337693 8.087169999999787
6.167113067804422 -1.4775214745269398 124.39531141781197 8.116969499999868
6.005089125264917 -1.5693474420382412 124.92164615503457 8.150555299999724
5.922914638016067 -1.7413874415208026 125.28137920866675 8.182360099999642
6.039320682714141 -1.8361542730338751 124.68802012887232 8.21334569999999
6.0511007266356955 -1.9785333302633998 124.66174217109536 8.246613499999512
5.916099914598526 -1.9593197298697054 124.50839785553686 8.277794199999335
5.345627659091797 -2.1399413967971945 125.41506381662768 8.310437299999649
5.456295698104803 -2.1953837973072794 124.10030268727861 8.343186799999785
5.230749235186046 -2.1748855385719406 124.1660242421975 8.373982699999942
4.908731178213699 -2.206969779978674 124.5553682391341 8.42225259999941
4.463671184376743 -2.347861622245371 124.34880240697804 8.454990399999588
4.355714447646562 -2.2132704908800274 123.71845121004996 8.485929599999508
3.8202050313377356 -2.377831353612897 124.42796676473021 8.518648099999155
3.092997918472385 -2.3611451924619935 125.07688709200337 8.550744599999234
2.9843432696693313 -2.3823107838142192 124.08556632044379 8.582392899999832
2.4648904277236596 -2.248286856062192 124.58682730538689 8.61428799999976
1.9317670415435018 -2.3554975968608067 125.06376795820984 8.645844799999395
1.6388031464505062 -2.3243693032932304 124.42067799554674 8.679692499999874
1.0176889491893277 -2.218751185375429 125.42857524617204 8.710181399999783
0.7758970914747536 -2.1976763018129657 124.63791515987137 8.741788199999974
0.19049422977507646 -2.164013565605515 125.15686048613095 8.789695599999504
-0.1279628984089456 -1.9582849460619332 124.53261783645547 8.82273929999974
-0.5791913022337241 -1.9733079816301187 124.31557357203239 8.853604699999778
-1.1706982012352256 -1.7713028065070295 124.85921194982208 8.885712599999351
-1.425683241416138 -1.707314280242811 124.5785080157877 8.91731289999916
-2.14927889111123 -1.5456378890465885 125.64339866708971 8.950659399999495
-2.4361890350158646 -1.5171845279643437 125.36017856384893 8.98193959999935
-2.6402675164973317 -1.3171230586479212 124.83103125518566 9.015470800000003
-3.158472005381526 -1.1526328405349453 125.33692390460047 9.04771189999974
-3.4976050902351403 -0.9729380477166213 125.22976603315325 9.078006499999901
-3.9397007518209364 -0.8875832130551219 125.5016913855682 9.110620399999789
-4.076285026170197 -0.6265641533626428 125.04134117702121 9.159304999999222
-4.539038338643202 -0.6192153440149212 125.61079081891238 9.189437499999258
-4.5820748154764175 -0.4342333760891933 124.93004355156091 9.221927099999448
-4.9672830316054615 -0.3607203236842992 125.27380055077367 9.254256899999746
-5.083586316736437 -0.18264428109483188 124.9365402429191 9.288621499999863
-5.389984212852383 0.046141436794486346 125.21407451262384 9.318063799999436
-5.3203248142959225 0.22255501908594177 124.64445265648348 9.350278999999318
-6.001323655906468 0.43187139475262937 126.11013992035461 9.383389699999498
-5.8186249968283335 0.5339275004510824 125.37830555643446 9.414010199999211
-6.068042710759933 0.6978450293719887 125.88894673626572 9.446045699999559
-5.889482662450142 0.9248752048604986 125.39828833903435 9.47829449999972
-5.729792003010736 1.0866077451158995 124.91954022274278 9.526951899999403
-5.974347285203471 1.2785824192765416 125.63919976838922 9.559377399999903
-6.023323233127414 1.4001165142622596 125.66712257465367 9.5910731999993
-5.914471360061398 1.6593985858333706 125.57329346950088 9.621011799999906
-6.268647168171881 1.7220299095073281 126.388038948484 9.654910199999904
-6.338899874857653 1.8358233929295582 126.60709259039685 9.687715999999455
-6.101118682623934 2.0073376742561626 125.88433236807784 9.717753499999162
-6.371603356705776 2.189942037705285 126.9987086286749 9.750933099999202
-5.709947160702093 2.2934286614225057 126.40990976124036 9.781584699999257
-5.318118582512469 2.551917108193627 126.43658263039792 9.814442299999428
-4.865619563106719 2.4607633710520633 126.44871828819868 9.846505499999694
-4.309053233032934 2.654682416064809 125.51484994071383 9.893865699999878
-4.48913159784432 2.730963667561522 126.19636680076604 9.92546719999973
-4.7117251958901605 2.651513881461524 127.50102438315663 9.957556599999407
-3.718013351059426 2.821052184675317 126.17651144156363 9.990056599999662
-3.6823941384392214 2.7295923653428646 127.2053575114225 10.022148099999868
-3.2871338006135247 2.676310961220355 126.9350079036687 10.053319099999499
-2.96992055473315 2.6690689117299407 127.23897577668222 10.085498599999482
-2.221681335769489 2.5350153082537052 126.8339537397301 10.11940439999944
-2.029844944412602 2.5372857565098696 127.14274606672372 10.151163799999267
-1.6059237976276322 2.2689015134501935 127.04922292557829 10.183248499999536
-1.314766757962758 2.273909697231617 126.91519461762063 10.213554799999656
-0.747828807531306 2.077521770058048 127.15715559510504 10.262558699999317
0.24379646928483112 2.034548838795261 126.0247544196669 10.295232299999952
0.7701716945226167 1.997389259770748 125.81121711191071 10.32586529999935
0.9670743598615559 1.6962732369328481 127.13161386868587 10.357404899999892
1.270069631419247 1.713360461464926 126.96561624379946 10.38892129999931
1.8940799098643524 1.480045918935735 125.998372488314 10.42189689999941
1.8355498607973573 1.2682713444238667 126.54702773705104 10.453816199999892
2.715004120184652 1.1118992620194812 126.44198438963505 10.486159099999895
3.246793797914087 1.0939690861308025 125.51403667736619 10.519364199999472
3.1070861715350944 0.633334926052886 125.66753226839789 10.550140399999691
3.1070861715350944 0.633334926052886 125.66753226839789 10.565674999999828
3.901042752849939 0.5552564015668771 126.20204288921502 10.631861899999421
4.48152050875791 0.04529141832634953 125.25666607288389 10.66262049999932
4.722904179091479 -0.061840181701420804 125.2119708399628 10.69462139999996
4.72529305044992 -0.03767039167652564 126.07468956187218 10.725829299999532
5.286619779962749 -0.5232649531442665 124.84007138469092 10.761198199999853
5.446250240734187 -0.4575069152582659 124.89668687355923 10.789229599999999
5.52885209499469 -0.6320960412381315 125.24871683580255 10.822696899999755
5.607669354562461 -0.8141035393321273 125.01378015823178 10.85632329999953
5.6594461857435405 -0.986057004805467 125.330347184155 10.888446899999508
5.945437902588196 -1.042183353481568 124.6556818472842 10.917870899999798
5.945437902588196 -1.042183353481568 124.6556818472842 10.936267399999451
5.832068172559843 -1.2569361905781031 125.0391683336449 10.9669645999993
5.922364160511208 -1.4322279783172491 124.67280504053 10.997474699999657
5.950631255477873 -1.542090167221049 124.63792049403133 11.061437499999556
6.001565932303215 -1.7411373976891396 124.31625990544663 11.093161199999486
6.084372843036384 -1.7421283048246061 124.24601753028173 11.126483799999733
6.041214656335306 -1.8697685968823476 124.25219048784194 11.157861199999388
5.881530059910801 -2.0213388025717154 124.45364429332507 11.190921499999604
5.583266127557415 -2.0993966990217494 124.60309616130279 11.220863699999427
5.511468706230666 -2.1112323686501884 124.11706005944858 11.254040399999212
5.246559200113417 -2.2243374202068082 124.44357330928645 11.28540189999967
5.246559200113417 -2.2243374202068082 124.44357330928645 11.304641799999445
4.908731178213699 -2.206969779978674 124.5553682391341 11.335946299999705
4.362036206947629 -2.366810648103849 125.17177983614572 11.365346899999167
3.8982207670154736 -2.2669763182617833 124.42177718150356 11.429252099999758
3.483231847861326 -2.342514284430244 124.36606046291513 11.461231599999337
2.97734533457529 -2.330124769766215 124.80327345736538 11.495350700000017
2.675168647427604 -2.25179508178864 124.57710927693132 11.525825499999883
2.1628862105710667 -2.311010797410698 124.80934279168869 11.559188100000028
2.0239126734748396 -2.3627045867092877 124.10464376695451 11.590460199999143
1.551351473932833 -2.2206084227620497 124.39856768849246 11.620391799999197
0.697397227785963 -2.2089583078030723 125.22557987037078 11.6546845999992
0.697397227785963 -2.2089583078030723 125.22557987037078 11.672662599999967
0.41810857443373095 -2.2701125410638 124.58750837617482 11.702234299999873
-0.23396838788370644 -2.039574123453643 125.18378053673219 11.73408449999988
-0.6095220833088177 -2.0010674446957792 124.91589120397269 11.767476999999417
-0.8253160146626684 -1.7650898401869384 124.28864901363976 11.798083799999404
-1.7037321442464801 -1.5508776461077485 125.09326406229607 11.862575999999535
-2.0369815686348502 -1.442033377811148 124.74621588024993 11.896357299999181
-2.4125278150860012 -1.3310770136226715 124.69882647769809 11.925161399999524
-2.8337839195085905 -1.2519534616918357 124.97821639942474 11.95759629999975
-3.2589368614183343 -1.0757335916353385 124.74379811936764 11.990864299999885
-3.706903125421853 -0.9302716861504888 124.96622373382912 12.022013999999217
-3.706903125421853 -0.9302716861504888 124.96622373382912 12.04059049999978
-4.090309233168924 -0.7337086299492056 125.19718089073021 12.069310099999711
-4.368862890635334 -0.6004872787805288 125.08284624070114 12.102394900000036
-4.4862230668120375 -0.43332009351092016 124.87446524763766 12.133257299999968
-5.071287969315165 -0.27599971174748184 125.88404631174393 12.166468799999166
-5.425123351714788 -0.21611119292237568 126.08704620818875 12.198773799999799
-5.707090748201381 0.1277423737849921 125.67356495638529 12.261524799999279
-5.889227086772543 0.3171921241286648 125.8522061102455 12.294696699999804
-5.643119565174636 0.611346464893141 124.67492634979803 12.325707699999839
-5.883681392249827 0.6676486616518578 125.38399995789928 12.358113299999786
-6.085264171320503 0.757433326952812 125.67204413612195 12.389697599999636
-6.085264171320503 0.757433326952812 125.67204413612195 12.408020399999259
-6.298049390817916 0.9388786704863656 126.1191735392806 12.437355000000025
-6.192401479040015 1.1938060087645659 126.03953753176869 12.470015999999305
-6.2442336671809 1.3736476657021819 126.1407370177233 12.503874999999425
-6.044449737568783 1.5213451889999474 125.7701607464894 12.53366619999997
-5.71162698574765 1.825913783470864 125.43339857054364 12.565204499999709
-5.735977261789891 2.017117494885159 125.79903723437182 12.59991219999938
-5.88029078422791 2.2264160493519354 126.35303192929909 12.662150299999666
-5.667732895692545 2.3723381270734736 126.09858683348 12.693834599999718
-5.565787119030766 2.3559801273943206 126.28381812675885 12.728209799999604
-5.089293206181594 2.538484921732876 126.37162374432698 12.756691299999147
-5.089293206181594 2.538484921732876 126.37162374432698 12.775072099999306
-4.899155714207247 2.602949852616886 127.36036854434506 12.805624999999964
-4.422418388637141 2.6828390753397127 127.20117809778262 12.837442999999439
-3.7812659336313033 2.747779755715144 125.95923641529593 12.869440599999507
-3.8015868418145757 2.8395056535167145 126.21213099820469 12.901679799999329
-3.962456277581012 2.6535005776165095 127.34558678530442 12.934030699999312
-2.993682475662851 2.7885428838625197 126.13189726209787 12.96581259999948
-2.3242859797030206 2.5351407792319165 126.92402012483097 13.030712499999936
-1.9963037982837122 2.5624255785739676 126.8042223228903 13.062343799999326
-1.3542932200405176 2.542340051907066 127.02752732730491 13.093969599999582
-1.3542932200405176 2.542340051907066 127.02752732730491 13.11213509999925
-0.8409677146662915 2.373126655685179 126.60790356223484 13.129271499999959
-0.5554091727717037 2.241405694986691 126.396430139435 13.177031999999599
-0.396046263813588 2.0158552533659577 126.59462095864981 13.205198399999972
0.07133541309511315 1.9526413540856917 127.23509574697222 13.237789799999518
0.9108151540066629 1.9276154476927965 126.74648165488404 13.270818299999519
1.2716040565556739 1.6306547163720928 126.51603268839936 13.302708399999574
1.597450058165684 1.3754655974811056 126.40261985791446 13.333218799999486
1.9788243517042545 1.327723045095916 126.6144665353821 13.366658899999493
2.43368396341387 1.096093646323257 126.2916371313046 13.39844019999964
3.1429695544018443 0.7427422710157119 125.97684453320434 13.463258999999198
3.1429695544018443 0.7427422710157119 125.97684453320434 13.48323259999961
3.1430728237155634 0.6731497437637585 126.84683560381771 13.50141209999947
3.744372272175525 0.2501772072744778 125.9321567179096 13.541269199999988
4.084695341953605 0.21509072698498355 126.1089605983206 13.573472299999594
4.384227441381547 0.06060968775293307 125.98702689606483 13.60486519999995
4.60587801512991 -0.27289896981053874 125.88373522289353 13.637402299999849
5.163830859025595 -0.18512329105218006 124.94731048737489 13.670864699999584
5.2414163596262995 -0.5291158424951911 125.564003750927 13.70221489999949
5.333657475646852 -0.6307619110832622 125.62753940436697 13.735083399999894
5.445068778380815 -0.7768038968449297 125.71588313280382 13.76619269999992
5.910009559589177 -1.0261050292844462 124.77862861318874 13.831230399999185
5.910009559589177 -1.0261050292844462 124.77862861318874 13.84865229999923
5.958651241316041 -1.2102098929676766 124.85157436693268 13.866829699999471
5.926207004168866 -1.3149605288943138 124.90610729117938 13.911502999999357
6.189295676653117 -1.356568284963981 123.90186089274478 13.942970199999763
5.962732729627874 -1.5857404419761436 124.83842666111389 13.97465099999954
5.9284555202016165 -1.69132494462254 124.89962211929135 14.006914899999174
5.973320314930838 -1.7544355432078307 124.67483453363066 14.039034899999933
5.988017095114287 -1.8061215236753436 124.39310136504601 14.068887099999301
6.038349620951244 -1.942633400044341 123.98340090672176 14.102009100000032
5.685481905432837 -2.0722469920806312 124.39379733159781 14.135001799999372
5.423156083642972 -2.1258630409984716 124.84832502786095 14.166591399999561
5.48600200566122 -2.190225411573267 123.87408668401423 14.19771479999963
4.865934447217725 -2.192954118969412 124.81821701761868 14.22867319999932
4.511167841406682 -2.2949483543618667 125.00026527848252 14.278309299999819
4.414797646716892 -2.336302615897721 123.81641518017119 14.309428899999148
3.750013610037165 -2.285213054721808 125.18866048134097 14.342725199999222
3.19110564251703 -2.4101651404320097 125.24838799098245 14.375610599999163
2.9488316921595583 -2.4039428177650115 124.59259571801245 14.407466199999362
2.6483511091322853 -2.3421386440474996 124.64704714757363 14.439117799999622
2.130532698029917 -2.29740645908426 125.01362012612877 14.471020999999382
1.8886959373105086 -2.3891142501519256 124.74797586630694 14.501801099999284
1.3143383047344486 -2.1700688195649542 124.94751099086906 14.534150999999838
0.9211209129234987 -2.145282485201179 124.73126812761127 14.566192699999192
0.524356077385363 -2.117563110990255 124.23705294932805 14.599066499999935
-0.15158208298464615 -2.024451186089123 125.25588686885436 14.647355099999913
-0.3396468650203772 -1.973433323095779 124.18938361948392 14.678454399999282
-0.9044210144584426 -1.8197224054942294 124.70932659292167 14.712102599999525
-1.1799459513059176 -1.7835445919471837 124.68113885955223 14.743129899999985
-1.7037321442464801 -1.5508776461077485 125.09326406229607 14.773703599999862
-2.11828470122218 -1.5527226537836674 125.09178084745068 14.806770199999846
-2.420025579772215 -1.3759185001674399 124.9811450896634 14.838895799999591
-2.925794853587597 -1.2673421548024786 125.46720636360348 14.870816799999375
-3.0807749211809323 -1.0679400291973247 124.76897434435907 14.902153399999406
-3.7369933708889604 -1.023205890622974 125.45808135794314 14.932968199999777
-4.008141952029071 -0.8020594813525398 125.21350834167697 14.966955099999723
-4.430096875637439 -0.6463652300395838 125.39567695244253 15.01499259999946
-4.623774600365131 -0.47581671489574096 125.29979932195195 15.046511899999132
-4.976137221719888 -0.37603923849044996 125.60282750998664 15.078327799999897
-4.821658672479749 -0.07557739839605959 124.44882107959403 15.110846199999287
-5.527090030150127 -0.0015208230973561276 125.82841241389187 15.142233899999155
-5.412140120419799 0.1422808919925257 125.11079018552823 15.17486319999989
-5.640030666464959 0.2974438214061807 125.21169454985662 15.206051799999841
-5.959464856663985 0.3799885052584728 125.67531338884241 15.23840459999974
-5.837044149283244 0.6945696426778911 125.13646894721941 15.270536499999253
-5.739582217962443 0.848940983315316 124.88243145990404 15.303080699999555
-6.054667810714584 1.0254984717750737 125.62567725908389 15.334502099999554
-6.080508900154847 1.1335134103128637 125.81139820103957 15.382700799999839
-5.652963155494177 1.3487514445886708 124.6257108666299 15.413859299999785
-5.883935209570737 1.5517047542410967 125.37448906320498 15.445018899999923
-5.882763166955719 1.677052539065696 125.36955943181715 15.477921400000014
-6.384493419133975 1.8845324375651016 126.9972681847712 15.50951459999942
-6.11031143630629 1.9802826866334606 126.10817038055811 15.54120309999962
-5.945643647964516 2.1507026914413028 125.72399585276547 15.573066899999503
-5.875655098539703 2.2243336095291206 126.38488101457557 15.60793079999985
-5.216270194538289 2.5275125998570798 126.08040019831193 15.637791499999366
-4.989766092941437 2.5101629778073997 126.79155388328515 15.669823199999882
-4.39552083802063 2.6340713074495268 125.9860910290465 15.701989999999569
-4.343806850530974 2.727333283709822 126.27679149229562 15.750806899999588
-4.416328496735915 2.775866617884267 126.6411819182749 15.782288699999299
-4.297816210705882 2.6937587055773333 126.85729405222129 15.815163899999789
-4.0315680942773255 2.8846566044405164 127.10912279383408 15.84672479999972
-3.5055683786277925 2.7389046970696325 127.26789594308576 15.879399999999805
-2.925496081487161 2.7724558886767166 126.59429278669762 15.909693799999332
-2.678178051734527 2.5808327323144873 127.17317893723751 15.943347699999322
-1.8074292785495913 2.472926175661365 126.08588682660543 15.973924599999918
-1.608145530756822 2.562516119905045 126.77901853193505 16.005351799999517
-1.1542538243355551 2.3361351477229086 127.31172183238651 16.037472899999557
-0.5292692380640531 2.32685919082454 125.88651925741861 16.07120329999998
-0.520947198659691 1.9834088972389075 126.21682204166818 16.117993699999715
0.2774479338368465 1.9645058183839827 125.8633198412522 16.150181399999383
0.5912620352160971 1.9915242617963917 126.80290038542624 16.182938799999647
1.0883407120837276 1.6889465761838496 126.48420277326173 16.21465839999928
1.6257580788100725 1.4213309145878144 126.21442416213566 16.246378199999526
1.9498355266404275 1.4861488062961534 126.70918351084786 16.277860599999258
2.2756868107760724 1.08180703823309 126.72176508766816 16.311512199999925
2.837688921134017 0.9472815935291111 125.78247010125995 16.341389199999867
2.9674956362654044 0.8234911722434267 126.09781541681309 16.373947099999896
3.35589858810593 0.5042471395136128 125.97171274651417 16.4076785999996
3.727409289453071 0.4283460780632378 125.91574017602736 16.437358299999687
4.083364290589444 0.34220327453815863 126.11445651914102 16.48631690000002
4.519343657042604 0.04127606480388335 125.5141460915779 16.519756299999244
4.8028543201007 -0.0644463434372351 125.21984013474474 16.549949399999605
5.1579956314185935 -0.36212111326251895 125.204522436269 16.580972999999176
5.25634853148069 -0.42293676232700783 125.22954971981451 16.615018699999382
5.561319956103965 -0.5418619393724987 124.57884621508288 16.645946399999957
5.700228840771004 -0.7728125806695708 124.7882668550413 16.67802859999938
5.827163776507227 -0.9169838364792832 124.69085018955263 16.711201099999926
5.831083473606114 -1.0846975942332109 124.86138681356306 16.74220079999941
5.946698671778371 -1.2272832238711566 124.63586578004148 16.77269929999966
6.111157025112831 -1.2005697624058436 124.11895736855983 16.806596599999466
5.992319911897162 -1.4333923108526538 124.54744592113217 16.85420939999949
5.9180145321584945 -1.5874902240642972 124.84758265042177 16.885041599999568
6.0425528937600035 -1.6020332611959147 124.39727448545953 16.919130699999187
5.842779051892016 -1.758730444633319 124.99821361706559 16.950813899999957
6.079355451743183 -1.8667590228394322 124.15877412867863 16.98269039999923
6.10893646012385 -1.8816159183989543 124.05613728989144 17.014285799999925
5.983756797411722 -2.0202886098150428 123.97732780471516 17.04593179999938
5.368932723236618 -2.1164822003541754 125.1491139233471 17.078332999999475
5.365501158591613 -2.160508726335724 124.37806118480059 17.10975689999941
4.991741196788908 -2.210504482607765 124.72316392373486 17.143291299999873
4.688854351991083 -2.207584890055928 124.42503798706925 17.17341909999959
4.48483958091024 -2.2634317822060486 124.02987342850753 17.221909899999446
4.165920247785714 -2.319763453568619 124.07202241003677 17.25392819999979
3.6721888754306633 -2.2663440176689478 124.60272426414458 17.28592630000003
3.2646232289762267 -2.2969244540791327 124.17775688744955 17.318304499999613
2.76671418603226 -2.3398655790916654 124.57814498940492 17.350460899999234
2.3880795455131505 -2.338582388842959 124.59839302506181 17.38231799999994
1.959484378854576 -2.3256007935148997 124.71893853537048 17.413762700000007
1.3812700562670628 -2.262818138793136 124.7795794950553 17.445979799999805
0.9474573444905161 -2.1978158587088372 124.77370090706313 17.47696729999916
-0.6718426670777617 -1.9207097094927161 124.4369139031052 17.660630599999422
-1.2797848370897569 -1.8148889735743987 125.00675156158985 17.71340389999932
-1.6597959126998134 -1.6885434108351256 125.02445562273206 17.781040399999256
-3.146435090940585 -1.1342325209007482 124.83855829279692 17.8435015999994
-3.6496866089347364 -0.983706482921434 125.26278990664386 17.908076199999414
-3.9271492167288855 -0.8561367850736358 125.20414501769758 17.973025699999198
-4.862768560984598 -0.1822337410429058 124.880002912011 18.038691499999914
-5.1131309545656976 -0.08224921783055916 124.96362740151423 18.10427189999973
-5.580782450514292 0.12728112139523484 125.67079468882864 18.170150299999477
-6.186738326517386 0.7340357019623784 126.16291541211905 18.23353919999954
-6.060446783019415 0.9214464778314503 125.4183616870225 18.29945950000001
-6.312136955132992 0.9868178785947482 126.15840624919933 18.36519159999989
-6.364827588014549 1.8380832903345108 126.54916816819569 18.427994199999375
-6.428819556073854 1.9418018420542804 126.86635911911014 18.493662500000028
-6.179659687075777 2.115308274271276 126.3074846101484 18.559204599999248
-4.746360181534847 2.526462094004454 125.5843511376728 18.623607999999876
-5.050422485390683 2.61719174553095 127.23802473381963 18.688673199999357
-4.119566894263556 2.702985112491674 125.83882717710027 18.754236699999637
-4.135899871955083 2.7904151891340687 126.49139257687177 18.819747799999277
-2.528326337120575 2.5440525697397 126.94739159887905 18.885928199999398
-2.1259015635293537 2.618432720053176 127.04333875008214 18.950157399999625
-1.6779058607798163 2.5133394005234493 127.58991302008285 19.017121699999734
-0.2420215902175613 1.9963561583293652 126.6202686933507 19.08207459999994
1.2522850138966959 1.9936137100681206 125.32810675848351 19.14628469999934
1.4566804538821927 1.8491092912404277 127.01196723984806 19.211091699999997
2.5946666132399514 0.9011956877475197 126.41078720053414 19.27611479999996
2.856843510515098 0.9111644363076993 126.20984470783469 19.340825799999948
3.279817745939674 0.5620369510724316 125.744577199489 19.406009299999823
4.691075499140801 -0.042039029977689824 125.43278719541598 19.47121949999928
4.9112886731060215 -0.21419715019296415 125.62356121210023 19.534881299999142
5.1094982329928555 -0.420453030966056 125.4429290536763 19.599375699999655
5.661060037345692 -1.1119852771364522 125.32414786265595 19.664879999999357
5.787629158136305 -1.1120082941904337 125.3196828746223 19.74548589999995
6.002382625085332 -1.193187957965733 124.93018317063789 19.811062999999194
5.852274952595366 -1.823957729770667 125.03534084534812 19.876920400000017
5.923581889805924 -1.9015284055515207 124.73011620740115 19.941876599999887
5.926487968124945 -1.9792140411941128 124.83661082338641 20.007891199999904
5.071124252144209 -2.19382971975101 124.8236497725691 20.073400399999628
4.809750396566905 -2.25587133762036 124.61959453670357 20.138469299999997
3.668414049782207 -2.377780203702644 124.69831288557222 20.204132699999718
2.8999365880376047 -2.355235335605213 124.30267144508872 20.269611599999735
2.5142882027888476 -2.3390120951496987 124.59168674633467 20.335085899999285
2.0527264802989436 -2.373492502888068 124.99803106494545 20.401425499999277
0.20639117299326415 -2.1363620611852463 124.82305152748592 20.466489599999477
0.20639117299326415 -2.1363620611852463 124.82305152748592 20.531948899999406
-0.2573697470059031 -2.0197566140149052 124.62829820516659 20.596816399999625
-2.3041408657639337 -1.500442289357668 124.8655276434621 20.66197749999992
-2.6538669911802373 -1.2502800861505499 124.80266353680086 20.727623299999323
-3.800380192421038 -0.8398117225123226 125.20936129904925 20.793975599999612
-4.06943931619292 -0.7446840647480389 125.06161454715888 20.85856639999929
-4.482446895211815 -0.5316284784974518 125.57133984267443 20.924355099999957
-4.769939951421058 -0.4666949434778477 125.63311042786424 20.990925599999173
-5.187510971062309 -0.2822718636518603 126.05890353642629 21.05634199999986
-5.764060740710406 0.5482860631942092 125.20604613888086 21.12248239999917
-5.91413663328165 0.7194386553214323 125.55490905738637 21.188687999999274
-6.205698182718784 1.1732230001864687 126.14396924840537 21.25417010000001
-6.32818698849033 1.3095005675701779 126.81569621528277 21.319107899999835
-6.056876163133218 1.5580828836292377 126.07394861434379 21.383216599999287
-6.109071048566861 1.799466883607146 126.28974561389886 21.44819489999918
-5.272859766857927 2.5244153312513844 126.60764729361138 21.51305339999999
-4.982882946803514 2.523746838460372 126.70189861180472 21.578254399999423
-4.23028104552327 2.655844049207487 127.3203913898098 21.6429834999999
-3.648005461787882 2.764193013916178 126.9713878948544 21.708848899999794
-3.501392215157068 2.665257623404634 127.23566292528346 21.775090099999943
-2.815789786505789 2.7154236384166937 126.37718803086082 21.84144119999928
-1.1882071899868123 2.3207753182889648 127.5676243483686 21.90582279999944
-1.1882071899868123 2.3207753182889648 127.5676243483686 21.97023199999967
-0.5834152420485168 2.055675027903878 126.7506034266228 22.035078899999462
1.3912871134236795 1.6479676751337626 126.85683604954181 22.101069399999687
1.9488419715961527 1.3600691196685268 126.38929980582678 22.16591139999946
2.1920636653078347 1.2115348838423388 126.43974694408172 22.231898099999853
3.492021292332609 0.46066846448034915 125.82422332897075 22.297067999999854
4.0461332206151965 0.3193143990603681 125.6585720475967 22.36187769999924
4.469987606213699 0.22902724643605543 125.62906393107187 22.42710199999965
5.445838130857069 -0.5684418123468408 125.15465714859688 22.49299709999923
5.418437993880303 -0.7389227184128878 125.4567246858604 22.558851599999798
5.500677924915109 -0.8459749738591086 125.4371458563768 22.62463359999947
5.961920519144982 -1.4166825335276245 124.6542678962293 22.690393999999287
5.91764082419553 -1.5264994418648277 124.75128525031975 22.75630319999982
6.010626269061959 -1.637560649086618 124.39276252263882 22.82253849999961
5.800404001600356 -2.010461761858313 124.99602525295704 22.888364099999308
5.6154915942644905 -2.0849610779989054 124.5445966928114 22.954043699999602
5.253911452794462 -2.1951150006780904 124.93254410453712 23.018673299999136
4.1677337120876174 -2.2837560162269375 124.3568269910226 23.084033699999964
3.65878142874832 -2.34463231215202 125.24829476395838 23.150104699999247
3.2622521439154326 -2.3298176979700758 124.58843229093034 23.216213400000015
1.6729247105373446 -2.2921256259363663 124.41212880197878 23.281206399999974
1.2658631606245123 -2.2735982793883527 124.36369749654813 23.34612339999967
0.7918020662322789 -2.2132189783938796 124.35491673920767 23.411375699999553
0.4126608780784622 -2.0877088323284467 124.37722845985874 23.4765411999997
-1.500373621242474 -1.7245908456719072 125.15729971477468 23.542711499999314
-1.9417939518486662 -1.5969044818758502 125.47312563761464 23.60841529999925
-3.539083879694907 -1.0879122505791106 125.64028110109172 23.673205199999757
-3.799978907654058 -0.9818105473827058 125.1986598140477 23.73882859999958
-4.1202920992903955 -0.7157246872787512 125.15899690305835 23.802985799999988
-4.511906590042734 -0.6876634675121894 125.77896924434201 23.86733919999915
-5.247524889040001 0.05348465754096032 125.06078654309466 23.933253299999706
-5.752301654196138 0.2140751948714673 126.04855942051866 23.99887899999976
-5.791088988961626 0.38326217665726353 125.66411643112791 24.06364510000003
-6.0932996358239535 0.9985226808373439 125.82023518625613 24.12858479999977
-6.2977224339042905 1.2191751114712952 126.34288165430415 24.19421129999955
-5.931545681375489 1.4224649263390352 125.40142974707769 24.258837799999128
-6.33795176164724 2.0891653649912 126.60149590091099 24.325548699999672
-6.2977410102755655 2.2570406275857113 127.17486389984467 24.390655700000025
-5.588554541367856 2.338844897473196 126.8207265785038 24.455871999999545
-4.992925655472746 2.5224326913593575 127.51661482608112 24.52020149999953
-4.53317265088878 2.575586930159978 126.65945744590907 24.58453989999998
-4.128139588444462 2.7964022592270448 127.21295361613514 24.65015459999995
-1.8215370670400475 2.7518108507396963 127.23420319656687 24.715663399999357
-1.3857210261081718 2.409721455030787 127.11773255957276 24.781870299999355
-0.8184249628202309 2.5636468362505167 125.49688710230814 24.847541199999796
-1.079558678393468 2.291028174075831 126.3435640731014 24.911920999999893
0.868404174774227 1.5863729296743312 125.99222681302663 24.976594799999475
1.4271119932391088 1.8631419274446843 125.96057087947996 25.042051899999933
1.9079944144457954 1.4093380237247866 125.64158935488435 25.107450399999834
3.1599580309941544 0.7100422879656776 125.76247849263372 25.17339919999995
3.7653203438548886 0.7464727701979571 125.77024728575459 25.238235699999677
3.9347150855063973 0.5129229167529096 126.31806890720404 25.303624999999556
5.2423790561262535 -0.4131584896421113 124.87522211794169 25.368425099999513
5.324207779998602 -0.5491768794701276 125.11869750036168 25.433654199999182
5.6237080832503565 -0.5872553576810772 124.84542494636737 25.499334699999963
5.847591323795797 -1.1935788760698696 125.50733588454183 25.564199099999314
5.923437518429829 -1.418577135187895 124.74518865689663 25.628860499999973
5.996801818462238 -1.4490446461551971 124.54786449246747 25.69399229999999
6.042740630072473 -1.8682156952278817 124.31609537399008 25.759295799999563
5.745705279659823 -1.9908383154408167 125.14448878543661 25.82344279999961
5.734799187368495 -2.1484024009387865 124.66293376649347 25.88920379999945
4.40922655616275 -2.3642901142800796 125.1565923899986 25.954410299999836
4.248673347493828 -2.3476356912086223 124.55339674526192 26.020404299999427
3.723471923292614 -2.338408793409991 125.32543455618278 26.085924299999533
2.0789053516667337 -2.359624657921539 125.12813549451674 26.151769299999614
1.9594785223248223 -2.3194170935269303 123.90080131168898 26.217470499999763
1.386337251000171 -2.2928781748643665 124.40201888337536 26.282299599999533
0.966332236746517 -2.225321127818347 124.25711387385287 26.348824899999272
-0.9451411725989871 -1.867837967903359 124.98572703962557 26.414345399999547
-1.2067653787017676 -1.8280571918493065 125.05372579128374 26.479240199999367
-1.7319810927557384 -1.5192606711862537 125.23184747213188 26.544798299999457
-3.41128519282384 -1.0917840444776723 125.26874437157204 26.610546399999293
-3.70987916181803 -0.9853868242714495 125.18224694787818 26.675404599999638
-4.186401224826135 -0.8230445816852267 125.77116115941611 26.74036459999934
-5.199666358317188 -0.19067405936313497 125.79140521195409 26.804509899999175
-5.4277710331605675 8.042393091123312e-05 125.77022808802205 26.86952839999958
-5.6084259667952026 0.12881947333503407 125.61347503463175 26.93551809999917
-6.042387692316311 0.7612297322139013 125.66104080256136 27.00027779999982
-6.259171740011396 0.9845123127892099 126.11911803965972 27.065611799999715
-6.196195572315197 1.1258194520628606 126.11892757648818 27.13122309999926
-6.179355466848776 1.8694899973815913 126.12807412453364 27.197591099999954
-6.127399433599614 2.1195928630856815 126.08934799806597 27.261567499999728
-6.298968082330049 2.2095322321312723 126.78839681614123 27.32753059999959
-4.7594674447340495 2.620425669604968 127.19613357702225 27.392592799999875
-4.610087257156188 2.7008200053320586 126.5287175190507 27.45782809999946
-4.729658245483321 2.599613165291572 127.0811507945849 27.523746399999254
-3.678063550212336 2.8751203934490466 125.73811916961148 27.58809149999979
-2.4974866254660384 2.9104291186227385 127.37505547246172 27.65267479999966
-1.974424145632561 2.4662357358706473 126.92616701512546 27.717810299999655
-0.1145116530440049 2.139286803982686 126.1481691407546 27.782970599999317
0.04370455942476781 2.2301582926454695 126.9694929530788 27.847530099999858
0.8525254776347779 1.5524101077721406 126.08145417121416 27.912765099999888
1.3947300469138568 1.8068564588345564 125.69662506533693 27.978828199999953
2.62718189624826 0.9697630784802509 126.64482900299942 28.042628199999854
3.2173425207948725 0.7108241241028033 125.86512721741475 28.106798699999672
4.112200423429151 0.1890161100345632 125.7256371955556 28.171418699999776
4.588048770770492 0.14543415751110256 125.72508133593502 28.237527899999805
4.983573583879057 -0.3408190171371194 125.4955737120982 28.302488999999696
5.300088971516992 -0.5102335809723492 125.58345421463038 28.36802969999917
5.826846428296115 -1.0058062498291491 125.05930023314905 28.43312739999965
5.834933114737758 -1.2581359916223112 125.20158472724118 28.49848899999961
5.884138424300183 -1.3824963493364781 125.17885614057079 28.56436929999927
5.884138424300183 -1.3824963493364781 125.17885614057079 28.62943079999968
6.0781892360694485 -1.900736361341119 124.20510338795121 28.693386199999622
5.953399193113675 -1.9338433280925633 124.65039353731802 28.757613999999194
5.082286330499407 -2.222408037435284 124.44375603616949 28.824008499999763
4.80263015555289 -2.3485315259501953 124.50313295128743 28.888468099999955
4.80263015555289 -2.3485315259501953 124.50313295128743 28.954182199999195
4.366535609586485 -2.2706856475835524 124.46745197484225 29.020047899999554
2.3246736526563936 -2.386106400433317 124.67905658800204 29.084257099999377
1.798454422176718 -2.3727060601641314 125.01441725010082 29.14833169999929
1.4682335631302337 -2.29105185480118 124.56125627245379 29.215157899999213
0.061874819631604794 -2.070226498965985 124.81979395412033 29.279292199999873
-0.31065361539076264 -2.0085777809149237 124.7327626006804 29.345723599999474
-0.7712911790407802 -1.8814059661652713 124.89439119495906 29.411589499999536
-2.8460847067799833 -1.2367586698894968 125.07381018780222 29.47469849999925
-3.074166494528612 -1.093649158432426 124.68672776783706 29.525040099999387
-4.4285785923121 -0.707649680905852 125.67189650185317 29.59041789999992
-4.5906498122580075 -0.5425917729932018 125.4742115604402 29.655831499999294
-4.575296610681292 -0.32662310740230327 124.65529102048734 29.720988999999463
-5.002885468654924 -0.22379788122702193 125.30895637792503 29.78631619999942
-5.354568541589067 -0.02525262871357925 125.6875282353347 29.85148349999963
-6.200669443285598 0.7473442613717245 126.13644257092848 29.91611869999997
-5.934498723782028 0.920997346798013 125.41600329961852 29.980641599999217
-6.132768688716688 1.4949806779162702 126.111776768459 30.046681499999977
-6.139917786615754 1.6850050080435643 126.26684660447387 30.112424299999475
-6.32366969313032 1.8174000066981182 126.79679799780378 30.17839829999957
-6.064671983925017 1.8787899532940737 125.8637440870508 30.242406200000005
-4.881679533178854 2.430769824648414 126.847648012603 30.307120999999825
-4.719705569095865 2.6102444495294375 126.29157055017806 30.37199199999941
-3.6710563245713743 2.7994649201231034 126.72639186248414 30.437832399999934
-3.6098073826145836 2.6398015186851334 127.47688338485014 30.50328829999944
-2.0418250486213694 2.7305439375322247 124.94491299317403 30.568231399999604
-2.1903524458828585 2.7848203015742503 127.49923631963817 30.633902299999136
-1.764138789757645 2.388098765466963 127.16773365012493 30.685558799999853
-0.12938808990215023 2.3030460692512276 126.23265394498692 30.750064299999394
0.19852030784144148 1.8833305408089687 126.58110477153853 30.815996699999232
1.8584005210712533 1.3190418049470702 126.73070223012478 30.88107939999918
2.5345253514870976 1.2776188363725274 126.23759242930124 30.945644999999786
2.983711362824387 1.1184549085081446 126.47867391608037 31.01071139999931
4.075740108267375 0.35983278847957456 126.0078026587425 31.076096899999357
4.212260051112295 0.2153596541679852 126.10448019068774 31.14213689999997
4.530081171476944 -0.2134223421399345 125.6404499861359 31.207195299999512
5.601227018466403 -0.7722342527401281 124.9669897437166 31.272372199999154
5.749015644212932 -0.8797981565787664 125.2156499836313 31.337561299999834
5.757461580843142 -1.0227757739235153 125.2061579935406 31.401965299999574
5.919311455230954 -1.604363980372626 124.86297859338073 31.466077299999597
5.9196017135068715 -1.6515348558658363 124.74428697384947 31.53135459999976
6.082594529951173 -1.7423712429079683 124.32141425518994 31.5964555999999
5.926487968124945 -1.9792140411941128 124.83661082338641 31.66277159999936
5.48600200566122 -2.190225411573267 123.87408668401423 31.72793659999934
5.160030731010572 -2.2379854278256524 124.19830651763549 31.793463499999234
4.716879239328513 -2.3184666168484886 124.63465005811585 31.858010599999943
3.1347152891462287 -2.4087461209905006 124.988109844997 31.92464369999925
2.803179015112484 -2.3298848452284595 124.66864445047995 31.989456399999654
2.300412520714204 -2.3148090689067318 124.92188621918703 32.05380239999977
0.702512359552415 -2.155048771024729 124.5441408789136 32.119074699999146
0.0881432959258106 -2.102297063972664 125.24082853440075 32.183997199999794
-0.31065361539076264 -2.0085777809149237 124.7327626006804 32.249930799999674
-1.9888712372245436 -1.5779437360323505 125.32432797300847 32.314725699999144
-2.216313827266468 -1.4582083013272937 124.59283589691948 32.37870499999917
-2.673359359747856 -1.3097644893049356 125.0702682342836 32.44370959999924
-4.0674466376512655 -0.6790517364513357 125.12953348201908 32.50923139999941
-4.451091792434717 -0.553844222074907 125.35996646428157 32.57460589999937
-4.88983433276173 -0.3801204949207594 125.60086101357997 32.63986989999921
-5.099809829736387 -0.2388103456855034 125.66688411929722 32.70510059999924
-5.787656088614142 0.46793692130750103 125.55436489683144 32.76891589999923
-5.9648279777129005 0.4946681823149614 125.8176329983739 32.834588199999416
-6.200669443285598 0.7473442613717245 126.13644257092848 32.90172959999927
-5.9018102422846255 1.33397794426598 125.13630004254772 32.96619549999923
-6.087512660578213 1.513117856365637 125.86622141071786 33.03167510000003
-6.268647168171881 1.7220299095073281 126.388038948484 33.096319099999164
-5.590463633893577 2.31158357822068 126.30792165580412 33.161992699999246
-5.231273820484702 2.560845146314042 126.37210469788852 33.228067199999714
-4.997891019694883 2.4408523154545296 126.93546394410218 33.29232579999916
-3.7258278019807847 2.8563657613437425 127.27151172756548 33.35824819999925
-3.365661544319167 2.6327494014981023 127.20398050680592 33.422227199999725
-3.2093963422132745 2.7285534699219083 127.24945258281262 33.48835699999927
-0.9635103842117161 2.435990588993393 126.74537718757637 33.553191799999695
-0.3685393497657117 2.1661991302909596 125.55604888784869 33.61890399999993
-0.28897350699254787 2.056182837895478 126.27613999612777 33.683801799999856
1.3561172332672058 1.4083739631505885 126.77830497340545 33.750877799999216
1.9634712454384626 1.4513534611860557 126.39360397830427 33.81501029999981
2.2193607912146547 1.2685903526874396 126.53316511947344 33.88092229999984
3.5411554184325453 0.37797935558048584 126.07424506932333 33.94668769999953
3.9961349260234442 0.4721634638810438 125.83333409062547 34.012566599999445
4.5890269242326625 0.14141540118548634 125.30148234076108 34.07720139999947
4.771069129626348 -0.10833388252194032 125.41987508539684 34.14195959999961
5.640693615959684 -0.602108724673467 124.80178642026277 34.208512499999415
5.712693289062038 -0.8997371673280828 124.91213331928871 34.274354799999855
5.926799221582797 -0.9800064324789274 124.53214585218997 34.33916809999937
6.167113067804422 -1.4775214745269398 124.39531141781197 34.404218599999695
6.143774373223096 -1.6441942623593722 124.50444053780448 34.468907199999194
6.047637919101817 -1.7768059514589307 124.7316891568526 34.53462689999924
5.418551934962068 -2.1135459140557993 125.12508332873648 34.59958149999966
5.37667079013891 -2.2750062127691235 124.58208479755854 34.66529709999941
5.137130981248767 -2.2573294187513584 124.63199411501786 34.73021649999919
3.8758775844018203 -2.3917303534960905 124.29562005732751 34.7938752
3.063771815599644 -2.409844676680307 125.25667325830486 34.86098419999962
2.951146893088648 -2.4034838508294394 124.42001108151666 34.92656029999944
1.1168189555948942 -2.294209192066576 124.96589577573303 34.9932919999992
0.7298883457579137 -2.2463149480949323 124.64123480235818 35.05751229999987
0.4320926955009057 -2.1299558813683004 124.27908198060149 35.122369299999264
-0.14121655356656504 -2.005168381851412 124.64338874369705 35.18816419999985
-1.8567619114008735 -1.6079013259192037 125.40261484065634 35.25361720000001
-2.1823157914518703 -1.4555414739234176 124.61115537523366 35.31872049999947
-3.6704613186820083 -0.9524716720412901 124.73951818362559 35.38391919999958
-4.015011501301267 -0.6987104405647825 124.76877163573403 35.44936199999938
-4.657943510340601 -0.6086412435392289 125.98379954294053 35.51488909999989
-4.4908861423203845 -0.44795134598146824 124.84243339757143 35.57964730000003
-5.681675284815455 0.25263112486213535 125.77554094402102 35.645234399999936
-5.834214086278919 0.3685563602233495 125.60628987796052 35.711591999999655
-6.133670778058779 0.47939196092749004 126.12603108012418 35.776045699999486
-6.3503043573335844 1.2147692314149123 126.38019696788334 35.84242989999984
-6.3465909492460995 1.2701840310035255 126.5697566745011 35.90817589999915
-6.253819672595824 1.4264266694095444 125.96897290929002 35.97341469999992
-6.141126208584616 2.103601709663689 126.58096022447855 36.03879739999957
-5.709057178457265 2.2861450939156343 126.8107679314835 36.103605599999355
-5.110767610284569 2.429462583134609 126.31316754596448 36.16811839999991
-4.530356995547905 2.667552942194659 127.27166615077643 36.2338093999997
-4.0403482165691145 2.6373784713349018 127.00777823014081 36.29996149999988
-3.3193290016121892 2.8391873312629508 126.72990773677614 36.36443229999986
-1.738569302315227 2.4466680707609476 126.8505935868465 36.429928099999415
-1.187302476588421 2.3841053030921873 126.82395063085245 36.51107519999914
0.10530637206021964 2.0830984900605105 126.40873294445393 36.57567129999916
0.6828843548211196 1.615667025323738 126.87518512816581 36.640689299999394
1.2836352329964527 1.713597116373331 126.31769655710012 36.70536109999921
1.6105600405829676 1.3961765472351337 126.21118300537434 36.771044099999926
3.302559436390439 0.741060435239537 126.2946220554049 36.83620719999999
3.6901786654008504 0.6524100031041611 125.6583352369523 36.901548199999525
5.020738649769179 -0.028516313232547774 124.44259390385251 36.967177900000024
5.060988553677326 -0.316366759525163 125.19056366552151 37.03233999999975
5.2461717406125885 -0.5671057166124124 125.29550048517072 37.09764199999972
5.482156871881642 -0.6124329248318973 125.36232606396649 37.19120869999915
5.834933114737758 -1.2581359916223112 125.20158472724118 37.256424100000004
6.1041193893657635 -1.526228541378107 124.09705370119148 37.321317899999485
5.9284555202016165 -1.69132494462254 124.89962211929135 37.387781199999154
5.87321320917119 -1.838599075708665 124.97554884180703 37.45280009999988
5.914998286826048 -1.9609065604962788 124.687574230158 37.51804759999959
5.776195930015213 -2.0883606560998116 124.21443754468258 37.58275589999994
4.461390950731335 -2.2876556051178656 125.17393733723786 37.64852249999967
4.079932770870428 -2.3805024529376126 125.05400059194133 37.71383069999956
2.8582243168653108 -2.341314794467064 125.26453480644511 37.77960249999978
2.175702367288558 -2.337015033523117 124.61723890988857 37.84455489999982
1.7365275346380358 -2.3840307256357693 124.70879356845985 37.910069399999884
1.217803270636125 -2.228805279258686 124.82560423351539 37.97686009999961
-0.4940115560036631 -1.9890542100202588 125.0156956137895 38.04188949999934
-0.4940115560036631 -1.9890542100202588 125.0156956137895 38.105725299999904
-2.2120751141093606 -1.4889503339503252 125.04462724652146 38.171846899999764
-2.790073661681781 -1.20506364330212 124.71169468708995 38.236606099999335
-3.4675475274253245 -1.0000652810909236 125.52382857053168 38.301888099999815
-3.687181700800352 -0.9962171087503872 125.03985301005 38.367127900000014
-4.623774600365131 -0.47581671489574096 125.29979932195195 38.43305919999966
-4.924962029403829 -0.3180109892398767 125.4942390837343 38.49877689999994
-5.25775592614972 -0.1884091576489083 125.84769484021244 38.56510349999917
-5.575303886368424 0.7493053661321174 124.46369161809562 38.630051599999206
-6.1992070735614675 0.8735111105859173 126.13068511909067 38.69472719999976
-6.272961803571171 1.3427532775310596 126.40510509911931 38.75991899999917
-5.922683734072933 1.5276915733363423 125.60045627336136 38.82530399999996
-5.894319979051396 1.6509598350327321 125.65357336967611 38.89093279999997
-5.765218213305985 1.9017766252755761 125.63968578895224 38.95657869999923
-5.50289311071073 2.3848965409321146 126.8134127909913 39.02107099999921
-4.910183114544871 2.5526130877913786 126.98640108408307 39.08603429999948
-4.399409951275246 2.668329212267438 126.46710620126083 39.152405899999394
-3.681690423250572 2.6954758557785348 126.71714779298269 39.21755219999977
-3.3815405835245684 2.6571678821260356 127.2609526823936 39.284029599999485
-2.7176041374092463 2.6833873261821437 126.73425744304708 39.34844789999988
-0.7267219023249467 2.415774279730371 126.86403815513545 39.41411149999931
-0.062008450947153904 2.0775746307327916 126.61508418659767 39.4782368999995
0.3364846451432584 1.9730829019452054 126.72014740685611 39.54442409999956
1.8866244945485988 1.493027259697473 126.30030368118086 39.609047799999644
2.4777034459639964 1.4971137698619905 125.89643875028233 39.67465379999976
2.783326973660145 1.3900274920023175 125.74978308241624 39.738855599999624
2.606512074747492 0.8430533650276241 126.74462309119647 39.80547349999961
4.512751690494973 0.1223462142109556 125.88345090859443 39.869954799999505
4.512751690494973 0.1223462142109556 125.88345090859443 39.93520189999981
4.774059211306394 -0.13144629352042114 125.8463319991044 40.000430799999776
5.8190327146013985 -0.745217159826583 124.37165482791455 40.06596869999976
5.906938074668133 -0.8882559053742632 124.37058784546211 40.13109329999952
5.67502699522332 -1.116645882355348 125.43668361386015 40.19590809999954
6.005089125264917 -1.5693474420382412 124.92164615503457 40.26040560000001
5.997148712938568 -1.7134465034598811 124.97967066330511 40.326576999999816
5.846968475574165 -1.84764180923742 125.54248320694647 40.391755399999965
5.533232784204998 -2.1352158547580835 124.3198786733776 40.45709469999929
5.302338412032299 -2.287894470648081 124.4666074186903 40.52280949999931
5.106747127331786 -2.157816135070021 124.24695196748371 40.588848499999585
3.3465014028813584 -2.3614489290932803 125.06389025124965 40.65505219999977
3.1175948974040892 -2.4038499137886555 124.58329283473086 40.72046369999953
2.6771618495420455 -2.3295445299629685 124.67437021245327 40.784630499999366
0.9146997895401512 -2.2440275159903424 124.89429220139812 40.850544299999456
0.3540806154410916 -2.1670276828295423 125.01412724509575 40.914956199999324
0.024968244597751266 -2.01021991996145 124.56790773329202 40.98076499999934
-1.4618780644597393 -1.5853469806728344 124.56494716642051 41.045564699999886
-2.3437877567944625 -1.5886545908019292 126.01397096847117 41.111414899999545
-2.4643532115323197 -1.394968411421997 124.87981249168425 41.17627379999976
-3.955040628486394 -0.8656495464286907 125.24134279948407 41.24038539999947
-4.354462195457387 -0.6949912244963915 125.54903475057492 41.305839799999376
-4.560511515886525 -0.47817870357503345 125.22618808003183 41.371503099999245
-4.666214681084583 -0.336630876462649 124.86260228745842 41.4363943999997
-5.734732540569425 0.3806026628136605 125.61331766766348 41.50178799999958
-6.007195194078278 0.46727628064590493 126.05517534094606 41.568662899999254
-6.034065801737015 0.6294870954627337 125.83477580086964 41.63458079999964
-5.987875113978113 1.3615733479357452 125.58076389863035 41.70111589999942
-6.287034378194413 1.4578975392940832 126.37584832473189 41.76598079999985
-6.042593295403627 1.5168463441376452 125.85050674704013 41.832410199999686
-5.493319330437544 2.2387796261820934 126.25970888175821 41.89767099999972
-5.384277049654372 2.4020342325800486 126.63323775791049 41.96368119999988
-5.335491429425211 2.441782769698012 126.93198165520853 42.02954849999969
-3.833610652428611 2.725951152665305 126.25819919814884 42.09533259999989
-4.086816941167221 2.6482378069926233 127.47106962431462 42.16110749999916
-3.107715530607088 2.7073091716826356 126.43194472532227 42.22569629999998
-1.4758408777013727 2.536921933439614 126.68700163546079 42.29072289999931
-0.8533412026210243 2.1142083119907618 126.87883549806145 42.35664479999923
-0.6195635822376104 2.2290776883362877 126.86682837116756 42.42321919999995
1.1835870567526499 1.5411141689442558 125.68696496391468 42.4881648999999
1.3903947146378997 1.4948526218978424 126.64438506210738 42.55378329999985
2.0354541720303203 1.517754546910699 126.3677966442868 42.61927089999972
3.3379104143278227 0.4979397568727899 125.76074843620263 42.68407269999989
3.9455288668558453 0.5624040468041214 125.51302238397166 42.749697899999774
4.209227017167983 0.41745587389701905 125.57465794474106 42.81396809999933
4.677866853618504 -0.0386832634287545 124.79207379159055 42.88012919999983
5.315526238638711 -0.6503056493484561 125.73074187521004 42.94607669999914
5.716084409689557 -0.7740647942502684 124.78896949872782 43.011200899999494
5.738192597308945 -0.8642513187414173 125.34246081671083 43.07693619999918
5.839231622078145 -1.5090814555162497 125.18587846988191 43.141438699999526
5.919311455230954 -1.604363980372626 124.86297859338073 43.20654829999967
5.96554031335824 -1.7284694712105666 124.85246462754128 43.272079599999415
5.8451481120238356 -2.039601974380135 124.45075268469337 43.338134899999204
5.490299288836951 -2.147684667105589 124.93564491885739 43.40366989999984
5.365439014721666 -2.178195534214591 124.39926197534002 43.47019849999924
4.289968635174027 -2.367548316095434 124.0757665298055 43.53461209999932
3.5293286681550313 -2.2851518758052864 125.05909356472439 43.60015569999996
3.092997918472385 -2.3611451924619935 125.07688709200337 43.664886899999146
1.6846081454072248 -2.3026310085669928 124.14342603267367 43.730415600000015
1.2203636690540804 -2.272475780014146 124.53703827994161 43.79557719999957
0.6611902025265906 -2.180144410577937 124.73482354681515 43.86179229999925
-1.2068245840816942 -1.8001701127840777 125.09853461663198 43.92611239999951
-1.5337228433125603 -1.6889980479652325 125.02005234391115 43.99124259999917
-1.9417939518486662 -1.5969044818758502 125.47312563761464 44.05517839999993
-3.5403301665530478 -0.9973381661397903 125.11512296888847 44.119405799999186
-3.8867588921782854 -0.8682494234175954 125.15016421073081 44.1850900999998
-4.278076551378064 -0.6602667016196052 125.45018777345648 44.250811999999314
-4.554765884942491 -0.5394245697050993 125.48755542968951 44.316679499999736
-5.440612275396624 0.031030249481767802 125.37637065100552 44.38210549999985
-5.632672480786034 0.2906615227399206 125.38612880152006 44.448191999999835
-5.833160931653985 0.37952375311025244 125.67260605890651 44.51389669999935
-5.939466694121457 1.1134051624537868 125.36010823679914 44.57835479999994
-6.088133194218315 1.261385434673631 125.870936438773 44.64404679999916
-6.023323233127414 1.4001165142622596 125.66712257465367 44.71003079999991
-6.248321236415514 2.1763209848208764 126.5268028903268 44.77519959999972
-6.054815240636977 2.253484986988309 127.00535199096515 44.83979569999974
-4.901527402470023 2.490380498781065 125.1376903240575 44.9059701999995
-4.6543663925048335 2.6338900396069334 126.78777169139957 44.97060199999942
-3.806802689346142 2.703578660057403 125.772600207857 45.035634999999274
-3.883653596679899 2.8780149119990623 127.05018352914726 45.100257399999464
-2.0752239513436592 2.5613141057002546 126.71359614036895 45.164935499999956
-1.633344823172493 2.429771247936121 126.91432879206202 45.22957719999977
-0.6910248609367642 2.5163446837254564 126.16720434317259 45.2952951999996
0.7441612575632632 1.9391844679251484 126.26563711332811 45.360554999999295
0.7441612575632632 1.9391844679251484 126.26563711332811 45.426599199999146
1.388767748298683 1.4440892435019506 126.31875296686795 45.49011169999994
1.8892119146606419 1.4146543943141663 126.37032236296011 45.55660689999968
3.3523215041628234 0.6959749515663681 126.07397638968982 45.61998879999919
3.9726993116458047 0.5241980324044633 125.8303494214585 45.68441579999944
4.722149593340191 -0.1680111010725015 125.65191430835092 45.74876949999998
4.854405364315049 -0.21448097041675374 125.50946091251153 45.81405579999955
5.313011758889928 -0.5236712550480745 125.74143300710216 45.87953169999946
5.573363316887281 -0.755339204216278 125.2431287866973 45.94517189999988
6.03983242203126 -1.276599716174716 124.75976727698784 46.01033969999935
5.9782662320560505 -1.4000750351525597 124.97276791337693 46.07605179999973
6.011908309490252 -1.7901072795253832 124.6265014699804 46.1418251999994
6.113842179755579 -1.806428176122433 124.38722936377592 46.20679529999961
5.8451481120238356 -2.039601974380135 124.45075268469337 46.270990099999835
5.418551934962068 -2.1135459140557993 125.12508332873648 46.33689629999935
4.423438216590434 -2.408880421535016 124.32976624531636 46.40248059999976
4.155234998403856 -2.3444172557960803 124.50057894086729 46.46762469999976
3.7772434664072847 -2.391639380194126 124.52842882536808 46.5323970999998
2.6413286451825186 -2.3389412041350517 124.41922898051867 46.59836109999924
2.034671153419822 -2.389942710248785 124.92645472366154 46.66350969999985
1.2098608698422737 -2.26262021316632 124.64132058411803 46.72881039999993
-0.8399582304512876 -1.8974787367043455 125.17880597224809 46.79294949999985
-1.1766490375404999 -1.8047301832427762 125.15367877620511 46.85776219999934
-1.1766490375404999 -1.8047301832427762 125.15367877620511 46.92368329999954
-2.5155895056573456 -1.343205260637812 124.76890702083858 46.98775479999949
-3.053091463751983 -1.1832846256042076 125.08592543238845 47.05331849999948
-3.6722787156757377 -0.8127840833578174 124.7931983520111 47.11823099999947
-4.175590513879527 -0.7085732459251884 125.66535284304462 47.168286299999636
-5.003798898513956 -0.2129758353774872 125.38206929959175 47.23366399999941
-5.328313863954847 -0.12495287626164508 125.66863860945845 47.298969899999975
-5.611225427956832 0.027379847553705927 126.07646398566396 47.36410809999961
-6.171802610363372 0.9518419176355944 126.05082244174642 47.429859799999576
-6.097497781631532 1.0768789440059279 125.83345466450017 47.49582829999963
-5.9307625654224125 1.5478230874394956 125.39766666208551 47.56015319999915
-6.180278718698872 1.743346222346561 126.13222948291371 47.62616649999927
-6.344626719047383 1.8469819386869175 126.35650765537673 47.689073599999574
-6.2639253695267385 1.9881815443962139 126.30413205396145 47.73775209999985
-6.312463174058756 2.1228365890976573 127.14782673354493 47.803438499999174
-4.578737564115848 2.6973362638719958 126.75023347735004 47.868474399999286
-4.4299159423033245 2.5670715286307675 126.87523545722154 47.932929599999625
-3.6460695098579023 2.789131166982686 126.20046394743737 47.9987844999996
-2.6438094319620618 2.7457159785580574 127.00454643159011 48.06590009999945
-2.415712096455117 2.66498883227113 127.15531874276661 48.129437399999915
-2.0730998284366606 2.2457316366829363 127.59463557039558 48.193986099999165
-1.2070237000207555 2.4123887818989407 126.09302159931981 48.25960379999924
0.8646716238960863 1.6549977354741405 126.54789351625607 48.32635729999947
0.8646716238960863 1.6549977354741405 126.54789351625607 48.39164129999972
2.3491173506684575 1.2434981358724917 126.72515880092303 48.45607049999944
2.757445912582881 0.8654505578005031 126.32164253807865 48.52118319999954
3.136806731560611 0.7092528080968296 126.32901223600898 48.586409300000014
3.447135768611659 0.7126743929175141 126.47829890740644 48.65288049999981
4.989830988396392 -0.1682297739686872 125.12109643465391 48.7164628999999
5.105076905989279 -0.24969978867183096 125.28141371472326 48.781063299999914
5.662988700012313 -0.9359182597963779 125.90289999018356 48.845942699999796
5.843025631230802 -1.2755624781904547 124.89339170723132 48.91189189999932
5.958651241316041 -1.2102098929676766 124.85157436693268 48.97657549999985
6.046601995035104 -1.662914984369218 124.47656598565185 49.041938699999264
6.0216201818937165 -1.8055700108712363 124.14002757490859 49.10749020000003
6.041214656335306 -1.8697685968823476 124.25219048784194 49.17234239999925
5.206094020620746 -2.1947493515316943 124.10925973630538 49.236801499999274
5.103519315013045 -2.297198330746749 124.18146237268597 49.30195979999917
4.4836983179027925 -2.2366645409297807 125.01797282365906 49.36646859999928
4.125928403231605 -2.3798342187873143 124.69022916371661 49.43223089999992
2.675028738446926 -2.278839275878404 124.36549782648649 49.496608399999786
2.134802279378931 -2.3747379873139094 124.99866409353187 49.56090640000002
1.7899258106138092 -2.38498044518915 124.67250227595393 49.626561299999594
-0.1411733762067371 -2.06875447019103 124.95511534973024 49.6909057999992
-0.6187887651425044 -1.929920139770374 124.93965867573313 49.756074299999455
-1.162675434697313 -1.8323709514906152 125.36830242596253 49.822069399999236
-2.5057526013099576 -1.3133848937543506 124.9087309310375 49.88663869999982
-2.9541213639055925 -1.1709328847286016 125.22059994273174 49.95256219999919
-3.422003962142007 -1.1019830709101202 125.46696683137293 50.01619199999914
-4.694402131553716 -0.46665071739776287 125.32408562518951 50.08205569999973
-4.876883457705802 -0.2242599358715759 125.30605940125783 50.14642499999991
-5.22554176766122 -0.11271732429760384 125.66643327324165 50.21235819999947
-6.066876924747092 0.46994755752171063 126.11468320004668 50.27773629999956
-5.784884221238528 0.7688413632634491 125.09813576682502 50.342757999999776
-6.028242933848354 0.8975041162565323 125.68750429737297 50.408466699999735
-6.022043535341304 1.5257528486618228 125.66189324171029 50.474055299999236
-6.062967737066479 1.7045269131685763 125.86206763028909 50.538465599999654
-5.801828485044119 1.9393048552002452 125.11662318983885 50.60380509999959
-6.101118682623934 2.0073376742561626 125.88433236807784 50.66862149999997
-4.81813414173407 2.455291709094553 126.78156885584507 50.73347619999913
-4.190638979841751 2.5939997180409575 125.6782015925711 50.79803909999919
-4.678351045150478 2.6501034146598825 127.46205691727327 50.8637061999998
-3.147439243241365 2.7404688137927478 127.19310137971499 50.92800079999961
-2.936344608538228 2.652650624621839 127.33294225879006 50.99368979999963
-2.36937370859215 2.580335670963016 126.89751787558708 51.05881069999941
-0.27804137444096 2.153832327588247 126.31520984399202 51.123536299999614
0.4908051751981404 2.092253729702791 126.14667333719225 51.188086599999224
0.49860396463898127 2.0667694291021412 127.04373242996151 51.253411400000005
2.480837559066984 1.3052751229857824 125.7747946036867 51.31876699999975
2.471747548155605 1.16492831597163 126.2311632007421 51.38428459999977
3.014420776992907 0.8621876671730722 125.74187919578198 51.44937519999985
4.303959137432109 0.36749259202744483 126.14055857837802 51.51516670000001
4.7582610452007685 0.12328374753395666 125.31936466441132 51.5802907999996
4.877079033360914 -0.18978431722546163 125.68891511139316 51.64662649999991
5.052815355870472 -0.21442790411532708 125.37771186618666 51.711434999999256
5.7068321331878025 -0.9457242534348688 125.11324531249835 51.77772509999977
5.910009559589177 -1.0261050292844462 124.77862861318874 51.841680699999415
6.030966024530166 -1.182266632280232 124.56118708768282 51.90680259999954
6.017983455398792 -1.6440968988801452 124.50959226120871 51.9718512999998
5.92408741130366 -1.854291963334353 124.84541383777957 52.03717280000001
6.224855521343585 -1.864397542300162 123.67279095308622 52.101609800000006
5.250632151987325 -2.2747395033214226 124.58826030773334 52.16757999999936
4.865549430324158 -2.241786177031039 125.15994854617773 52.23271809999915
4.70080952675702 -2.2734648634702777 124.4541137642058 52.29839809999976
2.9692975218327575 -2.3283912091488435 124.6688023137809 52.36409289999938
2.725754392907973 -2.340065496096763 124.41210827154207 52.42810549999922
2.2083178098644325 -2.3081530541432445 124.79781237543536 52.49411599999985
0.5385412357548702 -2.164063274055708 124.46895663305426 52.55921849999959
0.08102200652030689 -2.037254499313833 124.62603718329794 52.62533379999968
-0.36667568402413764 -1.9894975244733746 125.00727010497172 52.69086049999987
-1.097292856904076 -1.8347729116424425 125.5155130569424 52.755514599999515
-2.5356329485999183 -1.3616380732890452 125.15497746025781 52.82144909999988
-2.721424234235762 -1.2073240809193262 124.61572062500655 52.88610029999927
-4.407631062357723 -0.6311373780833572 125.52061615799862 52.95192719999977
-4.560511515886525 -0.47817870357503345 125.22618808003183 53.01643639999929
-4.715699317691495 -0.34412564457887596 124.82664882434537 53.08197609999934
-5.255897121674387 -0.19937533348334646 125.7725694473541 53.14701789999981
-6.02018438886158 0.49893131625516746 125.89536184222608 53.21192819999942
-5.992513385778977 0.633244322609726 125.83010568560474 53.27766899999915
-5.836818019558109 0.819637718975753 125.1343218658767 53.3431529999998
-6.00207683983075 1.4929473809144436 125.89855335309869 53.4093641999998
-5.847185841357344 1.767622417375685 125.81097914861836 53.47420809999949
-5.6282085414951695 1.9268526209349686 125.3538806797922 53.53906639999968
-5.518714209587188 2.4520860136966416 126.70805704067098 53.604382699999405
-5.124566169266927 2.528153370903898 126.61161912698896 53.66981390000001
-4.96183748709921 2.552995673376763 127.01763647883082 53.73533689999931
-3.9910708089191047 2.7512552881718135 127.04241476900752 53.80022049999934
-3.537676867947816 2.8599094945491355 127.2203040607173 53.8660190999999
-3.0971311040727443 2.7963772050170106 127.23714874845393 53.93049299999984
-0.9988210387354215 2.404572730956335 126.44330088225198 53.99620579999919
-0.9176163239824646 2.32339961621822 127.10266129318043 54.06153180000001
-0.734218933778152 1.981018252969816 127.41254776566768 54.128263499999775
0.9282197448035134 1.704638211577915 126.90690798493476 54.193133199999465
1.6418795757754339 1.6391932353658696 126.35217173505703 54.2590311999993
2.5467824865184525 0.9934995627767702 125.93158319030992 54.324253699999645
3.8955482717049605 0.5230351767140546 125.50623794956809 54.39033810000001
4.1971220792383335 0.3140434835951196 125.88905173230128 54.44088589999956
4.676267004461415 -0.06419030142785509 125.22514803049975 54.50512349999917
5.398920371987444 -0.3561368764047671 125.36716762752384 54.571945899999264
5.400299791141876 -0.4821516869150212 125.36190782831805 54.635922199999186
5.827163776507227 -0.9169838364792832 124.69085018955263 54.68540249999933
5.901838563524983 -0.9782848489027028 124.75677406409653 54.7501715999997
5.763148182078908 -1.3208294848743547 125.06269028217226 54.815712199999325
5.79077243097921 -1.6741341430902206 125.23394075205668 54.88112249999995
5.9284555202016165 -1.69132494462254 124.89962211929135 54.94573389999914
5.9284555202016165 -1.69132494462254 124.89962211929135 55.0103569999992
5.235072557947717 -2.1678033849007416 124.50144593148663 55.076436999999714
5.035079772717523 -2.2088198360242686 124.71888846449671 55.14120159999948
4.687473486056575 -2.2697991277006544 124.52348896841626 55.206220199999734
2.966242019398429 -2.360981123067215 125.08336254128486 55.271626199999446
2.966242019398429 -2.360981123067215 125.08336254128486 55.33735429999979
2.814702194561839 -2.2969262352755777 124.4875574662951 55.40149579999979
0.48069171927837573 -2.165339865556401 124.8534098797946 55.4667129999998
0.11667939487820433 -2.1340596922075328 124.84391117252676 55.53151179999986
-0.2201760306754963 -2.018676241930658 124.64106015207642 55.59688619999997
-1.6885208734862616 -1.5976775078443057 125.46410298876609 55.6629426999998
-2.0643968129106725 -1.5337739051135433 125.1637577173923 55.745118299999376
-3.6130281974269636 -0.980634382211819 125.27287036839721 55.808818799999244
-4.411000361959935 -0.6751607685203868 125.92537630877929 55.87311259999933
-4.6301304325942425 -0.519215977980542 125.70906399563484 55.9388986999993
-5.3829920081114935 -0.07310519833351614 125.77577116565519 56.002555799999755
-5.580782450514292 0.12728112139523484 125.67079468882864 56.06832349999968
-5.776401801787117 0.36547254288425457 125.74935136978877 56.13233539999965
-5.925328883572334 1.0102515889332295 125.321123107212 56.198522599999706
-6.088133194218315 1.261385434673631 125.870936438773 56.26379719999932
-5.883935209570737 1.5517047542410967 125.37448906320498 56.329326899999614
-6.306974337652115 1.7020655575229218 126.81764419839917 56.394358999999895
-5.736430541728417 2.2082830083264464 126.7454960771193 56.4591204999997
-5.411600888381251 2.2393952954075163 126.27138838611732 56.52277579999918
-5.5359908571959835 2.3676147515626647 127.2409981429113 56.58866119999948
-5.2786754748248725 2.3670028940264594 127.23177782793341 56.653060199999345
-3.8817310277097334 2.660909604025223 127.43385977936205 56.718716099999256
-3.233521424144442 2.789350280873845 126.43665251202479 56.782588099999884
-2.0976306859507545 2.556776123617224 126.99044509767707 56.84734639999988
-1.7729605138538957 2.31724700177451 126.88325991749002 56.91348039999957
-0.7697731562125512 2.2940148773408997 125.74988163389655 56.97920279999926
-0.7937586982568448 2.346681483258733 127.05434951266555 57.042776799999956
1.528958368708615 1.503009915331341 126.50109596234432 57.108796900000016
1.528958368708615 1.503009915331341 126.50109596234432 57.188450999999986
3.024104276047268 0.7591743840439237 126.11992912737405 57.25322639999922
3.2311739156582178 0.6711985999758937 126.51040776453559 57.31835349999983
3.775978086789337 0.463208898825168 126.15410448648667 57.38423219999913
4.2506342695941655 0.44953490883299835 126.19913521173504 57.44861469999978
5.122830022672588 -0.46966353535704986 125.61325450265545 57.513416799999504
5.241896736367572 -0.5450700000599004 126.02789487979548 57.5787507999994
5.796780272743199 -1.095957257470563 125.27283832618308 57.64235599999938
5.91378119155862 -1.2763523275358213 124.76509294380514 57.7075120999998
5.915700396186409 -1.4014385271172802 124.75822156976294 57.77293719999943
6.176877212161749 -1.695048268746989 123.84715550133892 57.83759359999931
5.954803305411758 -1.916828050868034 124.62365790248468 57.902455599999485
5.724096427545959 -2.134362269095823 124.97491601377871 57.96913619999941
5.687415932109332 -2.036528960963048 124.23872927250731 58.035158599999704
4.525972405314761 -2.3020038265539986 124.26674770573779 58.10059099999944
4.233900828586194 -2.235808550598411 124.09134042126878 58.16662059999999
3.6820174807797272 -2.3300565860595124 124.4729583996072 58.23200269999961
2.0150340174950756 -2.3401238100929045 124.6858549044814 58.29727379999986
1.6454488523275401 -2.274921131836655 124.33807860071852 58.363759500000015
1.073647310937254 -2.1981997856373137 124.76791491466484 58.42911109999932
-0.5980710666951197 -1.9113179200979693 124.52928565286278 58.49476299999969
-1.2926342653496832 -1.8348118977229353 125.61496851191714 58.56021899999996
-1.3812069229573396 -1.7183121927570202 124.50853490045061 58.624606099999255
-3.053091463751983 -1.1832846256042076 125.08592543238845 58.6887870999999
-3.6860349030308583 -1.0139356421140722 125.49301345698433 58.75372889999926
-3.9177073219115 -0.9160254830034972 125.24958333873224 58.819242499999746
-4.862768560984598 -0.1822337410429058 124.880002912011 58.88389469999947
-5.4841907385497635 -0.09921586672808214 126.07439083466824 58.948810500000036
-5.63337922383738 0.10593622181893114 125.93964280264447 59.01572909999959
-6.186738326517386 0.7340357019623784 126.16291541211905 59.080462399999305
-5.934498723782028 0.920997346798013 125.41600329961852 59.14512990000003
-6.2115235199957795 1.1147929561934369 126.09499512641118 59.210207099999934
-6.053391950139712 1.742922003144435 126.12935344393026 59.276828099999875
-6.065750055156279 1.9273967631888382 126.48180336616561 59.342474399999446
-5.6804114657054114 2.0826101949439644 125.75445996108223 59.405912699999135
-5.741023889859832 2.286045569306062 126.63529051385919 59.47228829999949
-4.5894358188498785 2.5547877914449977 126.2612356986571 59.53680850000001
-4.39342913453401 2.6787499979105514 126.95642611844532 59.586250699999255
-4.141932839804582 2.668817417085725 127.31949302966977 59.65150789999916
-3.5289702980573665 2.7244629777555285 126.22153562223184 59.715755699999136
-2.3541081201836533 2.4991587453764565 127.42853255920481 59.78044259999933
-1.9456152079299187 2.381901514661008 126.87667206104713 59.84496279999985
0.37535102122721753 2.1383107040367926 125.29027485006483 59.91070349999973
0.39673390742736103 2.0918955414896754 126.79723414477606 59.97530669999924
1.0168150153402493 1.5040909485393346 126.5234031311244 60.04100189999917
1.512366077996795 1.712300209302701 126.51721260837893 60.10795109999981
2.863948753446863 0.9580657148865132 126.42020072850919 60.17196889999923
3.1627213348521437 0.5666230986320762 125.42591765306271 60.237196299999596
3.7355465392516436 0.5563991424111073 125.95202308662488 60.302803999999924
5.322485451351163 0.15125516458382193 125.08257582832086 60.36753929999941
5.39514763518531 -0.3885165618201517 124.42464201309356 60.43327549999958
5.1636109745703465 -0.6722838123176406 125.57347755617654 60.483422999999675
5.243777977454656 -0.6722871203692712 126.01951954351034 60.54866319999928
5.958651241316041 -1.2102098929676766 124.85157436693268 60.61360169999989
5.992319911897162 -1.4333923108526538 124.54744592113217 60.67870169999969
6.077011860033636 -1.8243270221360937 124.0934877132938 60.744165999999495
6.001891142447846 -1.871218275495187 124.41431295195267 60.80925969999953
5.852843821301661 -2.1149852534837623 124.53759482017244 60.87465119999979
5.572067484161664 -2.1481044534336573 124.46708388933735 60.93914539999969
4.41849453931944 -2.3809855211382853 124.85859871330831 61.00466949999918
4.188733201255317 -2.2994726756422437 124.29301278630233 61.07005809999919
3.650752957238929 -2.3000010031042493 124.82094248186948 61.13611149999997
2.0527264802989436 -2.373492502888068 124.99803106494545 61.20043169999917
1.8260911233530308 -2.34959173170542 124.3899470386036 61.26627779999944
0.9714862340797907 -2.2621131959999894 125.50341319189137 61.32982709999942
-0.560560393324657 -1.9665043672825253 124.76576533314784 61.394234499999584
-1.0705879747327884 -1.8030626515238133 125.06647242812404 61.460134999999354
-1.2796571813977948 -1.7089304588331484 124.65798083505813 61.52480009999999
-2.823164476951426 -1.1541030340254954 124.75731401207217 61.5895916999998
-3.4535717345090617 -1.0122301280087758 125.40641511287242 61.65481799999998
-3.827831941320788 -0.9196185694721805 125.23495988296371 61.720929799999794
-5.1026507718901755 -0.2499394997539529 125.60487615579063 61.78599299999951
-5.1699903543964965 -0.12673792386448046 125.25613375823885 61.85109449999982
-5.539384594476665 0.0659359577252091 125.7978605286718 61.91672899999958
-5.6287509697616755 0.26831525482957264 125.60450453663272 61.98234179999963
-6.160832921325365 0.8816448675436046 125.83531113613306 62.048627499999384
-6.219828839568123 1.0602400406390218 126.14226983170188 62.1134878999992
-6.117970417648678 1.2631001833652147 125.82239783151775 62.179437199999484
-6.394530061458063 1.8488407442302992 126.38574293667865 62.24407379999957
-6.368726640723324 1.9851339067324685 126.37865006739513 62.30954689999999
-6.229827327176444 2.134045141335711 127.09508771380168 62.374263199999405
-4.091466159381149 2.6641640557773574 125.21725078558768 62.438680599999316
-4.407967825981395 2.668282187848464 126.09019281295703 62.50387689999934
-4.539942887863305 2.52543760257601 127.42474715228182 62.56930469999952
-3.166084589456652 2.586989941945468 127.30811810149298 62.6338096999998
-2.508334396189177 2.4947143943525045 127.02644617179062 62.6986380999997
-1.5700743903977568 2.34570193681939 126.06240682145176 62.76475879999998
0.2602590672624956 2.2644172991678806 126.25478036243726 62.82942719999937
0.7319675277136497 2.0263086826888346 126.18329866522113 62.89496439999948
1.8374595126202635 1.4653956569925142 126.46788025411018 62.97757419999925
2.4178066575794617 1.2386629934802387 126.60869728418031 63.04110839999976
2.954500452226114 0.9337194677706782 126.01238759681787 63.106851799999276
3.276212563177218 0.6538349945183917 125.53899043229197 63.17211009999937
4.525057331562444 0.024073183268304765 126.11430743292942 63.2375463999997
4.781738411457695 -0.10248161475703865 126.09875644638574 63.3017562999994
5.442494270102053 -0.650186475602844 125.72687261432993 63.366321499999685
5.876637878343146 -0.9997689584559663 124.5873221429263 63.43128759999945
5.8183175787698005 -1.0896134054917561 125.01826010430445 63.495723899999575
6.105893254794147 -1.1535759877833498 124.25881515395488 63.56063769999946
6.032534257076492 -1.6805465900178653 124.38642474138939 63.62542869999925
6.1075175621655475 -1.757282841087985 124.06070255361874 63.691745599999194
6.056444101089291 -1.9577117808177795 124.21559520704811 63.756803299999774
6.056444101089291 -1.9577117808177795 124.21559520704811 63.82336039999973
5.026410580951321 -2.270943192095269 124.67997669209238 63.88839319999988
4.4836983179027925 -2.2366645409297807 125.01797282365906 63.95364559999962
4.4079217884996 -2.3110777880807905 124.17102134981042 64.01911629999995
2.6468297839931765 -2.249953138696337 124.78930529880235 64.0852817999994
2.6468297839931765 -2.249953138696337 124.78930529880235 64.1498259
0.9427306973042135 -2.1963080908302914 124.63504684793638 64.21523489999981
-0.05823949935165729 -2.0093735706455056 124.72095074187114 64.28220559999954
-0.5166207904212783 -2.007133088721886 124.87753251439672 64.34667949999948
-1.0236145835088095 -1.8805483568540757 124.90464472358862 64.41198839999925
-2.195406770908214 -1.5143833693647388 125.2469734563584 64.47696489999998
-2.3080701528180185 -1.4253024943643413 124.37119161869914 64.54286830000001
-3.018995434149936 -1.2028485882196072 125.41809672304124 64.6072781999992
-4.660491404059442 -0.4790792793401436 125.29091707037176 64.67178739999963
-5.047157278331419 -0.2528471070380526 125.76139454199242 64.73634139999922
-5.648900882118028 0.2391964967828646 125.74493866329667 64.80094179999924
-5.931349229166457 0.41623402524690023 126.08814509909253 64.86623019999934
-5.907444874787608 0.503192218964468 125.8332314494573 64.9314461999993
-5.68553580264976 0.7094635169905021 124.90803138482211 64.99639219999972
-5.971012322012037 1.529832375390901 125.62639172212215 65.06242199999997
-6.014393578574953 1.7208100275130707 125.88307518971529 65.12925079999968
-5.8631686825986975 1.9356299519151539 126.03744406679823 65.1943711999993
-5.425613238533899 2.291530036156968 126.51879882289224 65.2588409
-5.449252800191644 2.418513924561183 127.22797061948334 65.32424199999969
-4.63625660011769 2.5103470765559517 125.74472713947887 65.38882939999985
-4.887525494413666 2.571934892185861 126.79541824993512 65.45519479999984
-3.21025547402094 2.710415371995563 126.62862784810567 65.52033759999995
-2.851635778055197 2.6760006868567454 126.69134906426582 65.58582039999965
-1.4445405935809745 2.4937897095111174 126.92199435455892 65.65007939999941
-1.1542538243355551 2.3361351477229086 127.31172183238651 65.71547329999976
-0.5730367763664717 2.2573890690369356 126.86645862652807 65.78032509999957
-0.35417910225291394 2.1175277841473994 127.27958225543476 65.8450869999997
1.9107626945788425 1.4008257531592543 126.83609187603437 65.9098256999996
1.9107626945788425 1.4008257531592543 126.83609187603437 65.9750011999995
3.4820381744434243 0.5690271719458068 126.06084244490887 66.03928889999952
4.024306420795675 0.41772906337802485 125.47390490734197 66.10416579999946
4.3700492995819005 0.41867668025310545 126.35013934295702 66.16911359999995
5.166093558603023 -0.44347282792927023 126.01334152531382 66.23319419999916
5.243777977454656 -0.6722871203692712 126.01951954351034 66.29991729999983
5.529782575334842 -0.7341303195765726 125.34656463213167 66.36448249999921
5.649783501041696 -0.8817338315193112 125.09329599542646 66.42943529999957
5.8812220396836565 -1.5401425505010296 124.64887685062826 66.49549599999955
5.950631255477873 -1.542090167221049 124.63792049403133 66.5617717999994
5.845111427411659 -1.6127920021303956 125.26520827841667 66.62542499999927
5.859017228808632 -2.161177216771506 124.24613954674241 66.69115369999963
5.619094660004272 -2.1575088332265153 123.79389815715433 66.75542139999925
5.249198937622722 -2.1791404046292113 124.53969731789518 66.82036789999984
3.8970588019273578 -2.349567536924209 125.00889320359704 66.88501009999982
3.513202035289453 -2.4246170586557727 124.89053827288016 66.95017169999937
2.966242019398429 -2.360981123067215 125.08336254128486 67.01572719999967
1.4298277403570978 -2.273774977749798 124.52750364030545 67.08021559999997
0.9474573444905161 -2.1978158587088372 124.77370090706313 67.14516370000001
0.49139835061617276 -2.1957899398371477 124.92514397555075 67.2100875999995
-1.0542854583315844 -1.7840131189267927 124.67691100688648 67.27532389999942
-1.4305593921617046 -1.598172659477084 124.60543749293527 67.34019869999975
-1.8894822699276475 -1.5763553338655303 124.9614482933478 67.40547199999946
-2.309407115645371 -1.330492550895357 124.61864936495952 67.4698798999998
-3.8253596677096766 -0.7032848151951557 124.89214088536325 67.53534279999985
-4.440131703828612 -0.5706162685189354 125.77655028598286 67.60012229999938
-4.36068153701072 -0.433762207099477 124.87148930989811 67.66493609999998
-5.478949742684009 0.1529853735994171 125.3722872187808 67.73104179999973
-5.566370902079399 0.42681951897848164 125.006225477753 67.7966781999994
-6.006807444735173 0.4789828721571686 126.1232220333035 67.86153889999969
-6.025823165385411 1.1488233587089778 125.67742131073298 67.92713829999957
-6.07812113948021 1.2593961615277491 125.80286856669099 67.99258199999986
-6.254605281494939 1.300440351299085 125.97273792875802 68.05864859999929
-5.872616615987717 2.1597148709661123 126.6519150124158 68.12329019999925
-5.349211270419524 2.252372723950572 126.13969031407046 68.18858929999988
-5.017799311014265 2.3717805334484416 126.29485682866687 68.2532285999996
-4.349014752126571 2.6416512446646787 126.9097567603161 68.31967919999988
-3.9910708089191047 2.7512552881718135 127.04241476900752 68.38472599999932
-3.662467391600991 2.6914648596604844 126.79635981438531 68.45091929999944
-3.1119999166192613 2.7424946019416776 126.02557978928947 68.5170636999992
-1.5684560987690404 2.373033765733036 126.65393258148569 68.58383609999964
-1.2460343327249248 2.387270137769007 126.8163817257778 68.64795089999916
0.7363775116204252 1.782181994885331 126.55309955465849 68.71396879999975
0.99301195809673 1.5278125611898281 126.54247586670145 68.77878119999968
1.7099725816339557 1.4378702182711018 126.34612929974429 68.84386379999978
2.3261853745048313 1.3552917641366742 126.56062349652522 68.90882729999976
3.2969981810297284 0.6894564938645602 125.78934629728552 68.97386909999932
3.662185324323673 0.516920437270471 126.06465264255564 69.04054389999965
4.04618352506747 0.31354607770897513 126.47733107185763 69.1050937
5.239788527686237 -0.40303707399608635 125.56967850155745 69.16974419999951
5.369063323019866 -0.5936175782777572 125.46080436743435 69.23421029999918
5.573363316887281 -0.755339204216278 125.2431287866973 69.29933419999998
5.939132975654381 -1.3375590637027432 124.93559931407698 69.36471799999981
5.916936973390406 -1.479358129468881 124.87173705465882 69.43003959999987
5.919311455230954 -1.604363980372626 124.86297859338073 69.49612029999935
5.926487968124945 -1.9792140411941128 124.83661082338641 69.5607760999992
5.911361035787252 -2.023170544389478 124.31872742687484 69.6246930999996
5.368932723236618 -2.1164822003541754 125.1491139233471 69.69033049999962
4.277289049669854 -2.316974433458949 125.01803791822918 69.75470829999995
4.0530077397661515 -2.2677497411193666 124.5717351146747 69.82076439999946
3.5293286681550313 -2.2851518758052864 125.05909356472439 69.88529639999979
1.959484378854576 -2.3256007935148997 124.71893853537048 69.95052289999967
1.7630131640966482 -2.184197150800528 123.99347805356211 70.0161963999999
1.1009079009921834 -2.1636880221198904 125.1334388222974 70.08244959999956
0.5204734258319306 -2.1827578949282036 124.8844119435975 70.14699759999985
-1.1178836165786592 -1.831504111808011 124.66716613412761 70.21295269999973
-1.5241126149606785 -1.6151574124988253 125.11735486756606 70.27757779999956
-1.8390925887615666 -1.5643380962933184 124.92090263993539 70.34361979999994
-3.5751881711663103 -1.028737891467121 125.3399067347078 70.40874109999913
-3.659163767036681 -0.7959178824691008 124.44440894528802 70.47306949999984
-4.383662276993789 -0.6330831548736647 125.588623335286 70.53881809999984
-5.226484179393303 -0.09862131640142291 125.36831482029115 70.60456009999962
-5.481995087270931 0.12837817729885326 125.61029425693293 70.66954819999955
-5.54632348006627 0.2758780029244702 125.31444052498172 70.73565469999994
-6.411428083470469 0.9004203568845301 126.57997092545958 70.80163519999951
-5.970953457890083 1.1984594171323968 125.2701579437145 70.86648219999915
-6.222292494044801 1.2911662062513491 126.34382803394234 70.93188089999967
-6.265633688042499 1.9748372593709043 126.37628194571352 70.99756539999998
-5.934428359741176 2.1672576085650617 125.58132558869283 71.06284099999993
-6.043804099653052 2.1937778423351673 126.89781537380273 71.12809319999997
-4.199643822443903 2.627902588932194 125.7723326815424 71.1940040999998
-4.3456399830312975 2.5963767241833695 126.23465552622936 71.25908079999954
-4.4814044152232455 2.635242133940283 127.05728664795268 71.32422049999968
-2.7957375530221995 2.525005535886083 127.28130540613189 71.3897322999992
-1.999718899271386 2.521262552940145 126.64626439107754 71.4554937999992
-1.691789056490741 2.433881631679188 126.70319870175153 71.52201939999941
-1.305124179720238 2.2938346203179703 126.81645570543695 71.5876931999992
0.4765927505472689 1.8643911578364896 126.41146446302795 71.6527145
1.058077706106296 1.6711565495877014 126.323172425649 71.71754379999948
2.4662787982219356 1.214391633573422 125.84785069517693 71.78233939999973
2.9843631345070207 0.7774945337999899 125.9242049109772 71.84815929999968
3.142227324076991 0.6175190444942465 126.14365954680565 71.91397199999938
3.680361160355943 0.6358367536809413 126.18252694370388 71.97831419999966
5.184583152574817 -0.08592549152372597 124.92911889810594 72.04365659999985
5.367038899196949 -0.45993660231990885 125.04718753349545 72.10910869999952
5.445838130857069 -0.5684418123468408 125.15465714859688 72.15988440000001
5.5713313393601425 -0.6297265969528035 125.2505153370578 72.22556519999944
5.915854456416156 -1.2379468195023806 125.30874556307869 72.27511099999992
5.970733447208318 -1.448168250223003 125.05998997456471 72.33968549999918
6.043694070969316 -1.52675438369671 124.74585257112851 72.40431549999994
6.26508410889884 -1.8533259547895615 123.75614173516186 72.46854219999932
5.911361035787252 -2.023170544389478 124.31872742687484 72.5337626999999
5.162547889232883 -2.2230917381259556 124.45014393980189 72.59943879999992
4.36032840369986 -2.3622996385848802 125.01162174035737 72.66452709999976
4.240434609686254 -2.3110367837889294 124.17632556193817 72.73025949999919
3.7772434664072847 -2.391639380194126 124.52842882536808 72.79618389999996
1.8875276088205197 -2.372701079999907 124.83147610842995 72.86168859999998
1.8875276088205197 -2.372701079999907 124.83147610842995 72.92701149999994
1.5939778487233056 -2.2914687159377376 124.55623658865565 72.99182169999949
1.1768660972241065 -2.272869867655007 124.54285721314048 73.0562102999993
-0.9279061446285013 -1.8030753765979646 124.32241097161655 73.12247379999917
-1.3076543804050118 -1.6584793230585064 124.69061288088801 73.18784759999926
-2.633646193580958 -1.2186799232828882 125.05391415926736 73.25251200000002
-2.9573580011347644 -1.1549794656706642 125.21912156494339 73.31830209999953
-3.4132415619964718 -1.0263321705159245 125.35011518522529 73.38421209999979
-3.8342762866157045 -0.8855817782320804 125.42123105032785 73.44867009999962
-5.229131278024589 -0.12383649892944604 125.60680228262802 73.51457709999977
-5.2087379292931 0.06756006379811963 124.93515958726131 73.57913149999968
-5.9170145301903005 0.5094065257738024 125.66415012499071 73.64581099999941
-6.032748300309493 0.7299900327129191 125.60460476726578 73.71072639999966
-6.250927451752773 0.8110207849874314 126.09926953148312 73.77623489999951
-6.300665074824579 0.9662597784958578 126.35443801609166 73.84027309999965
-6.350890882532539 1.8497300490732127 126.57647197908037 73.90559379999922
-6.14662493185142 2.069467450604648 126.07459887644329 73.97096859999965
-6.14662493185142 2.069467450604648 126.07459887644329 74.03600049999932
-5.001940355094682 2.5272256746063 127.41031323081395 74.10182189999978
-4.447168644159127 2.61660065527178 126.09113349307252 74.16696189999948
-4.867099930756801 2.720875977838992 127.68065323258377 74.23258769999939
-2.770061910297123 2.7460116252003672 127.06978275254 74.2985263999999
-2.770061910297123 2.7460116252003672 127.06978275254 74.36326589999953
-2.136288600926335 2.4651968482080115 126.69678500799647 74.42890029999944
-0.6001485799275841 2.147877973192758 127.20507199381376 74.49488649999967
-0.264236065360258 1.987157540879731 126.66238344113232 74.56008810000003
0.03258615871690296 1.7542261681988482 126.97660215579518 74.62517839999964
2.1465155372882023 1.2886036098604507 126.3568090060766 74.6910672999993
2.5807552614049385 1.077744881916598 126.12763719734905 74.75496169999951
3.0176698679838907 0.7611545000296549 125.9856519428599 74.81994099999974
4.478189554977277 0.17513626460222342 125.46991297032723 74.88542249999955
4.652101530578285 0.1430295224964261 125.50307011020462 74.94994839999981
5.073671784822693 -0.3407242839423802 124.21046048612428 75.01486969999951
5.531305373320322 -0.8600935966024484 125.34074249892707 75.07972339999924
5.701640071098041 -0.9031803176427103 125.69655930682825 75.1461860999998
5.910009559589177 -1.0261050292844462 124.77862861318874 75.21088429999963
6.0425528937600035 -1.6020332611959147 124.39727448545953 75.27513349999936
5.8799885360114175 -1.6946062412044531 124.92304813549681 75.33934409999983
5.997531428746633 -1.807378122186826 124.52968721631586 75.40503569999964
5.848247406949028 -2.0093950903524376 124.97746491570783 75.46993239999938
5.35822813956792 -2.117320125791865 124.16345379506419 75.53495919999932
5.076544495972911 -2.159077522664588 124.39348772036848 75.59988769999927
4.460593074001629 -2.381536411125975 125.03171481838795 75.6651437999999
3.0171204454379676 -2.328427349404743 124.81016037217788 75.74604920000002
3.0764214419789653 -2.3158735467681986 123.96885433723526 75.81039269999928
2.5734137981189846 -2.1378916894739755 124.61038824670351 75.87542699999995
0.5573853659891057 -2.1645478439660573 124.00369835675815 75.94011579999915
-0.06010994653333057 -1.9309822011575855 125.02769926893464 76.00456829999985
-1.668047224727296 -1.6095272528510152 124.94781311958185 76.0700726999994
-2.309622696114964 -1.5175048192926588 125.3555219028162 76.13507719999961
-2.089126968807207 -1.3502079530890905 123.67121263601159 76.20143069999995
-2.7647986790256027 -1.2605921264183841 124.81470767336234 76.2661395999994
-4.510007897881707 -0.6326561696933445 125.59185868803408 76.33180589999938
-4.520788463258775 -0.4486377374705045 124.99115998214695 76.39665369999966
-4.743374306959588 -0.3234147160549762 125.04965821564585 76.46189249999952
-5.885188821764011 0.35879256965982287 125.93797518569707 76.52655889999915
-5.90532655352186 0.5200553932635718 125.69935746357847 76.59286179999981
-5.722851954367833 0.760835758033821 125.09909925041715 76.65667109999958
-6.087834425958768 1.3872520654402853 125.86861042365905 76.72186509999938
-5.978322727596378 1.5928808855626078 125.77926248156857 76.78863490000003
-5.975243011675609 1.844467078390601 125.76728097486281 76.85280489999968
-5.586375174976958 2.4586035329390485 125.83525113200558 76.91753209999933
-5.556194445962298 2.52096744497764 126.78392386358703 76.9836037999994
-5.173568881112097 2.5282721577193628 126.6338316864101 77.04790139999932
-3.8493926820380295 2.833221390681701 126.42916586760047 77.11349969999992
-3.763502817442401 2.7897944155359706 127.3820087699834 77.1795362999992
-3.0969199305524597 2.8783764957513935 126.97571140607367 77.24491569999918
-2.6299656877527795 2.883630902585379 126.66016665005574 77.31067079999957
-0.8415712182136588 2.1609653988066957 126.7561506546662 77.37503819999984
-0.4039185125744993 2.2830199314176896 126.28082575097812 77.4409087999993
-0.08724971104032164 2.158805916221487 126.625140977868 77.50674170000002
1.834146405418231 1.53397141772138 126.63161759641814 77.57153709999966
2.174716591936388 1.4084266284656142 126.8218640136691 77.63732829999935
2.4973302588478603 1.1201749073701466 126.34846671068645 77.70322539999961
3.945910679120942 0.4647559890432802 125.73427182537536 77.76779850000003
4.1887676626277255 0.18400169052759896 125.75000977210871 77.83416739999939
4.5863579038074676 0.08559348820436452 125.52529782758276 77.89870549999978
5.467493830369911 -0.7384329265592865 125.31765095254937 77.9642131999999
5.75713398332779 -0.8380494613732098 124.81208067195837 78.02985189999981
5.701640071098041 -0.9031803176427103 125.69655930682825 78.09626469999967
5.839231622078145 -1.5090814555162497 125.18587846988191 78.16074169999956
5.918846639387752 -1.6348972481619697 125.02031717938635 78.22556469999927
5.965514799340241 -1.6496462018737423 124.73076575476186 78.28945279999971
5.866172104715602 -1.9758215497554321 124.26614394844431 78.35407909999958
5.4454274187223035 -2.1496402774607244 124.94017991769091 78.42098850000002
5.365439014721666 -2.178195534214591 124.39926197534002 78.48528029999943
3.858363832417176 -2.3028623825901184 124.81991337024671 78.54930829999921
3.5647950881690207 -2.377038168174852 124.45356937534982 78.61384849999922
3.0750866132860466 -2.4043640088801848 124.5856546884026 78.67857579999963
2.8419096477801986 -2.353372713006334 124.3091029238551 78.7445146
0.9680193983252892 -2.2564159590233954 124.78214167370254 78.80874559999938
0.49000153491283527 -2.133943030384092 124.69171611592203 78.8731958999997
0.06797259937125233 -2.009766972273118 124.71498363791744 78.93873089999943
-1.5869090262242338 -1.565224017977108 124.91137141538769 79.00394459999916
-1.9705182998510793 -1.5027893842960167 124.71737458018507 79.06914479999978
-2.358101662747899 -1.3538126192246582 124.59088550699376 79.13423899999998
-4.017136316164311 -0.7915937811255734 125.31232991893165 79.19946249999975
-4.45602339152309 -0.5746281329297563 125.4718537255804 79.26418709999962
-4.747967173232148 -0.5786320894749842 125.75932097221457 79.32943479999994
-5.506977167733304 0.16485575638438799 125.3858804656607 79.39413249999961
-5.672898327656618 0.40165178788971534 125.31754171256487 79.4586191999997
-5.593238501494234 0.608618573535108 124.64173610274376 79.52421309999954
-5.734166331551293 0.711978845536278 124.93694350384239 79.58794789999956
-6.1828951523890225 1.3648857545503543 126.14427239949066 79.65376679999918
-5.979425613624855 1.5163776667034883 125.83351034560683 79.71898189999956
-5.997776285173174 2.286614631665698 126.64641356087336 79.78320789999998
-5.791758441994546 2.366692940604451 126.27592396831169 79.84743319999961
-5.361594272246911 2.4937634748593576 126.02804828110494 79.91302089999954
-5.381483833029044 2.6572872570695507 127.32367214583576 79.97875459999977
-4.211333522954931 2.7419378989195864 126.98039330719027 80.04228799999964
-3.4254011762332084 2.8469928804173903 126.53500155846325 80.10782729999937
-3.291381486926639 2.9302411627540983 127.19325985656555 80.1732947999999
-1.2450196870621113 2.6181870581939792 126.86328990966602 80.23825919999945
-0.9130122375134135 2.287069027578865 126.7077295101898 80.30387399999927
-0.6424976933292328 2.3715803502306043 126.92135944779412 80.36940589999995
1.0120284010873988 1.7934365093897267 126.7557957260145 80.43468969999958
1.6218061650482127 1.3939490184016097 126.00732412248755 80.50019369999973
2.9442735295599576 0.968811840007268 126.27292184197259 80.56483059999937
3.1560509403815047 0.5055176100902612 126.09934343573134 80.63012749999962
4.192259227786181 0.5498129972512378 124.72378787162347 80.69663639999999
4.374221397664158 0.4399629200768455 125.6812126751381 80.76279129999966
5.1847525132772105 -0.3528532298611574 126.00783901126586 80.82714919999944
5.116318045058897 -0.6726037507105423 126.02403392068263 80.89235869999993
5.453529601240795 -0.8006179116621103 125.10351514880175 80.95814699999937
5.860476540223026 -1.0863019531069624 125.02473805765291 81.02255389999937
5.992319911897162 -1.4333923108526538 124.54744592113217 81.08739669999977
5.919311455230954 -1.604363980372626 124.86297859338073 81.15242859999944
5.919311455230954 -1.604363980372626 124.86297859338073 81.21704199999931
5.852843821301661 -2.1149852534837623 124.53759482017244 81.28234539999994
5.852843821301661 -2.1149852534837623 124.53759482017244 81.34706529999949
4.663957367882098 -2.20979005863319 124.94871615726181 81.41181529999994
4.087024680690888 -2.2828754224324883 124.35165681382031 81.47816419999981
3.6374038388110392 -2.364156451667791 124.46566951492339 81.54275379999945
3.092997918472385 -2.3611451924619935 125.07688709200337 81.60832989999926
1.82537561216229 -2.3591755673277968 125.14071282584399 81.67233589999978
1.5946260139211361 -2.227453138418767 124.22711657628143 81.73748720000003
1.042169197997957 -2.244448789802307 124.88472517163216 81.80257529999926
-1.0542854583315844 -1.7840131189267927 124.67691100688648 81.86771979999958
-1.5071239072460543 -1.5523023948894124 124.98628686494334 81.93269599999985
-2.562035574228524 -1.204982358722082 124.63001113732568 81.99847090000003
-3.20051212621442 -1.0129202142645233 125.3978355443241 82.0629401999995
-3.8018927760899146 -0.9572329230134181 126.10899472163115 82.12771579999935
-3.671652880906528 -0.827807575608471 124.7416869817893 82.19274749999931
-4.281144760609962 -0.6315359910693205 125.51687693364121 82.25908779999918
-5.4838432154878305 0.20149749540005812 125.24428685485175 82.32333279999966
-5.605152822352714 0.2787954119271464 125.3741474598768 82.38862199999949
-6.192475018851546 0.7964616602299512 126.3121910024623 82.45307419999972
-5.748865252862643 0.9514867392804514 124.90782614108976 82.51845649999996
-6.1845105517703445 1.1125569013890948 126.15194525936668 82.58233810000002
-6.135249210735438 1.2426680337133467 126.12205820403807 82.64906429999974
-6.2207101462260965 2.102643281818636 126.56269705321846 82.71413789999951
-6.242866527631797 2.1896554799286676 126.9931958566913 82.78041769999982
-4.753414180655149 2.5122455763877682 126.70407882249022 82.84558879999986
-4.304281691522313 2.677966922907154 126.15643442115515 82.91005899999982
-4.522172508386163 2.6789919734566325 126.96228306854779 82.99089299999923
-4.086682591449424 2.727218591689278 126.53527012232519 83.05675669999982
-2.2735316435214585 2.531367365519197 127.244335569524 83.12117859999944
-2.2735316435214585 2.531367365519197 127.244335569524 83.18632819999948
-0.19792995227693666 2.0821219468630496 125.86542855426208 83.25017099999968
0.45133126491967346 2.1197360288413174 125.83171078176738 83.31611449999946
0.7026781882838122 1.9501451061274375 126.51526373047258 83.38188339999942
1.047834411106102 1.5907811400081764 126.57101828193251 83.44662470000003
2.9281873964704417 1.1026743946915785 126.1812713433415 83.51121769999918
3.120939872066785 0.7989348786322197 125.73569564046124 83.57658859999992
4.382422579264173 0.08671070241400736 125.67699328497942 83.6414079999995
4.8028543201007 -0.0644463434372351 125.21984013474474 83.70697409999957
5.0584947179074575 -0.19066852044941496 125.19991563161211 83.77190659999997
5.906938074668133 -0.8882559053742632 124.37058784546211 83.83667859999969
5.830712344489072 -1.0070812745059285 125.21706001061133 83.90181439999924
5.914195969447171 -1.1120174537131358 125.31523552233276 83.96749619999991
5.915854456416156 -1.2379468195023806 125.30874556307869 84.03226559999985
6.00606707018752 -1.6947039588244714 124.91852577656785 84.09755809999933
5.972406014746376 -1.8843815369501984 124.98009960221432 84.16226639999968
5.975153527431914 -2.009697154182212 124.96962065050388 84.22671859999991
5.153638249891358 -2.2713814112513195 124.66960462129275 84.29083569999966
4.865037919346641 -2.270348460787955 124.48302345067592 84.35685159999957
4.447399875033234 -2.3016922511622826 124.42281377935143 84.42224009999973
3.021669916730694 -2.3062637066527945 124.25240981366247 84.48899689999962
2.5789766678177415 -2.2618345755156706 124.65829217358348 84.5532349999994
2.0527264802989436 -2.373492502888068 124.99803106494545 84.61750499999926
0.15511040809528254 -2.059623007335566 125.00588094879834 84.68302649999987
-0.14504562004839272 -2.007160402757656 124.73351785911669 84.74960639999972
-0.8813337304146458 -1.9744272744984386 125.42244083099737 84.81525590000001
-2.1823157914518703 -1.4555414739234176 124.61115537523366 84.88066549999985
-2.6919277503952372 -1.2991303157802658 125.20240229209284 84.94509189999917
-3.053091463751983 -1.1832846256042076 125.08592543238845 85.01099439999962
-3.4350829586249176 -0.9971775178271965 125.03172876231022 85.07573030000003
-4.810466101061124 -0.4548281652643621 125.68598539780096 85.14159839999957
-5.24676274643442 -0.2805262922605346 126.1178792783304 85.20727969999916
-5.682880521008094 0.4186684796602017 125.2226038059715 85.27090359999966
-5.933121677496935 0.5223919871184799 125.6429611734135 85.33571389999997
-6.133046837432246 0.7317500242935823 126.1213402973633 85.40021679999973
-5.817995202944616 0.9385441562694453 125.17612518602752 85.46518429999924
-5.976866757465821 1.6421787657935252 125.82451773413186 85.53055439999935
-5.883414509409235 1.846331571467045 125.86606997168015 85.59583799999928
-5.685269159852318 1.9593341213105826 125.96939451859102 85.66116939999938
-5.291510384723274 2.4494126341936355 126.73364740232351 85.7266098
-5.143515374797552 2.5726442226425097 126.8037008663589 85.7917252999996
-5.1623883376704995 2.5830768244531357 127.66043589328596 85.85612549999951
-3.3352067042919273 2.7246813145394495 126.4988109258474 85.92074549999961
-3.1059421312725846 2.6565541713659773 127.18208171547687 85.98649609999939
-2.5031546091414256 2.6988812771372004 126.66976899596862 86.05158369999936
-2.3209378644778553 2.6481654959001766 127.63802789465211 86.1168334999993
-0.3698995670468008 2.2147708223427673 126.79932473969873 86.1817401999997
0.1323145761189437 2.113894453752449 126.697470095442 86.24795259999973
1.87240276429214 1.473208097010859 126.07542293302437 86.31227239999953
2.0926162919278752 1.222984874518448 126.76021682369432 86.37719559999914
2.578372386300707 1.0848718742803083 126.10117419635691 86.44338789999983
2.9129435065285065 0.9455586200991225 126.44943813113314 86.50953069999923
4.463834483777383 0.25504439301390547 125.33489930399425 86.57337869999992
4.598261034012026 -0.08794568125787483 125.52883719920979 86.63830979999966
5.03435125783286 -0.16840799406583573 125.05558246012588 86.7041964
5.793409231970678 -0.7564009107500008 124.72105161702511 86.76949589999913
5.573438738045461 -0.961973120292971 125.63510002640302 86.83354729999974
5.712130357103028 -1.1967442251773694 125.09301931380435 86.89940339999976
5.667943864207885 -1.6154377520562173 125.29792119514771 86.96411229999921
5.9180215957665965 -1.726517409393907 124.39917754805005 87.02862699999969
5.919232185091722 -1.8512324498972035 124.39549853630697 87.09320639999987
5.489247831641443 -2.0847054688883224 124.55158572517233 87.15787099999943
5.1625422469663675 -2.1940933260159174 124.97532139763767 87.22513819999949
4.995224249644856 -2.2228779265980725 124.27983598852597 87.28749299999981
3.3978252727982934 -2.3419644055741347 124.54353816453829 87.35291649999999
3.222154568828209 -2.258848878033173 123.95574006480335 87.41766740000003
2.643786459800637 -2.2664438660451696 124.71825423723695 87.4834465999993
2.2575030391053232 -2.245049556463242 124.58657660906658 87.54787509999915
0.22128827858455224 -2.039268948588544 124.98641095513278 87.61305559999983
-0.14504562004839272 -2.007160402757656 124.73351785911669 87.67747829999917
-0.41265418017969324 -1.9826524170867459 124.09691618538066 87.74310069999956
-2.1656115483391787 -1.5017936344417193 124.96633636027676 87.80828729999939
-2.4895965506673505 -1.2688875114542717 124.81327865366904 87.87328159999925
-2.9270750397037233 -1.1837636654084287 125.08201956822923 87.93840309999996
-4.566534838201051 -0.5702042467544716 125.77923045970516 88.00293479999982
-4.64777440041523 -0.41344476506199423 125.32514971558345 88.0670599999994
-5.115093550640431 -0.29270400993746126 126.03005497266167 88.13327759999993
-5.731028861529957 0.2792806613458614 125.37650730582054 88.19782529999975
-5.9170145301903005 0.5094065257738024 125.66415012499071 88.26433799999995
-5.905956224367195 0.713277338106464 125.63028509309393 88.32938679999916
-6.1828951523890225 1.3648857545503543 126.14427239949066 88.39346599999953
-5.942714141667032 1.5598847977092418 125.36435222065542 88.45948529999987
-5.803905794600162 1.8142508355252556 125.12420889671624 88.52572289999989
-5.468051335228161 2.3772012313457793 126.12142164681391 88.5904787999998
-5.421444864123721 2.5704647767106996 127.24580522849868 88.6554288999996
-4.945803902454273 2.5679949871456778 126.90230680902303 88.72017979999964
-4.494676906750051 2.7126955056319075 126.68753339030548 88.78569649999918
-3.15231736531711 2.7932454570266807 126.30649349108558 88.85135399999945
-2.89773101365666 2.8886725999310214 126.5677617564206 88.91695079999954
-1.9768107952795262 2.7132183803590326 127.5847482122306 88.9815665999995
-1.372507039132465 2.269419424744041 126.97016637844969 89.04713569999967
-0.5049319278871067 2.2167855123371973 127.03387066579353 89.11167389999991
-0.09399251866392433 2.0570101719920912 126.58408288401132 89.17609589999938
1.6415571399349105 1.5036991832089805 126.90086868859463 89.2419216999997
2.0327546980056823 1.361116836691262 126.46026453372522 89.30661779999991
3.2804751733692683 0.6891651929021537 125.41065543667659 89.37150009999914
3.8062871320692295 0.4366787028730145 125.76800879118264 89.4363088
4.251201702619916 0.22230158999718785 125.82933606919366 89.50076309999986
4.6714274054135245 0.18731747983164038 125.24301822623777 89.56619969999974
5.491868931907014 -0.587526936011355 125.1625592428963 89.6308283999997
5.562677035886338 -0.9009286051464392 124.83913846951852 89.69524959999944
5.60009795735602 -0.9902437850394888 125.29011577845608 89.76189609999983
5.60009795735602 -0.9902437850394888 125.29011577845608 89.82723719999922
5.667943864207885 -1.6154377520562173 125.29792119514771 89.89256819999991
5.924540816482207 -1.708990733566683 124.24496541321273 89.95697539999946
5.7906962096968115 -2.0856218506389106 124.68713255128927 90.0231520999996
5.476913973388292 -2.1642042667051276 125.11435646978025 90.088573
5.476913973388292 -2.1642042667051276 125.11435646978025 90.1540290999992
5.335363589466695 -2.223239805511977 124.42647317212948 90.21942569999919
3.3480144327717056 -2.329384089512858 124.64939059468348 90.30021739999938
3.104484856266481 -2.341298874484858 124.38929796480517 90.36513829999967
1.464229007354163 -2.226242977129695 124.09115184809517 90.4292289999994
1.464229007354163 -2.226242977129695 124.09115184809517 90.49439139999959
0.872291140257694 -2.2598749634288806 124.66211277136242 90.56051809999917
-0.953019751703458 -1.8200698591258684 125.10545933202951 90.62559399999918
-1.6615467536519404 -1.5635385043007846 125.0286942505647 90.69110159999946
-2.039499156538888 -1.5022469220574446 124.96168980836734 90.75667759999942
-3.489609552755091 -1.1292648251012491 125.80364259429442 90.82184889999917
-3.6429356520364777 -0.8902378664649461 124.69992058541632 90.8862509999999
-4.130518957158728 -0.759545178247825 125.58217209030273 90.95176759999958
-4.267949796873907 -0.6164948968599132 125.1675280760526 91.01674839999941
-5.478949742684009 0.1529853735994171 125.3722872187808 91.08162689999972
-5.6323938881618645 0.416037362806062 125.38384370759591 91.1477720999992
-5.83579592735078 0.8612572957946857 125.22846930181188 91.21285939999962
-6.0886616393166975 1.0096505235941189 125.87539925320776 91.27881779999916
-5.921828744317743 1.2143348920360661 125.4726333790277 91.34506160000001
-5.71532322270896 1.3249991280269007 124.94410089051922 91.41081849999955
-6.067444431221475 2.2446565973416575 126.21034767422474 91.47432669999944
-5.590980786421895 2.3329207244582992 125.85048792500656 91.53965099999914
-5.599388402561928 2.451039091786635 126.77377297045844 91.60446309999952
-4.324683506340413 2.767775903203618 125.54156705899014 91.66952259999925
-4.366306402252853 2.7124423260016006 126.68199385662233 91.7343366999994
-2.8428846354460617 2.749950000773259 127.03978980572847 91.79890889999933
-2.029844944412602 2.5372857565098696 127.14274606672372 91.86419279999973
-1.4398103477650892 2.389385481337263 127.08650958236129 91.93001229999936
-1.4398103477650892 2.389385481337263 127.08650958236129 91.9951873
0.44162316165750326 2.084695588661432 126.80149998600598 92.06066509999982
0.7720930257203378 1.7258497640345132 126.81373387706066 92.1260384999996
1.3157615268827598 1.6985428786902292 126.42807367890227 92.19089519999943
1.8516347763558727 1.5024725019224725 126.39743358665767 92.2558283999997
3.145526259721464 0.7609511301147527 125.97889312950622 92.32186439999987
3.517014724887865 0.7772156406172939 125.99960338451197 92.38758809999945
4.772122257236809 -0.19157508005219293 125.78149857598132 92.45309779999934
5.10610586373209 -0.29426775008535866 125.45642630066456 92.51691719999963
5.364447786681552 -0.4210129767498815 125.42728173507604 92.58123179999984
6.065763800945831 -0.9707370241591983 124.14975222724786 92.6461348999992
6.043825387539783 -1.163781555122139 124.48237835972972 92.71147199999996
5.960328270118588 -1.3002829467655785 124.9046158848039 92.7766701999999
5.9685432855286535 -1.7909040625835067 124.63099690945923 92.84156279999934
6.044947060237099 -1.8514862329227872 124.38994942689409 92.9072484999997
5.927005714295589 -2.0107453889932687 124.98936189253692 92.97189869999966
5.0634448844554285 -2.1261999651867693 124.77788047507502 93.03811569999925
4.742806216395401 -2.2562194294873734 124.56424581851402 93.10239129999991
4.492010739576692 -2.3118606843367386 124.16260067652841 93.16670899999917
4.028661623225908 -2.2680443200608003 124.51755657363705 93.23131429999921
2.257047809899831 -2.2970112763915065 124.9026521503622 93.29675999999927
1.9356340085236141 -2.2941610446489653 124.52098859439111 93.36237149999943
1.4522366677954182 -2.199333688793566 124.7503321858246 93.42645089999951
-0.2222884667879157 -2.004627753009438 124.56665963759048 93.49178049999955
-0.9740493711852167 -1.8511671416774806 125.30300217266321 93.55712359999961
-1.1947387349634369 -1.7676702127454114 124.93332301309955 93.62269849999939
-2.6164293436896173 -1.2065997696343027 124.53031132415327 93.68782219999957
-3.1879501707744566 -1.0726600142268294 125.12811914792063 93.75253539999994
-3.7077634479588113 -0.885940214289182 125.41709420102748 93.81844959999944
-4.681310961936624 -0.3262203865590786 124.97850886660568 93.8840037
-5.002885468654924 -0.22379788122702193 125.30895637792503 93.94873369999914
-5.3829920081114935 -0.07310519833351614 125.77577116565519 94.01483319999988
-5.875600438225298 0.597365115931829 125.5594458276686 94.08124939999925
-6.349240141513135 0.7635252293173944 126.58343879063816 94.1467677999999
-6.253225751656636 0.9134461345042417 126.3034319718476 94.21126370000002
-6.335392997457404 1.1688799908111287 126.5404261130602 94.27675719999934
-6.179355466848776 1.8694899973815913 126.12807412453364 94.34217009999975
-6.0859963260835315 2.016568293451747 125.85603705594586 94.40711719999945
-4.5426221584667985 2.4793323926165907 126.23787055609176 94.47205109999959
-4.3219446573178 2.628260356017765 126.16487837978788 94.53802799999994
-4.295955009553666 2.7162036523002513 126.53573121040506 94.60287840000001
-4.10573147968374 2.7300390690910743 126.18000566931906 94.66763529999935
-3.0336508055185902 2.722190758671123 126.73153113646113 94.73344039999938
-2.360025396827808 2.476812774371007 126.41777039920305 94.79825439999968
-1.8407794951140772 2.7686071155215433 126.55302502384485 94.86292759999924
-0.1522506663078005 2.0411902272340283 127.01523654053965 94.9290005999992
0.23666342318544054 1.9655298736802824 127.01511118106635 94.99420939999982
0.6689230375001785 1.9299708825878659 126.58429314726186 95.05978499999947
2.1748014705702587 0.993289176372923 126.4550303424753 95.12570209999922
2.62768431167283 1.2156356654837404 126.54817472013657 95.19065159999991
3.005343188297722 0.7832623972167769 126.45173405190444 95.2563169999994
4.908878203807113 0.12332266043158258 125.21519074992749 95.32239989999925
4.979315725860097 -0.0884574517448865 125.51148836339274 95.38864639999974
5.0178163272588705 -0.23013409761007464 125.3846683609261 95.45385139999962
5.664457913453454 -0.9612317215154064 125.14885829073991 95.5187449999994
5.915859395779776 -0.9975386687578814 124.59884518778915 95.58357230000001
6.043825387539783 -1.163781555122139 124.48237835972972 95.64913089999936
6.039176681854357 -1.2277264823704592 124.40750197029513 95.71311009999954
5.921582314381503 -1.7765445708419172 124.73722966967902 95.79303079999954
5.921019002785073 -1.8376087465448405 124.83773045557582 95.85872769999969
5.345337547418879 -2.287116851161366 124.46267062508805 95.92468349999945
5.11300577466897 -2.2087753695812022 124.56346375669183 95.99047959999916
4.6125250224433145 -2.241549381502085 125.170494783188 96.05470659999992
3.149662850531989 -2.377630340679554 124.93847246794653 96.11879019999924
2.926332075779797 -2.2794880745393424 124.35452669647944 96.18403659999967
2.473277932156819 -2.3392332253722734 124.42707820969385 96.24979399999938
0.573559813270208 -2.1828944747030357 124.99720140072414 96.3152384999994
0.19418794896269276 -2.0101573457641706 124.70897597472691 96.38075309999931
-0.3188902245338028 -2.0371236063594096 125.18812150374251 96.44586939999954
-0.43111406274066866 -1.8352589932825567 123.83232857066783 96.51115570000002
-2.3255852080506685 -1.444614240799896 124.74596754842176 96.57638209999914
-2.6613331805196765 -1.2177513500755546 124.69050648546701 96.64251519999925
-3.3232805852866107 -1.2006991787113277 125.68291345298155 96.70606619999944
-4.429159369802335 -0.4520936582878915 124.97140971743939 96.77193739999984
-4.669878450654728 -0.38558159838483064 125.01823476698313 96.83878569999979
-5.1026507718901755 -0.2499394997539529 125.60487615579063 96.90415859999939
-6.006807444735173 0.4789828721571686 126.1232220333035 96.96903109999948
-5.9648279777129005 0.4946681823149614 125.8176329983739 97.03496359999917
-5.883341474543428 0.79302125384915 125.38155076175848 97.09958969999934
-6.18204867778352 1.491043861089734 126.14032894425509 97.16402309999921
-6.181176495363559 1.6171974305924715 126.13631453340466 97.23051039999973
-6.023284678898669 1.7893538103955788 125.59434708886258 97.29537909999999
-5.270939560621876 2.4734885989880877 125.78426746863714 97.36015139999927
-5.34754005116821 2.461297719922681 126.71618589468683 97.42564869999933
-4.902530586214397 2.5568726531172508 126.39530548565064 97.49099849999948
-3.774149303416216 2.723755300488837 126.99920567135531 97.55755339999996
-3.362770606554328 2.6991041548670105 126.63910693336037 97.62254609999945
-2.9836452449506297 2.724993449331577 127.1388084267241 97.68837729999996
-1.0495587430706053 2.601504416771502 127.0570079784994 97.7540057999995
-1.0495587430706053 2.601504416771502 127.0570079784994 97.81947749999927
-0.024947849502126473 2.1719219190515378 125.85054455772388 97.88487349999923
0.10555372577017863 2.206105338655956 126.95433432932265 97.95042379999995
2.1640841832998206 1.3428617075244422 126.00457354817338 98.01648169999953
3.062899445558351 1.3711586271803193 125.17467767585202 98.08120839999992
3.60528919469958 0.7202376283592989 125.76053137211638 98.14706739999929
3.744681589070794 0.39841883318726407 125.5062626624772 98.21298189999925
4.586646637557649 0.208632449561321 124.9188551823256 98.27709859999959
4.668695214756717 -0.017644551917634366 125.79932638287536 98.34349049999946
5.459372472927555 -0.7982752079457617 125.37547602363195 98.40652179999961
5.772634518257213 -0.8528233411740006 124.77406642075628 98.47159769999962
5.9139399992651605 -1.2615631834651055 124.34566711906298 98.53715639999973
5.708509149079639 -1.3417967731082627 125.59585856183378 98.60265429999981
5.789231104760653 -1.5855187161171589 124.98635966402007 98.66853459999948
5.79077243097921 -1.6741341430902206 125.23394075205668 98.73418339999989
5.984898771366275 -2.005616723690846 124.05732730857252 98.79906439999922
5.513810878929284 -2.133190138635328 124.61934300074135 98.86410029999934
5.161343352382879 -2.2091232404903542 124.71251924194254 98.92858649999926
4.240434609686254 -2.3110367837889294 124.17632556193817 98.99321559999953
3.3509066610738216 -2.2805210164206304 124.58338695289463 99.05861819999973
2.8533218306901986 -2.251637624162282 124.78967114376124 99.12383569999929
2.517522873061637 -2.2660953750740402 124.72455472329153 99.18826939999963
0.828210155544113 -2.1368023663126037 124.6694622529678 99.25298589999966
0.828210155544113 -2.1368023663126037 124.6694622529678 99.31779899999947
-0.975670224947983 -1.712646600199613 124.67476679229516 99.38360479999938
-1.8699155387364854 -1.5590074144324406 125.56025283694336 99.44880909999938
-2.1275392454052025 -1.5126589288757808 124.77050749396821 99.51321310000003
-2.6197057754679847 -1.3734681819704249 125.0969257885331 99.57835829999931
-3.7916997725829873 -0.9164683192271464 125.2463558175059 99.64425729999948
-4.140374743354869 -0.7421308982661726 125.16070709447719 99.70870699999978
-5.22554176766122 -0.11271732429760384 125.66643327324165 99.77479529999982
-5.408696822557715 0.038454267207039594 125.6628591880602 99.83982839999953
-5.7313364717800965 0.40460966562055567 125.37592475397713 99.90515109999978
-6.036959268097 0.9101930636891428 125.6447254177871 99.97091259999979
-6.066282899385968 1.0753703985877696 125.87925291538923 100.0365554
-6.183715811175745 1.2387233533399051 126.1481445991298 100.1009110999994
-6.087834425958768 1.3872520654402853 125.86861042365905 100.1521004999995
-6.063888546832224 1.501230824899946 125.86580427074689 100.21711609999966
-5.565097957116876 2.3572298426981746 126.42652915650982 100.28319809999994
-5.261143537892096 2.515567839105309 126.9822813527483 100.34735389999969
-4.322500743235814 2.6967752269652303 126.7410816434695 100.41320869999981
-4.297816210705882 2.6937587055773333 126.85729405222129 100.47772099999929
-3.932537915998246 2.7418832638095108 127.16011925976656 100.54370989999916
-2.271533894516395 2.6601283401451217 126.6543716633109 100.60965029999988
-0.5532014002963166 2.4648513070841873 124.79936001213922 100.67457749999994
-0.5650459934494378 2.4777595367245504 126.7566742580353 100.74015739999959
0.6074300255678509 1.7966858451230117 126.311535804643 100.80757419999918
1.1582752323378571 1.792002605846057 125.86883690411055 100.87315199999921
1.1818406766510634 1.7875124164708578 126.47736964701222 100.93891199999962
2.9497828636618735 0.7172905455790226 125.58372619435946 101.00410799999918
3.6081809711310555 0.6306472434820958 125.97059807904637 101.06905429999915
3.6081809711310555 0.6306472434820958 125.97059807904637 101.13308939999934
3.918023972584045 0.312372445731523 126.48052760778373 101.19743799999924
5.110593412584187 -0.34099369428518467 125.48962319694421 101.26375949999965
5.511561148071571 -0.476553823781689 124.81847193497887 101.32747709999967
5.578568825392651 -0.6751646085790234 125.1028738038407 101.39284329999919
5.912217860315536 -1.2292628234067373 124.88919507578068 101.45826639999996
5.961594038001564 -1.3827260364559093 125.02160621352873 101.5232016
5.996801818462238 -1.4490446461551971 124.54786449246747 101.58819849999963
6.12008245304721 -1.882840432421196 124.18505253612352 101.65316649999932
5.9714386501880625 -2.039985445417585 124.4429508542934 101.7179999
5.66442809967603 -2.085338508594797 124.6936164530254 101.78198399999928
4.743591668828962 -2.312676268021225 124.14872336706141 101.84790919999978
4.111563392264998 -2.3331754046008393 124.75508609598431 101.91314609999972
3.923692269182588 -2.2825580672848393 124.17196717560552 101.9790039999998
1.9997134659973028 -2.3603621937942623 125.27409606359186 102.04373229999965
1.7055324532426255 -2.310420827197919 124.65335729854296 102.10772129999987
1.2623444871198615 -2.2032587238365773 124.52773206262249 102.17362729999968
0.9020982181506128 -2.1980470832735985 124.63162268285059 102.23961829999917
-1.0884753340948237 -1.7915845934630146 125.20240848437112 102.3044960999996
-1.2782132477897719 -1.7547783259333096 124.92089292688797 102.36991799999942
-1.550235267688791 -1.578644899989989 124.79441294992561 102.43451549999918
-3.4535717345090617 -1.0122301280087758 125.40641511287242 102.49901679999948
-3.8667587936702787 -0.9629159877700092 125.39665435452424 102.5646584999995
-4.118819820957356 -0.7708012136922561 125.47463051316917 102.63031369999953
-5.0530190532974615 -0.10885780757316543 125.64362055247311 102.69498739999926
-5.044647916391199 -0.0015456287028648985 125.054429107818 102.76143289999982
-5.783935435531319 0.19852212567578065 126.15602004703943 102.82618349999939
-5.68665308184822 0.9103612270186068 124.71410283062426 102.89219949999915
-6.032784661255086 1.0854191098173964 125.82846628665934 102.95709119999992
-6.183715811175745 1.2387233533399051 126.1481445991298 103.02134949999981
-5.832534339920095 1.9017530576458843 126.53753704521353 103.08645029999934
-5.580277963326893 2.014807449931934 125.84656787058115 103.15241269999933
-5.620989691647502 2.2390989916712036 126.26447460379403 103.21675829999913
-4.953650076658008 2.6072631115469744 127.26223062617956 103.28189529999963
-4.582438210541305 2.6733484062686625 127.23354042691685 103.34719029999997
-3.9500328176954227 2.7400806445915618 126.15963165073774 103.41226629999983
-2.6873308116005745 2.723160369043047 126.9051620834494 103.4791411999995
-2.4033847194584794 2.598447949516811 127.01778386136989 103.54372199999943
-1.976004953961258 2.449378879514108 126.85397961562556 103.60809019999942
-1.3784859155005904 2.4515971808994883 126.44299503100223 103.6726319999998
0.12264382743816782 2.1305382457427804 126.96916893273755 103.73783009999988
0.6135889214481764 1.7670832826921152 126.89241544904853 103.80255399999987
1.215728614425693 1.6695786718150316 126.81931561208238 103.86711219999961
2.664646536602831 1.1203722750440817 126.31155662684745 103.93153509999956
3.1763783931141987 0.6098307309420131 125.0463623448271 103.9961002
3.497467151765072 0.4502337889424739 125.50785532329212 104.06191509999917
4.970445480861713 -0.1086404227350638 125.39961236501135 104.12838489999922
5.23216985583133 -0.19152178280038823 125.0651785902257 104.19411619999937
5.115015297612636 -0.5932509445034734 125.47305804906281 104.25980509999954
5.661060037345692 -1.1119852771364522 125.32414786265595 104.32511119999981
5.838742778301359 -1.197010356779324 125.08686610800038 104.39072609999948
5.948273171656652 -1.3512385658483348 124.6310217679168 104.4557950999997
5.953387510481868 -1.7919344551543563 124.62849631745127 104.52167499999996
6.079571439214675 -1.8847402436768728 124.180535739806 104.58648229999926
5.926487968124945 -1.9792140411941128 124.83661082338641 104.65102149999984
5.114795076338467 -2.161891676150103 124.67165709301527 104.71550619999925
4.682491748734321 -2.255537368102606 124.63019814393729 104.78051619999951
4.2883256676137975 -2.2556024646483466 124.87858829134449 104.84604929999932
4.026331031915902 -2.21950570055525 124.51670844231654 104.91161579999971
2.2870214466054577 -2.186091049234638 124.81035560994522 104.97746089999964
1.9228397352455247 -2.336112047999235 124.6317111528068 105.04291369999919
1.448525845736306 -2.197776760242092 124.6065931521604 105.10844019999968
-0.194773139130632 -1.9402169221770857 123.99418831039426 105.17390539999997
-1.021518074755427 -1.8156822866199276 125.51905589188638 105.23934759999975
-1.1935037423987538 -1.7643718809380644 124.85063188176173 105.30373449999934
-2.728334092817377 -1.2592365555987168 124.82833903284856 105.36948829999983
-3.2571711373174566 -1.048567843662556 125.1356514964607 105.4338515999998
-3.5450467970070676 -0.9529484462794576 124.73629442233535 105.49904049999986
-4.639541546800068 -0.3367025970776135 124.92374094419598 105.56412239999918
-5.102688413964721 -0.1242711233112006 125.60350638036185 105.62873339999987
-5.113683762826902 0.06841817776265335 124.8822461787835 105.69300489999932
-5.916511242009278 0.635088332139899 125.66115755266583 105.7591266999998
-6.221817869353323 0.7630941699724442 126.5804947026218 105.82452889999968
-6.045199197422534 1.0133377920101392 125.86408815846636 105.88929039999948
-6.065252435130716 1.1934528777753997 126.03576728511182 105.95524389999991
-5.491930635194478 2.025579407854674 124.86934053879891 106.0211735999992
-5.7919709892158195 1.998282553141733 125.89779805580129 106.08545699999922
-5.0745415198854005 2.4645868724893103 126.65180819081989 106.15002989999994
-4.939869027901544 2.5086946322705246 126.76380916086622 106.2168517
-4.625381135901492 2.586194577869834 126.70157290031803 106.28099409999959
-4.101176903152911 2.6788139966517908 126.32215606510788 106.3460384
-2.7176041374092463 2.6833873261821437 126.73425744304708 106.41187079999963
-2.396480709235121 2.5997893951825306 127.16015336300421 106.47737679999955
-2.0819409955835653 2.4751892428079816 127.41100339131938 106.54359399999976
-0.6130575812794135 2.155062099551549 127.08931699790233 106.60891979999997
0.05922164594802126 2.281449531890023 125.95284208823945 106.67334029999984
0.6918988528667427 1.87200294678835 126.4199191491801 106.73786189999919
2.8185114432039455 1.1745496418627934 125.76621448633787 106.80251239999961
2.9323623817063407 1.0330150559783002 126.23573998133935 106.86865039999975
3.7180541691284787 0.358832153378376 126.197486462128 106.93381839999984
4.1412494637946935 0.34689707474864334 126.06117352362966 106.99950329999956
4.796805537090442 -0.16768218179155125 125.22990273517779 107.06561449999936
4.966150223130306 -0.10549278546416307 126.1571052052153 107.12934229999973
5.644698177055162 -0.8383772621346525 125.67538280828899 107.19353129999945
5.761038513646028 -1.0707460042445285 125.243602217571 107.25864729999921
5.839231622078145 -1.5090814555162497 125.18587846988191 107.32356600000003
5.868869295987622 -1.5879516131984421 124.99222148758675 107.3901109999997
5.843601605502329 -1.759916355631094 125.16996578962895 107.4544049999995
6.001891142447846 -1.871218275495187 124.41431295195267 107.51943579999988
5.926487968124945 -1.9792140411941128 124.83661082338641 107.58529599999929
5.11300577466897 -2.2087753695812022 124.56346375669183 107.65149709999969
4.675290133977548 -2.287653723993844 124.97501893680379 107.71612319999986
3.682404794178332 -2.2205563437223734 124.22124398422318 107.78187929999967
2.716829858517535 -2.3277128085963685 124.68155921334085 107.84782779999932
2.3347675115489466 -2.3083423995331485 124.79146608147789 107.9127071999992
2.080002484991738 -2.350545354545749 124.37024804867491 107.97750839999935
0.22457921213539578 -2.067801926019626 124.67982665321593 108.04258429999936
0.22457921213539578 -2.067801926019626 124.67982665321593 108.10826189999989
-1.5239953571949059 -1.6124512279487782 124.8947101080902 108.17213029999948
-2.3399458545427336 -1.3634279643454348 125.05319059487712 108.2378306999999
-2.4598338130053463 -1.1756739140940304 124.30905426908272 108.30318009999974
-3.054775336468367 -1.123615221937341 125.01396819643529 108.36876119999943
-4.307489326372554 -0.6480445038128563 125.61101781442066 108.43266539999968
-4.609100709346578 -0.5310999852416519 125.5753175269576 108.49714009999934
-4.7075519598646025 -0.3341726232313881 125.16121264677516 108.5627373999996
-5.706982774698567 0.253401448416942 125.67174294762823 108.62701219999963
-6.0152698206596185 0.5693204946881083 125.8505416283916 108.69300359999943
-6.118244977784705 1.1372167358199614 125.8246261764597 108.75897769999938
-5.932310818980042 1.2971031061766336 125.4051448082208 108.82344749999993
-6.052921416231719 1.5081536903212158 125.86297550712733 108.88833209999939
-6.189831861134209 1.6303272452425879 126.0944600829646 108.9532139999992
-5.742083233420317 1.8256210044366346 124.87735345868617 109.01829169999928
-5.1190108546951905 2.5758110243701653 126.54061222278015 109.08334489999925
-5.100526717720051 2.6114631479211323 126.29895895646928 109.14829019999979
-4.138448943626507 2.7547193486135675 126.54076817196771 109.21293489999971
-3.676698156931728 2.6882202231533254 126.69009651225099 109.2778488999993
-3.3856571822438184 2.859944967894757 127.12886472974493 109.34237979999943
-2.8491627251168765 2.734735708431727 126.75145429140139 109.40737819999958
-0.730929907131312 2.221121301630668 126.00221550525218 109.4731912999996
-0.46063050543855155 2.1418024511462304 126.52198422091085 109.53841419999935
-0.46063050543855155 2.1418024511462304 126.52198422091085 109.60278769999968
1.3648905413905865 1.5962451338974764 126.50128102293002 109.66868469999918
1.8921874673534802 1.432774168127688 126.45131284347005 109.73285549999946
2.3052068531743046 1.2841024066544504 126.818872629865 109.7985052999993
4.25748597761077 0.436027801391678 125.95768986171954 109.86327729999994
4.25748597761077 0.436027801391678 125.95768986171954 109.92732179999985
4.540626167725918 0.23578295447440223 125.37816122137069 109.99294199999986
5.487411862495215 -0.6646178183701231 124.72097572254653 110.05934129999969
5.656074321878776 -0.7109284555087555 124.88934248603091 110.12444699999924
5.747449941230656 -0.81983223432949 125.00889879994406 110.19013829999949
5.902494435248322 -1.43005836537914 125.28096104512379 110.2541068999999
5.966961963074638 -1.6336325618990308 125.00094337959558 110.31994279999981
5.966961963074638 -1.6336325618990308 125.00094337959558 110.38558159999957
5.882058067437676 -1.9452577533900253 124.91647435619782 110.45124909999959
5.553913857860046 -2.1335633219311103 124.80767445983523 110.51546399999916
5.34613527990799 -2.258652590422472 124.98811607487066 110.58079469999939
4.084512016872544 -2.2543486280200464 124.86849456676362 110.6459219999997
3.6645347768232384 -2.252806510570812 124.71219602075037 110.71030749999954
3.2086022360707744 -2.3618960314708284 125.12888561732797 110.77588619999915
1.7619483239368208 -2.3230975381173327 124.52700311951185 110.8416273999992
1.1513506857809261 -2.1840819495655146 124.85850197753344 110.9062731999993
0.7858070996533115 -2.1370493515043427 124.51713460007359 110.97138899999936
0.4559113580848688 -2.049110830089656 124.24722173391261 111.03595679999944
-1.300083374754685 -1.7077383738653062 124.57411790554798 111.0999566999999
-1.9378260267247072 -1.5341777742163267 125.15829704745823 111.16567499999928
-2.34986209071252 -1.4125155206033408 125.2366040921453 111.23053569999956
-3.8010961669486676 -0.8565643912227433 125.2006989931921 111.29660109999986
-4.135218962964302 -0.6763843875327148 125.21866747851746 111.36215369999991
-4.766147313696941 -0.5744179479101238 126.23679689551079 111.42830909999975
-5.352726953409636 0.027179734330974425 125.37034326614521 111.49301599999944
-5.752301654196138 0.2140751948714673 126.04855942051866 111.55935379999937
-5.980252855626929 0.3398544529602241 126.11450540286192 111.62303069999962
-5.80928122082959 1.0518547185413307 125.21906318487186 111.68808159999935
-6.088133194218315 1.261385434673631 125.870936438773 111.75379339999927
-6.190067829652563 1.4282701627455325 126.29815374447503 111.81830369999989
-6.050532087610641 2.121338481397631 126.1166169607015 111.88244149999991
-5.939633784350754 2.2443258664555215 126.20513069901531 111.94815709999966
-5.624245050581898 2.2800744257490413 126.590533295553 112.01414599999953
-4.2162699136019555 2.7269820936878517 126.2722206553726 112.07951169999978
-4.526355215457315 2.6842236717465644 127.19539312908864 112.14507349999985
-3.8634874030285147 2.751494346107009 126.8217335817628 112.20994939999946
-3.3593704948069316 2.878228093785727 127.00142677751597 112.27706390000003
-1.610652576462023 2.4911197372659326 127.02251185102828 112.33965699999953
-1.1300982749812007 2.3928356111644296 127.0357319628367 112.40483779999977
-0.7284994102522688 2.2886069553386816 126.87112486921242 112.47070249999979
0.9929254639535117 1.8101894194327683 126.48892825431182 112.53552199999922
1.2494701047679655 1.6551181025428092 126.53060552712195 112.59899389999919
1.6496571570962644 1.3949176338414713 126.84624700350719 112.66347399999995
3.273631199073513 0.715155947670631 125.81769658545794 112.72887629999968
3.469199666284041 0.5610081894561688 126.56749387465605 112.79447869999967
3.999506766528725 0.24978539038347058 125.91988393009996 112.85983029999989
5.157375080554502 -0.3611169228257519 125.38106670344226 112.92463609999959
5.273716926532892 -0.48215141922648364 125.3661249917879 112.98966329999985
5.37133811472485 -0.7197175005850428 125.45218625973567 113.05416729999979
5.991750540358154 -1.1997778968883148 124.56668097439298 113.11845799999992
6.1053318699269425 -1.307800758214038 124.41832387985843 113.18324539999958
6.189179592675437 -1.4204809283666253 123.8069575438153 113.24756649999927
6.113576510763799 -1.5386974909502777 124.36295553884624 113.31330119999984
5.954803305411758 -1.916828050868034 124.62365790248468 113.37771559999965
5.7906962096968115 -2.0856218506389106 124.68713255128927 113.44224219999978
5.617086069969403 -2.1788471653031536 124.3874329990326 113.50717029999942
4.295618838400699 -2.3470898751005813 124.53870616036954 113.57380169999942
3.8758775844018203 -2.3917303534960905 124.29562005732751 113.63831879999998
3.364610029491743 -2.377897908051278 124.74275195783383 113.70248199999969
1.7719863445560549 -2.27535873229963 124.32940987589991 113.76810919999934
1.1098843581437876 -2.232881304451682 125.32165326476152 113.83529249999992
0.872291140257694 -2.2598749634288806 124.66211277136242 113.90062879999914
-0.9234211208103105 -1.692336547092236 124.62239545579833 113.96579009999914
-1.3254928946417408 -1.7417070913841322 125.00453618207696 114.03131759999997
-1.4762509999822697 -1.603357690256972 124.3385327717771 114.09652069999993
-3.263509331040602 -0.9885409072848138 125.07899329390618 114.16190639999968
-3.7112183276704727 -0.8602018641593278 125.18498520436272 114.22594489999938
-3.9247677450869247 -0.7037935436295492 124.95658018777834 114.29159949999939
-4.447749363625071 -0.509247505042319 125.51943411221542 114.35747189999984
-5.047572542780195 0.06001759255551009 124.87180054042224 114.42153989999952
-5.753583806086773 0.2258082095199827 126.12188638088365 114.4876037999993
-6.1992070735614675 0.8735111105859173 126.13068511909067 114.55260859999999
-6.027043134260282 1.0231669052938268 125.6824899559798 114.61765489999925
-5.92546009458394 1.2764114693139805 125.61154585872191 114.68273999999928
-5.811189847366705 1.3636304414566616 125.34779105355359 114.74762190000001
-5.6389440391912515 2.0842708624170063 125.94989272243595 114.81269989999964
-5.788448322917681 2.0814547938664907 126.77826742248271 114.87735729999986
-5.242972806742543 2.3192681423260013 126.00428471312861 114.94132819999959
-4.740653296536536 2.6545003808082144 127.3890409836648 115.00666809999984
-3.975301691697574 2.7349998022792197 126.16691280773576 115.07160059999933
-4.011503362115121 2.6614366508416194 127.01882746207724 115.13613279999936
-2.2502546046044003 2.5023508028536763 126.66385494782062 115.20121549999931
-2.1567668661226875 2.451020729989181 127.52894041767915 115.26617949999945
-1.499013375293444 2.269934992027707 127.20703093579169 115.33085909999954
-0.04299644293930527 2.087538923869837 126.61845370652667 115.39709349999976
0.9497810459118838 1.794293713607836 126.63887750492997 115.4606931999997
1.20562598309278 1.8167147441448583 126.95055800102844 115.52639329999965
2.980931446284309 1.0309321778716596 125.48731579737706 115.59223079999992
3.1954404386843365 0.5828386216705073 125.43417612012588 115.65612069999952
4.472344553449091 -0.08090353668538064 125.12164980091939 115.7208155999997
4.839294412539161 0.08750751139974677 125.00081482959067 115.80297059999975
5.145746173455116 -0.35614732362659385 125.37552138391366 115.86830629999986
5.2461717406125885 -0.5671057166124124 125.29550048517072 115.9329386999998
5.836080762847324 -1.0715126730160867 125.09708422581805 115.99769619999915
5.958651241316041 -1.2102098929676766 124.85157436693268 116.06372539999938
5.966961963074638 -1.6336325618990308 125.00094337959558 116.13022939999973
5.796340795372508 -1.7413154154252761 125.28620453432848 116.21000839999942
5.999293432351578 -1.931998838545336 124.52369711049657 116.27522339999996
6.035728023954128 -1.9919541733462247 124.16659791413821 116.33975649999957
5.035275249913305 -2.207269149620364 124.5473387383026 116.40474189999986
4.79215533095563 -2.2056789334974254 124.35514178982612 116.46907469999951
3.5965241252424605 -2.3905381339976532 124.57819137948431 116.53395719999935
3.0955345375590326 -2.3287254920733447 124.66236849523288 116.59993769999983
2.5350113861939363 -2.3050752818444984 123.72912221181737 116.66370879999977
1.6603132144225725 -2.386181622306233 125.43543386102077 116.72831789999964
-0.05997211411393977 -1.9951647613311723 124.94679316200586 116.79362689999925
-0.49264801952273984 -1.9302347123631907 124.93487397626703 116.85942589999922
-0.49264801952273984 -1.9302347123631907 124.93487397626703 116.92456429999947
-2.0514164101915853 -1.5584994816467388 125.0703073294435 116.989552
-2.727192977027329 -1.1918047555670634 124.6876002591873 117.05452539999987
-3.2337775970561395 -0.9998425365462394 124.91273925548951 117.11782099999982
-3.583946454986666 -0.9858154663800024 125.17897712209317 117.18408799999997
-4.661150895573485 -0.5046993500048905 125.52825902622025 117.24848649999967
-4.603202258922117 -0.2918060661410583 124.55013946460994 117.31522419999965
-5.62357761066778 0.3453271645931856 125.55843011780529 117.38046919999942
-5.731626243764218 0.5299422864434775 125.37529481884502 117.44589519999954
-5.817995202944616 0.9385441562694453 125.17612518602752 117.5097068999994
-6.221849572362608 1.3408516819775986 126.37210394481058 117.57629949999955
-5.813807148274456 1.4810297427451031 125.53365598115124 117.64166579999983
-5.658640880193829 1.7489131944284306 125.33191519060918 117.70818159999999
-5.684904298922454 2.251450953946475 125.81056676152406 117.77323379999962
-5.2036455009744245 2.568489461799251 126.9153013114867 117.83730309999919
-5.022692603365421 2.4788281390350035 127.29215587879858 117.9026331999994
-4.206285497511885 2.694566667623462 125.9068921589423 117.96771639999952
-3.749474304607027 2.6776349801088966 126.92595035546341 118.03214789999947
-3.2105995264619125 2.69445555028568 126.76206355010794 118.09667409999929
-2.8428846354460617 2.749950000773259 127.03978980572847 118.16288789999999
-0.9094614250126298 2.111752272095708 126.92162992074535 118.22719959999995
-0.21614722870945968 2.1407474037961096 127.4293829481164 118.2924409999996
0.27805822471292885 1.8452844722111679 126.6041380691135 118.35685059999923
1.6147673311085882 1.3424764457780196 126.67805591020128 118.42140779999954
2.1851268676064706 1.4594376932001931 126.20508970842647 118.4877692
2.4609615558617435 1.2639656256868916 126.17493096994572 118.55138879999959
3.978880097242225 0.41272233295593336 125.91153252732504 118.61591119999957
4.467386368843286 0.21600144496346518 126.09568685720807 118.68191549999938
4.467386368843286 0.21600144496346518 126.09568685720807 118.7462659999992
5.21119887656932 -0.7000798030783045 125.69089581347126 118.81158559999949
5.700228840771004 -0.7728125806695708 124.7882668550413 118.87675489999947
5.945255196897378 -0.7928498441784336 124.53879608443891 118.94206979999944
5.839231622078145 -1.5090814555162497 125.18587846988191 119.00653459999921
5.9196017135068715 -1.6515348558658363 124.74428697384947 119.07178769999973
6.087460818451525 -1.634255894633605 124.3203977617019 119.13721109999915
5.934743541728942 -1.7540696780041172 124.96670776821571 119.20272849999947
5.416267729462859 -2.1947244919885796 124.95997995078942 119.26836289999937
5.117758151032604 -2.190474437212551 124.80797470943924 119.33341699999983
4.087176183548209 -2.3732112119201303 124.20956166021237 119.39804399999957
3.4700749099449126 -2.236022220120357 125.06892664943317 119.4632662999993
3.159491335732163 -2.376370453861591 124.73787163946292 119.52841239999998
2.8246061602830537 -2.4030559525263513 124.42849816727438 119.59498819999953
1.1740860797553552 -2.226775517997207 124.09709489045403 119.65922859999955
0.33302606125180034 -2.1351804369656726 125.54283428829544 119.72380919999978
0.061874819631604794 -2.070226498965985 124.81979395412033 119.78979779999918
-1.1764673886766275 -1.563588458291806 123.9655951445749 119.85495979999996
-1.977591408854856 -1.5445655932242834 125.08788749776222 119.92159629999969
-2.3715876431717007 -1.4268192814174263 125.10229490931171 119.9869177999999
-3.9183338911149264 -0.79075482871121 125.25002849861336 120.05328589999954
-4.281930297277015 -0.6057133813546537 125.28134508414635 120.11954519999927
-4.59667616936499 -0.5029904983969876 125.59379370015813 120.18375379999998
-5.4197261515430455 0.1501108500645535 125.31123852326407 120.24858640000002
-5.55764468077593 0.2930333763641494 125.22311807612176 120.31267649999972
-6.006807444735173 0.4789828721571686 126.1232220333035 120.37834979999934
-6.025823165385411 1.1488233587089778 125.67742131073298 120.4425913999994
-5.958027675673684 1.2729247479019312 125.56125613444947 120.50799989999996
-5.971012322012037 1.529832375390901 125.62639172212215 120.57390369999939
-5.929961666565738 1.6731774236547408 125.39385614590844 120.6388911999993
-6.059932639717651 2.2760050118175332 126.90321888318823 120.70357189999959
-5.546229562316633 2.454477051906641 126.87623397339124 120.76771499999995
-4.9833014875815635 2.5576089176799885 126.38430119861343 120.83362649999981
-4.119113350591029 2.749059800346101 126.98588885411674 120.89914169999975
-3.8300775364448754 2.73178814843658 127.1458679131727 120.96395249999932
-3.1647729320063362 2.8378996678935526 126.55384577956347 121.0294632999994
-1.355775093789454 2.564076389038937 126.57856885845858 121.09451659999922
-1.2315715613226175 2.411801751299163 127.25612482632492 121.1598555999999
-0.725928336844504 2.2236474589367132 126.96929276490928 121.22380809999959
1.0312974408496984 1.9105029002713683 126.66140590053787 121.29015039999922
1.3355038484142838 1.5611358566366444 126.94076344751551 121.35556439999982
1.934650528911206 1.4607907992891058 126.72092307309504 121.42057829999976
3.3646985306836896 0.6517148228247192 126.37959298340016 121.48699549999947
3.9101613543785874 0.41398951893702807 125.59450484461335 121.55226569999923
4.07219111107085 0.28586630559861204 126.08406055564383 121.61819849999938
4.679928392763308 0.14747618227600412 125.10966638962628 121.68160869999974
5.445838130857069 -0.5684418123468408 125.15465714859688 121.7473674999992
5.549052919032867 -0.7993731472942452 125.53972639674951 121.81253989999914
5.969102802991223 -1.2758519621976565 124.88846537847574 121.87774019999961
5.961594038001564 -1.3827260364559093 125.02160621352873 121.94222419999915
6.102057808924712 -1.4961730275540832 124.34500347529638 122.0080324999999
5.917617053981019 -1.6741845425961919 125.2279556704681 122.0737425999996
5.929632018799211 -2.0403780000153513 124.2621627563073 122.13973309999983
5.553913857860046 -2.1335633219311103 124.80767445983523 122.20476439999948
5.298290999295801 -2.2261454598856885 124.68291319087947 122.26964150000003
4.037002135702721 -2.3473273788706708 124.74176765157469 122.33400899999924
3.7672155983685442 -2.223369193287092 124.2132143320869 122.3994004999995
3.266881067168221 -2.3897546609110845 124.5758954089329 122.46386449999954
1.6454488523275401 -2.274921131836655 124.33807860071852 122.52860099999998
1.1070815242716137 -2.230029213950535 125.1784547828474 122.5939516999997
0.7019755961650347 -2.1364271103235746 124.67572904171692 122.66053629999988
-1.079629180302888 -1.7741244543643728 124.83623766076627 122.72474639999928
-1.3812069229573396 -1.7183121927570202 124.50853490045061 122.78952589999972
-1.8390925887615666 -1.5643380962933184 124.92090263993539 122.85366039999917
-3.6842040647785197 -0.9773015616303632 125.65753550832629 122.91801049999958
-3.973822026249678 -0.7475385975702514 125.53707634303254 122.98222799999985
-4.071478705654968 -0.6196214780490487 125.06646178119871 123.04596669999955
-4.434482710981612 -0.47861749312686064 125.22296268044738 123.1117265999992
-5.276215361252476 0.18367714194135243 125.17575715492949 123.17799109999942
-5.706982774698567 0.253401448416942 125.67174294762823 123.24266369999987
-5.836657359419149 0.505267405611785 125.87910875855823 123.30781549999938
-6.1845105517703445 1.1125569013890948 126.15194525936668 123.37345059999916
-6.088133194218315 1.261385434673631 125.870936438773 123.43933500000003
-6.013425134574199 1.4501770182556475 125.83490676691919 123.50459030000002
-6.136692051599503 2.100827110339728 126.3666393228082 123.57008929999938
-5.906160556197278 2.2535406968958585 126.17571661286811 123.6345210999998
-5.756178340105684 2.3680984585516254 127.18973838977828 123.70691129999977
-4.767955919542935 2.556648720281 126.93544026447579 123.7633409
-3.782400709143978 2.853386941359608 126.52896208673067 123.82779719999962
-3.9510738681391757 2.8408684610591663 127.3787979017856 123.89374229999976
-1.7752080547067024 2.393088149814824 127.06647783281313 123.95958410000003
-1.333679669129232 2.644853911550484 126.49266745301371 124.02449019999949
-1.031857721698394 2.408767919344584 126.07855923143926 124.0893059
0.46817579057804437 1.8226827049603558 126.4291032219797 124.15631369999937
0.46817579057804437 1.8226827049603558 126.4291032219797 124.21981340000002
1.588349397274044 1.6861651529984394 125.81693741987552 124.28440339999997
1.6897306332607016 1.2014053257498434 126.705808565359 124.34932469999967
3.4415854494074125 0.7973329515379733 125.62633279119557 124.41438579999976
3.744681589070794 0.39841883318726407 125.5062626624772 124.47871899999973
4.719431594102915 -0.04188042485930965 125.66214047930421 124.54422989999966
4.982641251692968 -0.33453394526740887 124.91119777197164 124.60878830000001
5.493553605742484 -0.44035143961651146 124.96066505581464 124.67545059999975
5.5852428356377 -0.7742363911302882 124.92134962690498 124.74065379999956
5.939132975654381 -1.3375590637027432 124.93559931407698 124.80557869999939
6.003246231194353 -1.3185888182507388 124.92747791152543 124.8714130999997
5.9696750986726315 -1.759026706390702 124.99054189924229 124.93749249999928
6.084193368486169 -1.8668350383593149 124.31629059996277 125.00282539999989
5.927005714295589 -2.0107453889932687 124.98936189253692 125.0675025999999
5.680801178285833 -2.1338520075377443 124.79913728421522 125.13274379999984
4.436204805390354 -2.239925550767434 125.03390119160731 125.19857449999927
4.281476877303319 -2.344819099233461 124.49326622837958 125.2634666999993
3.9722024989531306 -2.2772181590045415 123.98995544098375 125.3287606999993
2.519638148696636 -2.2495869000009487 124.79860827529286 125.39481009999963
1.8024955602030843 -2.2288416758479377 124.06376555647297 125.45957550000003
1.24052862240395 -2.196974274911426 124.76542204243998 125.5242632999998
0.8212707293367387 -2.1974289910601263 124.7794493055604 125.58893199999966
-1.1004234396453754 -1.772367028384179 125.4481105623485 125.65436950000003
-1.1004234396453754 -1.772367028384179 125.4481105623485 125.71984229999998
-2.6197057754679847 -1.3734681819704249 125.0969257885331 125.78670149999925
-2.894720403452027 -1.1553325373061942 124.49912367009124 125.85036129999935
-3.7607425418583276 -0.8687441771674534 125.14654554865112 125.91580599999998
-4.022476045991695 -0.7556893106266153 124.98902712558156 125.9810740999992
-5.003798898513956 -0.2129758353774872 125.38206929959175 126.04514579999977
-5.229131278024589 -0.12383649892944604 125.60680228262802 126.11076409999987
-5.731626243764218 0.5299422864434775 125.37529481884502 126.17550219999976
-5.762076199448856 0.7986615000126349 125.19716942353071 126.23996199999965
-5.700115058818994 0.9925654553206689 124.65566645986132 126.30461729999934
-6.18204867778352 1.491043861089734 126.14032894425509 126.36903899999925
-6.032914542016947 1.6945617160689181 126.07085280019076 126.43414869999924
-6.1397714402156325 1.8480388873999876 126.37860438901691 126.50055259999954
-5.817916666566916 2.0930101503302647 125.806905218858 126.56461760000002
-5.173941780214641 2.541689290698233 127.29632894396845 126.62865039999997
-4.766665137803322 2.7302172135001412 127.34310940533378 126.69403559999955
-4.037588889979766 2.6995321276855 126.70091843603662 126.75880079999934
-3.08112797421839 2.6943835795191236 126.75338387212923 126.82469979999951
-2.58171500946694 2.833769560157066 126.6479366803068 126.88933259999976
-2.58959607336584 2.581591344783221 127.16477612445037 126.95329849999962
-1.324790472352639 2.3588476849306925 125.65980711175732 127.0183677999994
0.6884017116363523 1.7254083797625515 126.09722277017588 127.0829576999995
0.6884017116363523 1.7254083797625515 126.09722277017588 127.14810079999916
2.147719108436 1.2742013959889764 126.49006175276925 127.21445919999951
2.6747011650030643 0.9930000197983849 125.92406069063416 127.2790600999997
2.846325976818477 0.9234273773392089 126.77129586615357 127.34421059999931
4.340145796232541 0.16481203567424363 125.55503962622022 127.40931569999975
4.469181396955612 0.038425171182063234 125.54207741647642 127.4749953999999
4.907082436440021 -0.33812159716678913 125.47202364771235 127.53992859999926
5.132612127341012 -0.1955195828603683 126.09655462190639 127.60480969999935
5.839200996537869 -0.9326680028502728 124.65902069519693 127.67014440000003
5.763171937921477 -1.1962930543727706 125.23579815406721 127.73397479999949
6.0425528937600035 -1.6020332611959147 124.39727448545953 127.79891919999955
5.9608954433931345 -1.6950767222278311 125.1262316177937 127.86455669999941
5.845811516104881 -1.8852920091112657 125.16193938712983 127.92873639999925
6.129273323505863 -1.9277490077111796 124.02915529091644 127.99480239999957
5.400781987528767 -2.114102598862221 124.16109922058872 128.05961809999917
5.11300577466897 -2.2087753695812022 124.56346375669183 128.12543969999933
4.831328425872009 -2.2966595443504887 123.76555645067343 128.1908670999992
3.0215789321143163 -2.4221329923207104 124.32486883102703 128.25778699999955
2.7685558013484552 -2.2564585319029864 124.11668856000432 128.3220849999998
2.211922465381889 -2.326317409237792 124.70662844494137 128.38734809999914
0.3371701585732154 -2.1645450009516463 125.32846566795186 128.45300789999965
0.08502082496036678 -2.0213883332926685 124.28505613263661 128.51847029999954
-0.440517954895995 -2.0012782282324655 124.9080555209252 128.58422099999916
-2.085951924686384 -1.489315324488794 125.04034977471918 128.6488961999994
-2.3434378786991346 -1.333224321075459 124.6005810164603 128.7155430999992
-2.8010542081207817 -1.1842404709103285 125.07807823224742 128.7804656999997
-4.215841874126902 -0.5662922659549249 125.01278742924751 128.84450939999988
-4.356935529385069 -0.4447716771978961 124.78972883179867 128.9103338999994
-5.115093550640431 -0.29270400993746126 126.03005497266167 128.97560279999925
-5.102688413964721 -0.1242711233112006 125.60350638036185 129.04106409999986
-5.909987581068698 0.5816322144126667 125.84259969564678 129.10688909999953
-5.839577588144756 0.7970041589752179 125.36837379469851 129.17126519999965
-6.036959268097 0.9101930636891428 125.6447254177871 129.23731439999938
-5.808850423528817 1.6142720072433767 125.33792841556968 129.30131159999928
-6.0010240645690445 1.758092814595328 125.82419225531017 129.36685820000002
-5.861811861064062 1.9787094243099879 125.5550413245719 129.43182029999934
-5.357766482743898 2.480516189759384 126.77194142277376 129.49747979999938
-4.763382523161297 2.510717812358337 125.74968462811128 129.5633269
-4.700996187674164 2.682730157580274 126.07493228350955 129.62768639999922
-3.3492616773055772 2.694935712142142 126.7351438544557 129.69337309999992
-3.3168734403571207 2.7932916339887526 127.18831383909263 129.75952719999987
-2.77547992674031 2.639332529252137 127.54091568749826 129.82485859999997
-1.1192851374110475 2.3112585970823196 126.62326619419682 129.8891877999995
-0.6510868684753106 2.162203728507256 127.07421574593025 129.95610579999993
-0.055947699348408264 2.137857985394277 126.45464636569164 130.0203079999992
1.9750864278807683 1.3888934333025467 125.94548023285448 130.08606699999928
1.980648601024484 1.3074551474471634 126.90926862371435 130.15047439999944
2.354603071549306 1.2271900979980097 126.27519548812477 130.21569419999923
3.798700287428886 0.25076021242968427 126.05434009378988 130.28118969999923
4.608924884586884 0.4521590013109062 125.22259266079277 130.3459014
4.994862469444193 0.08350841095534112 124.67499448983956 130.4116086999993
5.063140719134687 -0.0825362281999733 125.19925239636217 130.47674469999947
5.773008743112825 -0.6822507861728048 124.59249224231003 130.5406207999995
5.70795886474334 -0.9265836216224869 125.08721100191079 130.60596539999915
5.783958885196668 -1.0258608734907866 124.78383780532259 130.6719839999996
5.836726550763608 -1.603079418254076 124.86753813358865 130.73624539999946
5.7955284749168 -1.7290033312350723 124.85959143631912 130.80108579999978
5.841494318346868 -1.8531230945216834 124.84994200083636 130.8660788999996
5.687415932109332 -2.036528960963048 124.23872927250731 130.9308629999996
5.2440082739449565 -2.190549963714612 124.8023442549214 130.99700399999983
5.14918832158903 -2.2973587886111213 124.16732114235856 131.06124459999955
3.803965438745557 -2.2485070435622716 124.01447937137971 131.12766549999924
3.0141809006344857 -2.362304352607117 125.22588551400521 131.19356029999926
2.761939681311233 -2.3584401909843287 125.07381155837952 131.2584608999996
1.0180396383966865 -2.180113944288748 124.73569082341274 131.32399879999957
0.6642808724312985 -2.1644833903842806 124.46366897535736 131.38901889999943
0.19159181567645334 -2.0086784967858575 124.56512291296076 131.45476559999952
-1.427253562465026 -1.5827329052537462 124.58217495912405 131.51962099999946
-1.893353265834186 -1.5464078919977875 124.9395855604939 131.58562569999958
-2.309962055746233 -1.3329101069252722 124.83534819928136 131.65131739999924
-2.674389246932222 -1.2500153450927063 124.995597525948 131.71699949999947
-4.246455732361248 -0.6448151987660148 125.48067685756065 131.78188189999946
-4.434482710981612 -0.47861749312686064 125.22296268044738 131.84758379999948
-4.715375029999457 -0.3617545845898721 125.26785003624339 131.91345099999944
-5.632672480786034 0.2906615227399206 125.38612880152006 131.97907009999926
-5.889077216994728 0.44302940779701816 125.85028374115406 132.0433521999994
-5.805825305875068 0.7250342509760804 125.43669228215177 132.10892999999942
-6.32818698849033 1.3095005675701779 126.81569621528277 132.1732153999992
-6.13042880689251 1.488793679982202 126.10518323219436 132.2370891999999
-6.020744199330494 1.6513821120711158 125.65661112031023 132.3023149999999
-5.797452712051715 2.2905003454603805 126.54510357815421 132.3659807999993
-5.2667360840319475 2.4794216465417556 126.55020987604033 132.42953749999924
-4.854718452822773 2.52342693830741 126.69691213116045 132.49479239999982
-3.7225385577872245 2.8335392435183455 125.63808729478946 132.5588355
-3.808604633541897 2.8226429501514336 126.71683952929405 132.62350539999989
-3.3659450870538308 2.624314236057486 126.70918915051013 132.68921809999938
-2.6545107600987237 2.8968983390092755 126.43925862799522 132.75429899999926
-0.6507517139827641 2.51421061107614 126.39876243305254 132.8201851999993
-0.38212696624240294 1.971559937759829 126.33344263416515 132.8846896999994
1.1619985916988256 1.7760802780744207 126.15342839528623 132.95039739999993
1.1619985916988256 1.7760802780744207 126.15342839528623 133.0160968
2.1704554224295904 1.4865049437423181 125.799961016089 133.0820722999997
2.3654749800316495 1.3508346042619694 126.2303366551256 133.1453066999993
3.8741687336234136 0.2721026558005063 125.4916519563066 133.2103720999994
4.142114673922244 0.2196583148931437 126.0574206714767 133.27441719999933
4.856551636881363 -0.3406358196376692 125.5015144738916 133.33837640000002
5.373589849612294 -0.2938863532161914 125.59048659114907 133.4034471999994
5.685164829713493 -0.5318194137055653 125.27451120667693 133.46787459999996
5.748571932718562 -0.9422247088666181 124.94393737719041 133.53150189999997
5.902494435248322 -1.43005836537914 125.28096104512379 133.5973587999997
6.2447808742946975 -1.4802812971051633 123.83512718993494 133.6631843999994
5.966961963074638 -1.6336325618990308 125.00094337959558 133.72806539999965
6.192885948218191 -1.9001037355365753 124.06773792066295 133.79260879999947
5.64931089716805 -2.0404819427760086 124.50738373009578 133.85833209999964
5.45925651949122 -2.2236574847212576 124.60237332528149 133.9221895999999
5.39827903583776 -2.1444608029529517 123.83288106001348 133.98716779999995
3.735170142564826 -2.2692495555472854 124.50410000879091 134.05213539999932
3.735170142564826 -2.2692495555472854 124.50410000879091 134.11824149999939
2.1190035602196957 -2.3854733862209248 124.67687916790084 134.18163829999958
1.5886160738624682 -2.2636996380209906 124.62173503140131 134.24716289999924
0.5953205115101312 -2.179678857922337 125.07445148057192 134.31279069999982
0.09674041616244011 -2.0391757746702965 124.88664250028383 134.37691209999957
-0.9922924851656774 -1.8319355244643227 124.66303734524637 134.44164779999937
-1.3575493679900674 -1.6404056971619885 124.84546356248971 134.5072664999998
-3.054775336468367 -1.123615221937341 125.01396819643529 134.5712907999996
-3.7361862396685623 -0.8251288705282781 124.82278491739122 134.6372997999997
-4.349995467435271 -0.5990649288478581 126.00360196269983 134.70282279999992
-5.003798898513956 -0.2129758353774872 125.38206929959175 134.76753439999993
-5.22554176766122 -0.11271732429760384 125.66643327324165 134.83122339999954
-5.3810219192796325 0.164428878878782 125.38337540008048 134.89610819999962
-5.50671865381252 0.2902326940899637 125.38364907553365 134.96123289999923
-5.6852736683778105 0.41858553674963317 125.42507815376663 135.0267406999992
-5.897862709988416 1.3413590994912798 125.5988776945173 135.09116259999973
-6.081810145395352 1.492913989272103 126.07952581077872 135.15666259999944
-5.966429075197027 2.145225278912532 125.7879980981341 135.2208785999992
-6.024985116199872 2.198640415138598 126.0416053292038 135.2860897999999
-5.950588908773348 2.230816276852494 126.30466200047918 135.35020799999984
-5.32965157977231 2.458075322786584 125.81920915293563 135.41562989999966
-3.9283658062177764 2.7885670022091023 126.49965436384866 135.48104590000003
-3.6940511956674484 2.734471963440908 127.10760186536277 135.54624419999982
-2.599184557181111 2.6579472734165295 127.2037532902352 135.61254709999957
-2.234593801009254 2.5720991671930578 127.2442316301949 135.67767919999915
-1.7677665499122952 2.5269683678316315 127.26639751926838 135.7425776
-0.9847864299430498 2.424467655760304 126.80710460713526 135.8240810999996
1.2483896959486458 1.8074371584005116 126.51702274200014 135.8896883999996
1.2483896959486458 1.8074371584005116 126.51702274200014 135.9545180999994
2.6835068924488894 1.2638646520210075 126.74985174592656 136.0204423999994
3.2761352342295353 0.7622415350086524 125.55934592289076 136.08534769999915
3.43036080526322 0.6864095591450249 125.80833538906339 136.14915709999968
3.887856061868142 0.6734016424574016 126.2106422194933 136.21579999999994
4.982564454939258 -0.15035081130848438 125.59197458352544 136.27969999999914
5.316120116929241 -0.5035057404214561 125.2683672643326 136.34524859999965
5.858446322068751 -0.960817230293663 125.0326691223304 136.41052629999922
6.047992044169355 -0.9591217505239306 124.76363659469436 136.47448409999924
5.890061422636684 -1.3211192104442375 125.05529933702755 136.53889919999983
6.037401543952626 -1.7111015253747497 124.69487378459412 136.60314779999953
6.193594136236172 -1.7441077289547975 123.90847274166046 136.66927439999927
5.97033642128978 -1.978455283409486 124.834679032682 136.73361309999927
6.004102828089131 -1.9957447171439924 124.406354137553 136.79880779999985
4.908731178213699 -2.206969779978674 124.5553682391341 136.86399669999992
4.559178655764541 -2.3801777498481367 124.62608482692687 136.92959829999927
4.240434609686254 -2.3110367837889294 124.17632556193817 136.9953743999995
2.6053530166056262 -2.3054809298959924 124.26183165059777 137.0588732999995
2.141876925982814 -2.3734524502416687 124.81335000177491 137.12468159999935
1.8024955602030843 -2.2288416758479377 124.06376555647297 137.18881129999954
-0.08779962869542857 -2.04513065468445 124.57031467433313 137.25523259999954
-0.6149085004781298 -1.9259532701916489 124.83720525173023 137.31975799999964
-1.0705879747327884 -1.8030626515238133 125.06647242812404 137.38539129999936
-2.475985932281823 -1.1925414298746602 124.6799574460481 137.45040379999955
-3.0319690919552826 -1.1530751478298953 125.33233609171945 137.51601729999948
-3.46571251946326 -1.0279288826697095 125.24458963157556 137.5822565999997
-4.425999808764459 -0.36822536914291326 124.59063305608296 137.64658280000003
-4.778244098375552 -0.18720127778228424 125.08285385329204 137.7133445999998
-5.319196603646695 -0.11739779629085623 125.88524489837155 137.77736669999922
-5.3137971155573425 0.09082519707884118 125.50255796532822 137.84157519999917
-6.032253557991169 0.7438623549679567 125.75914603035129 137.90587759999926
-5.9444483067866045 0.9105086968292485 125.37589766392179 137.97144319999916
-6.1845105517703445 1.1125569013890948 126.15194525936668 138.03631139999925
-6.099665813894688 1.7434373293533167 125.95256489840484 138.10195009999916
-6.209724115099689 1.9789099336356202 126.3279639483821 138.16599379999934
-6.2331640027856565 2.1669445117647497 126.32699279333912 138.2307277
-4.499837324442517 2.5888924818652663 126.51263941526453 138.29563209999924
-4.13772042261953 2.6867953992872757 125.96465786755404 138.35943829999997
-4.273361770099854 2.722908707479171 126.32590934442331 138.42434629999934
-3.172518900544297 2.7714709087907514 127.67647873858284 138.4899501
-1.9528880812855576 2.6387535778743154 125.5274358196696 138.55496829999993
-2.063994212266998 2.8655256855763453 126.67057410656606 138.62076369999977
-0.34752509592379965 1.8752704046035413 127.11104627058393 138.68567499999972
0.5417307384883827 2.286919543272856 125.57508638651319 138.75244339999972
0.7379873422099408 2.0921777857002697 126.24432803512153 138.81714479999937
1.3640759255523633 1.7107115169782667 125.79851814533352 138.88325949999944
2.6073963764953945 1.3394026597022295 126.43158035542204 138.94892699999946
3.203834195809627 0.7045506857439763 125.04110393247677 139.0147509999997
4.803800601827675 0.23160542016050012 124.87096305706551 139.07844939999995
4.716735731648114 0.08428409008679905 125.67230856836656 139.14408509999976
4.981903737118181 -0.2563765897752862 124.97154887499765 139.21072709999953
5.060943146308055 -0.3772570455555456 125.28584100853818 139.27495709999948
5.798214459061768 -1.0277670939390084 124.902283960971 139.33958509999957
5.860476540223026 -1.0863019531069624 125.02473805765291 139.40509109999948
5.779613875613734 -1.2178853177311848 125.63697536615295 139.4687301999993
5.964147651761984 -1.710878578636141 124.83385062733454 139.53450329999941
6.000830348250609 -1.8539368756366992 124.39952847842605 139.59903379999923
5.945422415498641 -1.8999407585810832 124.938925944806 139.6637428999993
5.254957667357296 -2.227065531203119 124.68413483319057 139.7302213999992
5.066733879055562 -2.1773698751099677 124.25782734302669 139.79417159999957
4.688854351991083 -2.207584890055928 124.42503798706925 139.8590304999998
2.9692975218327575 -2.3283912091488435 124.6688023137809 139.92421979999926
2.59059940420655 -2.327368743296254 124.68788211661936 139.98894259999997
2.211922465381889 -2.326317409237792 124.70662844494137 140.05282549999993
0.5029739927555639 -2.1470205316934408 124.58025208259015 140.11770069999966
-0.05823949935165729 -2.0093735706455056 124.72095074187114 140.18198089999987
-0.4723672004839443 -1.911762113011088 124.52439517364719 140.24599119999948
-0.9518719354249612 -1.8171855034420026 124.87467983225947 140.31260439999915
-2.343882600550664 -1.3355569071684599 124.81476592994157 140.3773554999998
-2.6042033110317035 -1.2392653490831216 124.38286823179936 140.44232289999945
-3.3090265080288788 -0.997654140044497 125.02760739177998 140.50654169999962
-4.521484916055023 -0.4903411987645986 125.1775765058395 140.5712952999993
-4.887024281393728 -0.33176683827357023 125.44791241095422 140.6358320999998
-5.369661997691168 -0.16568371941441895 126.03747746369123 140.69960869999977
-5.761488742019495 0.5310132188225544 125.32469096698173 140.7657752999994
-5.839577588144756 0.7970041589752179 125.36837379469851 140.8291868999995
-5.83579592735078 0.8612572957946857 125.22846930181188 140.89431949999926
-5.554769965329989 1.6037372435116664 124.65602330760854 140.960145
-6.141270359504709 1.7216308898432535 126.38447373722755 141.02387199999976
-5.976424302231116 1.931996330624023 126.08694485402916 141.08840409999993
-5.872000934919477 2.1247906935046936 126.0779215522983 141.15281869999944
-5.039340768727243 2.543521953889351 126.49403537146294 141.21772650000003
-5.033702875280994 2.5435111183041186 127.31263387221217 141.2817943
-4.282410140039659 2.6765213684685243 126.35799497559813 141.34686049999982
-3.003996852709406 2.7551846612221835 126.8091013285219 141.41332169999987
-2.4355209712075663 2.8706999522916314 126.70413417192717 141.47725529999934
-2.3931674479251654 2.593077707004507 126.70795959756533 141.54231039999922
-0.22980038568648808 2.1835418844092604 125.55805340216142 141.60635849999926
0.28340241632895413 2.2672669309885722 126.38537244308785 141.67147549999936
1.5229344013858608 1.7956308283485876 126.14956813687692 141.7368818999994
2.126819887285599 1.5011374270923845 126.61176935297536 141.80157899999995
2.6725703528737483 1.3169659121829136 126.20914564406172 141.8669734999994
2.889814874222701 0.7613684141323351 125.99238337430744 141.93174980000003
4.301718235557267 0.35093037433769025 125.93963199957247 141.9957319999994
4.6394658160361715 0.0601102454770146 125.97464946909773 142.0608784999995
5.437490794861262 -0.3968078658710933 125.74850629358467 142.12644199999977
5.5654360807698 -0.6010639763440507 124.94757102420616 142.1902887999995
5.784449065845436 -0.8600999976085658 125.33205857237925 142.25497599999926
6.032334365342294 -1.044162109612575 124.52061068081845 142.32133769999928
5.920584550987407 -1.2936065004840307 124.75609917041493 142.38527069999964
5.890581757924025 -1.7589806783936317 125.15528290836018 142.45033739999963
5.913117899577152 -1.8071268082172702 125.23863238561331 142.51515870000003
5.745705279659823 -1.9908383154408167 125.14448878543661 142.58030679999956
5.298290999295801 -2.2261454598856885 124.68291319087947 142.6464391999998
5.073166634432965 -2.178954763541207 124.40464145683427 142.71161099999972
4.610363148857466 -2.2366917565715227 125.01166139101205 142.7757718999992
3.0955345375590326 -2.3287254920733447 124.66236849523288 142.84079399999973
3.0955345375590326 -2.3287254920733447 124.66236849523288 142.9048731999992
1.3260370395879946 -2.1989587243640925 124.75623047317185 142.97062709999955
0.9055755921906155 -2.244748401845105 125.07947044540322 143.0363000999996
-0.0549096912054452 -2.086538585706158 125.13421665035452 143.10062859999925
-0.5828199643937921 -1.9146549224529807 124.93534372644557 143.16549439999926
-1.5832909383449945 -1.611200521293286 124.94338342871181 143.23033119999945
-1.9620362734327372 -1.5039187466162445 124.83582835313469 143.29621099999986
-2.420025579772215 -1.3759185001674399 124.9811450896634 143.36044709999987
-2.8420548896216786 -1.171795550345892 125.13609263858278 143.42584019999958
-4.557515970265008 -0.45576251375415644 125.67973783589093 143.49117849999948
-4.797307321800055 -0.29365745056519843 125.25137675526169 143.55601819999993
-5.370017432673862 0.1879985289320354 125.57841195106937 143.62081729999954
-5.5112583636296435 0.3047553541312126 125.77947817089286 143.68592079999962
-6.006807444735173 0.4789828721571686 126.1232220333035 143.75168199999916
-5.8186249968283335 0.5339275004510824 125.37830555643446 143.81623639999998
-5.937371641552936 1.5034953710833274 126.09398315664164 143.88076049999927
-5.520869036171611 1.6865192096356525 125.11304233422696 143.94644999999946
-5.991093788415313 2.1930233994534087 126.8131725093077 144.0113320999999
-5.829530487049404 2.2816341646343457 126.52429676212853 144.07549039999958
-5.77889626904436 2.383205275927026 127.14231391521788 144.1417238999993
-5.471264688842574 2.450667880693616 126.76927870646313 144.20545539999966
-3.733875909298078 2.876062996210579 127.43296700367127 144.2713365999998
-3.244010935048429 2.664744275870599 127.22605283097683 144.33672639999986
-3.244010935048429 2.664744275870599 127.22605283097683 144.4012299999995
-1.2095020509203636 2.5194828273128325 126.27231255187654 144.46647159999975
-1.0880186012382325 2.433128841920571 126.4480598623354 144.53194879999955
-0.6636768798731794 1.9206683588868185 126.8798645031028 144.59714519999943
1.7901949815921867 1.5780479805150347 126.67566378495113 144.66258129999915
1.7901949815921867 1.5780479805150347 126.67566378495113 144.72884499999964
2.1065818588976555 1.2581854572160565 126.67616662141079 144.79430299999967
3.5693978560509194 0.7224829614199462 126.14689918351799 144.85775429999921
3.798700287428886 0.25076021242968427 126.05434009378988 144.92302909999944
4.35182863422969 0.22066513526658205 125.7215187471771 144.98674009999922
5.364625837774696 -0.34131630355815756 125.4776970179215 145.05131619999975
5.444954730744556 -0.588337378735592 125.80815488428505 145.1155248999994
5.500677924915109 -0.8459749738591086 125.4371458563768 145.18021339999996
5.915854456416156 -1.2379468195023806 125.30874556307869 145.24541269999918
5.952390439085136 -1.3782595836123104 125.19000630128579 145.31045279999944
5.888410620331776 -1.633515321349055 125.16321532509181 145.37384669999938
6.163460249278572 -1.9429834954733654 123.97830450758075 145.4401197999996
5.919063001506885 -2.004165972019904 124.55117796455089 145.50486239999918
5.476913973388292 -2.1642042667051276 125.11435646978025 145.56969989999925
5.411398665079091 -2.2387229942685947 124.1854017024577 145.63358599999992
4.205256855090028 -2.319771672179178 124.08071052550962 145.69819059999918
3.6820174807797272 -2.3300565860595124 124.4729583996072 145.76272209999934
3.1972771113055884 -2.3769175595156966 124.92081202571201 145.82840359999955
1.6768103705756303 -2.228432864498613 124.07051171134133 145.89255329999924
1.030389722378331 -2.2281976046020637 125.1596505442291 145.9572045999994
0.8038412440189759 -2.1275582837607825 124.04912050305735 146.02178430000004
-1.079629180302888 -1.7741244543643728 124.83623766076627 146.0861576999996
-1.4526775376959193 -1.5538001814052729 124.70802646047407 146.15138119999938
-2.0141771771246297 -1.5326624533985544 125.28019688769942 146.21612899999946
-3.559176131412471 -0.9609046118851224 125.561456403673 146.2816576999994
-3.6616460591467543 -0.6993366989437814 124.68751746947302 146.3468987999995
-4.246455732361248 -0.6448151987660148 125.48067685756065 146.41153309999936
-5.180638283143516 -0.023721061788469666 125.34872899590643 146.47587139999996
-5.423727929976003 0.14981771016715584 125.52224961087724 146.5415564999994
-5.356500230285441 0.329380672954743 124.93055690785476 146.6055667999999
-6.045650078696639 0.45357623163582933 126.35223852908142 146.66976009999962
-5.882189906330304 1.1691334831007256 125.37384463991228 146.73468869999942
-5.9512794029428235 1.4190595970213582 125.70247628743975 146.8009680999994
-5.912288415202681 1.51479901933171 125.63829005852423 146.8651809999992
-5.830259540692936 2.1760122198984204 125.32505331886144 146.92916739999964
-5.950588908773348 2.230816276852494 126.30466200047918 146.99339189999955
-5.487207810149414 2.417309514407718 126.49795461871807 147.05906979999963
-4.040252742280522 2.711476186703427 126.36306283089802 147.1246218999995
-4.117889962764764 2.6968029621604357 126.76348274795346 147.18806739999945
-3.7777079678929013 2.764255791855903 126.97971301999306 147.25377049999952
-2.1259015635293537 2.618432720053176 127.04333875008214 147.31892249999964
-1.3125104450646603 2.4057945022483986 126.80742002271417 147.38264159999926
-0.9687966165781887 2.4561005586014044 127.2816080248733 147.4496380999999
0.5778302786080474 1.9459013058102719 126.87737571676794 147.51387019999947
0.9601130684234178 1.8642807106313515 126.96962039121199 147.57944869999938
1.4340623671666535 1.5831349735415023 126.71155353455404 147.64434439999968
2.182758641071082 1.488638362813955 126.01037339412288 147.7091219999993
3.4756428045491887 0.889373379510914 125.67502439308137 147.77321799999936
3.703046219574915 0.22755710494983106 125.50062708006907 147.83755109999947
4.2378949931212375 0.3873734422397598 125.44849786590906 147.90243799999917
5.41154050316549 -0.3619164643360403 125.36702381793884 147.9668585999998
5.444954730744556 -0.588337378735592 125.80815488428505 148.03206090000003
5.445068778380815 -0.7768038968449297 125.71588313280382 148.09775369999988
5.832068172559843 -1.2569361905781031 125.0391683336449 148.16152449999936
5.7612768633399725 -1.4102902045236685 125.32369048931974 148.2263484999994
5.768533435191486 -1.5717875681439795 125.04213625803015 148.29218969999965
6.1286954701500775 -1.8034234918382652 124.03010798469317 148.3572007999992
5.848247406949028 -2.0093950903524376 124.97746491570783 148.42210949999935
5.870230916514281 -2.0680933324434703 124.10432556292986 148.48710269999992
4.415212789320499 -2.2559241570556097 124.870454437374 148.55175699999927
4.320359016641561 -2.367976025160825 124.29165476620601 148.61628909999945
3.7970971932214184 -2.282146240495476 124.18176319267704 148.68053489999966
3.2226728003416554 -2.347514929607988 124.86938082279853 148.74478969999927
1.5563162202961394 -2.274224933264854 124.51973797380448 148.8104298999997
1.1688034677934027 -2.2142828554268146 124.33835975858467 148.87482369999998
0.4601974165030498 -2.135394038569653 125.5366663911947 148.94030009999915
-1.2373094014366046 -1.7706826382785734 125.40591441304447 149.0059928999999
-1.5162513505549668 -1.6602635086067976 125.36937416575574 149.07026079999923
-1.7872611875265463 -1.5031458304568277 124.95228182304189 149.1362266999995
-3.4350829586249176 -0.9971775178271965 125.03172876231022 149.20118489999913
-3.8010961669486676 -0.8565643912227433 125.2006989931921 149.2652683999995
-4.099778568599433 -0.6738340019602947 125.23192407524486 149.33162429999993
-5.28711696934991 -0.12131632879406717 125.66304109472273 149.3956722999992
-5.2461381003122725 0.06389010196197453 124.93194221102519 149.46169869999994
-5.415033010820849 0.2983703185297458 125.14583637391452 149.52624119999928
-5.904906522604378 0.9776626421612341 125.55579054587876 149.5925015999992
-6.084507981823322 1.1143931853634763 126.09177274469344 149.65652229999978
-6.142998247071617 1.3059495136752304 126.28019619370109 149.7222370999998
-5.777548141156494 2.0227192093997446 126.67846003331978 149.78545419999955
-5.777548141156494 2.0227192093997446 126.67846003331978 149.85009459999947
-5.032205240506499 2.3113509263743275 126.01160969297437 149.91586989999996
-5.1930876533500765 2.3972717843107767 126.69862035766272 149.98083919999954
-4.454940878991884 2.683226377944183 126.88008749221098 150.04664519999915
-4.190403634994993 2.7475395388190127 127.13941224640007 150.11125439999978
-3.2060433959209504 2.6435066378177603 127.16471667594304 150.17658179999944
-1.7231476833082056 2.7690784261740307 126.46192440477772 150.2409932999999
-1.7239384037145413 2.307969191126444 126.46351637061365 150.30620009999984
-0.7945845701957523 2.2602628411062047 125.3417543211304 150.3719401999997
0.7415337873079721 2.0056960125444925 126.59794567595262 150.43599109999923
1.1363498870554878 1.6933612002626455 126.46594262746439 150.50092669999958
2.44951672413238 1.139622856001909 126.06012989856208 150.56701219999923
2.6253312711764636 1.1201069299774273 126.34256029042115 150.63254779999988
3.277216161442375 0.7365334113297666 125.9729736115224 150.69754759999978
3.828165961706695 0.4180070106912537 125.59107306078899 150.7638339999994
4.854341931062962 -0.16451315888051132 126.0636124893999 150.82935429999998
5.159673532229036 -0.4472231287691436 125.91223039940877 150.89292419999947
5.313011758889928 -0.5236712550480745 125.74143300710216 150.95753629999945
5.313011758889928 -0.5236712550480745 125.74143300710216 151.02216849999968
5.939132975654381 -1.3375590637027432 124.93559931407698 151.08715349999966
6.0318091236474345 -1.3357812354895504 124.71489113391416 151.1525656999993
6.233683491850897 -1.4332265408808023 123.71069823503886 151.21767619999991
6.0478502390499 -1.9465290916297509 124.51998434401084 151.2815176999993
6.0478502390499 -1.9465290916297509 124.51998434401084 151.34727239999938
5.925599676198331 -2.0264861539227614 124.72294952415935 151.4110467999999
4.650807331334491 -2.36692371699727 124.69740358291219 151.47698389999914
4.164710973677018 -2.38033785665984 124.87498749032977 151.54145139999946
4.042399084023927 -2.3194003017347433 123.90165689404468 151.60703909999938
2.515349122808651 -2.375844033908242 124.97647654363772 151.67225739999958
2.1798727626034875 -2.3738822223468237 124.98973396910864 151.73695529999986
0.5032575713105416 -2.146555727508208 124.42414952894997 151.80151959999966
-0.46899213488027414 -1.960616369376488 124.41950092349842 151.86667039999975
-1.188716294133215 -1.7584404893555239 125.45387253992898 151.93156889999955
-2.1224070710716774 -1.4924178334069191 125.02645920642841 151.99670079999942
-2.358101662747899 -1.3538126192246582 124.59088550699376 152.06265099999928
-3.020270438525216 -1.1812507395372482 125.76440507559833 152.12766809999994
-3.016773619394087 -0.9013109376107887 124.29106321111175 152.1921081999999
-3.7503288660346215 -0.8469380566365777 125.23701429735867 152.25838349999958
-5.102688413964721 -0.1242711233112006 125.60350638036185 152.32276549999915
-5.234480523054472 0.10403194926820225 125.39166537737309 152.38798289999977
-5.8330117320638735 0.5051839007590888 125.67067286330378 152.45213089999925
-5.818552827817712 0.784658211448006 125.37510168346178 152.51741799999945
-5.935191850982832 0.7956225538842316 125.41952624314717 152.5823888999994
-5.8160322234830275 1.0636792899327905 125.16883942509804 152.64699979999932
-6.073998232628739 1.8079224389220134 125.9205549847805 152.71183429999928
-5.771940788670861 2.062263935314461 125.16781778164898 152.77566359999946
-5.223748730745214 2.614010282678458 126.62234919590298 152.84210219999932
-5.108514758795067 2.5393967750319444 127.41647800048031 152.90672689999974
-4.498167931516683 2.5939334330933677 126.50637496327505 152.97067699999934
-4.355913527840308 2.7267504123696753 126.52870693771024 153.03691049999998
-2.6588835712768244 2.664503635731399 127.33430210002226 153.10194669999964
-2.6588835712768244 2.664503635731399 127.33430210002226 153.16670889999932
-2.198521738736325 2.6176269999387047 126.93357993247442 153.2319293999999
-0.6277188121918087 2.08505971365437 127.2674052670755 153.29664169999978
0.12207535105893186 2.1412381074248565 126.63746619091157 153.36163509999915
0.5533450971589886 1.9041447556890296 126.6006091603365 153.42530779999925
2.314258889649423 1.3343305002465056 126.19984838924941 153.49093229999926
2.7512812445709187 1.1161369686905098 125.78451714574837 153.5564171999995
2.8263121968143423 0.8364454176801721 126.29307900797554 153.62218559999928
4.3011676291010374 0.19338535555888736 125.64602912714157 153.68594739999935
4.7232190212004 0.03807812458791837 125.53067588193458 153.7513214999999
4.930463575770489 -0.12559651333344046 125.3046703240751 153.8162453999994
5.752504516047885 -0.7012789231791999 125.71037738614785 153.88178569999945
6.030454680956481 -0.7732709523500173 125.26682830089914 153.94572399999925
5.911883984259717 -1.1512410772673594 124.77189632604565 154.01034359999994
6.035909854261206 -1.55657284866155 124.54432569601815 154.07506909999938
6.191894719403983 -1.6045709454122146 123.89383134445934 154.14014429999952
6.155391077792409 -1.7939966638055647 123.77784457751382 154.20537009999953
6.042740630072473 -1.8682156952278817 124.31609537399008 154.26993589999984
5.287608611078291 -2.209423123574404 124.7061155105761 154.3351262999995
5.068950194798134 -2.2106636650881155 124.57035862937936 154.40137779999986
4.826560752737443 -2.141691217958298 124.46146037556088 154.46674819999953
3.177062082218953 -2.3288453164342875 124.50158075131033 154.53164359999937
2.828808799240072 -2.353343614071054 124.51835283996262 154.5955555999999
2.392451735295637 -2.249218439212039 124.80783768600114 154.66146929999923
0.6902794767958085 -2.140408969983248 124.02578587694279 154.72571789999984
0.015023749300723921 -1.9953696086317256 124.82371444510686 154.7910665999998
-0.2949476342666344 -1.972460991263428 124.32775213521295 154.8566025
-2.1830521169847756 -1.517820137050426 125.35082883712242 154.9221680999999
-2.2768502849976358 -1.3559955899451728 124.45355729633566 154.9858095999998
-2.8010542081207817 -1.1842404709103285 125.07807823224742 155.05037269999957
-4.339219543042638 -0.5686874819078193 125.71308613502464 155.11575529999936
-4.456074378129621 -0.4602042288614726 125.1573541448824 155.1808250999993
-4.636166829459803 -0.25758844213045273 125.03345544395036 155.2458917999993
-5.664680804818872 0.3828037091907792 125.66111978154157 155.31112219999977
-5.692660511188464 0.5334436509317741 125.37579185394473 155.3765676999992
-5.809920144075356 0.6697970027107565 125.42063266565981 155.44147529999918
-5.815618030939021 0.8622751873948575 125.36683533103016 155.5068771999995
-5.8279071680383225 1.602576252848233 125.7747534579855 155.57090439999956
-5.940486964538202 1.800604897684201 126.48649486680306 155.6370481999993
-5.596410665845383 1.924290242879386 126.26316460817169 155.70183019999968
-5.375024057303243 2.384497121115283 126.8096023716658 155.7832746999993
-5.449252800191644 2.418513924561183 127.22797061948334 155.8481740999996
-4.447448709565194 2.5517493886060088 126.99604016650648 155.9112615999993
-3.479110621536499 2.739555063510664 126.06331994080413 155.97689459999947
-3.3578341025565024 2.7962910321970007 127.25609079388327 156.04131739999957
-3.1284288941167873 2.6284151194751395 127.45965572112623 156.10575009999957
-0.7108058738431993 2.3901447929582744 126.53867151502956 156.17069829999946
-0.7116395036665466 2.331944638405699 126.64475374997575 156.23592649999955
-0.5468237583144813 1.904425220625634 127.01065726794961 156.30016239999986
1.790149915475773 1.628981219771253 126.28473248532646 156.36506379999992
2.164078499636119 1.4136555122407135 126.27170405246663 156.42877749999934
2.532781044837847 1.1475262442320493 126.47196241596286 156.49383999999918
3.977968429779068 0.46006024751395036 125.59495288790237 156.55958929999997
4.340145796232541 0.16481203567424363 125.55503962622022 156.62388199999987
4.390847767365031 0.15337349732870786 126.3484773607156 156.68902379999963
5.528590461246871 -0.6477085482732067 125.09394085531933 156.75341200000003
5.620148802257873 -0.7538219583073059 125.22933644202938 156.81872009999915
5.758049005608342 -0.9621314121409165 124.98604865529994 156.88388479999958
5.836080762847324 -1.0715126730160867 125.09708422581805 156.94905449999987
5.919311455230954 -1.604363980372626 124.86297859338073 157.01446419999957
5.92169501870918 -1.729341950011956 124.85420400482995 157.08017829999972
6.032319548093689 -2.0522322750895055 124.27955066981816 157.14404529999956
5.832082007475911 -2.166357841162785 124.61779736410978 157.20814719999998
5.518742650743597 -2.2088033987234 124.43561128373173 157.2735993999995
5.082785188376008 -2.34709304477771 124.61543095751765 157.3383789999998
3.608896018418619 -2.2689511464414354 124.51132204255074 157.4023975
3.149662850531989 -2.377630340679554 124.93847246794653 157.4682004999995
3.0119998040204408 -2.3276974661878134 124.18091894294886 157.53348389999974
1.2778268124139132 -2.273320094929497 124.16526505356221 157.59926619999987
0.7515846413224949 -2.1736858200905838 124.38081611282935 157.66379159999997
0.1411900400077073 -1.9956284444222416 124.81845502981805 157.72865449999972
-1.4463267213879405 -1.5720288318204196 124.72017554539013 157.79325809999955
-1.8358964038856485 -1.5043545989426779 124.8306769685815 157.85849249999956
-2.29392483436294 -1.3763765989501855 124.9766116881208 157.92316799999935
-2.6995678484023173 -1.2390814672105948 125.14930031497614 157.98818579999988
-4.18138422943462 -0.604757711142392 125.21466462006589 158.05349529999967
-4.5346741960690125 -0.505103536798002 125.52460589430459 158.11794589999954
-5.47693179743009 0.139465635599629 125.66528556885667 158.18334659999982
-5.3728380300859655 0.3041894004474493 124.86463250230891 158.2495089999993
-5.7148818688810294 0.545798360174665 125.37262991638653 158.3138771999993
-5.916511242009278 0.635088332139899 125.66115755266583 158.37969639999937
-5.816439647925634 1.3555366563790032 125.5429418153522 158.44421129999955
-6.150802841518406 1.532926835222753 126.55004398301637 158.50808599999982
-5.978328419250559 1.6797786338816985 126.0954432431341 158.5740154999994
-5.847977996052428 2.339578863523803 126.69540574898394 158.6397078
-5.152521292787235 2.517368387084543 125.64770489020164 158.7046481999996
-5.239178805744338 2.5243990811612695 126.71168123825424 158.76894099999936
-3.8544340576321545 2.8218008927287563 126.79252423570955 158.83397100000002
-3.5521877858207063 2.8221523373199515 126.70685529861989 158.8995877999996
-2.3983501561556437 2.5891785286902644 127.33125585100258 158.96532260000004
-1.1971371688907126 2.676872993772151 125.43470101757056 159.03036829999928
-1.1873771535217799 1.9573534727767035 126.63065596433587 159.0953729999992
-0.580152151777682 2.3934690997677053 125.88104674076939 159.15928669999994
1.1989079947138563 1.5978448126546496 126.07466383696789 159.2239325999999
1.6023955360553117 1.5485710395489751 126.01761002248222 159.28876919999948
2.752615059007475 0.8724911455326949 126.1850889275995 159.35287459999927
3.737920313475378 0.5206107256320497 125.36152217221213 159.43102159999944
4.14672103569491 0.5110612851334411 125.1736576728763 159.49509820000003
4.1971220792383335 0.3140434835951196 125.88905173230128 159.56097649999992
5.1835891767423945 -0.39714526493209157 125.75560242409675 159.62662189999992
5.44287694761158 -0.6321941647995227 125.08468067060264 159.69036089999918
5.520733868584472 -0.7523100050725678 125.40943568572361 159.75503879999997
5.908159506236018 -1.1332603336148268 125.0612408849093 159.81935729999987
5.916936973390406 -1.479358129468881 124.87173705465882 159.88582789999964
6.113576510763799 -1.5386974909502777 124.36295553884624 159.95143609999923
5.964147651761984 -1.710878578636141 124.83385062733454 160.01695129999916
6.035728023954128 -1.9919541733462247 124.16659791413821 160.08220239999991
6.035728023954128 -1.9919541733462247 124.16659791413821 160.14835679999942
5.734799187368495 -2.1484024009387865 124.66293376649347 160.21272449999924
4.28391128701378 -2.2689987074493367 124.49291339122512 160.278233
3.6539176667401847 -2.253948703498719 124.91849702633039 160.34360859999924
3.342116467853046 -2.3896622837265973 124.59899191058157 160.4095228999995
2.2280775874362035 -2.304150135236674 124.28065303677667 160.4742344999995
1.580255848370939 -2.295401352019426 124.78473239009331 160.5402594999996
-0.22456625623019022 -1.997825210349717 124.94196214405578 160.60413179999978
-1.1675454971512664 -1.7712887293936506 125.30520298017167 160.6708168999994
-1.4547032232946222 -1.630484633521084 124.80727984050799 160.73414139999932
-2.5483001581667324 -1.2504781261261577 124.9911763041894 160.79889979999916
-2.9262721157482616 -1.0643605881385034 124.92452318471429 160.86325769999985
-3.5159390597131193 -0.9740710136048262 125.49554177292202 160.9275364999994
-3.54623857928361 -0.8282839627025799 124.73847700760618 160.99256949999926
-4.08132565260118 -0.6682894563531906 125.24324701457552 161.05835729999944
-5.113581990985267 0.1932939723515925 124.88045019141093 161.12317279999934
-5.580000125885327 0.31388326907885555 125.79664271518182 161.18927369999983
-5.9058059213950855 0.7433798857660159 125.7565314642359 161.25271129999965
-5.929417408386925 0.8994333441011799 125.62760494051724 161.31636359999993
-5.793216849788749 1.12290828690589 125.36735207733346 161.3819838999998
-5.864485681403579 1.2727482662473517 125.51674837031406 161.44738639999923
-6.129777867318367 2.0880691648483594 126.4151310767245 161.51269030000003
-6.196408422840101 2.2461011603993604 127.18403089531033 161.57703299999957
-4.648205970394777 2.431795597994279 126.76908445396242 161.64144589999978
-4.189073710877686 2.66257513835147 126.52576228138408 161.70665549999921
-3.8557109297673335 2.714545238364463 126.25505132484862 161.77275439999994
-3.7060411054402422 2.72561517407844 126.25342180737617 161.83756599999924
-2.2074598154565166 2.4108450767150496 127.119968105984 161.90285359999962
-2.2074598154565166 2.4108450767150496 127.119968105984 161.96862059999967
-1.1321277981192566 2.631708371327764 125.54828152448167 162.03343939999922
0.2320572038679316 2.0543965458164894 126.82124100690211 162.09748609999951
0.9544065956064927 1.8547847046476331 125.92056689026457 162.16344669999944
0.8823556413372842 1.8207722273517541 126.89835262339086 162.2282953999993
2.375388759050338 0.9365162126276385 126.69727293111205 162.2937809999994
3.3115056503008518 0.9267843725917285 125.92785114603313 162.35878479999974
3.6676653908703827 0.8170379013935398 126.29855263611046 162.4238536999992
4.571698461945765 -0.13075698558750326 125.99143939824297 162.48965709999993
5.099222104211385 -0.25623200979822236 125.55716634696046 162.5560031999994
5.481230313916761 -0.2895455277471358 124.74244344996326 162.62001409999993
5.573438738045461 -0.961973120292971 125.63510002640302 162.68600199999946
5.763148182078908 -1.3208294848743547 125.06269028217226 162.7520698999997
5.967201847179105 -1.234864832254646 125.27794220587293 162.81676549999975
6.361199173236443 -1.5577624498728029 124.3912919563788 162.88323059999948
6.438927912641908 -1.7597763950399448 124.05437831538039 162.94737029999942
6.370607101997848 -1.8834843584277907 124.17587576993806 163.0127909999992
5.44995750874196 -2.1799316493732 124.38912792106464 163.07781049999994
4.926022168702737 -2.1626451546223238 124.97059069477704 163.1421688999999
4.610501976636343 -2.332470449716444 124.58232591993773 163.20756209999945
3.350000678305875 -2.20097808369316 123.69359571893187 163.27353009999933
2.6889801741036834 -2.312281386829485 124.76931386794988 163.3376178999997
2.2690601424400896 -2.3738247682471836 124.80417657675066 163.40288429999964
1.8156426244689285 -2.2332481099870316 124.41754352110807 163.4690117
-0.15429953849940148 -1.9427471176989428 124.8465470975641 163.53395659999933
-0.47108866532007454 -1.8361614586468828 124.42514541014104 163.60067119999985
-0.8678543957506193 -1.7077072659397485 124.6611882434292 163.66593919999923
-2.6506087348593326 -1.279781824779361 125.31391914918919 163.7309181999999
-3.0725100353626758 -1.1814650459718234 125.65736774259322 163.7946334999997
-3.3537481668415126 -0.9848432015233367 125.09736091282231 163.86080179999954
-4.559795630220847 -0.3949644627058072 125.40676993277233 163.9259259999999
-4.906842766459114 -0.1878779044031198 125.78691973596415 163.99037839999983
-5.040570303981617 -0.10186943708184482 125.3018803601463 164.05536249999932
-5.729273174355669 0.6494651755378131 125.66365972281227 164.11977619999925
-5.732152070237717 0.7806177031075427 125.37389216126263 164.18520029999945
-5.818484126247583 0.9100254172487403 125.37341112647412 164.2485698999999
-6.009771657899208 1.6555641164191974 126.14165826769919 164.31336089999968
-6.195582031485465 1.8170496911976728 126.79266452524199 164.37908470000002
-6.088542532468466 1.972661575739358 126.34407423750321 164.44407329999922
-5.835738453303705 2.1573631505601307 125.58980133898176 164.50885949999974
-4.806625694780706 2.5910199906259215 126.55283633817244 164.57370399999945
-4.806625694780706 2.5910199906259215 126.55283633817244 164.63924979999956
-4.683022411418271 2.683020222327259 127.22006473533679 164.70550789999925
-3.17261773471769 2.806894194262814 127.42228074296536 164.7710133999999
-2.599184557181111 2.6579472734165295 127.2037532902352 164.83581709999999
-2.0492922451713795 2.752510025995282 126.87920230058874 164.90005709999969
-0.4073413538414954 2.219557090867308 127.03946845217037 164.96496489999936
0.10987308021574194 2.174747479533062 126.86008710075872 165.02925369999957
0.4661007450256207 1.9742144648251556 126.71281547328825 165.09486969999944
2.1549011108043743 1.3749896551566803 126.75849246574847 165.15990079999938
2.6884927203516256 1.0958328864209996 126.28375340385372 165.22502579999946
2.918017085862381 0.893630491269328 126.45319567593933 165.2900598999995
4.435438162419565 0.17981693041238 125.65074079877044 165.35531829999945
4.641822390065947 -0.0665071851059773 125.96582548646454 165.42026479999913
5.056309663295863 -0.14277174839148699 125.32406092936857 165.48562169999968
5.704209925926932 -0.8201609373304658 125.1232972104308 165.55116139999973
5.811658459373703 -0.9430698698547514 125.03062555160771 165.61645399999998
5.9441939239891965 -1.0897570033826849 125.01507346886933 165.68188069999997
5.958651241316041 -1.2102098929676766 124.85157436693268 165.7473726999997
5.964147651761984 -1.710878578636141 124.83385062733454 165.81264909999936
6.190537632177723 -1.7759352468931913 124.07638397522187 165.87871529999939
5.74128419428277 -2.0366841784571568 124.36519567152921 165.94437649999963
5.415054982229144 -2.223867031302543 124.43486779981576 166.00958359999913
5.120545833833404 -2.22396252830881 124.45037826858305 166.0740253999993
4.782189543727668 -2.2066673066437152 124.56334430207306 166.1394008999996
3.234191764883107 -2.307658638533333 124.22970415289292 166.2046475999996
2.856881898285394 -2.3063580828777863 124.2490944320171 166.26936639999985
2.205670229277743 -2.359839432773499 125.12180794081677 166.3346314999999
0.5206318612718448 -2.0722253923632223 124.65903659114747 166.40030559999923
0.06797259937125233 -2.009766972273118 124.71498363791744 166.4649931999993
-0.21120056397962372 -1.9235725163186301 124.2676848236373 166.52953379999963
-1.9096954550854264 -1.515134599414492 124.7399500433538 166.5945488999996
-2.3919864015255996 -1.2841271978811646 125.0041906889987 166.66044619999957
-2.638533084681626 -1.2611153563232382 124.80918354652866 166.72521479999978
-4.198994796896464 -0.5548204453978397 125.3542312296421 166.79092909999963
-4.472268117395529 -0.400291519938489 125.13337236722205 166.85538109999925
-4.593198736172141 -0.260444714763468 124.81704328956555 166.9207532999999
-5.5091420740982215 0.40473007387053384 125.31965437751592 166.98547599999984
-5.790609106814564 0.5089462672922487 125.66118433972886 167.04968559999998
-5.904185050302679 0.6457364854536853 125.69449024632368 167.11541269999998
-5.796514286927007 0.8722780363392676 125.38006717124681 167.1805891999993
-5.717946862532045 1.5290007430092174 125.61957094533999 167.2465362999992
-5.656645760534154 1.7718181034400198 125.73409517047108 167.31210519999968
-5.514463989003744 1.9580522227571957 125.95516680591417 167.37740039999971
-5.147848546944296 2.494010720771476 127.21910180852858 167.4428298999992
-5.0388529791294445 2.5528770963704335 126.9918966469526 167.50738909999927
-4.806625694780706 2.5910199906259215 126.55283633817244 167.5722350999995
-3.4250855028408935 2.7290664609351576 127.19578601417302 167.63765759999933
-3.156125216354795 2.792181280516813 127.28139931820004 167.70313779999924
-1.817734850510682 2.5317826652127042 127.14960679734807 167.76886869999998
-0.9176163239824646 2.32339961621822 127.10266129318043 167.83399569999983
-0.5365884932646665 2.2194054945223898 127.0461987012646 167.89855149999948
-0.024173437462188474 2.173757565801908 126.88139689838978 167.9650976999992
1.9062289184819505 1.505291898131144 126.45706268808893 168.02866879999965
2.4647358766170413 1.4098664159464271 126.19866456427276 168.09308559999954
3.206019421618933 0.7217499754997477 125.76037926604603 168.1579173
4.001226023096031 0.27168513593622823 125.48530938744945 168.23090639999918
4.303171656742244 0.18467815905333784 125.80851507921001 168.29724039999928
4.864108610305699 0.24836441933858056 125.33237386679386 168.36196159999963
5.691849885320735 -0.6014089317320163 124.94193558940096 168.4258248999995
5.575727185225688 -0.8412315437408083 125.78925238305352 168.4923745999995
5.887322991038829 -0.9635998882547002 124.79087621365314 168.55677899999955
6.088474292301484 -1.3830047687947142 125.0141629165341 168.6219771999995
6.121096420731938 -1.58823815961656 124.9839197979895 168.68705619999946
6.047657390567899 -1.6156187457727014 125.28368412424146 168.7525702999992
6.132146019232756 -1.6947927864967567 124.9139990815484 168.81688589999976
5.64931089716805 -2.0404819427760086 124.50738373009578 168.88168779999978
5.64931089716805 -2.0404819427760086 124.50738373009578 168.9456909999999
5.34613527990799 -2.258652590422472 124.98811607487066 169.01015219999954
3.608896018418619 -2.2689511464414354 124.51132204255074 169.0747277999999
3.2700961138228664 -2.2985815685746673 124.32254809011528 169.1401232999997
2.851257731446637 -2.2670850059991197 124.55387672587344 169.20561589999943
1.4945047151605877 -2.1965620009989357 124.59308213285037 169.27073689999997
1.0283020402853325 -2.198414726438522 124.62528997617872 169.3359189999992
0.5354129606766591 -2.1336475238391865 124.83181490901417 169.40070669999932
-1.460810813389159 -1.565663047026153 124.90654900010925 169.4653475999994
-1.9378260267247072 -1.5341777742163267 125.15829704745823 169.53180909999992
-3.183644941603781 -1.0599102817118013 125.31426925593459 169.59645319999981
-3.480532752483917 -1.0057978616430816 124.98196607533117 169.66204259999995
-3.901060689492269 -0.7583430362833926 125.50499590569231 169.72650639999938
-3.8918410124528933 -0.5759776124913462 124.97597742906238 169.79216159999942
-4.4663747200748745 -0.45924124322044235 125.66120638911555 169.8565837999995
-5.380477618930826 0.4151849345340246 125.37883541222475 169.92166289999932
-5.479867386378054 0.5289778668167038 125.37054906032694 169.98734699999932
-6.045608170512352 0.9655340564549296 126.34645279757144 170.05170499999986
-5.617056630005067 1.1958555268548667 125.13435824148017 170.1171420999999
-5.273558725852752 1.4568961551956772 124.22840353426703 170.18395779999992
-5.974490760277199 1.4861256856159617 126.15443086251294 170.24944029999915
-5.755041376626096 2.3204703860229734 126.03034414197903 170.31406049999987
-5.778322801580515 2.433853639808324 127.1950594883571 170.37968060000003
-4.522931092203109 2.70912987770288 126.70551475462938 170.4442081999996
-4.45753714997619 2.6660193119321116 127.37153080907332 170.50943689999986
-3.8601667156719017 2.7498764456786167 126.96057071150318 170.57567059999928
-3.4896941630594043 2.8043329246049407 126.9053547768731 170.64066159999948
-1.1772171614826448 2.409156002923535 126.33005757781912 170.70601009999973
-1.1772171614826448 2.409156002923535 126.33005757781912 170.77210949999971
-0.988901304559505 2.454762627656769 127.05713600738669 170.83703239999977
0.6595720525256468 1.7073198609786622 126.75388671669863 170.90169669999977
1.1988871286439533 1.6995372090878367 126.67516639811288 170.96609489999992
1.7537027719884648 1.5510046637407018 126.42890793892919 171.03104789999998
3.349572026616677 0.7802430765414864 125.76419427556552 171.09695759999977
3.4417783514968434 0.7222718376832773 126.15144235027545 171.16166989999965
4.063684191814332 0.2522829798674966 125.26381444192295 171.22628459999942
5.027837799744532 -0.2935988851658139 125.61242456078477 171.29147679999915
5.4432860655964035 -0.4427877792616167 125.16438378871406 171.35659459999988
5.572432398764931 -0.5686880939829017 125.14896324154537 171.4219209999992
5.914195969447171 -1.1120174537131358 125.31523552233276 171.48815169999943
6.03983242203126 -1.276599716174716 124.75976727698784 171.55277209999986
6.212117991667121 -1.3987125543001877 124.05217029491558 171.6183633999999
6.176901736439774 -1.884025859309813 124.29260560031382 171.68246969999927
6.129012013933739 -1.9467684665444014 124.3445971130129 171.74640409999938
5.985332935384029 -2.0244863554562347 124.65642029588254 171.81087449999995
5.824535320435757 -2.0564154549431066 124.38131953259713 171.87676869999996
4.683844171258933 -2.1591039122128937 124.28029388548966 171.94183189999967
4.237662140854624 -2.220553613012625 124.32898374224519 172.00773209999988
2.3621989559000554 -2.2808228247987077 125.07216487747338 172.07294199999978
2.0209884345484923 -2.276762095132359 124.48719320017726 172.13639279999916
1.5784393791885236 -2.1997056177492524 124.74439662859574 172.20114439999998
1.2079622805034589 -2.210547173636178 124.50855295935378 172.2667118999998
-0.7012735383437487 -1.9246084102776924 124.9979487409276 172.3311635
-0.9879885197852971 -1.753747708721765 124.92119083809315 172.39714039999944
-1.4290300484099419 -1.66102303248333 125.12919797691386 172.46360169999934
-3.095492903704624 -1.1361661015891924 125.59564797224687 172.53019369999947
-3.3090265080288788 -0.997654140044497 125.02760739177998 172.59513549999974
-3.726574126203097 -0.8067884886848801 125.08982713963962 172.65989679999984
-4.776479440014178 -0.23899806378121669 125.19041072814547 172.7252710999992
-5.003875056288571 0.026858097649180013 125.30899270780743 172.78983139999946
-5.353121729476065 0.20091904074097489 125.80361627991277 172.8554007999992
-6.006176105270839 0.7313435113950426 126.11850900486931 172.91964579999967
-5.818484126247583 0.9100254172487403 125.37341112647412 172.98442749999958
-6.148348469539059 1.0894622576959663 126.41266358343381 173.04923789999975
-5.759776411043454 1.863188481312764 126.5115553681439 173.11423789999935
-5.498151860112877 1.9862239138152153 126.27700907724687 173.17878569999993
-5.482920144434189 2.2258188494217372 127.32814780588883 173.24408029999995
-4.811282479864943 2.318880413843985 125.96539430970435 173.3102586999994
-4.77323876196737 2.5609039362070174 126.81519342736978 173.37533989999974
-4.189073710877686 2.66257513835147 126.52576228138408 173.44042489999993
-4.184707325165192 2.778968085754266 127.44731873684346 173.50590079999984
-2.054738939633175 2.6697998184700507 126.16981189885121 173.5714795999993
-2.1553816567314286 2.579106137976075 127.52363033674719 173.63681859999997
-1.5587688798262533 2.4048754762838755 127.1371018503179 173.70250529999976
0.2987598450779103 2.100577177432771 126.53359860138106 173.76778789999935
0.4866692400640247 1.8765801646247642 127.18821835876989 173.83289119999972
1.3376525683188092 1.7290891123267924 125.90337587375164 173.89812819999952
2.6625643310509375 1.0313625504726083 126.03107219971854 173.96329479999986
3.2013688141250682 0.6954182962701916 125.43827755675443 174.0295159999996
3.2421211056819317 0.6574544796313967 126.18735575186082 174.09499329999926
5.122084741403093 0.0028544711292460834 125.57499767684094 174.16045349999968
5.548566743660544 -0.07880990580477132 125.49627044483061 174.22502059999988
5.524183969616928 -0.23005975078701713 125.36814315662026 174.29008290000002
5.907542352934293 -0.9790563583557795 124.90655998679712 174.35527479999928
5.958062701352063 -1.1490294781684969 124.7574345725279 174.42042069999934
6.002382625085332 -1.193187957965733 124.93018317063789 174.48567489999914
6.045330315687934 -1.728771502371111 124.68392185135743 174.55092139999942
6.079012536833254 -1.792112786212921 124.62457226381947 174.61652249999952
6.08042811328167 -1.91701127888498 124.61969058306099 174.68295239999952
5.2956959099605285 -2.2729747119231702 124.57755706619069 174.74896409999928
4.9867555826618215 -2.2085000876919505 124.57039884639507 174.81506339999942
4.797621221389235 -2.3694589361225145 124.0296778417958 174.87975509999978
4.382595454644601 -2.284682361070473 124.15288577750823 174.94463689999975
2.9805933246023173 -2.2160127190109313 124.22270609932525 175.0102143999993
2.3578460804618757 -2.374193018565784 124.95348016232623 175.07490999999936
2.0501251526174755 -2.185759116371756 123.68070169970169 175.14115849999962
-0.1408776565490797 -1.918893366895499 125.09094243773994 175.20601309999984
-0.4754240831019345 -1.9283574727560313 124.86889580857807 175.27114489999985
-0.9193612409358778 -1.772140667218455 124.85206919218703 175.3367961999993
-2.5293266278673485 -1.2965468881211861 125.21017723171443 175.40251869999975
-2.8026250746190016 -1.1245523564978077 125.00538709352082 175.46735679999983
-3.29571846830833 -0.9834947101382446 125.18446540341499 175.53320539999913
-4.610553724996187 -0.4101581671424971 125.33164792843534 175.5986325999993
-4.8145200025010055 -0.22673534289218045 125.23563226779576 175.66420169999947
-4.888107971417718 -0.0833934608414405 124.89700329469918 175.72947939999995
-5.410952698161047 0.5892640684083645 124.58634008031143 175.81072210000002
-5.9058059213950855 0.7433798857660159 125.7565314642359 175.8742773999993
-5.77824526025173 0.9773096132109897 125.5518609409981 175.93895749999956
-5.796619114910428 1.6332269354720599 125.84646852080056 176.00416869999935
-5.692618775278191 1.8650039062657897 126.22462414112553 176.06865169999946
-5.085412543673854 2.1390409497728697 125.15646306373085 176.13298049999958
-5.164450467069173 2.5306803212027438 126.55884570727748 176.19757239999944
-5.149155434530606 2.576707837126399 127.03309137775682 176.26341369999955
-4.208646388892454 2.6954364979623344 125.56507467290746 176.32754260000002
-3.4520097594292594 2.9076968099088756 127.34918228944497 176.3929696999994
-2.9211817988712454 2.713609081176436 127.13902941996996 176.45764879999933
-2.494457982986539 2.8602960495225926 127.14130097762808 176.52210599999944
-0.9648424304222303 2.4899229977232014 126.78745469493258 176.58781379999982
-0.8711993966375644 2.372930785678071 127.30300092584726 176.6533716999993
0.045115520048234714 2.1711362872612385 126.89306287733876 176.71951009999975
0.6475443972284509 2.010502723266336 126.03065887942061 176.7848587999997
2.2962328444256244 1.1830449972105233 126.38853084671689 176.85078469999917
2.7382039518826247 1.100018935601537 126.25931410218108 176.9184581999998
3.7349111405461315 0.4441141779199995 125.89730683888186 176.98240929999974
4.385191503851814 0.12251113411742676 125.8897268823378 177.04794739999943
4.923203234676976 -0.06248224873773367 125.07158221498929 177.1127749999996
5.23005091597318 -0.08473937454403535 124.91910186330271 177.17701249999936
5.702024916212864 -0.8812220240844545 125.23019810086869 177.24204429999918
5.926799221582797 -0.9800064324789274 124.53214585218997 177.30832719999944
5.941949616024381 -1.4626588325395216 124.92510398565756 177.37295169999925
5.916152449653239 -1.5095423549102298 125.03059210870482 177.43741069999942
6.037401543952626 -1.7111015253747497 124.69487378459412 177.50378759999967
5.972406014746376 -1.8843815369501984 124.98009960221432 177.56929539999965
5.6154915942644905 -2.0849610779989054 124.5445966928114 177.63480209999943
5.303455540136433 -2.2580909357581156 124.812096397253 177.70064379999985
4.384337936350043 -2.3322190182254867 124.31994664384413 177.76540609999938
3.934495640694408 -2.3306403752571097 124.45842660551679 177.8300804999999
2.966242019398429 -2.360981123067215 125.08336254128486 177.89589869999963
2.6885242055703458 -2.375418011925897 124.95584362414226 177.9605950999994
1.0263528178787666 -2.133555416896664 124.22711521333257 178.02708639999946
1.0263528178787666 -2.133555416896664 124.22711521333257 178.09232319999956
0.4012341926984888 -2.1172419414402768 124.94330614459142 178.15741309999976
-0.05823949935165729 -2.0093735706455056 124.72095074187114 178.22256919999927
-1.9251946801078503 -1.5017704303796973 124.84901134494118 178.2883041999994
-2.495392721788349 -1.3545705549737188 125.44072530715158 178.3542955999992
-3.668934985268656 -0.8401553586373932 125.28987615937356 178.41974599999958
-4.036191837171934 -0.6975621084157214 125.46151462677612 178.48472299999958
-4.368589573728521 -0.5800776717157713 125.75051728103611 178.54886309999983
-4.972851083540029 0.07190970704866406 124.6641750924503 178.6144949999998
-5.665653009690523 0.44393126738437266 125.79551662523994 178.67823009999938
-5.692660511188464 0.5334436509317741 125.37579185394473 178.7438822999993
-5.9553680960245785 1.0870195135572511 125.8536274106731 178.8092876999999
-6.1532071532933585 1.27966356033957 126.55994652701688 178.87442869999995
-5.86424888496132 1.5140156681899106 125.81241594027368 178.94095819999984
-5.623410823515279 2.1128270382404835 126.27311673343591 179.00590849999935
-5.71001614869531 2.328205236483686 126.54239149423441 179.07077909999953
-5.679800130993115 2.423551870828462 127.21404447644518 179.1367864999993
-5.227152077836742 2.52441883488999 126.94629072194475 179.20289749999938
-3.9802018784086926 2.7638555026447373 126.65811075065572 179.26852879999933
-3.8110268692786704 2.7298644751395784 127.21004937223681 179.33319869999923
-2.359696676374014 2.50512111651912 127.30917423025903 179.39816319999954
-1.1603605238829147 2.4486181600554997 126.69827750478451 179.4625002999992
-1.1603605238829147 2.4486181600554997 126.69827750478451 179.52798279999934
-0.6573547546518554 2.212181703369968 126.44442366688017 179.59380279999914
1.3817941866118773 2.0371327644407318 126.19194547062106 179.6584774999992
1.519652708239299 1.5896254844847675 126.54506923502184 179.7243312999999
1.5839524112839882 1.373751530683494 126.88980787342149 179.79029939999964
3.1986324547959057 0.7413647571837191 126.25128263568605 179.85583879999922
3.7106617613315294 0.4832565453849751 125.81689202387602 179.92037809999965
3.953839278169802 0.43308169713062294 126.3558336840395 179.9858467999993
5.314168989949245 -0.3168620983876419 125.17956366845456 180.05080129999988
5.47234995318594 -0.4583683925627474 125.07378560321847 180.1176945999996
5.458592103670085 -0.6955766997398448 125.27739601717872 180.1819517999993
5.833210959388026 -1.2151084242620245 125.6011895050276 180.2468887999994
5.917557135659308 -1.3638491570507618 125.3021084697612 180.31166049999956
5.919302430324841 -1.4897237841094606 125.29533079077306 180.3766769999993
6.0511007266356955 -1.9785333302633998 124.66174217109536 180.44141539999964
5.993685970892166 -2.023107482269062 124.92195872774052 180.50559559999965
5.861693183733564 -2.14880585880336 124.65358097174348 180.57024199999978
5.6655080292410105 -2.083768674226684 124.51563693905416 180.6361078
4.430454186458455 -2.359097085988177 124.41236883312965 180.70187819999956
4.165920247785714 -2.319763453568619 124.07202241003677 180.76733719999993
3.5302872819954345 -2.378667483380113 124.91505319457006 180.8322309999994
1.8471838506119198 -2.3404986749339454 124.68915649618609 180.89689519999956
1.4623620160466402 -2.2633430104603933 124.6283037443025 180.9618891
1.0672311387130478 -2.153247554579789 124.41802926470679 181.02769489999991
-0.8189741746025163 -1.8681666403593868 124.98102525992536 181.09259249999923
-1.0689784185790216 -1.6978696449551545 124.70794198158084 181.15722109999933
-1.3597296694880114 -1.5351543556695755 124.57833177898246 181.2222695999999
-3.177560175276632 -1.027300119897049 125.46998732201864 181.28808499999923
-3.7441618173890916 -0.9423428063315201 125.73698428177599 181.35302460000003
-3.709470305698943 -0.7172303264719196 124.72384280962004 181.41798369999924
-5.115788114314348 -0.16657729330857785 126.03071701568513 181.48242849999951
-4.779953141826887 0.10628576724431271 124.21973150472621 181.54778669999996
-5.524590416109113 0.2277680716167978 126.05347580320705 181.61353979999967
-5.7570198395570955 0.917963267256445 125.37658453842612 181.67978369999946
-5.982638216390285 1.0491489255906523 126.11544124696383 181.74393119999968
-6.057644316364339 1.112129540364096 126.14915818412788 181.81022699999994
-5.967732443741113 1.2497339605619926 125.81745300393024 181.87570329999926
-5.770326139918339 2.0071052714194195 125.8513410133518 181.9410915999997
-6.083224869467465 2.0883248193330695 126.59599612653322 182.0071296999995
-4.912682121963968 2.4814452822261375 127.20860036108542 182.07218609999927
-4.427764459935034 2.604648076088545 126.48717935257103 182.13651769999979
-4.116501503259705 2.7174697856633547 126.557734290728 182.20117329999994
-3.9175234475793985 2.7072111047592307 126.73498110126569 182.26546039999994
-2.4885536150424343 2.5944684776748344 127.41941683536007 182.33003729999928
-1.8883951126835115 2.4388819729654525 126.65320597202978 182.39426359999925
-1.3695321391613007 2.4333752069084644 127.0106479204767 182.4598514999998
0.09625987706533579 1.8915049981691707 126.91730438306482 182.52646489999916
0.6113112263833855 1.797966045220106 126.63033021167381 182.59077649999927
1.1013813264928203 1.6017866395481049 126.69553926508847 182.65666319999946
3.058769237638934 0.9242097229578732 125.64796662953593 182.72214599999916
3.3163609914372074 0.6712878799768914 125.62546635161173 182.7881899999993
3.6019608455829655 0.568078832122291 125.75005284533391 182.85281889999987
5.105799615468918 0.05173607134461222 125.67767466455825 182.9185177999998
5.114566762335677 -0.27328086821810615 125.86629506352087 182.98292779999974
5.431935846752779 -0.44093620043829984 125.04420571279107 183.0473465999994
5.998842523027477 -1.0411104278492003 124.67264814392239 183.11268239999936
5.938625811639966 -1.194027195401425 125.02519344069954 183.1769244999996
6.159637449637053 -1.2627213293982291 124.17868842129079 183.24289359999966
6.036739542672777 -1.353849444710733 124.71715306207794 183.30909729999985
5.972406014746376 -1.8843815369501984 124.98009960221432 183.37474639999982
6.0511007266356955 -1.9785333302633998 124.66174217109536 183.44015209999998
5.928896183099532 -2.1041081844044696 124.82779687128658 183.50573579999946
4.995176659271259 -2.3134835101137057 124.13469347136903 183.57028339999943
4.41849453931944 -2.3809855211382853 124.85859871330831 183.6348264999997
4.122257685691487 -2.347285683592242 124.56095041700995 183.69938749999983
2.579003932165044 -2.387003595272536 124.65950662223639 183.7657706
2.1324737716440723 -2.293718953746236 124.23643832275545 183.8304303999994
1.507508761088296 -2.2631945050128444 124.77361593633456 183.89563759999965
-0.4110550834722062 -1.914510724802827 125.06750098772478 183.9602301999994
-0.9743824400465115 -1.8781107854743246 125.72897438615242 184.02587529999983
-0.4428435249088949 -1.711206346435155 122.97535068769425 184.09092189999956
-2.410532922373555 -1.2164323814411642 124.47061414940745 184.1574799
-2.944212518013039 -1.034656273546784 124.59173823683211 184.2222554
-3.421790275980733 -0.9830785567271066 125.18806477270577 184.28600929999993
-3.762344437930608 -0.7436201163673105 125.1500311837524 184.3515914999998
-4.776479440014178 -0.23899806378121669 125.19041072814547 184.4186835999999
-4.855020415967864 -0.041844703345388146 124.557252948416 184.4844138999997
-5.853017262695076 0.6434105669815117 125.6590843088472 184.54965289999927
-6.008548061451542 0.8457434548625378 126.05492406042148 184.61537979999957
-5.9716449773975455 0.9505775576348442 125.83427527952593 184.6812293999992
-6.012902136749489 1.1866786312302549 125.93424499353759 184.74693319999915
-6.136781276054343 1.7721097365090723 126.57210000597055 184.8130661999994
-6.109221187464087 1.9639995590110977 126.53977606321074 184.8781397999992
-6.135176467542998 2.07262427051116 126.56144970386413 184.94437559999915
-4.451911973061925 2.542166322708764 126.42324503710728 185.0096685999997
-4.4483489148028 2.7479153512845262 127.15083231359345 185.07508849999977
-4.429832115012772 2.693408678208415 126.82004022617447 185.14043729999958
-2.5824742799796 2.745579842876045 126.9426823182765 185.20674999999937
-2.396550999251417 2.5486969142983598 126.72449448396105 185.27082849999988
-1.5449814403652695 2.4197328896502373 125.80249981529548 185.33522979999998
-0.9912737212903195 2.0038334393601924 127.13730140638818 185.40030519999982
0.18222802592453036 1.9911654907565874 126.3572054449952 185.46593259999918
0.6171441486620353 1.6303709386268475 126.86239830336987 185.5319725999998
2.6480931712560363 1.203598056378304 126.02755788672087 185.59855809999954
2.6933206515624306 1.0695529060211086 126.62266675647832 185.66330839999955
3.814002221890952 0.5394863260943308 126.10615452943547 185.72810709999976
4.303876535003262 0.14635271717915133 125.45078829982111 185.79444729999977
4.897786266970854 -0.046489148709890626 125.43656005097594 185.8592048999999
5.320226849268117 -0.28979990368630404 125.00022949372283 185.9245822999992
5.441163479011784 -0.3948577797439924 125.12019231618416 185.98949749999974
5.887476901077186 -1.0876978331271596 124.96873297581571 186.0550330999995
5.914195969447171 -1.1120174537131358 125.31523552233276 186.11919339999986
6.122478756416321 -1.4802021088204116 124.40690402000595 186.1846504999994
6.143774373223096 -1.6441942623593722 124.50444053780448 186.25106069999947
6.048211712777984 -1.853670933473163 124.67283283845572 186.3160070999993
6.040377277615846 -1.9634935611343587 124.68243119775178 186.38147209999988
5.176561413118691 -2.2577905327460353 124.82058515471986 186.44741259999955
4.992282234290101 -2.2707806711972247 124.47175100832258 186.5130279999994
3.903778294539535 -2.3093525157970722 124.20133568584338 186.57710319999933
3.056520114922769 -2.2963150571074635 124.34823941529221 186.64115969999966
2.57831972370348 -2.313735337942263 124.80994813579417 186.7074264999992
2.231228597069432 -2.3405564702909873 124.49148488483874 186.7728846
0.5961397060147604 -2.103434687441261 125.21466285102566 186.8377486999998
0.3763594926037186 -1.9794426523730864 124.21800564887059 186.9023158
-1.1760537908571465 -1.5835775963722032 124.57341440274008 186.96687639999982
-1.8033155351538497 -1.5187353773947927 125.33653456185698 187.03278259999934
-2.5506258183079993 -1.2250155601364305 125.27569731207788 187.09843519999959
-3.5095865116281857 -0.7832642211939195 124.55869775010973 187.16463629999998
-3.7118220744864345 -0.5925534737781751 124.72970535214907 187.22845479999978
-4.400493524597273 -0.5670901516311554 125.77887910830415 187.29515489999994
-4.129664091094938 -0.38554758022443625 124.17457964761607 187.3609321999993
-4.750877120954954 -0.22471933636721297 125.30312780503166 187.42382689999977
-6.006507472225103 0.6051634962644079 126.12090946889661 187.4887134999999
-6.008132374700523 0.7195832694696722 126.0551068050165 187.55340999999953
-5.818281427421091 1.160762495794915 125.36985253566942 187.61917169999924
-5.865203853203219 1.392878784077107 125.61663587601774 187.68557119999969
-5.804797345821939 1.5473796788011929 125.39520796554888 187.75003939999988
-6.042682445381544 2.208904389662815 126.77963138430897 187.81541919999927
-5.335885388651093 2.5742974958593496 126.79809287412664 187.87966959999994
-5.140021182410848 2.548784555983059 127.47217952190323 187.94634779999978
-4.418756604929712 2.6312923288913748 127.51106019432883 188.01027199999953
-3.8601667156719017 2.7498764456786167 126.96057071150318 188.07575089999955
-3.463297554958892 2.8869043270287347 127.05928224700865 188.14036739999938
-1.4428154080671263 2.4194383960993 126.64043730117744 188.20492449999983
-0.8259961731927135 2.343627144565237 127.03123895567703 188.27002849999917
-0.8259961731927135 2.343627144565237 127.03123895567703 188.33517679999932
-0.40859149091407687 2.092017153749232 127.04452658058982 188.39976449999995
1.3982447229623105 1.5862739317765722 126.96348850888694 188.46382249999988
2.07629949376053 1.34517204002151 125.5506266867486 188.53020539999943
2.2055130104702414 1.1729553144358693 126.539555397837 188.59388649999983
3.828165961706695 0.4180070106912537 125.59107306078899 188.6584269999994
3.955784833454686 0.34194034783683325 126.1189412206817 188.72448929999973
4.594323527760608 0.10054059031500184 125.45163333923037 188.78940179999972
5.372413022965162 -0.5263722854012832 125.84382840608934 188.85405619999983
5.824876576154757 -0.7146261346816011 124.58135752112639 188.91900889999943
5.906938074668133 -0.8882559053742632 124.37058784546211 188.98414349999985
5.970733447208318 -1.448168250223003 125.05998997456471 189.04876549999972
6.043694070969316 -1.52675438369671 124.74585257112851 189.1146706999998
6.123124135891636 -1.6223860367427054 124.42511527344926 189.17951509999966
5.975153527431914 -2.009697154182212 124.96962065050388 189.2435091999996
5.874157221606424 -2.0684309109648362 124.26619122719863 189.3090284
5.552167422985718 -2.0671907032229555 124.9081771022428 189.37514789999932
5.36550580431615 -2.2093140254282595 124.54949296191522 189.4402728999994
3.8267246989507555 -2.252397144082277 125.0028547958448 189.5067436999998
3.451689780944818 -2.377654110906191 124.90285926205374 189.57081109999945
3.1445078659710077 -2.298221958307753 124.32801060930728 189.63556199999948
1.303344342314844 -2.2733232913484134 124.535209992843 189.69981179999922
1.016275032236436 -2.1839935298158237 124.10291314463062 189.7643150999993
0.4878811519937969 -1.9642252491665437 124.24907378270676 189.82956719999947
-0.7969481032459171 -1.619468359125622 123.32841502169522 189.89405879999958
-1.717030339697729 -1.5227182325254822 125.32949741187302 189.95976529999916
-2.0832500782205443 -1.4245515848173116 125.1080468618836 190.02468469999985
-3.6505867224313064 -0.8584626229853572 125.26411087765457 190.09000679999917
-3.8173780500610306 -0.7456564978108936 125.0538512861567 190.15424169999915
-4.303330802426089 -0.5824048330219352 125.67103661271528 190.21912429999975
-4.995330767850952 0.05310886745655041 124.8558552227274 190.2845594999999
-5.353391412103392 0.2778318478212941 125.36933334213346 190.34971229999974
-5.636338044616394 0.4421289365476763 125.84571109912656 190.4150436
-5.900637111746228 1.0227440969669581 125.67955514152048 190.47956749999958
-5.887689468698973 1.198058698862339 125.83740780054198 190.54356879999978
-5.846165035358723 1.403795067764666 125.62946428708196 190.6082349999997
-5.6381841542402 1.5633025425301668 125.31953366748694 190.6730476999992
-5.807246173641829 2.1968658327949147 126.76382537620256 190.73827709999932
-5.565905412206206 2.374374848157809 126.03310696154199 190.80463679999957
-4.511007991770597 2.624815265276647 127.08012139852897 190.8697373999994
-3.927725805535381 2.794180551752463 126.36196925051004 190.93511549999948
-3.9396455729122053 2.7301425409812565 127.21467964510747 191.00060109999959
-3.6055146074967084 2.695539329745917 126.7448153587006 191.06445879999956
-1.5212695089259611 2.3894707109475326 126.41049052052745 191.1290214999999
-0.48158433251042965 2.5546584257658767 125.4106906934378 191.19287169999916
-0.356759870220273 2.395189432393673 127.00843028995365 191.2582472999993
1.0590410898344302 1.7168111556259598 125.91800020534083 191.32402099999945
1.4299398862256751 1.7005756576789102 126.4277334918631 191.39005689999976
1.8910518993599794 1.3591718100542605 126.43784767565785 191.4562253999993
3.1538642929530027 0.6321892727522127 126.10692570619358 191.52072429999953
3.5623024537874244 0.5347873261969052 126.28191552808008 191.58587420000003
4.0822070754060675 0.4176304965829474 125.58013996870376 191.6512874
4.572902853439061 0.14669075870252335 124.51558112888195 191.7170942999992
5.456331339287374 -0.5462662995472328 125.38710015160459 191.78287769999952
5.699024986137431 -0.5689280068145325 125.14325843668462 191.8470325999997
5.961547044181351 -1.2584332317665252 125.19588582891389 191.9125267999998
6.003246231194353 -1.3185888182507388 124.92747791152543 191.97743439999977
6.302562225033427 -1.370763547214219 123.68399729841775 192.04330599999957
6.043694070969316 -1.52675438369671 124.74585257112851 192.10936219999985
6.008132467477942 -1.9453684395461872 124.91189165482754 192.17473449999943
6.046221698219213 -2.07878601919995 123.98111692911425 192.24136729999918
5.5904083922977605 -2.1150533429344485 124.98751622638366 192.30535659999987
4.451933420000998 -2.3119139931317925 123.98509344458581 192.36898629999996
4.109932141176721 -2.34154580193279 124.19153152426105 192.4345119999998
3.670504470609444 -2.2817330695211506 124.19149147922356 192.50046539999948
2.0142354107670783 -2.294851155428373 124.37613429298128 192.5640999999996
1.375163210253021 -2.246188284992166 124.87905917140367 192.62854769999922
1.0415189158243052 -2.1657278497366166 124.44760140972927 192.69527709999966
-0.8870507858230923 -1.8027159996141937 125.15613972052498 192.7613343999992
-0.9278410757623305 -1.721621394023542 124.3675377056266 192.8273077999993
-1.525404124620124 -1.4899422780132783 125.1202123487741 192.8926180999997
-3.2371488997565834 -1.0695608973946147 125.5821371038581 192.95681179999974
-3.5311483000135837 -0.8847101632427058 125.07950947811634 193.02357569999913
-3.8173780500610306 -0.7456564978108936 125.0538512861567 193.08862429999954
-4.410590693919829 -0.5976395057661031 126.06757717296463 193.15292809999937
-4.901664749286361 0.06380723446590808 124.87684372740614 193.21860070000002
-5.208577806442996 0.19242924337322398 124.93316917985351 193.2834499999999
-5.60830297692597 0.3801605994963799 125.61016929107785 193.34895159999996
-5.7985025258899086 0.9629477198898266 125.48112589719915 193.41372579999916
-6.084507981823322 1.1143931853634763 126.09177274469344 193.47888469999998
-5.843202619307647 1.3276833513952697 125.82150358889157 193.54479849999916
-5.627137046372646 2.0430877115826527 126.48837112827108 193.6100695999994
-5.484214175029933 2.285495266778564 126.62384969272017 193.67468129999997
-5.392901969321258 2.3378656601106322 126.54023841441727 193.74025339999935
-4.3976336324100345 2.7395667583879972 127.10640992272803 193.80638139999974
-3.6244522560970722 2.7435159167499084 126.05368439613312 193.8721399999995
-3.648005461787882 2.764193013916178 126.9713878948544 193.93693639999947
-2.2100190609652657 2.72893691494443 127.10742714393128 194.00179679999928
-2.0213026243625407 2.388593744794662 127.17715608609761 194.0665696999995
-1.077830911561243 2.4685907268531317 126.31539307631124 194.13177739999992
-0.07936668105852362 2.0750394688488587 126.33671623345927 194.1968511999994
0.8878347287283077 1.6680802179080607 126.31624250987531 194.26261459999932
1.326800756278864 1.623127722727351 126.66001465356952 194.32739439999932
2.9628125878938008 0.9935155319428073 126.04634340976378 194.39294749999954
3.225528100057879 0.6312071565214888 125.9879214346454 194.45741829999952
4.366537891097813 0.1891376770184655 125.71548332484922 194.52324939999926
4.641491486912699 0.017899360679065834 125.43548419160253 194.58876659999987
5.285837469794899 -0.27563079380509714 124.94768954415358 194.65280409999923
5.514874108160512 -0.458241382170819 124.78108250256649 194.71876039999916
5.442494270102053 -0.650186475602844 125.72687261432993 194.7839039999999
5.888942994841578 -1.2246057698841497 125.39028974365155 194.84932899999967
6.064757204378964 -1.194184522451759 125.02085256632125 194.91483049999988
6.164737794675894 -1.7281179933711033 124.59488388157402 194.98006389999955
5.967069188496737 -1.8381979823913022 125.52812676348468 195.04482289999942
6.132302424711433 -1.9798269581936294 124.66214660845743 195.10911139999916
6.125306284784905 -2.0692114380394617 124.254576604886 195.17366009999932
4.925498521840694 -2.286088850250221 124.30753317342945 195.23821979999957
4.925498521840694 -2.286088850250221 124.30753317342945 195.30266909999955
3.149662850531989 -2.377630340679554 124.93847246794653 195.36734029999934
2.892931244178385 -2.340289326700871 124.57130987554041 195.43206369999916
2.104541533615418 -2.3401655262118632 124.4999895312276 195.49803909999991
1.5563162202961394 -2.274224933264854 124.51973797380448 195.56266759999926
0.1411900400077073 -1.9956284444222416 124.81845502981805 195.6295139999993
-0.12139448879253933 -1.9718134619958922 124.45035362432203 195.6937640999995
-0.8281006669389797 -1.9101725934574296 125.21806927787289 195.75791409999965
-2.030893390100232 -1.3619530881025725 124.11365929448544 195.8228169999993
-3.152680863734922 -1.0719143998081435 125.57941017758081 195.88725089999934
-3.450139379154166 -0.9209407047635846 125.22579120018115 195.9529307999992
-4.454854947795418 -0.49413800714211253 125.2973550182506 196.01814169999943
-4.541142607381417 -0.29600455980021956 124.67771287044994 196.08450559999983
-5.115788114314348 -0.16657729330857785 126.03071701568513 196.15027649999956
-5.781044397051758 0.5027565080182718 125.83089630559607 196.21617419999984
-5.965901036235508 0.7463380261130731 125.81786290138591 196.28177929999947
-5.6232703294033115 0.9510177841865742 124.90500948619055 196.3461940999996
-5.937371641552936 1.5034953710833274 126.09398315664164 196.41117509999913
-5.4439183272782685 1.6708067526169166 125.27854344234227 196.4759473999993
-5.3169387080932395 1.9169565454334618 125.59903352954343 196.5423793
-5.286916421052055 2.3711170129419674 126.08902981193262 196.6223984999997
-4.5894358188498785 2.5547877914449977 126.2612356986571 196.6866431999997
-4.366306402252853 2.7124423260016006 126.68199385662233 196.7516530999992
-3.496587795923837 2.7874005548631753 126.99392669634074 196.81687609999972
-3.444338834780808 2.659481302099344 127.55896398426688 196.88082039999972
-2.5053769397312564 2.758504252443511 126.55632103107617 196.94707199999993
-0.9277297653228089 2.4195622632292406 126.83463520425032 197.01284029999988
-0.39967177347041627 1.9182233995964815 126.8157810198933 197.07773309999993
-0.39967177347041627 1.9182233995964815 126.8157810198933 197.14314249999916
1.6262766340736192 1.6934059481850305 126.5254250593123 197.20788409999932
2.4259341538748984 1.257086255130515 125.17577802332563 197.2718135999994
2.4533398087844844 1.197232249630951 126.2570614245691 197.33804529999998
2.7664784790229575 0.9901304929255691 125.99630362278374 197.40268939999987
4.28336616928253 0.23537645627989223 125.82768898067681 197.4687256999996
4.516884031545672 -0.0014294224168222014 125.70066918674641 197.53509789999953
4.8278197454226515 -0.12974408672023285 125.80723086795953 197.6013243999996
5.793409231970678 -0.7564009107500008 124.72105161702511 197.66545899999983
5.701640071098041 -0.9031803176427103 125.69655930682825 197.7306211999994
6.073331186270792 -0.995184183281783 124.3510900749946 197.79451549999976
6.087133450534928 -1.5419040685969105 124.47391490864393 197.85944179999933
5.976169272404235 -1.6989189645200384 125.03918326632608 197.92538009999953
6.1253148445762875 -1.746966636063278 124.41714987302292 197.99026889999914
5.807688068018479 -2.134137478951277 124.79055150945176 198.05532229999972
5.393728342372668 -2.1290005411666124 125.08228128772761 198.1212399999995
5.444686188437068 -2.1935894162093663 123.97222420374061 198.18635089999952
3.726747333330117 -2.3303466513419 124.62964964930971 198.25124459999915
3.3259326179729527 -2.3447668182338193 124.42302771885515 198.31582339999932
2.895927559408669 -2.3769244218535346 124.95382866302167 198.3800311999994
1.2997645072797042 -2.227193160325464 124.09050953148895 198.4458369999993
0.6514453084344467 -2.2439169043180702 125.09450368892902 198.51028439999936
0.29544494572163416 -2.0233501516744274 124.66314659181724 198.57511189999968
-0.07644527550308311 -1.9633841723447079 124.50524828771921 198.6413751
-1.7712468794040959 -1.532069177949353 125.15623691345662 198.70602710000003
-2.1275392454052025 -1.5126589288757808 124.77050749396821 198.77064769999924
-2.436470969875991 -1.2054282292398466 124.62600525299736 198.83535699999993
-3.889937895349057 -0.6179888795377347 125.15703012634353 198.90054559999953
-4.381642178665942 -0.5325943494464555 126.03096760627453 198.9665568999999
-4.351716771335752 -0.43357684059912527 125.1662472222842 199.03180399999928
-5.527406226339494 0.35972144656584215 125.85663293773214 199.0972428999994
-5.464861705365529 0.4326888900368623 125.07681363654963 199.1620527999994
-5.729273174355669 0.6494651755378131 125.66365972281227 199.22640460000002
-6.056021182273092 1.3644598198311235 126.14145165718466 199.2916123999994
-6.05517059907239 1.4906185571514565 126.13749040277797 199.35657829999946
-5.8084895065440705 1.7319684856927575 125.5149442739728 199.42245139999977
-5.928638685780037 2.213315377735332 126.68461714581098 199.4863480999993
-5.494703492724327 2.477978013237543 126.32866342093402 199.55112859999917
-5.578015219974745 2.4187971617696227 127.23264760508151 199.6163921999996
-4.618823015903821 2.5087160075105155 125.82935199834414 199.68268399999943
-3.627789524299878 2.8357751281009724 127.43311997567217 199.7482640999997
-3.188964653934768 2.6656232242812523 127.18716957626192 199.81485209999937
-1.3362096952491953 2.594555774326151 126.33124356745529 199.8787556999996
-1.0390754147343486 2.3988159231728976 126.62715674838432 199.94486789999974
-1.0588652098187126 2.132921179644757 127.07947015137432 200.01073689999976
-0.05716802081514061 2.171528559982464 125.93143770680626 200.0757408999998
1.5422403022455242 1.6654579764455208 126.77178059678506 200.1412277999998
2.1401010794473976 1.460229553281882 125.96426009276985 200.20718829999987
2.209296712739672 1.3163897615463005 126.58304867659656 200.27315589999944
3.7393999428578013 0.4418267951012402 126.04161991882326 200.33899819999988
4.341577355215563 0.5319700167680113 125.7599516558211 200.40524559999994
4.548413016895246 0.16074316150450507 125.55510238054372 200.47039479999967
5.625307793192704 -0.5251687753798694 125.24663664522335 200.53615739999987
5.624213407202376 -0.6558948102661198 125.54046094620122 200.6024969
5.657878113223575 -0.8601040942116441 125.33639124637436 200.6681125999994
5.964657658617753 -1.4925979620798495 124.58404154010647 200.73342449999927
5.916936973390406 -1.479358129468881 124.87173705465882 200.7975134999997
5.950631255477873 -1.542090167221049 124.63792049403133 200.86439979999977
5.927559909359154 -2.103033152617594 124.65790860700322 200.92876699999943
5.803143025897846 -2.1356703827164036 124.98575083479577 200.99406679999993
5.640672086006546 -2.133466689422905 124.61005983966935 201.06038239999998
4.270554498876891 -2.3790047911933807 124.44259878435018 201.12505749999946
3.9487393920335876 -2.310300182360014 124.01539867839217 201.1912853999993
3.27551111121128 -2.34411682304598 125.2767978688148 201.25456229999963
1.8237620553284586 -2.308694571364056 124.4264709511995 201.31915349999963
1.2634715909046648 -2.274155890859275 124.52994368240039 201.3847823999995
0.9332300466424783 -2.1317711303289775 124.26132307988362 201.4492726999997
0.4102253470788071 -2.0392324591321427 124.4817236774206 201.51443899999958
-1.1819997501665753 -1.6589503148431808 124.68644926514123 201.57916379999915
-1.684671642634882 -1.5349757410360798 125.14724533557495 201.64434339999934
-2.1843760688513214 -1.3922569817629729 125.35382204890439 201.70835679999982
-3.54029940141708 -0.7920712925291876 125.24027686530889 201.77398279999943
-3.709470305698943 -0.7172303264719196 124.72384280962004 201.83841239999947
-4.343742310118131 -0.503833168477614 125.58677873985063 201.90359949999947
-5.04261330465674 0.12373983787239384 124.85264335561966 201.96690619999936
-5.476175742158993 0.26515879792035657 125.66156422966618 202.03356229999918
-5.543160416565691 0.3901357436923873 125.43275230111786 202.09962729999916
-5.505365777630587 1.212643987935465 124.85269155194271 202.1639728
-5.929970716493642 1.2378732210368415 126.1424982089894 202.22992889999932
-5.929970716493642 1.2378732210368415 126.1424982089894 202.29472889999943
-5.551815602319415 2.1146063464003757 125.31174470097162 202.35940189999928
-5.899785454105654 2.2153155824154944 126.341255661444 202.4241345999999
-5.75643013323748 2.272269746243796 126.74769681314832 202.48866109999926
-4.601685361565579 2.746479065330621 127.16482084783384 202.5548874999995
-4.601685361565579 2.746479065330621 127.16482084783384 202.62021449999975
-3.9355433297918765 2.792877048110231 127.33068954340645 202.68444139999974
-3.702842886385291 2.653236914872741 127.33015791929256 202.74959949999993
-1.696337042990443 2.4239775241041834 126.89392644506681 202.8150530999992
-1.192125525599252 2.4122080486589925 127.16471551647679 202.88118099999974
-0.19416365632211097 2.0507942357670275 126.4187447960877 202.9458780999994
0.6473941169909878 1.855279385513032 125.91833676210634 203.0116779
1.3656664996753207 1.8964316942176218 125.87662400127635 203.07596049999938
2.212590145470166 1.3082217501101354 125.67965918567914 203.14169519999996
3.301541236002606 0.7913917827088249 126.13045420570177 203.20788699999957
3.6464381377582384 0.30748755066920025 125.94225658587355 203.2721759999995
4.846600913443197 -0.0421841403631269 125.6564156613062 203.3368662999992
4.9112886731060215 -0.21419715019296415 125.62356121210023 203.40224939999916
5.314168989949245 -0.3168620983876419 125.17956366845456 203.46685779999916
5.600348647764392 -0.5840297425525193 125.06292750264711 203.5333888999994
6.024045524643157 -1.3391316131191089 124.74449908953312 203.59910279999986
5.963688638726104 -1.383922617661122 125.18799902774266 203.66493829999945
6.176818016208493 -1.4943619161751154 124.38070372307939 203.7316426999996
6.141443238563397 -1.7910947938072486 124.42908213415352 203.7964161
6.051657903092114 -2.026752908454313 124.717300719802 203.86272479999934
6.15050897661996 -2.0097243323680494 124.05093467835802 203.92732969999997
4.825397431599683 -2.334443915064376 124.22091917697031 203.9922093999994
4.236797535626934 -2.3176185232011113 125.11818262357893 204.05778689999988
4.236797535626934 -2.3176185232011113 125.11818262357893 204.12422229999993
2.8419096477801986 -2.353372713006334 124.3091029238551 204.18865129999995
2.211922465381889 -2.326317409237792 124.70662844494137 204.25471279999965
1.3361102463725203 -2.2629831942357836 124.63483231495047 204.31994769999983
1.0415189158243052 -2.1657278497366166 124.44760140972927 204.38566179999998
-0.194773139130632 -1.9402169221770857 123.99418831039426 204.4511069
-0.8208568267631264 -1.7430385372786268 124.98607102882147 204.51674939999975
-2.383715803611146 -1.3737646233294192 124.99504651859381 204.58270439999978
-2.792241445832161 -1.1735747552574591 124.88425289818875 204.64822709999953
-3.548976577881099 -0.8574099679884241 125.19370416069084 204.7133199
-4.267896781693892 -0.4482591766362646 124.77795812732957 204.7792030999999
-4.645130940672068 -0.20029287135249196 125.16018741079246 204.84572899999966
-5.115788114314348 -0.16657729330857785 126.03071701568513 204.91060049999942
-5.765184836265753 0.5573423390082641 125.7849346331471 204.9741854999993
-5.77824526025173 0.9773096132109897 125.5518609409981 205.04000639999958
-5.717895953051887 1.0589018882461754 125.07949565554985 205.10405489999994
-5.849771455142637 1.6418387525364566 125.8200676091826 205.1703852999999
-5.977389109873968 1.8058901659806534 126.09122936238462 205.23549189999994
-6.091542159864986 1.9494882011357038 126.55342097539643 205.30146149999928
-5.241794075344508 2.4316506943859357 126.40333387445668 205.3668846999999
-4.752211217432169 2.4828983880906255 126.44542891858357 205.4330207999992
-4.116150242742506 2.69517143217779 126.8193521304379 205.4973846999992
-4.007104916817063 2.678061623665601 126.93838250351752 205.56379819999984
-2.7642576120084783 2.792853227001593 126.27694499425515 205.62890139999945
-2.4675018148967993 2.6752585931174697 126.67740260852605 205.69369839999945
-2.1451125821484425 2.439180232651835 126.66459630051763 205.7582550999996
-0.26757475237663186 2.148294725818608 126.29857223451826 205.82395559999986
0.6305832159973122 1.9220530841825076 126.33109016863733 205.88956309999958
0.6305832159973122 1.9220530841825076 126.33109016863733 205.95405299999948
2.2786339699750187 1.3078385914994093 126.43189199514643 206.01936429999932
2.6351096678778845 1.1402231726525218 126.15727105445582 206.0853293
2.8854420172199866 0.8653767001582627 126.31559245952282 206.15058489999956
3.1396266936196398 0.8355717004939718 126.31661209226502 206.21547849999934
4.6454908384797235 -0.040420922170390505 125.79728784391581 206.2806327999997
4.849323345100011 -0.1683212411222531 125.64610085446418 206.34529799999927
5.779060864574596 -0.853584824239937 124.92016923202482 206.40954650000003
5.912065935158601 -0.9184848239240643 124.7888417475165 206.47453809999934
6.001558441428493 -1.0677735963896917 124.93274403037249 206.5390439999992
6.076257415118981 -1.5422581403107478 124.63408009730347 206.6061383999995
6.121394313053422 -1.6830621218376596 124.53107170082906 206.66970759999913
5.978905858848911 -1.824239659611683 125.02874984712616 206.7347418999998
6.049638764598605 -1.90179258995808 124.72452162531246 206.79957130000003
5.370073806066323 -2.236543428169656 124.97458160411742 206.86340429999927
5.288070767010105 -2.2502757611648088 123.9303323901651 206.92912369999976
4.915725767573242 -2.2220817871759513 124.27075191548205 206.99470689999998
3.047574038996764 -2.3596345688499527 124.9238999748182 207.05964099999983
2.8947629688248995 -2.3542977924729707 124.27423424469973 207.12396139999964
2.30412040178895 -2.295115645752503 124.88415726405826 207.1881915999993
0.5757439444727979 -2.136048716547625 124.68195514575167 207.25339959999928
0.11431235037254339 -2.0092020882093933 124.8506414012865 207.31844199999978
-0.3189088974680274 -1.9441540077979225 124.84245579849772 207.38384889999998
-1.8358964038856485 -1.5043545989426779 124.8306769685815 207.4498842999992
-2.078758208609031 -1.3606703099596738 124.35973556128187 207.51404659999935
-2.703278582057841 -1.2921485312467627 125.36029638233478 207.58004059999985
-4.519817491008304 -0.5622524415259998 126.32651269977704 207.64594519999991
-4.395495997700628 -0.4908449273028793 125.17420999502124 207.71202579999954
-4.64583482750502 -0.30001005389248847 125.44998221581491 207.7772114999998
-4.707912841953018 -0.19427764149744065 124.85998460623505 207.84183909999956
-5.635508757185697 0.5305426915374734 125.3220324688655 207.9071030999994
-5.731898125960562 0.6552783553213992 125.37461733873762 207.97153289999915
-5.860572648229478 0.8837330499651244 125.60886782414745 208.03582409999945
-5.8465695640472575 1.5230510301512246 125.62998047340288 208.10015079999994
-5.678021610544036 1.6722942620463748 125.3888757749192 208.16727139999966
-6.084193340456956 1.8349785680243533 126.60165833980042 208.23190949999935
-5.446664991857354 2.4320638139200605 126.31353464919248 208.29624649999914
-5.100844228401975 2.5130744664834346 126.79384736531347 208.36274009999943
-4.538262307362636 2.530934669358026 126.48847225735507 208.42679950000002
-3.386366819353583 2.7785051899514923 126.38168577901237 208.49224819999927
-3.3824029702929224 2.7763606610816627 127.39291715888434 208.5583958999996
-2.9051728594692463 2.676433495307739 127.18408951851707 208.6241360999993
-0.9177908002099997 2.2546963763725123 126.83897184346063 208.69033819999913
-0.5298552585371041 2.1824058567635674 126.41304360236525 208.75548289999915
-0.2562656680435893 2.0392615228388387 127.09129294144198 208.8196681999998
0.21236285343130845 2.008733655371809 126.80595719099477 208.8842657999994
1.964286178392328 1.3499288560207698 126.7637089504948 208.94915349999974
2.290443627747507 1.2426508265627993 126.67808934216337 209.0143339999995
3.946061433594039 0.5974048961820319 126.19427940694935 209.07920849999937
4.254626474284471 0.2494354484891984 125.90760187765623 209.14365980000002
4.602567167123723 -0.019972307236078124 125.89604781639862 209.20843549999972
4.938243300439424 -0.05780975345059458 125.61653704574013 209.27298549999978
5.5852428356377 -0.7742363911302882 124.92134962690498 209.33711529999982
5.7068321331878025 -0.9457242534348688 125.11324531249835 209.40274059999956
5.933521637466789 -1.0872585178997611 124.95656192507053 209.4683084999997
6.005437643881869 -1.5225257429947 124.62779713240398 209.53217829999994
6.046601995035104 -1.662914984369218 124.47656598565185 209.59773329999916
5.967932185514179 -1.8534771130492889 124.84358665381694 209.66338669999914
5.747489520346001 -2.0653576385876518 124.78522722107988 209.72851289999926
5.4912617883416175 -2.178523013726581 124.39336208453093 209.7936422999992
5.304384542284147 -2.28722951394589 124.28224104892422 209.8594223
3.898631250314132 -2.2933618726999034 124.0400186120074 209.92326129999947
3.2867153492558216 -2.376725806992171 124.72809742997568 209.98775989999922
2.9017190356214257 -2.3429272833441117 124.63108590339557 210.05396329999985
1.073647310937254 -2.1981997856373137 124.76791491466484 210.11903579999944
0.7413249704683125 -2.2078116761133852 124.54634858273197 210.1849003999996
0.23337748602379094 -2.0265664325983646 124.5880344287573 210.25073199999952
-0.1663098689750555 -1.9605561742984303 124.52515721486341 210.31427779999922
-1.6725336777628783 -1.5026422006644458 124.83775189907082 210.38014039999962
-2.065534632678599 -1.406363825668528 124.72498515551821 210.4454956999998
-2.436470969875991 -1.2054282292398466 124.62600525299736 210.51090249999925
-4.154653254064307 -0.6319309361843136 125.51309803515618 210.5760311999993
-4.342137290632209 -0.4650732188707588 125.25486800433158 210.6412547
-4.449315138854196 -0.26079284136663594 124.96273677737967 210.70553819999986
-5.411470236476816 0.2703828260451766 125.35727704620072 210.7714120999999
-5.834287073240461 0.4826381117973325 126.10377110302412 210.83708679999927
-5.823212580097092 0.6411305279020166 125.71069337508972 210.9012260999998
-5.693402672420085 1.308435825150965 125.37003489656412 210.9674488999999
-5.928287387075784 1.4901963598752066 126.1346121925627 211.03221799999938
-5.928287387075784 1.4901963598752066 126.1346121925627 211.09679739999956
-5.876300605317084 2.239750471915772 126.27381887417535 211.16191589999926
-5.538993106506638 2.410486576590327 126.45639970132869 211.22774259999915
-5.3724795724935674 2.482507002021052 127.18856360138936 211.29262519999975
-4.1581215451713405 2.6710565090062817 127.16668612081006 211.3583553999997
-4.1581215451713405 2.6710565090062817 127.16668612081006 211.4239351999995
-3.30675325207001 2.7339918247052273 127.08900885892113 211.4893110999992
-2.8601697502248555 2.657625701526818 127.22357610089036 211.5542601999996
-1.1093584888290096 2.4339046889785605 126.99232421689935 211.6195201999999
-0.7441446868922057 2.188045626902362 126.83540087443635 211.68629689999943
1.031799426208167 1.8391555493547695 125.80516239709371 211.75299039999936
1.6885113193871604 1.8574203873838218 126.41331182373943 211.8179997999996
2.9718669517269873 1.4697707726673044 125.36144667333434 211.88441369999964
2.9596039318910243 1.3304156854711975 126.12493196134089 211.94977479999943
3.8020084264930034 0.33459869559044664 125.5249188854862 212.01399259999926
4.1213119581165785 0.3088800333540185 125.9942416428948 212.07991389999916
5.027837799744532 -0.2935988851658139 125.61242456078477 212.1441339999992
5.361010973609311 -0.5351218557274852 125.410919958266 212.20974319999914
5.6368040193276485 -0.5492823115978137 125.21118462599829 212.27523049999945
5.678714000209588 -0.99111733262789 125.30485977196295 212.34108969999943
5.970733447208318 -1.448168250223003 125.05998997456471 212.4046355999999
5.919302430324841 -1.4897237841094606 125.29533079077306 212.46990659999938
6.244261658036244 -1.758813021215289 124.18355053420206 212.5341628999995
6.124905542686605 -1.9323260527103154 124.51904579429277 212.5994553999999
6.075724289859778 -2.057026319060431 124.3709086557874 212.66554479999922
5.498812684075048 -2.1283120459015796 124.87433271839244 212.73153229999934
4.1893781577468445 -2.3334016522067293 124.60401778168666 212.7964835999992
3.9487393920335876 -2.310300182360014 124.01539867839217 212.86135379999996
3.9487393920335876 -2.310300182360014 124.01539867839217 212.92678579999938
2.2398192533280223 -2.3513013106125302 124.55429040654404 212.9917061999995
1.6730627155718238 -2.2640743372964467 124.4567194950527 213.0570272999994
0.8382255218817107 -2.1006944005806414 124.27005303132319 213.1224614999992
0.2236428369083825 -2.0395106806239856 124.87897737234718 213.18892569999934
-0.8988524329937917 -1.8133086137264645 124.97665541143225 213.25352039999962
-1.1960269727927155 -1.639581882066666 124.85748420144486 213.31760929999928
-2.916322830869703 -1.1099690606613124 125.17121636834383 213.3844354999992
-3.3090265080288788 -0.997654140044497 125.02760739177998 213.44963449999977
-3.965678166569724 -0.608938409901227 125.19660732463686 213.51484359999995
-4.750877120954954 -0.22471933636721297 125.30312780503166 213.58063649999986
-5.102688413964721 -0.1242711233112006 125.60350638036185 213.64538319999974
-5.223329501207303 0.1412849218105885 125.28599171507945 213.71051379999972
-5.836305595100242 0.7570070647737025 125.87512844531099 213.77665689999958
-5.8451658173032754 0.9501306536871911 125.83174644829944 213.84202169999935
-5.7717529079458885 1.273631404992794 125.66630990878261 213.90783639999972
-5.708114792346528 1.915969259214826 126.4772639752717 213.97301349999998
-5.6270473753753265 2.09926136990272 126.35153981289749 214.03871469999922
-5.567110662818571 2.248252578137698 126.03809152276618 214.10358439999982
-4.9640618328811925 2.6693436107923554 126.44208879016433 214.1684964999995
-4.80282825158929 2.672184261590377 127.19376920059821 214.23317699999916
-3.691633909391875 2.8656824948718898 126.1381440153955 214.29897749999964
-3.808604633541897 2.8226429501514336 126.71683952929405 214.3647532999994
-2.468143317067941 2.785088321868617 126.94979391318547 214.4308558999992
-1.9826905369547703 2.3874577642473835 126.69585444677136 214.4948734999998
-1.300578146437097 2.6522728258753943 126.17449808542511 214.56176699999924
-0.22464890022069994 2.117757966159726 127.27256364437555 214.62735489999977
0.9366347595433169 1.8562712892081001 126.79596977495686 214.69313769999917
0.9366347595433169 1.8562712892081001 126.79596977495686 214.7587171999994
3.0976650381213915 1.0303602876097482 125.57618677768112 214.82487289999972
3.1225173580711214 0.8460622977648284 126.24125309474307 214.88996119999956
3.4322721439469106 0.7185414745562242 125.77321133087857 214.95578099999966
4.699895602412781 -0.12953989238175967 125.81524275203037 215.0217751
4.981424276010436 -0.21465356877725028 125.50359569684267 215.08756719999928
5.314137777173123 -0.3778510537006806 125.27549020089637 215.15250489999926
5.830712344489072 -1.0070812745059285 125.21706001061133 215.21765479999976
5.88759713547649 -1.1486336215917872 125.18681168062601 215.28306359999988
5.915854456416156 -1.2379468195023806 125.30874556307869 215.3477082999998
5.922914638016067 -1.7413874415208026 125.28137920866675 215.41375289999996
6.113842179755579 -1.806428176122433 124.38722936377592 215.47982319999937
6.001545637587775 -1.9640490949470917 124.96270360297144 215.5442127999995
5.357385939179821 -2.2718876731439823 124.67868847482997 215.60985449999953
5.232643086667899 -2.1580752138744477 124.24017398444404 215.6753474999996
4.8153167566929795 -2.330678463214174 124.50088774492198 215.74120309999944
4.2883256676137975 -2.2556024646483466 124.87858829134449 215.80776869999954
2.59059940420655 -2.327368743296254 124.68788211661936 215.87211399999978
2.3416110731092274 -2.292840073918918 124.39101323078606 215.93761079999967
1.688034817282869 -2.2060514741315047 125.2798444271625 216.00173409999934
-0.11277926102705038 -2.038264916545436 125.0442932937553 216.06743369999913
-0.4165495046728722 -1.8996527558198593 124.44930413337715 216.1319137999999
-0.8208568267631264 -1.7430385372786268 124.98607102882147 216.19723429999976
-2.290220031845223 -1.3164812814371314 124.88598927133906 216.2621438999995
-2.934738431770427 -1.1197089473827906 125.83442416731674 216.32685439999932
-3.0748570401912474 -0.9992901061364697 125.14857073441333 216.39194580000003
-4.5102680923693015 -0.39796414780724476 125.33661624249167 216.45755089999966
-4.750877120954954 -0.22471933636721297 125.30312780503166 216.52333219999946
-4.9747080059996165 -0.09957653675762435 125.36330188189099 216.58786369999962
-5.727426179927683 0.5173283070585204 125.65998737573594 216.65379819999998
-6.006176105270839 0.7313435113950426 126.11850900486931 216.71827439999925
-5.763435857315635 0.9244327031430054 125.39562918295452 216.7830744999992
-6.092191211021515 1.5933758489895253 126.35901992415351 216.84837199999947
-6.25008359769955 1.685841069343446 126.83512025231796 216.91400489999978
-6.226872095373551 1.8924317472976253 126.76683259066554 216.97996909999983
-6.145637199732143 2.0980007941175334 126.59534104347175 217.0455297999997
-4.793832325880302 2.4851622235216317 127.10161455162327 217.11060779999934
-4.095245185694694 2.712493929887489 126.19376328005966 217.17492199999924
-3.414418920570398 2.807157922756911 126.84616662715878 217.24072660000002
-3.0164188258812175 2.860023719082699 127.18223486960082 217.30529509999997
-2.652792574637786 2.727643890681671 127.16550608004675 217.36998529999983
-1.0769160325342355 1.835693626772812 126.43358585355016 217.45112209999934
0.18247357456963442 2.1099005275188594 124.28914469034126 217.51657649999925
-0.001612160980613453 2.355996867608726 127.17668803450175 217.58252569999968
0.9093018202463625 1.6497887883282234 126.15549822318442 217.6461980999993
2.6136741533672776 1.5013427311442002 125.94238363011817 217.71220469999935
2.8756651814807697 1.0094227413607706 124.7728943019567 217.77744669999993
3.262546125242608 0.8045556767937182 125.18713318542088 217.84311439999965
4.690659258275204 0.5107041134031212 125.6001384002478 217.90764349999972
4.731975807797248 0.1989383721910012 125.48422623704866 217.97372949999954
4.901649250197984 -0.33194071989470453 125.07890595493468 218.0387858999993
5.657878113223575 -0.8601040942116441 125.33639124637436 218.10463659999914
6.024776021926371 -0.8349890482606849 124.74015906546623 218.16941619999943
6.001558441428493 -1.0677735963896917 124.93274403037249 218.23509149999973
5.994984086719171 -1.5880994657682304 124.98806346732249 218.3007017
5.997148712938568 -1.7134465034598811 124.97967066330511 218.36543569999958
6.123143849609086 -1.8077045085018688 124.52507584443667 218.4308349999992
5.61956649588398 -2.110320776257386 124.97792519258049 218.4967485999996
5.29433249621551 -2.2392997960009087 125.12132333040476 218.56272919999992
5.190522769277791 -2.2235369588533636 124.14605272623216 218.62803899999926
3.5789045960044135 -2.3780191602972303 124.89377302055725 218.69365070000003
3.149662850531989 -2.377630340679554 124.93847246794653 218.7582640999999
2.6885242055703458 -2.375418011925897 124.95584362414226 218.82246979999945
1.0919865913913966 -2.225751808940261 124.25118734650623 218.88804679999976
0.6840670012058041 -2.1568619944651775 124.3061951209674 218.95326859999932
0.015023749300723921 -1.9953696086317256 124.82371444510686 219.0175647999995
-1.51768146329308 -1.532859517788581 125.14401062966581 219.08303859999978
-1.9378260267247072 -1.5341777742163267 125.15829704745823 219.14870549999978
-2.078758208609031 -1.3606703099596738 124.35973556128187 219.21444119999978
-2.6928634355691727 -1.1739320384024419 125.20390525444469 219.28018829999928
-4.297808409783634 -0.5652183783950401 125.76544004326787 219.34507269999995
-4.557515970265008 -0.45576251375415644 125.67973783589093 219.40979659999994
-4.791100968036993 -0.24142288774321286 125.61066586000177 219.47393849999935
-5.580542173690205 0.37860194091080307 125.66708434496091 219.54039899999952
-5.879938768816267 0.4785773940608778 126.1203736777568 219.60491430000002
-5.777784386454812 0.6453156651568224 125.69157335286144 219.6701653
-5.770485676850669 1.3992748375325958 125.6610923612794 219.73541729999943
-5.8346891376582874 1.5122238829359667 125.86164293364024 219.80127379999976
-5.707006797606425 1.7995558068548467 125.3348351721285 219.86655819999942
-5.729822736477502 2.2445059530403477 126.20995863256074 219.93169399999988
-5.4077976762681175 2.416154516366841 126.51234648632526 219.9962145999998
-5.055380534428899 2.513091534721396 126.9960185946939 220.06229229999917
-3.69432128881688 2.739539617030001 126.14792014998142 220.12840809999943
-3.4916565947193376 2.6773759616044397 126.71364319052076 220.19422189999932
-3.4916565947193376 2.6773759616044397 126.71364319052076 220.26051019999977
-1.5147959371918702 2.4096957038001117 127.12375300479631 220.32709849999992
-1.262189569787182 2.2057148289364212 126.95233502710049 220.3918692999996
-0.49060477970878225 2.1999872380680623 126.44335935586903 220.45735929999955
1.3361271828595775 1.7574713532979538 126.43171506257528 220.52244129999963
1.3361271828595775 1.7574713532979538 126.43171506257528 220.5872260999995
1.5839524112839882 1.373751530683494 126.88980787342149 220.65126389999932
2.1295499187068145 1.4553029598874163 126.60467386850108 220.7170529999994
4.089734955506145 0.045816457967461255 125.14958433695756 220.78211339999962
4.729312391190675 0.4603896468866974 124.6399688531159 220.84886759999972
5.107623418719804 -0.2669844314755926 125.7358668240342 220.91435749999982
5.70079505477856 -0.46332006467946407 124.86378980940714 220.98066409999956
5.654885188739925 -0.6081276064860611 125.34798834157205 221.04560689999926
5.834433649333448 -0.9267541180735627 125.08155562853473 221.1100907
5.992319911897162 -1.4333923108526538 124.54744592113217 221.1755977999992
5.879007875730018 -1.5692564357922043 124.92614129020274 221.2417719999994
5.926487968124945 -1.9792140411941128 124.83661082338641 221.3062221
6.004102828089131 -1.9957447171439924 124.406354137553 221.37216219999937
5.916965389510736 -2.0859013840746483 124.68061520212446 221.43717930000003
5.912084411089374 -2.115895815042574 124.16619384993028 221.50340349999988
4.232612299497774 -2.3927069107966044 124.52479298282081 221.56926659999954
3.6545005562369397 -2.300645891512561 125.07874293511809 221.63351559999955
3.2867153492558216 -2.376725806992171 124.72809742997568 221.69857219999994
2.0703654127080924 -2.385203429463025 124.69829933785107 221.76698020000003
1.7751266571012252 -2.310815098203959 124.04789312800277 221.83040110000002
0.7131972863886986 -2.2554243430511276 124.80170915388128 221.8949903999992
-0.9232651190396126 -1.7089944464165234 124.56075975670359 221.96132299999954
-1.2402855021697619 -1.6408924573522166 124.71976367093882 222.02606079999987
-1.2402855021697619 -1.6408924573522166 124.71976367093882 222.0919815999996
-2.9754986600661013 -0.9860083990242151 125.08568619289653 222.1574396999995
-3.3537481668415126 -0.9848432015233367 125.09736091282231 222.2239286999993
-4.30668038560362 -0.5948751826065645 125.9958257183768 222.28881169999931
-4.412358116755783 -0.49386412228972987 125.60529392149871 222.3542134999998
-5.270852045232296 -0.025361244814886885 126.05031132527075 222.4189409999999
-5.08570405458962 0.18167657942599857 124.86795095332232 222.48536419999982
-5.996967692305432 0.8103003009742128 126.09289008992403 222.54954679999992
-5.995457212629269 0.9364266203347857 126.08697591792593 222.6146104999998
-5.932473400574601 1.3054282559120027 126.08126477901655 222.67963280000004
-5.637952212328493 1.8428258033302929 125.56561266950241 222.74488099999962
-5.905221690336589 1.97660287810535 126.29279853418862 222.81040849999954
-5.874992164011843 2.167482981330395 126.2692347532171 222.87588079999932
-4.806625694780706 2.5910199906259215 126.55283633817244 222.94032139999945
-4.833258068349487 2.552677131268153 127.01233835956732 223.00688869999976
-3.9569670514928816 2.724490032624091 126.26024077986486 223.07121859999916
-3.272370099784304 2.7582116226880156 126.6924597500519 223.13583929999913
-1.9435687701746147 2.723982273175303 126.78634129993516 223.20160249999935
-1.8418029896525425 2.669762326894283 127.09109244422432 223.26776129999962
-1.558978452032008 2.310631603697061 126.68068080227177 223.3337603
0.5908898895702492 1.970785610739267 126.19291383408138 223.39840519999962
1.6605203554554038 1.7054834296432342 126.68567219616838 223.46248070000001
2.1189604816312624 1.5216884141775975 126.1972274289275 223.52792119999958
2.5640592170330123 0.8803142816038788 126.41086715704373 223.5944055
3.2988977184835377 0.8605113547861498 126.2809264230681 223.66027799999938
3.858120742576766 0.7798507405869545 125.98743163617765 223.72552669999914
4.71515119500642 -0.07111020173560101 126.14996754236945 223.7909671999996
5.10610586373209 -0.29426775008535866 125.45642630066456 223.85802579999927
5.334983209068923 -0.4864864648635555 125.34462781928912 223.9215925999997
5.759380400197003 -1.0525865757773563 125.52680069202904 223.98681820000002
6.007578501007934 -1.1674790902322978 124.74845763036072 224.05160159999923
6.081890156946123 -1.2924787582974337 124.4932188274404 224.11726709999948
6.00606707018752 -1.6947039588244714 124.91852577656785 224.1818760999995
6.048211712777984 -1.853670933473163 124.67283283845572 224.2462487999992
6.102722625517373 -1.991321723681736 124.5328211148489 224.31158770000002
5.36550580431615 -2.2093140254282595 124.54949296191522 224.3779440999997
5.010252827525825 -2.2570377237982093 124.64119963369292 224.44417479999993
4.698593511145738 -2.302380066708901 124.41256781587973 224.50871779999943
3.1084196968349787 -2.307227150153511 124.2362055120023 224.5735541999993
2.5697495364138163 -2.311326476372509 124.58650074843581 224.63937869999972
2.138094826925524 -2.248474743337106 124.82607804074007 224.70498859999952
1.8926662291602199 -2.2382112834443078 123.96839391461295 224.77083029999994
-0.12408191898002485 -1.927858593096233 124.80458675919277 224.83486129999983
-0.5270810774457146 -1.881105205376921 124.76087563923282 224.89997739999944
-0.9405401358438894 -1.8136785258069992 124.97590401862045 224.9639019999995
-2.4588739300916274 -1.246698002022418 125.10955764181081 225.02988149999965
-2.872689853245056 -1.1655921830118783 125.15153488749984 225.09546989999944
-3.3090265080288788 -0.997654140044497 125.02760739177998 225.16214149999996
-4.498318679177267 -0.3509545919095415 125.29701059673052 225.22708160000002
-4.823076384582826 -0.2524183597527846 125.65863160650633 225.29192449999937
-5.075043379594078 -0.016790071234642823 125.65009727004542 225.35644949999914
-5.4722607944383554 0.6348525316921386 125.09789451775552 225.42097809999996
-5.762113857992297 0.8200962684342965 125.84184340232262 225.4866091999993
-5.789017833905731 0.8859884508159086 125.65197106339818 225.5529650999997
-5.550492741378768 1.6766977008861073 125.18493188660374 225.61903099999927
-5.963570901489291 1.916624896803738 126.48529563859515 225.68520689999968
-5.797390541696217 2.061630950126928 126.045101090003 225.7491788999996
-5.729116965263401 2.205207762582744 125.64374132725895 225.81406900000002
-4.9042345643144 2.432589279940493 126.77757279396718 225.87841539999954
-4.708324270981436 2.621021026921435 127.16971500201979 225.94404489999943
-3.4279558027242274 2.745839988335752 127.07326971456523 226.0085513999993
-2.940370437493712 2.6562136952798445 127.00103442482028 226.0751977
-2.5821476321638173 2.6141444356063954 127.15102705199202 226.14057419999972
-2.0701467955328283 2.541883099138124 127.40993529606145 226.20508359999985
-0.1684666460224875 2.172325486542546 126.47544483597851 226.27115249999952
0.33523369204372244 2.108741622720882 127.00158998028158 226.33501289999913
1.0513179978738023 1.9820964317644538 125.57290045784725 226.40111139999954
2.5022859497004717 1.1963548139141786 125.82788069271733 226.4661802999999
2.821452169805866 0.9222274382788789 125.75720137055063 226.5311044
3.164300550047038 0.9081710470955614 125.87993916489687 226.59599619999972
4.673503480436082 0.12644108688322675 125.32784221679944 226.6609054999999
4.597765866581042 -0.03802102945666119 126.07903315322527 226.7257867999997
5.225559027648913 -0.3029521376359904 125.00734880809384 226.79122239999924
5.875903071628741 -0.8801120169648081 125.20912708923947 226.85648899999978
6.034207843966236 -0.9011784275917832 124.78011875293889 226.92092609999963
6.0476309261864 -1.1321934880138387 124.70452491883734 226.98721039999964
6.053991078959022 -1.56595851250446 124.89648470262178 227.05121039999995
6.117998511093347 -1.7132910558721504 124.70093526833037 227.1164302999996
6.048211712777984 -1.853670933473163 124.67283283845572 227.18184119999933
6.124905542686605 -1.9323260527103154 124.51904579429277 227.2459573999995
5.415054982229144 -2.223867031302543 124.43486779981576 227.3115189
5.121485799167736 -2.2232586274485433 124.2714780652186 227.37609559999964
4.629612878254832 -2.256145500305039 124.66850518252951 227.4396431999994
3.182314869337631 -2.2966782770971768 124.34223283125104 227.50442419999945
2.7264534063220864 -2.2512938717515762 124.79792833606513 227.56886329999998
2.374030859014013 -2.386430480411193 124.65512300666242 227.6347711999997
0.3290337396629681 -2.0877660155229756 125.1028653541719 227.6990511999993
-0.05997211411393977 -1.9951647613311723 124.94679316200586 227.7635823999999
-0.5189516284211706 -1.8822528254707076 124.88398591592966 227.82947160000003
-2.039499156538888 -1.5022469220574446 124.96168980836734 227.89494259999992
-2.1612776655061054 -1.3110256171374175 124.22317726179142 227.95894189999945
-2.866530423617071 -1.1508793007923144 125.33309223516648 228.02422749999914
-4.216998850920987 -0.507698825247589 125.43927779676176 228.0892457
-4.267896781693892 -0.4482591766362646 124.77795812732957 228.15400109999973
-4.716446848110614 -0.23652450944962033 125.26958066726415 228.21859629999926
-5.3043242408873965 -0.14454501132221587 126.42089844512383 228.28502349999962
-5.720406692608492 0.572106595238665 125.83877187146297 228.35022729999946
-5.839467341887804 0.7458422331806529 125.81538606439882 228.4159366999993
-5.783850207529767 0.9094650239826964 125.63790563919558 228.4818153999995
-5.937371641552936 1.5034953710833274 126.09398315664164 228.54604929999914
-5.634397826152686 1.813883519108106 125.30539646713478 228.6109104999996
-5.930618982184477 2.0078829795470603 126.06831607021518 228.67639419999978
-5.137117754590918 2.5711181035267368 126.27610385151688 228.74058129999958
-5.186969947680872 2.526867988743748 127.45611125535348 228.8057661999992
-4.5399895424727745 2.5908754137883747 126.71255320832758 228.8715416999994
-3.416037401161617 2.746588455589773 127.102935449359 228.93600269999934
-3.079444027630764 2.7284631660885297 127.24083597308078 229.00174629999947
-3.079444027630764 2.7284631660885297 127.24083597308078 229.06793469999957
-0.861825416370742 2.0496110580463576 126.83754009385079 229.13272929999948
-0.11954068249894334 2.1393694552857525 126.46373859369139 229.19921349999913
0.24407791096778197 2.1757320511140597 126.838106008574 229.26491239999996
1.9144314705656171 1.3751372112431839 126.47998823853057 229.32925569999952
1.9144314705656171 1.3751372112431839 126.47998823853057 229.39545949999956
2.322310754338133 1.2292303711869472 125.84895788710875 229.46096439999928
3.9250298086622095 0.06876235538374209 126.28294803902712 229.52491709999958
4.647649868753568 0.29341470405547687 125.28235312818406 229.59028399999988
4.811369374806304 0.19514709788555917 125.48737388785113 229.6564245999998
5.567342926360745 -0.31733043099813074 125.16852973875956 229.72100079999927
5.517342758104391 -0.7527074147685525 125.56858140207314 229.7868684999994
5.797537278016264 -0.8129325993995528 124.91753352175779 229.8519512999992
5.7604503718809354 -0.8558436947534317 125.89829438343256 229.91801789999954
5.92169501870918 -1.729341950011956 124.85420400482995 229.98277749999943
5.96554031335824 -1.7284694712105666 124.85246462754128 230.0487819
5.975153527431914 -2.009697154182212 124.96962065050388 230.1139973999998
6.075724289859778 -2.057026319060431 124.3709086557874 230.1779607999997
5.80644931801276 -2.164382516493303 124.25929689864932 230.24266699999953
5.247747342841507 -2.2236374448362715 124.26307245408749 230.30768279999938
3.5302872819954345 -2.378667483380113 124.91505319457006 230.3723659999996
3.1551091653163255 -2.3437060890789754 124.6148717358717 230.4364612999998
1.9695339800322742 -2.263028026224416 124.43480758616855 230.50205839999944
1.5047420287124638 -2.261731336715545 124.62618576372678 230.5683309999995
0.8607519533518655 -2.168390532524214 124.9877087145776 230.63390769999933
0.5607540163960323 -2.0728176392269595 124.90578070117331 230.6996283999997
-1.4552795841262736 -1.4910763910508287 125.01848423985612 230.7641320999992
-1.6808623696177136 -1.4816874221010026 124.19089898548398 230.82885729999998
-1.6808623696177136 -1.4816874221010026 124.19089898548398 230.8952344999998
-3.4350829586249176 -0.9971775178271965 125.03172876231022 230.95992299999943
-3.736971429356508 -0.7003909640995128 124.82366424423049 231.02478189999965
-4.544429143698267 -0.44480427689070756 125.48117684758809 231.08970090000003
-4.948590979846195 -0.27735354435461346 126.09941491038066 231.1551600999992
-5.314698543416419 0.1559104325295445 125.37242022343179 231.2189712999998
-5.601812489692023 0.3912443408740255 125.66081442051691 231.28382899999997
-5.9082843431588685 1.1325059778832784 125.82867657490333 231.35024429999976
-5.843884220403616 1.201835524819813 125.82499385705594 231.41577139999936
-5.770485676850669 1.3992748375325958 125.6610923612794 231.48176999999941
-5.741756677750907 2.12170039144703 125.8644923421795 231.54689280000002
-6.056822574735648 2.182371953641651 126.81865188837938 231.6134118
-5.698161401253678 2.3298402694050173 126.60817061947152 231.6798022999992
-4.3790163400254585 2.7518200115226046 127.06347850917015 231.74348459999965
-4.117889962764764 2.6968029621604357 126.76348274795346 231.80868209999971
-3.6823941384392214 2.7295923653428646 127.2053575114225 231.87478519999968
-2.9399663918627184 2.75536457634775 126.98174919601982 231.9392229999994
-1.3521811496186302 2.4029215600002254 126.03813973322691 232.00481129999935
-0.7553040889664686 2.6335561793376048 125.91481851595157 232.07059559999925
0.6508825056827021 1.8721365271854182 126.65084427514087 232.13536739999927
0.9929254639535117 1.8101894194327683 126.48892825431182 232.20256749999953
1.9093607871404288 1.4136885681204103 126.27885576514602 232.26726009999948
1.9093607871404288 1.4136885681204103 126.27885576514602 232.3334520999997
3.2549244167344753 0.7382846822396287 126.12005175403593 232.39853519999997
3.7036063178393306 0.7250474263639404 126.10769852461132 232.46284659999947
4.202198764116524 0.4205957081880226 125.02742102225433 232.52831549999974
5.110593412584187 -0.34099369428518467 125.48962319694421 232.5928873999992
5.316120116929241 -0.5035057404214561 125.2683672643326 232.6587553999998
5.569052549337499 -0.6557988106609435 125.41619274708415 232.72449739999956
6.169509263050401 -1.1640577104980836 124.4773581799666 232.78933299999971
6.024045524643157 -1.3391316131191089 124.74449908953312 232.8541508999997
6.074919165589812 -1.417302696009631 124.63870070383328 232.91910469999948
6.173385136381448 -1.883940482291043 124.12781314800998 232.98402779999924
6.182358445434176 -1.9581320387745809 124.20841405429638 233.04984269999932
6.075724289859778 -2.057026319060431 124.3709086557874 233.11537539999972
5.091943803777411 -2.233967595848819 124.15112034158781 233.18061599999965
4.610556897765264 -2.2694815661128755 124.50532239172571 233.24601259999963
4.318728390174726 -2.270601903936106 124.19211151185172 233.3116330999992
2.5260535634909758 -2.2784595144102355 124.45774968620371 233.3766728999999
2.1529416190494928 -2.3122809122786965 124.02472155804259 233.44166459999997
1.4139247945531608 -2.2463826219974217 125.04861311051808 233.5068369999999
1.313069268063991 -2.1933264397299004 123.91389552175214 233.57189149999977
-0.5981332548906764 -1.7741833281497787 124.74142528479938 233.6376711999992
-1.0259124207851968 -1.7556465207850054 124.91087316371005 233.70458319999943
-1.3347083622885165 -1.5660994255245546 124.90168893478918 233.76801720000003
-3.0189993591815707 -1.1213085991401224 125.02880789261778 233.83250749999934
-3.144488144162075 -0.847889073197814 124.30138759593696 233.89817229999971
-3.6363253728348113 -0.7441122337217042 125.14639968310718 233.9618817999999
-5.050859839291341 -0.16875341741350758 125.95410849855554 234.02598279999984
-5.129342833676212 0.03820424287973889 125.38045933400862 234.09116969999923
-5.186524591293434 0.15599014290583058 125.16472948616853 234.15654929999982
-5.888487999122312 0.8205441861184944 125.8441332958672 234.2224071999999
-5.958318852174443 0.9878128732417745 126.09240551110554 234.28808989999925
-5.719820183432304 1.2194469444987246 125.56002290964629 234.35298039999998
-6.01085025204214 1.974041555002772 126.36898792675349 234.4174334999998
-5.709180892585472 2.1569466636141414 125.58623021738799 234.48308169999927
-5.701969877127624 2.294848423062175 125.49526751572625 234.54802049999944
-5.5012258891959505 2.4384076482696555 125.95166034166716 234.61343339999985
-4.678351045150478 2.6501034146598825 127.46205691727327 234.6787749999994
-4.267552316956291 2.627084606141562 126.96615810960155 234.74314099999992
-1.9234573670096822 2.6542398633275277 125.20259917776822 234.80746109999927
-1.7432582428499401 2.742763576977569 126.83710124913055 234.87269199999992
-1.2958867036613242 2.437738319036203 126.43754561511292 234.93762009999955
-0.8347980692598966 2.4285649749257594 125.65409808214426 235.00237319999997
0.12096147789917922 1.9590898182128522 126.74151386195109 235.06758439999976
0.5587397652240185 1.771983525647669 126.79139972957115 235.1320896999996
1.4544382798064177 1.78235053466378 126.07763419819015 235.19828809999944
3.1569606362271543 0.9438728133229354 125.44460740205704 235.2634564
3.3842896119932675 0.7365945605818812 125.27935587583534 235.32959279999977
3.5243003806262365 0.6726108936028055 125.90682382455606 235.39472119999937
5.29309696143293 0.1796589128152084 126.19819747097422 235.45918879999954
5.240107896214717 -0.4178124359077565 126.03598164654842 235.52488169999924
5.519867655225248 -0.47734540312919005 124.95524068227978 235.5907019999995
6.041064974211885 -1.043859871950675 124.77229781397736 235.65625969999928
6.030003417437406 -1.2106215944406964 124.72136875162363 235.7221385999992
6.081890156946123 -1.2924787582974337 124.4932188274404 235.7864327999996
6.200545201698894 -1.7003839953720417 124.09425724478974 235.85154769999917
5.999336247974952 -1.8387631077465962 124.97121603611865 235.91673659999924
6.001545637587775 -1.9640490949470917 124.96270360297144 235.98169469999993
6.097729557480854 -2.040367007649612 124.43510467091347 236.0458420999994
4.992282234290101 -2.2707806711972247 124.47175100832258 236.11180889999923
4.410392509087892 -2.3487684592017124 125.4163328956899 236.17673789999935
4.326134169669253 -2.3115136342770297 123.99273271913799 236.2425859999994
2.5107251130996175 -2.2827175297518054 125.13004214597709 236.3083091999997
2.214319315949446 -2.329356636182011 124.95115252965577 236.37393669999983
1.9746167073681207 -2.307849603182943 124.01786337071476 236.4389468999998
-0.3315724488066891 -1.9599177747431917 125.23134195299012 236.50586899999962
-0.44783540683070555 -1.8039444657131134 124.22210172120427 236.56963329999962
-0.816841001968335 -1.6118941450081223 124.68731061025281 236.63469929999974
-2.471929123230673 -1.2524037232532796 124.8705013289716 236.7006208999992
-2.663295821584569 -1.020935756863107 124.35262602501768 236.7668466999994
-3.2994552191498983 -0.9219500517648543 124.90925270304798 236.8328219999994
-4.360659978943502 -0.3088875661736167 124.86991528570621 236.8981918999998
-4.788001973428109 -0.22807648040398643 125.29561218799556 236.96269089999987
-4.988713798571972 -0.032765001852080866 125.33622919073726 237.02810129999943
-5.227183616593813 0.15202457034682504 125.3674069707578 237.09353139999985
-5.6925861014452295 0.7841762820785616 125.37258318998299 237.15940469999987
-5.77422682785047 1.0223242544504514 125.6765812747932 237.22478069999943
-5.660178502291615 1.5354200979765245 125.40766136909942 237.2893994999995
-6.100795441464008 1.7652841634290737 126.76990185116604 237.35399329999927
-5.812002336690533 1.8777984889164019 125.8594452440972 237.42076519999955
-5.655641945617646 2.1421629382087 125.61361914347235 237.48478739999973
-4.715374504882128 2.556654737875329 126.90250990283117 237.54938869999933
-4.339828283461266 2.6818784786982115 126.84718308813858 237.61491939999996
-4.1581215451713405 2.6710565090062817 127.16668612081006 237.68107789999976
-2.6160714155377107 2.81343955082493 126.91086480993013 237.7466799999993
-2.396229979310334 2.6757168580719513 126.72225496513201 237.81264759999976
-2.396229979310334 2.6757168580719513 126.72225496513201 237.87658919999922
0.051463173879120916 2.127091747914446 126.56877338500017 237.9416670999999
0.5020151379641433 2.0490492993925766 126.33822555322627 238.0075285999992
0.8018536383847916 1.6878712050289426 126.15144206138903 238.07242609999957
2.2035446491899577 1.4259649109296149 126.77759496676228 238.13851290000002
2.2035446491899577 1.4259649109296149 126.77759496676228 238.2041075999996
2.7385435855118487 0.9260231860828909 125.75450449720896 238.2865310999996
4.685845418200273 0.14502822353773426 125.428417788924 238.350727
4.844508174259175 -0.041229551074916104 125.49797519982044 238.41704759999993
4.997840060523316 -0.30481853580780716 125.55291308757621 238.48123329999999
5.572037252342341 -0.7766898797336242 125.71191476675783 238.54500589999952
5.882068882314762 -0.9320737081558931 124.65933411302306 238.6112678999998
5.968286906504389 -1.0578299234793493 124.64171600043858 238.6763379999993
5.997148712938568 -1.7134465034598811 124.97967066330511 238.74263109999993
6.1694510884569596 -1.727015188026265 124.38812224946037 238.80842969999958
6.129012013933739 -1.9467684665444014 124.3445971130129 238.87256519999937
5.919063001506885 -2.004165972019904 124.55117796455089 238.93815969999923
5.495400875668096 -2.116530557532733 125.14405216122046 239.00406229999953
5.495591784306356 -2.1910045943085152 124.11600203906252 239.0690010999997
3.482621941154356 -2.268649083160352 124.51850750639032 239.1352283999995
3.228402791158473 -2.232741429513169 124.1449069049567 239.20106739999937
2.5828887092989703 -2.234951196891459 125.11333769057839 239.26666189999924
1.3669538808302946 -2.1973596572556193 124.75889507044084 239.3314204999997
0.987787549208015 -2.0893247289414236 124.64418761202559 239.39693539999917
0.6221762806246502 -2.0959810355063686 124.14787219261639 239.46249790000002
-1.6491588081369883 -1.6098064992532288 125.26033880752804 239.5284501999995
-2.1560490562214056 -1.4880384334840624 125.14056737248767 239.59323629999926
-2.148157848118622 -1.2688044024527425 124.1371780245485 239.65779979999934
-3.54702276136576 -0.8300878469949778 124.94612014065032 239.7232598999999
-3.763995392112733 -0.69967059168802 124.76216951658999 239.7887624999994
-4.368589573728521 -0.5800776717157713 125.75051728103611 239.8547581999992
-4.297026749314462 -0.4101986500053584 124.56346100812313 239.91938689999915
-5.486696430746612 0.2538633542234132 125.82472039013828 239.98499809999976
-5.665653009690523 0.44393126738437266 125.79551662523994 240.04969829999936
-5.885827243958097 1.0023703654295362 125.86373348651165 240.11600809999982
-5.798902603025638 1.2760169518488487 125.60810194144986 240.18086719999974
-5.541558097618157 1.447760608677302 125.107502572343 240.24679229999947
-4.88637627859508 2.1789748104506153 125.57977926254598 240.31566719999955
-4.4979827417487925 2.3492247956775025 125.37932864824894 240.37914229999933
-4.9366041075879465 2.3967273788786776 126.68846480588985 240.4446629999993
-4.101176903152911 2.6788139966517908 126.32215606510788 240.51011589999962
-4.03457726595569 2.767587465966024 126.72621348972265 240.5758238999997
-4.077777912612419 2.648567701115948 127.68227036127283 240.6394582999992
-1.8977811836636533 2.6776450835400922 126.14020540732615 240.7046860999999
-1.3617871600697669 2.4309953894033387 126.13805495299025 240.77015149999988
-1.168542942654632 2.2784828561569013 127.11192252576991 240.8355509999992
-0.5185316896722441 2.417369934931309 126.17422200405659 240.90202449999924
0.8306818208032425 1.8165253404373813 126.50054429565319 240.96690619999936
1.8108334007352767 1.3681553259967236 125.69095510107961 241.0322428999998
2.175962789734463 1.596431760296504 126.12133758862207 241.09786480000002
3.407529913728844 0.48335534477449726 125.84814600247907 241.1624998999996
3.8908404868471678 0.484767151073971 125.26116845770127 241.22759659999974
4.349617060368189 0.6229920779200502 125.68718844450908 241.29361059999974
5.52285563337081 -0.39938799014888715 124.82596645571607 241.35907769999994
5.442720742520237 -0.503799556800428 125.26310740084074 241.42423959999996
5.579035069474109 -0.6891213736166669 125.56859754111913 241.4901033999995
6.0197005460928565 -1.3383173971970286 124.94086311234601 241.55563659999916
5.992843452290074 -1.4627222049837845 124.99639029394073 241.62174139999934
5.973444834416576 -1.5735618560579856 125.04959767582002 241.68615669999963
6.124905542686605 -1.9323260527103154 124.51904579429277 241.75247389999913
6.129728387370683 -1.9960485999128714 124.40114890452077 241.81755389999944
6.133367472699966 -2.1260813940989354 123.96389007410181 241.88260079999964
4.921738087781087 -2.053926508268513 124.7087516756041 241.94785299999967
4.442316572737774 -2.333034449700504 124.26245198790505 242.0142925
4.003681726703832 -2.283520491126539 124.17958219170292 242.07826119999936
2.484793306893579 -2.352317380538704 124.094891162494 242.1441264999994
1.7556029228938428 -2.2944870803039166 125.00816600895948 242.20917989999998
1.3812700562670628 -2.262818138793136 124.7795794950553 242.27386949999982
1.0415189158243052 -2.1657278497366166 124.44760140972927 242.33994379999967
-0.6856793523788483 -1.89114441052963 124.8202418699757 242.4050671999994
-0.7781464332212309 -1.6886936874396055 124.15953488321036 242.46877819999918
-2.7398494139985843 -1.151317296440609 125.32800528556918 242.53455459999986
-3.2766590959622164 -1.0544996348444022 125.77959552574059 242.6006884999997
-3.548976577881099 -0.8574099679884241 125.19370416069084 242.66647139999986
-3.8295468316240004 -0.669180333175491 125.23731868925455 242.73182879999968
-4.998203776554831 -0.11059939961415266 125.59795951902788 242.7973233999992
-5.229139917672057 0.0018330068470733263 125.60534927131256 242.8624534999999
-5.498461338628907 0.21317299472664908 126.04209658022253 242.92769689999932
-5.720877224418302 0.9106203714939587 125.31725545796995 242.9927743999997
-5.801578490711584 1.0247051610354494 125.6189351415552 243.05840309999985
-6.09553826250616 1.2140255977905559 126.37311515569813 243.1237386999992
-5.765218213305985 1.9017766252755761 125.63968578895224 243.18883099999948
-6.083224869467465 2.0883248193330695 126.59599612653322 243.25398819999918
-6.0040524846274295 2.2246336603695234 126.39134150195297 243.31961669999964
-4.268855030631329 2.6202287277473695 126.05195457068425 243.38496299999952
-4.244319007930557 2.7149623784005477 126.50299965818157 243.4500963999999
-4.26840912826367 2.683841074320861 127.18426844227679 243.51606419999916
-2.4524794670161185 2.7277827800862893 125.93323205444315 243.58121169999959
-2.4232796023851506 2.5165083344267285 127.10460980704069 243.64588000000003
-1.6169688343605486 2.4581578720762796 126.53074581511775 243.71088129999953
-1.4429013246485383 2.524533895777463 126.91929824363498 243.775627
0.4053674065527204 1.9209936869678095 127.03622449567004 243.84066829999938
0.7363775116204252 1.782181994885331 126.55309955465849 243.90601289999995
1.2051810945177905 1.5666275615712721 126.36768056732195 243.97129779999977
2.986199701892005 0.8532091932930292 126.12825646451064 244.03527439999925
3.349871782742298 0.820283861746688 125.90516657872486 244.09995479999998
3.828165961706695 0.4180070106912537 125.59107306078899 244.16501139999946
5.116369657678327 -0.07590997319226289 125.17250589513348 244.2308280999996
5.567656310111836 -0.14986507944985616 125.04807028814477 244.29595959999915
5.643760999288901 -0.35242466851195153 124.95886726418912 244.3616622999998
5.938625811639966 -1.194027195401425 125.02519344069954 244.42665129999932
5.915854456416156 -1.2379468195023806 125.30874556307869 244.4919304999994
6.037384645790858 -1.25897935236312 125.04486894835063 244.55587809999997
6.125037541806982 -1.7295417720390813 124.39881138913405 244.62169249999988
6.203692276252042 -1.9488330455313196 124.08380375857232 244.68606799999998
6.122787611398991 -1.9601679352119277 124.80699615420957 244.75136719999955
6.085772295263446 -2.0230012084967974 124.4640857517371 244.8147583
4.8833736600678606 -2.2567431755347442 124.6503532374431 244.88157329999922
4.487362175122691 -2.3190812952728006 124.66007898184417 244.94622139999956
4.294362728832233 -2.320323367911024 123.88433390489467 245.01253459999953
2.549379362832603 -2.2785097524463103 124.37094237832146 245.0783666999996
2.0250742038988747 -2.276228977977155 124.31187742285938 245.14232559999982
1.507508761088296 -2.2631945050128444 124.77361593633456 245.2074724999993
-0.2759401795671792 -1.9550013939599449 124.62107934857762 245.27134169999954
-0.8833631474440651 -1.848823707288339 125.42800280262334 245.3377249999994
-0.6763120881527414 -1.6429772581673423 123.814341432193 245.40196579999974
-2.363777624273361 -1.2268552562059107 124.39621506044134 245.4663856999996
-3.1133665706619453 -1.0170616096617078 125.38960447608338 245.5318488999992
-3.3810380351154947 -0.9953271759636116 125.13185503789043 245.59757679999984
-4.723296041904909 -0.2512286709525565 125.59475694986885 245.66294539999944
-4.926872613141782 -0.0667117024896895 125.49735019274144 245.72826199999963
-4.81999123939017 0.09603942849475622 124.63691027672213 245.79367729999922
-5.338399710218958 0.17478938258619847 125.55266065280968 245.8585310999997
-5.776619144904345 0.7709913204150437 125.68663180747475 245.92403469999954
-5.668843085170124 0.9971906028292501 125.37097217976623 245.98891269999967
-5.580905851731941 1.7991395192261033 125.33192821225379 246.05408009999974
-5.870931449265555 1.9229948840115751 126.28054172216507 246.1073534999996
-5.680022076331532 2.0960943863861523 125.5704716215891 246.17283339999994
-6.06354134879092 2.197541091766904 126.77264364232802 246.23872239999946
-4.409937332999796 2.590726060874612 126.70223296740754 246.30434369999966
-4.007057661259459 2.790245353606384 126.48390493657466 246.37001229999987
-3.861723603506114 2.696161916952869 126.75426051728984 246.4345306999994
-2.652792574637786 2.727643890681671 127.16550608004675 246.5002969999996
-2.3417054703424043 2.530325081987191 126.95350473563616 246.56559539999944
-1.6757814324933236 2.5106268751014635 126.43263374435115 246.63126869999996
0.07887396306676919 2.2543545326277954 126.79597240496543 246.69568419999996
0.6860861211817166 1.8544687645895155 125.74112338235308 246.76174759999958
1.1140684892080657 1.7702122648071161 126.20972118930948 246.82782099999986
2.432747266535685 1.222878778512975 126.29435576827034 246.89224560000002
2.76622502777969 0.7642999431522471 125.58842383369068 246.9569302
2.76622502777969 0.7642999431522471 125.58842383369068 247.02369089999956
3.0999270681136935 0.8384774021967248 126.1305990319185 247.08785589999934
5.192951526320201 -0.13598334922694177 124.57761921557498 247.15372969999953
5.364992412115804 -0.26888748815658514 124.79902000092673 247.21775079999952
5.609540938916254 -0.41500723983113874 124.7290380123411 247.2839715
5.784449065845436 -0.8600999976085658 125.33205857237925 247.3501354
5.759481315439693 -1.0984202616447285 125.40619628740602 247.41659889999937
5.939132975654381 -1.3375590637027432 124.93559931407698 247.48254409999936
6.115605780673235 -1.806291889649514 124.37595185943903 247.54799899999944
5.97033642128978 -1.978455283409486 124.834679032682 247.61438009999983
5.990527556608065 -2.084084978760692 123.85232093425904 247.67877520000002
5.47304312720069 -2.2589703685281743 124.98030768336653 247.7448059999997
5.372560070341571 -2.3146786877578256 124.11336217562778 247.80934609999986
5.079250728004993 -2.2491022100842417 123.94130753345873 247.87575349999952
2.8157031742505723 -2.3757962549631046 124.94719367093116 247.93973839999944
2.4632727879650815 -2.3253255251679357 124.53747257010099 248.00462889999926
1.2658631606245123 -2.2735982793883527 124.36369749654813 248.07039050000003
0.7483830740225201 -2.162689169991725 124.61259527254434 248.1359711999994
0.2774245374203801 -2.0109712902474346 124.5547621436707 248.2006991999997
-0.02271134224514526 -1.939585693857397 124.12020398120855 248.26690849999977
-2.2764639443478885 -1.4226286095091214 125.20202223277116 248.33218719999968
-2.436470969875991 -1.2054282292398466 124.62600525299736 248.39811959999952
-2.436470969875991 -1.2054282292398466 124.62600525299736 248.4642989999993
-3.9879112303501714 -0.543000736860162 125.40668086835258 248.52950969999983
-4.384078189396718 -0.5074628564222737 125.58842264187791 248.59379109999918
-4.592346729585323 -0.29167935673502254 125.47652827560555 248.65804879999996
-4.876586563540087 -0.2008379777380781 125.76427824501188 248.72388339999998
-5.566692159925026 0.5329620974220279 125.37324344294879 248.78810819999944
-5.838944197950731 0.6200034191823982 125.81530141497512 248.85309589999997
-5.7717529079458885 1.273631404992794 125.66630990878261 248.9189297999992
-5.7741342067673855 1.5374893280806632 125.60188967322897 248.9834209999999
-5.822190590347937 1.715668976322326 125.82391179464597 249.0484994999997
-5.987110176233479 2.198400368890652 126.79993686175267 249.11453149999943
-5.201265754343922 2.4578174319654744 125.8110358160833 249.18044669999927
-5.206531383350843 2.5741132677877645 126.79019860377039 249.24531559999923
-3.9155954945072935 2.8340174193517065 126.72767399231752 249.30983379999998
-3.8064392782420526 2.721698578674874 127.40826719742063 249.37469359999977
-3.0326967498036694 2.8468554685320036 126.49429243613616 249.44027239999923
-1.4382105668567249 2.47386552236523 127.08117055637172 249.50540679999995
-0.9999767959541401 2.2166206512746447 126.86279063224978 249.57206589999987
-0.7127194302467146 2.230804604452201 127.06946977582193 249.63710379999975
1.193456141203427 1.7295261499839665 126.78801701713633 249.7024021999996
1.7921384489009782 1.4900635123608232 125.7554604375506 249.76721139999972
2.031871069721774 1.3171021314524334 126.27893877227287 249.83174710000003
3.184740436763356 0.9275190970569019 125.25398054349878 249.8972987999996
4.135548812516852 0.3778804536462921 125.30001157737836 249.96238259999973
4.338173854104504 0.2910385122932466 125.56217601012737 250.02676599999995
4.398193331243213 0.0017177557578694769 125.42410144557165 250.0925940999996
5.300919561500997 -0.7372994605623021 126.04084209192618 250.15678519999983
5.747029958625639 -0.7541358151889374 125.2229184041333 250.22143469999992
5.881749166052941 -0.84650430397202 125.41813046294497 250.28664729999946
5.992843452290074 -1.4627222049837845 124.99639029394073 250.35281779999968
6.119657357866728 -1.5583990119760873 124.5370316364101 250.41807629999948
6.066832118366335 -1.5868436340146324 124.85538943378627 250.48281039999983
6.2053221858105445 -2.0252856718573127 124.19405821910699 250.54797919999965
5.803143025897846 -2.1356703827164036 124.98575083479577 250.61364329999924
5.552333223394342 -2.0911391729992004 125.06451146390926 250.67781639999976
4.248673347493828 -2.3476356912086223 124.55339674526192 250.7425648999997
3.8980383311024767 -2.3003329343578045 124.29490704867992 250.80681979999918
3.4139438439843346 -2.377079181448921 124.71824670304903 250.8711889999995
1.810377277693192 -2.303074394926689 124.13667289220702 250.9381446999996
1.2634715909046648 -2.274155890859275 124.52994368240039 251.0023640999998
0.8735502078315349 -2.133847466254614 124.50294508246206 251.0670597999997
0.4559113580848688 -2.049110830089656 124.24722173391261 251.13236469999993
-1.04290678153221 -1.7159663486085788 124.62642473295037 251.19793279999976
-1.7018414485481301 -1.4699951304348775 125.36224266393326 251.26343610000004
-1.985455378256546 -1.3953917584533686 124.79541682430532 251.3279419999999
-3.511991477995437 -0.8253532238750482 124.75392501802928 251.39190759999929
-4.0281565441694696 -0.6323221666813293 125.50927970632262 251.45745259999967
-4.173921597537031 -0.5283960926060477 125.3355921120905 251.52210269999978
-4.861847879460875 0.05643600527991366 124.80447218561264 251.58780559999923
-5.498461338628907 0.21317299472664908 126.04209658022253 251.6527271999994
-5.753340194265228 0.3519919213805653 126.11973118204098 251.71925999999985
-5.61584023358045 1.1266838444635627 125.32754931898094 251.78383359999953
-5.7717529079458885 1.273631404992794 125.66630990878261 251.84886209999968
-5.770485676850669 1.3992748375325958 125.6610923612794 251.91554369999994
-5.923625789617937 2.1209184940127903 126.1136391231903 251.98100579999937
-6.012565091451819 2.2729633222473185 126.75654748072459 252.04796719999922
-5.695057623699448 2.4573952917601094 126.80559097829625 252.11254709999957
-5.225717893912389 2.5433416017574673 126.47043361182861 252.1779278999993
-3.798238726867588 2.7294911488457747 126.13664278580391 252.24232649999976
-3.9669768785135204 2.8495427614843196 127.5993999786797 252.30721949999952
-3.366107143298855 2.723822187260712 127.51290093999538 252.37220809999963
-1.3843983907822661 2.4641610554581446 126.71255370180299 252.4372657999993
-0.862175702267777 2.4464833057367628 126.47231182269137 252.5002999999997
-0.8011076459019293 2.2693233258878482 126.8959893702456 252.56624059999922
1.1411850891363002 1.678019500627956 126.51626182457193 252.6312355
1.6371901831700484 1.6856294786120785 126.45438573188947 252.69577759999993
1.866257710032606 1.3714179052323792 126.50000754917349 252.76045469999917
3.4939595205796223 0.5082610491865867 125.5224595580143 252.82507409999926
4.090862752331049 0.6104856206098397 125.45197355587045 252.88962939999965
4.311630494955907 0.3795839254109461 125.6853573862528 252.95525989999987
5.4551815572236535 -0.3982203867198507 124.93879990687832 253.0206589999998
5.529072510933197 -0.5713862852608965 125.15005988702812 253.08551199999965
5.780829126940191 -0.7289564344023926 124.73031941964932 253.15059839999958
5.672499994925211 -0.8650437568455088 125.44531103636572 253.21661249999943
5.917557135659308 -1.3638491570507618 125.3021084697612 253.2801331999999
5.919302430324841 -1.4897237841094606 125.29533079077306 253.3450613999994
6.053991078959022 -1.56595851250446 124.89648470262178 253.40899499999978
6.097729557480854 -2.040367007649612 124.43510467091347 253.4738852999999
6.027549082461476 -2.051940150875728 124.12196749462039 253.53956069999913
5.543133658135972 -2.195035358995956 124.95223539186506 253.6041153999995
4.492010739576692 -2.3118606843367386 124.16260067652841 253.66939359999924
3.9877178744409107 -2.2698352829279194 124.48954741153597 253.73476239999945
3.645411106572631 -2.344063731233794 124.15197319731368 253.79885729999933
1.6235706393645444 -2.2954919891815924 124.93820343964671 253.86350109999967
1.3361102463725203 -2.2629831942357836 124.63483231495047 253.92987919999996
0.873940747680507 -2.136449367572797 124.81012147816669 253.99351989999923
-0.7584768051335331 -1.7762995957729117 124.72497561351186 254.05825489999916
-1.1554780549075332 -1.6903476432621005 125.00663498601783 254.1243545999996
-1.5354760340838283 -1.5639930126568125 125.02432101447711 254.18911799999933
-3.1375708899725296 -0.9889398965923178 125.07540053148647 254.25491019999936
-3.231856285647261 -0.8585117725904198 124.2609779736107 254.32023129999925
-3.7957000788744537 -0.7462484298310864 125.1301499711403 254.38547149999977
-4.339219543042638 -0.5686874819078193 125.71308613502464 254.450785
-5.22684297479536 0.02669955251592615 125.36788521507322 254.5156210999994
-5.107219522271151 0.21815830890509513 124.63544989177798 254.5804860999997
-5.6323539138709435 0.4195639442038393 126.06669807580634 254.64525909999975
-5.940047989378577 0.9741554493382062 126.10600631139954 254.71048099999916
-5.613622483983541 1.1837190469634886 125.19353252107172 254.77590469999996
-5.726516483241667 1.4663194873336272 125.77900339639127 254.84165959999973
-5.809918646592621 2.1660783147099893 126.5358850361408 254.90653269999984
-5.680684655878082 2.2922562327257374 126.5258822925585 254.97153769999932
-5.359332524419848 2.5014355259814525 126.04615008289812 255.03717199999937
-4.116150242742506 2.69517143217779 126.8193521304379 255.1019308999994
-3.553185804564407 2.763448772230923 125.78454012023224 255.16751509999995
-3.6759399374034345 2.679059815541188 126.7659577919003 255.23186589999932
-2.3470927092532463 2.6482189657810373 127.34255869508578 255.29651119999926
-1.6098459227153512 2.5446857377842633 127.05272061566738 255.3609907
-1.6098459227153512 2.5446857377842633 127.05272061566738 255.4263689999998
-1.0002754510194123 2.5128163922030695 126.72324466441107 255.49160909999955
1.1098117786144996 1.8621293906597804 126.2502753454499 255.5579388999995
1.319544298202338 1.63800724337304 126.94590670286168 255.6243300999995
3.1106833922334047 0.904034804430144 125.92207325393218 255.68917789999978
3.1106833922334047 0.904034804430144 125.92207325393218 255.75352719999955
3.3626846937825903 0.654759517574722 125.79632030883123 255.81967239999994
3.6741753544711173 0.5929919885066387 126.2498029485451 255.8844640999996
5.490315164773655 -0.3362965520319231 124.87842344294518 255.95186299999932
5.409699460261521 -0.5504427155273043 125.39913289789776 256.01479049999944
5.953708279599667 -1.0060702151469307 125.05217805775565 256.07990809999956
5.986576755987535 -1.0864116179192203 125.02093126784375 256.1451352999993
6.03983242203126 -1.276599716174716 124.75976727698784 256.2108107999993
6.074385212907174 -1.3405856303888402 124.9951625636697 256.2756098
6.09677898336605 -1.9788063196976209 124.82822004324474 256.34027089999927
6.392314952250047 -1.9244753317106684 123.46479902810717 256.40405649999957
5.36550580431615 -2.2093140254282595 124.54949296191522 256.46936189999997
5.11300577466897 -2.2087753695812022 124.56346375669183 256.53365139999914
4.75649343034015 -2.2564457844857886 124.65945601538516 256.5994783999995
4.484248628802469 -2.3321778071722865 124.58919331654042 256.6641704999993
2.2535948768715954 -2.3576629358162053 125.1039517107736 256.7290415999996
1.9607892091165553 -2.3112359779898406 124.63081154589483 256.7933826999997
1.3812700562670628 -2.262818138793136 124.7795794950553 256.85939999999937
0.015023749300723921 -1.9953696086317256 124.82371444510686 256.92517939999925
-0.31665369760720097 -1.9893320797729848 124.98314176566119 256.99171899999965
-0.5853979279102504 -1.8587714283458125 124.48802996608715 257.0561035999999
-1.2760402356174154 -1.5440535556174635 124.5113977526087 257.12144779999926
-3.177560175276632 -1.027300119897049 125.46998732201864 257.18773109999984
-3.177560175276632 -1.027300119897049 125.46998732201864 257.2541959
-4.371740566551452 -0.47672692351212576 125.29373807956424 257.318303
-4.614831242530535 -0.23677741576242906 125.19991584595664 257.38420139999926
-5.016878627159855 -0.12843022574279628 125.60316446678335 257.44987889999993
-4.901664749286361 0.06380723446590808 124.87684372740614 257.5165081999994
-5.93862249240329 0.79569515643869 126.30766193622783 257.5830363999994
-5.932298652983768 0.8593579564424733 126.15378025980453 257.64840939999976
-5.697068806864564 1.5894682441443218 125.8267876527083 257.71277439999994
-5.679899711361614 1.7550058830763235 126.07426547989314 257.7774671999996
-5.387202042002258 1.9577369936852054 125.95067308973806 257.8427054999993
-4.986533318351711 2.3501211310557033 126.31872423070345 257.9071819999999
-4.904944368013751 2.4960407228642585 126.07436837153652 257.9725134
-5.056171145984841 2.4211529446335804 127.1897807798775 258.0377085
-3.4942733369192354 2.6903011012698284 127.01958110703212 258.1036003999998
-3.1209508970654767 2.6573665657908454 127.24262751695089 258.1682465999993
-2.6893778217322435 2.759771297610916 127.02540833625226 258.2346172999996
-0.8104856749168476 2.2896948818089937 127.05364278055676 258.2986624999994
-0.2838881795161541 2.2023813989463505 126.39253496700498 258.3641799999996
-0.1733632459374732 2.0831243535576585 126.84565502663897 258.4297134999997
0.4329143974513059 1.918503585699204 126.87652628107074 258.4963758999993
2.239368833483887 1.2476267823043465 126.36716860610497 258.5615656
2.5941365461320203 1.1566345952133166 126.41485776499947 258.6277689999997
3.447932058823838 0.866599227001084 125.96893032729426 258.69155019999926
4.462620244658552 0.27199982380499443 125.58782290062912 258.7571118999995
4.731735910163557 -0.06311132717512191 125.34411560985606 258.82224899999983
5.088554121493708 -0.08129469407247714 125.10499193888988 258.8880421999993
5.854475636503601 -0.7097634713668314 125.0482610633489 258.95282009999937
5.9532174414768235 -0.9173695325466557 124.68500695168609 259.0180791999992
5.909411697766771 -1.1304812306860819 125.36011457265047 259.09769629999937
6.045478378328305 -1.6046980519244802 124.85762939569929 259.16346169999997
6.0481475583840165 -1.7604895355509012 125.00349018119921 259.22923249999985
6.050255456792833 -1.8546278095978406 124.83994613437912 259.29416859999947
5.680801178285833 -2.1338520075377443 124.79913728421522 259.3604830999993
5.616857557387185 -2.1610548667303653 124.36699918693635 259.4244153999998
5.400140081172694 -2.174338119221817 124.15189927932944 259.48977209999975
3.871639778906001 -2.267404428670621 124.31067804643288 259.55440799999997
3.4455574130170703 -2.308653343015813 124.04503123713226 259.6199276999996
3.059412534709992 -2.2328071052774163 123.9941254722755 259.68551429999934
1.345101384944897 -2.1343365639050607 123.95386338475836 259.75143169999956
0.7898164430801344 -2.173258153704856 124.39214716249555 259.81747299999915
0.23329097359631135 -1.9903969414513916 124.70122780429804 259.8833589999995
-1.3953694760599689 -1.6107304285955242 125.24815407000978 259.9476197999993
-1.7502195795733329 -1.5010804078734687 124.96459268140114 260.01227149999977
-1.92330416268112 -1.3934655957444133 124.06211757036405 260.07724829999916
-3.6946902722391997 -0.702150353229536 125.19493622369559 260.14391909999995
-4.1254217185864235 -0.5731480255426432 125.70211194460903 260.2082877999992
-4.368589573728521 -0.5800776717157713 125.75051728103611 260.2747279999994
-4.2280018153501615 -0.2933486632865113 124.54230472699253 260.3400208999992
-5.538725854415837 0.2566608373164634 125.66096245859198 260.40666299999975
-5.753375033227101 0.46636838331387254 126.04890301510999 260.4716555999994
-5.586019461927911 0.6936344210865318 125.13256244944904 260.5376065999999
-6.094456436110924 1.3404823168119988 126.36851219584658 260.6016759999993
-5.937371641552936 1.5034953710833274 126.09398315664164 260.66661359999944
-5.934050509939006 1.7557099615904685 126.08130465285186 260.7324159
-5.869407158324542 2.2863277746927957 126.64089147672303 260.79643899999974
-5.34711250192138 2.5270197218851016 126.58032309247358 260.8611753999994
-5.237017458290396 2.546342321936168 127.28990609590626 260.92669599999954
-3.9491275305986946 2.711627384476219 126.63266177206495 260.99260739999954
-3.721166354568176 2.8054704269418704 127.26720686832336 261.0572972
-3.2410680065051665 2.7297181794561687 127.15110243091937 261.12185169999975
-1.3140840413953327 2.5108137463694757 126.82145551030204 261.18727079999917
-1.2394485356146134 2.368559212340489 127.03663108560667 261.25316269999985
-0.84198770045559 2.0392903953523427 126.80696758177021 261.31818209999983
1.5044104393607185 1.7666117756833626 126.44067536602418 261.38401649999923
1.991381287832219 1.5219872907187066 126.20226006419358 261.4494378999998
2.3779487714991063 1.2675605584441545 126.17437327346995 261.5147600999999
3.613151281638551 0.5286396166712526 125.64077973547164 261.57976979999967
3.9939915407269595 0.4391700894078562 125.69088160379415 261.64514959999997
4.384871269533392 0.1445694849359993 125.45742495247511 261.7102479999994
4.598461683601805 0.10263496091724433 125.61881249664376 261.7753241999999
5.442494270102053 -0.650186475602844 125.72687261432993 261.84030409999923
5.704209925926932 -0.8201609373304658 125.1232972104308 261.90436209999916
6.000030789946464 -0.8169070765763732 124.93742099079236 261.9706510999995
6.087971067091765 -1.4170643610767186 124.64822820881803 262.034756
6.045478378328305 -1.6046980519244802 124.85762939569929 262.10025079999923
6.161769587462167 -1.5862798535766283 124.6952928755371 262.1661684999999
6.234195344755683 -2.021067647986455 123.9663945905877 262.2319295999996
5.867976075760545 -2.085459275153624 124.53052715572986 262.2969542999999
5.541472667898724 -2.208435508724902 124.51468514325695 262.36181789999955
4.359840377034786 -2.393137317940358 124.51387201771222 262.4259334999997
3.9010460573754173 -2.267566710963426 124.52972355899514 262.4921046999998
3.3465014028813584 -2.3614489290932803 125.06389025124965 262.5574048999997
1.7148723121673441 -2.2640530527686438 124.6151263389768 262.62186909999946
1.2807173756557617 -2.199140498175611 124.61250453611383 262.68783239999993
0.7537526668449104 -2.154836567428805 124.66404057011884 262.7532919999994
0.5774439441718542 -2.079847863037853 123.90283910793347 262.81713369999943
-1.3046496101652139 -1.5539870964425204 125.16111857801943 262.8828668999995
-1.634187900664969 -1.5490077627583205 124.98565277048532 262.94828309999957
-2.0878363778760303 -1.3962988852110776 124.87064676338078 263.01372979999996
-3.3488544559872366 -0.794664328888908 124.51803421410462 263.07959589999973
-3.631517644089179 -0.6011368712737047 124.6766342957822 263.1451142999995
-4.598934300830685 -0.4926245272591828 126.45739478755166 263.21083329999965
-4.981975659548262 0.09313137717833708 124.63411668601505 263.2762533999994
-5.31564419019098 0.3590824764446394 125.37426093562759 263.34216149999975
-5.696290389897314 0.47625320424813516 126.06675773151638 263.40677199999936
-5.69619875377942 1.057736518629511 125.38120747876718 263.4718961999997
-5.479607000544185 1.3474429064666684 124.84469324710165 263.5380009999999
-5.827723719711315 1.4921305109639031 126.07280527341719 263.6025138999994
-5.711156710290304 2.208072788727297 125.79224040797773 263.6672289999997
-5.88029078422791 2.2264160493519354 126.35303192929909 263.7324089999993
-5.487207810149414 2.417309514407718 126.49795461871807 263.79696839999997
-5.203483900844226 2.614346546615105 127.11831761444836 263.8607751999998
-3.9118189093132187 2.7112127512986537 126.35610988077492 263.9253553999997
-4.014427241558089 2.7904419889307017 127.47298298866421 263.9905953999996
-1.845995468945695 2.5920972491140692 126.69770534152366 264.055198
-1.403534674222854 2.521568516368538 127.13976199860691 264.1200177999999
-1.0520857643387345 2.3465025917172557 127.06726399984159 264.1856343999998
-1.0520857643387345 2.3465025917172557 127.06726399984159 264.2518422999992
1.4029059990847514 1.7444031821888715 125.46314629250632 264.31717689999914
1.5502723667264888 1.8119486882747982 126.49812990019352 264.3817997999995
2.1247512658334458 1.1414338447876382 126.17822592054961 264.4467608999994
3.717166634024757 0.7815508919198297 125.15798939484546 264.51285989999997
3.717166634024757 0.7815508919198297 125.15798939484546 264.5782049999998
3.7743704167436434 0.5901852357086819 126.16037596740031 264.64395499999955
5.2398064798149875 -0.4673153755445997 125.4753602513829 264.7098127999998
5.712150512779559 -0.39131066573728013 125.54706312001818 264.7749686999996
5.587844783764503 -0.6304488993839698 125.617216367345 264.84059629999956
5.9943488777530405 -1.1160127370644268 125.3217501924701 264.9060809999992
6.134113572260418 -1.2927079217245385 124.742421600469 264.97174189999987
6.087971067091765 -1.4170643610767186 124.64822820881803 265.03593289999935
5.926678830470387 -1.9929333628066344 125.2669404480431 265.10097439999936
6.165716431233797 -2.068562886134229 124.26161123263645 265.16609849999986
5.43067955709742 -2.2876059892099554 124.27371447885716 265.23226539999996
5.0496674772573655 -2.257487074675545 124.82902470260792 265.29753719999917
4.8463826645894414 -2.405519139073521 124.3237418114427 265.36279679999916
4.400386845317321 -2.301676264627968 124.27241932273012 265.4278188999997
4.074537043437502 -2.3107067291999024 124.00788536094245 265.49401939999916
2.2040532233841788 -2.3294765011002574 123.59734427352481 265.5589880999996
0.46128768305047174 -2.0993785990638942 124.28738920914405 265.62386549999974
-0.06311978331080326 -1.9501238223739197 124.67476338982921 265.68920179999986
-0.40067434323360374 -1.8815130728654457 124.75455526674354 265.75535369999943
-0.7949346235076646 -1.837099085402099 124.77391321818091 265.82000439999956
-0.9751560592443056 -1.6089149716056537 124.3936093909097 265.88626809999914
-3.169642210045218 -0.9839075409201511 125.18083264773507 265.95095259999925
-3.508696419361499 -0.8697272306120766 125.13919906651525 266.0162199999995
-4.235162490816158 -0.40021333697400696 124.67531965652228 266.08202899999924
-4.677021521522676 -0.16163398631775416 125.26951769644043 266.1465626999998
-5.073616173485959 -0.06528061123831486 125.78846683902026 266.2122569999992
-5.229118248831291 0.12750450247763012 125.60381112857766 266.2782791999998
-5.8360946127374405 0.8828773174242752 125.87304171533411 266.3425705999998
-5.8360946127374405 0.8828773174242752 125.87304171533411 266.4075568999997
-5.812511630043183 1.6045676323656939 126.0938589043545 266.4730015999994
-5.825725044272708 1.744452513039362 126.06404539670262 266.53874949999954
-5.685269159852318 1.9593341213105826 125.96939451859102 266.60533919999943
-5.502908209859179 2.1939221216685745 126.03056501281237 266.67071869999927
-4.660488618372717 2.6715486297837745 126.08816832265795 266.73590309999963
-4.343806850530974 2.727333283709822 126.27679149229562 266.8010042999995
-4.050554608191057 2.685244962036469 125.72971053972395 266.8658412999994
-2.6193054027286564 2.695275208698949 126.40954058786465 266.9315762999995
-1.942288883953566 2.7883455018761842 126.34827288664397 266.99748779999936
-0.781054400106008 2.1439525550616643 126.61233877201677 267.0626898999999
-0.42531861843850294 2.17078582835365 126.9413165419446 267.12767319999966
0.0428173409848327 2.0436755666329285 126.90153551986327 267.1920387
0.5639351511807433 1.9193571682745714 126.86469884206372 267.2580466999998
2.2570172539738493 1.2135174273208238 126.3566335480257 267.3228113999994
2.758496092209924 0.8631473670883619 125.75875020131342 267.3874943999999
3.401964585078929 0.998713684442813 125.75612184642945 267.4520006999992
4.5796330398209335 0.31365959568952995 125.8710620882465 267.51651069999934
5.205572144719639 -0.1692466141480653 124.7846554556829 267.58194079999976
5.1855829603517165 -0.2518817859578343 125.2876640759668 267.6472884999994
5.837396737219379 -0.7748079757282692 124.91182095883119 267.7132223999997
5.786015833776901 -0.9860666739091822 125.32594965888951 267.7781722999998
5.909874363533767 -1.1041734565879593 124.89789029376318 267.8440799
5.912217860315536 -1.2292628234067373 124.88919507578068 267.90944669999953
5.921582314381503 -1.7765445708419172 124.73722966967902 267.97509379999974
6.048211712777984 -1.853670933473163 124.67283283845572 268.0373574999994
5.944723985692804 -2.0550479310810377 124.22209332103876 268.1018050999992
5.430349971238556 -2.25838828989484 124.80355708939513 268.16650859999936
5.188780652081796 -2.3615719347479724 124.36234174604687 268.23097419999976
4.995176659271259 -2.3134835101137057 124.13469347136903 268.2967009999993
3.135988583145796 -2.3296285156498118 124.59498642598935 268.3617596999993
2.585961770738365 -2.36044283908508 125.1026809734162 268.4266371999993
2.479592089117588 -2.3050393347884617 124.26814337465821 268.49108389999947
0.5997382929652275 -2.0394494007903594 124.97336249438142 268.5564717999996
0.19418794896269276 -2.0101573457641706 124.70897597472691 268.6226068999995
-0.3134972348200833 -1.8838130802951794 124.74107913258544 268.6877500999999
-1.5821806680976636 -1.4393129456228566 124.07683026834229 268.75402289999965
-2.2414860426954775 -1.3748836454661308 125.08457925937432 268.8182266999993
-2.413672754321155 -1.185906155924397 124.23651264919195 268.88295429999926
-3.0568995869076474 -0.9986001210103291 125.01924740828657 268.94881539999915
-4.635794298702223 -0.4057170407718941 126.0370916556927 269.01395049999974
-4.752259596306935 -0.31601130273765843 125.83952762220882 269.07887889999984
-5.686124665153102 0.34236387525533346 126.10699444105897 269.1441516999994
-5.566692159925026 0.5329620974220279 125.37324344294879 269.2081866999997
-5.879299916324875 0.7309406280284323 126.1156380009347 269.2736464999998
-5.775433250862903 0.8966609146869261 125.68163432966537 269.33724989999973
-5.6427693237465135 1.5244948902372597 125.65272497512414 269.4022596999994
-6.0507734148105 1.701445755865372 126.80925577208077 269.46653100000003
-5.638777028957932 1.9013599631689595 125.63652306714962 269.5316000999992
-5.349838721339843 2.416363083507898 126.61122529066147 269.5958907999993
-5.147848546944296 2.494010720771476 127.21910180852858 269.6611391999995
-4.5426221584667985 2.4793323926165907 126.23787055609176 269.7256004999999
-3.4942733369192354 2.6903011012698284 127.01958110703212 269.78994709999915
-2.8124316105054348 2.757767350575573 126.79943098048466 269.8550618999998
-2.4654638544211593 2.7349506557440866 127.1714668060602 269.91950929999985
-0.6271578439152492 2.3418150817031407 126.81018409222008 269.9850179999994
-0.32190229895434896 2.0598901552355895 126.47600733915732 270.0510480999992
-0.03310760446874639 2.0189501512631356 126.9245668414589 270.1156369
0.354877477316343 1.893312389292662 126.90540806505116 270.18170029999965
2.3707078897798155 1.1189766173236027 125.95703048613477 270.2459431999996
2.6273540445895662 0.9928098120969175 126.33523946399639 270.3109369999993
4.148601434883801 0.3861879539623252 126.05358466562808 270.37531079999917
4.534711047737716 0.20981505185662097 125.55442317447871 270.4391928999994
4.852250068082917 -0.08220127903361707 125.10289130606658 270.50477189999947
4.835295109605546 -0.10892007739397225 126.1627428657949 270.5708834999996
5.9063322523629935 -0.7757596497035338 124.79186721370534 270.6356376999993
5.951488271534963 -0.9778082429239451 124.90495574277556 270.70003989999987
6.051304350502932 -1.064028551449054 124.90409135403817 270.7654909999992
6.005089125264917 -1.5693474420382412 124.92164615503457 270.8319600999994
6.111688666050107 -1.6818123515227703 124.39507755844893 270.8954430999993
6.113842179755579 -1.806428176122433 124.38722936377592 270.96000119999917
5.838205482058086 -2.2841479336540678 124.5066728836386 271.0255456999994
5.49686649421092 -2.2102877274077137 124.81262157429616 271.0906126
5.372560070341571 -2.3146786877578256 124.11336217562778 271.1562079999994
4.982179023264997 -2.3608761904670206 124.36624864431772 271.2217054999992
3.203463805018103 -2.4087830052665935 125.03694132161921 271.2880443999993
2.8157031742505723 -2.3757962549631046 124.94719367093116 271.3527067999994
1.032651903812713 -2.245160552655625 125.07185544751064 271.4189563
0.8010907283221442 -2.175463893036746 124.19921205901761 271.4841407999993
0.15345128082612547 -1.9987633508965539 124.92852178457747 271.54937959999916
-0.2807173993611016 -1.9453879392042404 125.08765048628293 271.6136571999996
-1.6628848056881083 -1.397627009531909 124.68262423970131 271.6790715999996
-2.09280260756384 -1.3364153567749941 124.8081227235604 271.74432649999926
-2.5120255525383044 -1.2482522362976733 125.00504592294448 271.80973579999954
-3.9566482960937535 -0.641935904251623 125.04505231242277 271.8753558999997
-4.374057083555549 -0.518817542099773 125.48657204478017 271.9389616999997
-4.5505450268898215 -0.28738168286862453 125.26649826295275 272.0045760999992
-5.428160115535277 0.39513083275500144 125.63452806080103 272.0694598
-5.613853760788658 0.4785819390796684 125.7067260192635 272.1350762999991
-5.789573485468239 0.7603096470767967 125.6551115364473 272.2001212999994
-5.7717529079458885 1.273631404992794 125.66630990878261 272.26598749999994
-5.585392873373884 1.4987107633093788 125.15024417911197 272.3307748999996
-5.578377104623563 1.6254414208192203 125.35029827405373 272.39597159999994
-5.53082838280509 2.261498137006604 125.7955999648466 272.4629189999996
-5.481638177012314 2.3742844169464172 126.99789988321902 272.52788169999985
-4.934308267738608 2.5234762723915347 126.68009745791852 272.59229849999974
-4.415732317255525 2.61508348930832 126.17021204906662 272.6586731999996
-3.6472169117062236 2.7570495031735684 127.1006606427737 272.72381199999927
-3.2529182415243554 2.709516756192083 127.4906957278901 272.7888280999996
-2.6797413487415227 2.746593441458612 126.82609776667029 272.85308539999915
-0.9302778259511442 2.291703270593023 126.62089766128106 272.91748259999986
-0.4346551840682693 2.1470803222372816 126.31393286931478 272.9828996999995
-0.4346551840682693 2.1470803222372816 126.31393286931478 273.04861899999923
2.1418589683763685 1.5312769768164725 125.96363511028 273.11291189999974
2.2269374675791767 1.2273217547344681 126.27998302343954 273.17844629999945
2.4973302588478603 1.1201749073701466 126.34846671068645 273.2445762999996
4.102774412710765 0.5361800688404994 126.01300680035274 273.30943229999957
4.102774412710765 0.5361800688404994 126.01300680035274 273.37441429999944
4.498479874841983 0.3591181586852947 125.37181495981045 273.4398083999995
5.692369685994052 -0.6285768822449965 125.09575246131449 273.5051034999997
5.75683269349048 -0.8195709361265952 125.25902634300667 273.5703545999995
5.956072953326341 -0.9597631946647537 124.85982803146986 273.63653859999977
6.162379762877528 -1.3870279670232883 124.16850297399381 273.7020292999996
6.043103289370386 -1.4796909303522687 124.86644765655853 273.76773889999913
5.973444834416576 -1.5735618560579856 125.04959767582002 273.83308639999996
6.118196721750401 -2.0555770252243497 124.37140085855647 273.8984211999996
5.996031742455635 -2.0684847523503924 124.09707924626764 273.9635902
4.865549430324158 -2.241786177031039 125.15994854617773 274.0284821999994
4.562597198984641 -2.239992264420415 125.02857298733034 274.0938935999993
4.3218035703072175 -2.301343633864778 124.42790942410055 274.1599037999995
3.850912294658258 -2.317344744511629 124.71198081935634 274.22345679999944
3.483231847861326 -2.342514284430244 124.36606046291513 274.2882262999992
1.397967774937591 -2.2238548934542735 124.43533739220568 274.3550603999993
0.7477216953761214 -2.136058270302858 124.81584753250782 274.42018859999916
-0.6451233826830034 -1.8818307380649393 124.88920738296811 274.48481419999916
-0.7976529270796462 -1.709407660603253 124.556245120662 274.54873359999965
-1.132010382180347 -1.5948580208075196 124.50412365286434 274.6147966999997
-1.5372623382716242 -1.516558951127629 124.59417921416745 274.6806278999993
-3.771099525772975 -0.7161457984616099 125.30285040753213 274.7449815
-3.9233521795354704 -0.6206798978994511 125.13748118067267 274.81054739999945
-4.849787661470323 -0.12513126914912254 125.59679581675779 274.8765426
-4.773385737562101 0.05275310176709791 124.795034403585 274.9415481999995
-5.227183616593813 0.15202457034682504 125.3674069707578 275.005999
-5.47539390686147 0.39084864322718676 125.65777136104622 275.0703036999994
-5.692310245932184 1.1602833602424798 125.36732270141027 275.1362984999996
-5.692310245932184 1.1602833602424798 125.36732270141027 275.20233479999933
-5.929142120125853 1.3640369939613775 126.13859147390168 275.2659445999998
-5.833145664170772 2.015682172563583 125.85136930558205 275.3312427999999
-5.901642770790822 2.2293489452942112 126.2793558269028 275.39692079999986
-5.6270434008881125 2.3201637777348334 126.02395318094356 275.46227799999997
-4.418743470976416 2.649162997043025 126.64999178829179 275.52718449999975
-4.109519499424067 2.711952281831844 126.6706870995507 275.5930179999996
-3.988507649173357 2.729254808218211 127.29844046865207 275.65889099999913
-2.58959607336584 2.581591344783221 127.16477612445037 275.72349659999963
-1.9033584809456627 2.398901278321055 126.93149601667453 275.78885229999923
-1.1899168186501967 2.679083686380558 126.71796388266279 275.8545906999998
0.37585962536401496 1.9223328260564667 126.33824842395153 275.9201310999997
0.7418564012559017 1.8893788914189105 126.25147357435144 275.9852785999992
0.8739139642226377 1.7509400493359584 126.99621825406973 276.04992819999916
2.8106852845419397 0.8071116708780607 126.20101762318694 276.11478629999965
3.2952851009774733 0.9810405376092346 126.04736327258625 276.1816156999994
3.830546253206961 0.6075436104135807 125.08691522473653 276.2459012999998
4.586771526114241 -0.09352644082552863 126.04796758928042 276.3107040999994
5.18865381131495 -0.31155454698890994 125.62254321650654 276.37629969999944
5.567342926360745 -0.31733043099813074 125.16852973875956 276.44109799999933
5.790158116676302 -0.9350645838556259 125.90108163698643 276.5067034999993
6.03983242203126 -1.276599716174716 124.75976727698784 276.5722765999999
6.11723208990859 -1.1865865312730666 124.80269421248583 276.6377485999992
5.990570612745216 -1.4254066329369386 125.26268208269798 276.7031045999993
6.001545637587775 -1.9640490949470917 124.96270360297144 276.7695578999992
6.129728387370683 -1.9960485999128714 124.40114890452077 276.8351511999999
6.12667897252355 -2.056926643888928 124.51298325226196 276.9008712999994
5.068162002162957 -2.271010459053338 124.4937935322188 276.9666245999997
4.669577065704139 -2.3332451302664805 124.51523544014489 277.03269569999975
4.492010739576692 -2.3118606843367386 124.16260067652841 277.0990067999992
2.762442768435534 -2.262661684485595 124.32336296460608 277.16358879999916
2.246512969754207 -2.385952382252094 124.66604938965119 277.22895289999997
1.7719863445560549 -2.27535873229963 124.32940987589991 277.2938156
-0.01861723469154697 -2.007560060568766 124.72698532640113 277.36015789999965
-0.34665969177695644 -1.9122038121345986 124.51947015027697 277.42578389999926
-0.7825695809089339 -1.8314499675081422 124.87693354093899 277.4908292
-2.3187675395893876 -1.2807415097150607 124.73761750410469 277.55664329999945
-2.905461304950272 -1.1535146527654332 125.3277066225158 277.6228345999998
-3.371300833493258 -0.9558183498564684 125.33765235422872 277.68861489999927
-4.201765564095517 -0.3695037888160887 124.52363056724788 277.75379299999986
-4.722544286736856 -0.2258426174343101 125.35853761434879 277.8185186999999
-4.914674203015771 -0.1023336517161717 125.29920071803821 277.8831477999993
-5.726600692361927 0.6430094217814482 125.65608633644723 277.9475847999993
-5.789573485468239 0.7603096470767967 125.6551115364473 278.0122675999992
-5.865440591654661 1.0104734367084718 125.82159591803266 278.0777177
-5.613622483983541 1.1837190469634886 125.19353252107172 278.144131
-5.766564569441769 1.7761623344243331 125.64511705581685 278.21085629999925
-5.930618982184477 2.0078829795470603 126.06831607021518 278.2764021999992
-5.625706618153359 2.1775015346112645 125.34355091276316 278.34238619999996
-4.830480825051133 2.448871716914294 126.74587761560672 278.40744749999976
-4.317672936558068 2.6628135476171853 126.53255758929 278.47397809999984
-3.83096012075476 2.7446432174096955 126.04281335328349 278.5385362999996
-2.924577458016202 2.680400843206572 126.65251075057796 278.6052299999992
-2.76334165768597 2.5856886307827835 127.57726190691632 278.67139039999984
-2.158113515875897 2.555297138674682 126.96343378811184 278.7375882999995
-0.17546940972144398 2.102554053689257 126.56812550274432 278.8044218999994
0.09520382852981157 1.9094925543873909 126.58044184567972 278.8692562999995
0.5118212006469349 1.7956126860350978 126.61968916038808 278.9344953
2.413095865778395 1.2711436699359282 126.62123755287308 279.0004366999992
3.033133090628219 1.0762612848426991 126.00231605044729 279.0665769999996
3.236708694291984 0.9523634995455201 126.75982652199377 279.13200529999995
4.5941833166370145 0.16446785059046376 125.54378768243177 279.1973193999993
4.896225890882384 -0.08110316286569053 125.09850489149052 279.26130419999936
5.201748316357616 -0.2723711144127309 124.95206460168872 279.32612249999966
5.95011096150364 -0.8689834511623159 124.63864291856811 279.39148489999934
5.953708279599667 -1.0060702151469307 125.05217805775565 279.456596
5.8954213297285705 -1.1784068705646238 125.30939173644423 279.5209484999996
6.03983242203126 -1.276599716174716 124.75976727698784 279.5859332
6.090420177837629 -1.7111844887642111 124.82798959304252 279.65194109999993
6.179373845490609 -1.8340051497331107 124.21960129901049 279.71709629999987
5.680801178285833 -2.1338520075377443 124.79913728421522 279.78191049999987
5.491755076055618 -2.2095773232270064 124.54245895050452 279.84669569999915
5.364257363939473 -2.2083957675582586 123.53089283705806 279.92590159999963
3.541176966279302 -2.3774306650090695 124.70831792901198 279.9914517999996
3.052752762679283 -2.330447092284864 124.76275883284416 280.05697209999926
2.7191572133312363 -2.327901496391703 124.77292093489763 280.12227919999987
0.9544474641470728 -2.137174496710878 124.6631552403011 280.18951089999973
0.6040541167067275 -2.0569473820102817 124.73488253864444 280.2550523
0.007980033674911624 -1.9334779243683835 125.169333168933 280.3188154999998
-0.537686269476275 -1.9141430909428134 125.07362808955938 280.38416289999986
-2.0704385597350026 -1.4709438372004806 125.48283587583256 280.4489545999995
-2.1858222151583604 -1.2712836730188748 124.54263359720173 280.5152085999998
-2.7314558167654113 -1.1471915918221405 125.44200645070843 280.5801881999996
-4.28170506446758 -0.505901043287161 125.51717934141709 280.6451548999994
-4.230073042588302 -0.45910339248630316 124.73527414485281 280.71047799999997
-4.484052823170288 -0.20979478192125367 124.94757557413472 280.77547719999984
-5.440726170961682 0.40711683489233663 125.37217890150268 280.8557535
-5.418067491209719 0.5717112104164829 124.92535380270512 280.9212275
-5.940580315610042 1.2512412566935167 126.10634562488355 280.98489639999934
-5.7159968197500035 1.453087805766148 125.81531571745592 281.0495855999998
-5.715257461855678 1.5789294525508069 125.81165843147748 281.1138450999997
-5.5957251041722245 1.7759612228890416 125.82761948160487 281.17934669999977
-5.613985394394987 2.367952946820926 127.21966273901761 281.24462329999915
-5.458402173268745 2.456695696812369 126.80288915088916 281.3085551999993
-4.109519499424067 2.711952281831844 126.6706870995507 281.37325579999924
-3.7743821883546076 2.7746651814179866 126.61212709479753 281.4388364999995
-3.4007474107673445 2.7447211348684943 126.89839904318804 281.5047668999996
-3.0064740148475124 2.7535342593010372 126.86870180269075 281.57139259999985
-1.3949829375313882 2.276834806771106 126.91380585695397 281.6364587999997
-0.7664587281838351 2.395222366147747 126.4392253689329 281.70261649999975
0.4400455044619136 2.029645445310272 127.19757040227 281.7672208999993
1.0656121427399086 1.7768925644352287 126.58109015221316 281.8313617999993
2.0734986540565075 1.453046360286411 125.81287086637965 281.8960518999993
1.8985797385058447 1.1689356750290898 126.64893426989077 281.9615718999994
3.9365824996180265 0.5791022428260418 125.48109622739261 282.0267647999999
4.218358391071035 0.60130759845873 126.13425142382695 282.0925056999995
4.796965143934244 0.10934076513037505 125.35701735374344 282.15812539999934
5.364625837774696 -0.34131630355815756 125.4776970179215 282.2222398999993
5.702036854841111 -0.7427062604044402 124.92295146078271 282.2886652999996
5.82863313777478 -0.88151343493187 125.2247030384225 282.3531039999998
5.888364838713883 -0.9265285223873848 125.33797489318698 282.41766199999984
6.090169375899606 -1.541829223496388 124.64044659799963 282.4834971
6.090169375899606 -1.541829223496388 124.64044659799963 282.5480533
6.235375118331959 -1.5574677841726228 124.39709745548929 282.61315209999975
6.174637147761693 -2.0374316206655383 124.46607786527727 282.6773312999994
5.724096427545959 -2.134362269095823 124.97491601377871 282.7432487999995
5.575554003103193 -2.180250436380641 124.38392459506387 282.8082448999994
4.773209670250083 -2.27428691217694 123.78671281383114 282.87402549999933
4.202582821231694 -2.3118332777099315 124.1624044933095 282.93960609999976
3.822942495023902 -2.3098915727428397 124.02286996105876 283.0054870999993
1.4522366677954182 -2.199333688793566 124.7503321858246 283.07184359999974
1.1545084596864115 -2.1987792064771385 124.61891720471598 283.1371663
-0.3189088974680274 -1.9441540077979225 124.84245579849772 283.20154899999943
-0.6856793523788483 -1.89114441052963 124.8202418699757 283.26668209999934
-0.976580180088078 -1.7666196540223629 124.822454390705 283.33184919999985
-1.182809563709199 -1.5458252104828838 124.48030865061357 283.39616319999914
-1.806089706763892 -1.5928507475691176 125.20695322266826 283.4611628999992
-3.762344437930608 -0.7436201163673105 125.1500311837524 283.52660079999987
-4.137714225028375 -0.5353614739296814 125.54230637136534 283.5919533999995
-5.115788114314348 -0.16657729330857785 126.03071701568513 283.6579776999997
-4.988989714227785 0.04210109155199149 124.96369732145041 283.72308899999916
-5.3959684477161005 0.23823712532212538 125.73934511240623 283.7883247999998
-5.47927715241245 0.3972691122128323 125.66912329142419 283.85372519999964
-6.025726987008902 1.2793212077292597 126.55680766721794 283.91862219999985
-5.738051749689163 1.387711244177019 125.81217217255409 283.9849790999997
-5.638777028957932 1.9013599631689595 125.63652306714962 284.0496119999998
-5.796714100153146 2.1205016157129672 126.11062060325362 284.1147715999996
-5.899785454105654 2.2153155824154944 126.341255661444 284.1810379999997
-5.911425188273064 2.320438888975141 126.8796713642748 284.2450220999999
-3.632517123682959 2.744493320620397 126.02817329277288 284.30974629999946
-3.632517123682959 2.744493320620397 126.02817329277288 284.3757186999992
-2.8024320253880504 2.6652577182448893 127.1715857477391 284.44085929999983
-2.08553294054164 2.629205370040311 126.71448608007479 284.50640809999913
-1.7701282751963703 2.674754227883425 126.99650458113062 284.5718815
-1.3237991725758818 2.287002956585177 127.24115006383025 284.6368274999995
0.5112581685480606 1.983196681916969 126.82575172359847 284.70269969999936
0.8205684817765189 1.863248048605894 126.33491988367169 284.76873649999925
1.4242582570803037 1.6427376869225119 126.53376974656594 284.8347039999999
3.975957173313951 1.0716595316735045 125.3011740022601 284.9004110999995
3.902661228738168 0.8038014942455473 125.9206459986676 284.96554429999924
4.541703518449118 -0.017751901728174868 125.80291597199786 285.0310415999993
5.078692669410749 -0.09190587444056186 125.73973993987545 285.09728769999947
5.363686718714121 -0.15103596297029875 125.57493987258536 285.1623604999995
5.372805155954836 -0.5674088490558377 125.29020136730543 285.2274241999994
5.986576755987535 -1.0864116179192203 125.02093126784375 285.2929887
5.9943488777530405 -1.1160127370644268 125.3217501924701 285.3565499999995
6.040053673645957 -1.3844119964267954 125.0345646129268 285.42120889999933
6.17927733407803 -1.8712128628718374 124.54822235309918 285.4859173999994
6.204637488387938 -1.7922841643169618 124.62065032759091 285.55186589999994
6.178825455673682 -1.9798834186372343 124.82553805405045 285.61694929999976
5.355988630357189 -2.2980667220212436 124.163859324481 285.6814521999995
4.990604502981611 -2.2066542359304955 124.38374463760994 285.74643359999936
4.660212549908266 -2.3460127264490067 124.47106446924965 285.81236179999996
4.303490167657657 -2.2837857538868707 124.14217092577702 285.87748289999945
2.543650735004796 -2.249542233622112 124.69664597281695 285.94169239999974
2.370789541640036 -2.313358966359156 123.82119368616121 286.0075375999995
0.19241251883036625 -1.9957556650766022 124.9368661994453 286.0720384999995
-0.09523383919933082 -1.913079687055709 124.50951681636182 286.1365331999996
-0.7564483856587358 -1.8491848790553678 125.4225030874217 286.2014712
-0.8328168738117796 -1.7119652806867554 124.54000663291164 286.267468
-2.3186995627271045 -1.2189915119903056 124.44652425820509 286.3337615999999
-2.9624449660665917 -1.0913323095498355 125.52709379301002 286.3984892999997
-3.413596482773741 -0.9664175429428435 125.27463119185033 286.4639083999991
-4.396176156804167 -0.3241569535989076 124.9899931412013 286.52812789999916
-4.716446848110614 -0.23652450944962033 125.26958066726415 286.5945262999994
-5.178958265226079 -0.042228851275443846 125.95982842383738 286.6604645999996
-5.566664837004659 0.6583287009121358 125.37166675831283 286.7254871999994
-5.775433250862903 0.8966609146869261 125.68163432966537 286.78969419999976
-5.63631189450647 1.049371432114634 125.38825395320893 286.8548035999993
-5.581789668749423 1.7489696582874958 125.13667582721574 286.9200876999994
-5.676353664576929 1.9229924715773317 125.38105196644878 286.98569569999927
-5.843235243982228 2.0044555334352268 125.81217190760007 287.0503872999998
-5.0615366393507415 2.5917822532479935 126.55930840535653 287.11641879999934
-4.715374504882128 2.556654737875329 126.90250990283117 287.1825113999994
-4.189904093651869 2.668192202261239 126.39304513884159 287.24698679999983
-4.190403634994993 2.7475395388190127 127.13941224640007 287.3142227999997
-2.527365541836957 2.6935451433203825 126.67005818767721 287.37890159999915
-2.2735531719689064 2.6865970077171895 127.0507021906218 287.4438139999993
-1.9008470260133024 2.5372561968002065 127.13699353155297 287.5104853999992
-0.22464890022069994 2.117757966159726 127.27256364437555 287.5754644999997
0.16354179749738762 1.9905001153864181 127.25319386226042 287.63992249999956
0.7974385951094334 1.947413034986155 126.72445218805645 287.7053653999992
2.6131727039854837 1.2468150116440344 126.36991609067708 287.77005329999974
3.0120004203115727 0.9902239154080731 125.91327983268575 287.83441669999957
3.186552047031981 0.7219300275117255 126.16058501653742 287.9004006999994
4.641491486912699 0.017899360679065834 125.43548419160253 287.96552019999945
5.007480566037465 -0.039108034420343385 125.33953530251898 288.0320888999995
5.15888408619827 -0.3189518888954138 125.74482746969262 288.0971977999998
5.832214281929993 -0.8798365282442068 125.51268489568473 288.16195959999914
5.914195969447171 -1.1120174537131358 125.31523552233276 288.22715099999914
6.018276057494333 -1.222378786546079 125.19695797771327 288.2924871999994
6.2939831172344185 -1.6025160979372726 124.38623914913164 288.3580089999996
6.204637488387938 -1.7922841643169618 124.62065032759091 288.4223067999992
6.133158295679912 -1.8201401331343088 124.91071699608102 288.48784109999997
5.701150111114906 -2.1805657402607452 124.37870564569204 288.55205579999983
5.526022484506463 -2.1747247792157673 124.14462780843897 288.6167865999996
5.178089274084421 -2.2868511733644437 124.29071967019523 288.6815388999994
4.53122520656747 -2.26322565057667 125.32021910561508 288.74742649999916
2.9692975218327575 -2.3283912091488435 124.6688023137809 288.8132668999997
2.679802267633825 -2.397074013793472 124.526591695566 288.8785029999999
1.9818108608106613 -2.319201900316624 125.68406177490857 288.9446604999994
0.5463953435023896 -2.0504972363249196 124.22152991651248 289.0109966
-0.05823949935165729 -2.0093735706455056 124.72095074187114 289.07600249999996
-0.419193797625816 -1.8351999393353675 124.53857672905374 289.1411552999998
-1.9654098013027337 -1.4590892519089342 124.58500933871288 289.20649219999996
-2.349273736493984 -1.2233207263250665 124.62831043450329 289.27188979999937
-2.7796207195816933 -0.9649935776635786 124.97442534140771 289.3382262999994
-4.412304360103725 -0.549087778224116 125.92803711921638 289.40349349999997
-4.365494800035449 -0.4484467580204218 124.83965187306963 289.4684361999998
-4.581849139387764 -0.18449518627945194 124.92630097387737 289.53332969999974
-5.580231705444945 0.4397088139961584 125.79591506372417 289.5983048999997
-5.565672978955234 0.6106862109836757 125.37067478866923 289.6628688999999
-6.030122275125414 0.7727086269943272 126.575460650876 289.7276144999996
-5.62275785275736 1.475274401102098 125.54278894076961 289.7933157999996
-5.658724967516093 1.6395537168155498 125.62857083233317 289.8585863999997
-5.799602718519118 1.7420828911620325 126.1234811724199 289.9239362999997
-5.556445939896911 2.038113403212607 125.3797602342068 289.9886418999995
-4.963779277954423 2.537557934679854 126.57687991658959 290.0525669999997
-4.872373341574139 2.5270248288271295 127.40364875530425 290.11776269999973
-3.4080243483706028 2.790346735931467 125.36759646391276 290.18343689999983
-3.2042751813027834 2.8073109705200965 127.0490387072824 290.24989149999965
-2.8014515673225233 2.7927843711234153 127.16740981381719 290.3155461999995
-2.379298358543494 2.5993656066862645 126.89779813466079 290.3822356999999
-0.7887217957442303 2.195596392638456 127.09757663855245 290.4471569999996
-0.30941679950160506 2.0961921524979745 126.75193225789103 290.51323179999963
1.222192712966887 1.5992480897191514 126.72208975989369 290.57808379999915
1.6582948452428994 1.5675059837366332 126.85403565538967 290.6446038999993
2.507513989719669 1.1405161215977309 126.16254930152846 290.71009569999933
2.8848324530126774 1.0151886863759638 126.01057581230732 290.77549029999955
4.437275969235415 0.2539163310429622 125.44008274712371 290.8415118999992
4.639873317463746 0.06535287661908473 125.38742325247657 290.9080565999993
5.364625837774696 -0.34131630355815756 125.4776970179215 290.97271920000003
5.5713313393601425 -0.6297265969528035 125.2505153370578 291.0365667999995
5.834752457106347 -0.8983467016415495 125.22028898523274 291.10113699999965
6.036059243730364 -1.0263437502031523 124.7734085932099 291.1663302999996
6.0902824619805855 -1.5733415893495621 124.79362083217298 291.2310603999995
6.13117093683389 -1.5694292950813584 124.9171469313976 291.2960383999998
6.13117093683389 -1.5694292950813584 124.9171469313976 291.36133469999913
6.047637919101817 -1.7768059514589307 124.7316891568526 291.42390929999965
5.74675865857845 -2.163570650144436 124.63636657117642 291.4902972
5.479488526048485 -2.2873777822342922 124.24844440218415 291.5556214999997
5.178089274084421 -2.2868511733644437 124.29071967019523 291.62081149999995
3.960581906404421 -2.3791017288150487 124.86606816551428 291.6862145999994
3.541176966279302 -2.3774306650090695 124.70831792901198 291.7514078999993
2.060653102468507 -2.339933576328551 123.57493485921937 291.81646379999984
0.9631435010425236 -2.164849028591351 124.58710929299791 291.88152869999976
0.44662805932191674 -2.010928907883702 124.69683964687887 291.9467571999994
-0.7238261405544009 -1.7737956308116583 124.74540875683863 292.0119971999993
-0.980198403952599 -1.661029687631908 124.55765234010212 292.07762879999973
-1.6345020178488454 -1.5339108477751817 125.26490309738186 292.14337720000003
-3.18296537473627 -0.9981283478354684 125.02344685890147 292.2097184999993
-3.839753192451255 -0.609369197972572 125.19344945391877 292.27497999999923
-4.278052756969544 -0.5834325144776328 125.73452246520594 292.3392415999997
-4.395495997700628 -0.4908449273028793 125.17420999502124 292.40504769999916
-5.26842048212832 0.1119716182927647 125.7346807856956 292.4701427
-5.113458889254574 0.3181708587537551 124.87859607108298 292.5357050999992
-5.561139314699879 0.48698339639552013 125.73516645850898 292.60078929999963
-5.503743489412706 1.337494605182778 124.84640173666007 292.66523659999984
-5.804219771924139 1.4311360298755733 126.07271984552231 292.7297712999998
-5.801575239615822 1.6833586396210343 126.06191714003398 292.7945254999995
-5.796714100153146 2.1205016157129672 126.11062060325362 292.8602777999995
-5.600000380491338 2.2507590491367915 125.85492052696398 292.92437979999977
-5.936156533176423 2.372865195957038 127.16487769215978 292.9905474999996
-5.232974137841907 2.49063627623327 126.23219726398929 293.0558242999996
-4.02987089204079 2.7769820269208916 127.4256552747359 293.1202954999999
-3.7004737331807505 2.7808563606867236 127.32142465817515 293.1862099
-1.9565721200883104 2.5691663647735163 126.90153693254227 293.2516750999994
-0.9562174861629771 2.6565301739954346 125.45850460063923 293.3162591999999
-1.235790591910586 2.6758602450835376 127.30921621602346 293.38195389999964
0.5667162002746693 1.8433562668046348 126.90109176445615 293.4454806999993
0.8646366431978336 1.7821959312435962 126.54738629796073 293.5115133999998
1.7566991795497344 1.65187042173529 126.2337335961147 293.5766544999997
3.300737741127584 0.9044251350981359 125.54666206556603 293.6407101999994
3.3502364330565086 0.8226727889412191 126.08129045351107 293.7064381
3.7414503966361536 0.376904903544759 125.9431533678977 293.77194509999936
5.027837799744532 -0.2935988851658139 125.61242456078477 293.8367826999993
5.364625837774696 -0.34131630355815756 125.4776970179215 293.90212359999987
5.526881979830364 -0.4821367088723233 125.35770816382502 293.96748039999966
5.549052919032867 -0.7993731472942452 125.53972639674951 294.03295119999984
6.03983242203126 -1.276599716174716 124.75976727698784 294.09753739999996
6.241837641123489 -1.3093290394201222 124.54437266325068 294.1620998999997
6.045868966310621 -1.4897597627551922 125.29067571342259 294.2264105999993
6.1775365107827795 -1.9788551163130106 124.6545217910899 294.29174299999977
6.224020772634638 -2.0407467140562803 124.42721385292316 294.3571441999993
6.077407983054677 -2.069077962035721 124.79220005032055 294.4232200999995
5.1160865374907445 -2.237660414348266 123.85960413855348 294.49043789999996
4.727135954334962 -2.2639059447544994 123.8800880070138 294.5552511999995
4.1677337120876174 -2.2837560162269375 124.3568269910226 294.6211276999993
2.501557088103752 -2.38690771036318 124.6440995550341 294.68587129999923
2.0250742038988747 -2.276228977977155 124.31187742285938 294.75052829999913
1.5047420287124638 -2.261731336715545 124.62618576372678 294.8177270999995
-0.2759401795671792 -1.9550013939599449 124.62107934857762 294.8822432999996
-0.9243773178326222 -1.8510153330515098 125.42457857305884 294.94708059999994
-0.7877481548142313 -1.6016977330696252 123.89062069540454 295.01306809999915
-1.4317365118611107 -1.62123205395633 125.1668753611867 295.0765974999995
-3.073975221860856 -1.0132581942794947 125.39348873636361 295.1421191999998
-3.1685960256245735 -0.9345345178534564 124.2699037974739 295.2072251999998
-4.723296041904909 -0.2512286709525565 125.59475694986885 295.27129109999987
-5.024967515890225 -0.09119322136609931 125.79008580832313 295.3364484999993
-5.159870551637745 0.06467154136635822 125.78965506006435 295.4024725999998
-5.328042861443322 0.25202794863403266 125.66331578778802 295.46756339999956
-5.932298652983768 0.8593579564424733 126.15378025980453 295.53313009999965
-5.681876344414661 1.0454802939313128 125.40759049494373 295.59769979999965
-5.8013308414872995 1.3333953229194355 125.93238628220901 295.66404369999964
-5.742652790966545 2.0090446960754975 125.80011650320314 295.7293669999999
-5.870594305369444 2.0493549967861666 126.27812961924145 295.7949665999995
-5.876300605317084 2.239750471915772 126.27381887417535 295.85939749999943
-4.627694726535772 2.459417907250973 126.71004269125555 295.9241328999997
-4.271764298825552 2.66800112976345 126.46297025502062 295.9894437999992
-4.347574801237037 2.6672316696136127 127.23017475534151 296.05432109999947
-2.6744853463151728 2.5376176386818856 127.17027841674386 296.12056889999985
-2.2399637222449513 2.606005779501727 127.14441341370534 296.18470869999965
-1.7336849425240644 2.3885199734011566 126.96554744864159 296.2505472999992
-0.001138625052853115 2.1917421027312587 126.81727496143827 296.3164623999992
0.31476339686090427 2.0251015169504285 127.1349591891661 296.3821662999999
0.8786203582095098 1.7730904968198868 126.68740604063278 296.4468903999996
1.2613441459097174 1.6650346965843201 126.96050088960031 296.51262379999935
2.9844888380033865 0.9112782324149543 126.20528201623141 296.5770217999998
3.3173561751001586 0.7793227950974201 126.21414546019174 296.6416634999996
3.660090832341922 0.48316103228131385 126.2533519449669 296.70748919999915
5.027748374295022 -0.2349428095706364 125.39719117719963 296.77186319999964
5.233610084661862 -0.29534013179609186 125.6178786983046 296.83672939999997
5.519867655225248 -0.47734540312919005 124.95524068227978 296.9019865999999
5.661060037345692 -1.1119852771364522 125.32414786265595 296.9659965999999
5.832068172559843 -1.2569361905781031 125.0391683336449 297.0320021999996
5.91378119155862 -1.2763523275358213 124.76509294380514 297.09762369999953
5.841494318346868 -1.8531230945216834 124.84994200083636 297.16309719999936
5.843897218083264 -1.9781011706794067 124.84109725212673 297.2274101999992
6.177542529785718 -1.8806703554574655 123.25064914934833 297.2922351999996
5.401893140255439 -2.2385707773952737 124.15774604354539 297.3582534999996
5.1160144482691905 -2.3346219098183716 123.92376971832445 297.4250065999995
4.756387486305364 -2.286612770805117 124.31977376105434 297.4898131
4.104131873252136 -2.364635961516074 125.05115558892038 297.5544072999992
2.380119754149497 -2.3611342159656594 125.25625764959719 297.6202199999998
2.3134760140146327 -2.3048277659114973 124.10923755169476 297.68559389999973
0.3180580203633525 -2.0090537097968952 124.55783916566087 297.7510293999994
-0.08834920745282204 -1.9743253348469172 124.1773256493698 297.8159663999995
-0.6680091368295749 -1.7729668745558445 124.8448286359904 297.8812008999994
-1.0531685924705414 -1.725106056601725 125.43521652658532 297.94682209999974
-2.393317150504423 -1.2165913750128925 124.56260900067444 298.0130300999999
-3.07500274845097 -1.055399577379498 125.66428430360924 298.07812079999985
-3.1964521374437496 -0.893999922942656 124.59089421095807 298.14422299999933
-4.596252444837674 -0.3516296012043306 125.35623798187531 298.20894659999976
-4.97412267083709 -0.17975692562067924 125.9132899350049 298.2735088999998
-4.917933039847149 0.07027792361936247 124.92643963138364 298.3385494999993
-5.631769685913028 0.6667882051538236 125.37909037468059 298.4040497999995
-5.683290614140056 0.7947308811722655 125.41473406680642 298.46912039999916
-5.931549080282146 0.9855334511460478 126.15009287256149 298.53508369999963
-5.34396406570751 1.8895623264795165 125.18528727803577 298.6002693999999
-5.625805022518513 1.9865394230717648 126.28168268350393 298.6656880999999
-5.355223412637386 2.17416418403283 126.50132226683402 298.7313185999992
-5.221268780816089 2.4449590806362718 126.78114638728508 298.79565679999996
-4.795829494217358 2.53145901988037 126.50303963316847 298.86114539999926
-4.431143497788298 2.660055674030762 126.77772128031145 298.9253538999992
-3.662467391600991 2.6914648596604844 126.79635981438531 298.99079339999935
-2.640786662891969 2.7459212263747452 127.06282636834044 299.05482909999955
-2.421026557009121 2.5804887415506306 127.16420502669875 299.12049939999997
-1.8938572714237196 2.5559618894593794 126.93199392065496 299.1855822999996
0.10803698162740716 2.2085587518872356 126.15434624467633 299.25059059999967
0.30980416168815594 1.99092361002607 126.3528871466654 299.3163268999997
1.69253785102552 1.5191853158807744 126.2156795709053 299.3810238999995
2.240943036432604 1.270050186999178 126.0594431000471 299.44674379999924
3.0930328256899386 0.9499168489818539 126.09938647350957 299.5122550999995
3.279334140933237 0.7586046065809839 126.10880129084087 299.5766206999997
4.643378571537028 -0.004562192300699319 125.86507340532604 299.64182039999923
5.056309663295863 -0.14277174839148699 125.32406092936857 299.70770249999987
5.5713313393601425 -0.6297265969528035 125.2505153370578 299.77289649999966
5.82501308419323 -0.7920933635192678 124.69842831765135 299.83874409999953
5.910009559589177 -1.0261050292844462 124.77862861318874 299.90347479999946
5.912217860315536 -1.2292628234067373 124.88919507578068 299.9693699999998
5.92169501870918 -1.729341950011956 124.85420400482995 300.0342547
6.043736039577311 -1.7267684993999657 124.3936609740559 300.0998033999995
6.043736039577311 -1.7267684993999657 124.3936609740559 300.1641293999992
5.9891793916307705 -2.1157141386472227 124.313202408907 300.22989249999955
5.4384814720273695 -2.2208062336275876 124.45367613851984 300.2940036
5.081591579303627 -2.314620494912154 124.11827971700083 300.3592269999999
3.4693181694171713 -2.390100829934514 124.5886312713102 300.42545339999924
3.4693181694171713 -2.390100829934514 124.5886312713102 300.4914839999992
3.0227935457156647 -2.3772788088471617 124.9461767915443 300.55653879999954
1.4743188035531816 -2.228319648248351 124.14103201602533 300.6215642999996
0.4997017191272306 -2.02217190670233 124.43508243959013 300.6868926999996
-0.7936870991285403 -1.7725552451456243 124.84846111226406 300.7672542999999
-1.164463817016788 -1.629268396869815 124.8070708271379 300.83261739999944
-1.5372623382716242 -1.516558951127629 124.59417921416745 300.89831629999935
-2.131428575290329 -1.4345581860971235 125.06418993196783 300.96381589999964
-2.6506087348593326 -1.279781824779361 125.31391914918919 301.0282267999992
-4.245717043843101 -0.47717794756973564 125.29065700618553 301.09391679999953
-4.63286336510982 -0.3017359296062113 125.35520633265168 301.1578983999998
-5.546654883967946 0.2687961465517239 126.51424094719934 301.2238424999996
-5.5112583636296435 0.3047553541312126 125.77947817089286 301.28923529999975
-5.4676156827112194 0.6122491026318253 125.31337891226293 301.35405289999926
-5.933717170843117 1.1792986734078432 126.08643475505718 301.42035959999976
-5.878007024116954 1.5500014256820618 126.2181227041553 301.4862930999998
-5.463141938305931 1.6537903722951777 125.60596927771047 301.5513112999997
-5.415946194291315 2.119269916505993 126.10132304072947 301.61772799999926
-5.414916463922097 2.245398586107839 126.09682576553963 301.6831272999998
-5.438195375003971 2.3555994219489755 126.27929473387314 301.74819209999987
-4.5589141359610394 2.567294067706024 126.88214090012225 301.81410659999983
-3.5825411152605184 2.6717882844508005 126.55680447438262 301.87972379999974
-3.5825411152605184 2.6717882844508005 126.55680447438262 301.94550439999966
-2.1065807277412816 2.4564791790687948 127.10894027249206 302.0108747999993
-1.265821819169183 2.4276210200882846 126.21069405506528 302.0746320999997
-1.2967621714466873 2.4148989832839223 126.71990755962825 302.1411602999997
-0.613433959558705 2.009515408107335 127.0104916666178 302.2062440999998
1.1649573383432568 1.912031740580828 126.64435602337929 302.27116039999964
1.69253785102552 1.5191853158807744 126.2156795709053 302.3361927999995
2.166328414548005 1.3117819301806817 125.5701927641783 302.40205439999954
3.5593984494622646 0.7182191251929448 125.76817737379537 302.4684422
3.801654637617652 0.3231061076067413 126.60703999053696 302.53371959999913
4.323082471270666 0.38999740381128195 126.16326481654924 302.59776650000003
5.314137777173123 -0.3778510537006806 125.27549020089637 302.6642222999999
5.371331171177779 -0.673266998238362 125.39968517818511 302.72971269999925
5.698958993802933 -0.7917052331819009 124.70420426353425 302.7945289999998
5.784596908496795 -1.170349513512226 125.25762105837035 302.8604450999992
5.805952329095199 -1.382282292731618 124.96580071028868 302.9277141999992
5.836726550763608 -1.603079418254076 124.86753813358865 302.9930738999992
5.86516567168605 -1.8976094120830052 124.93563320814188 303.05678179999995
5.923269553520861 -2.0368515142744434 124.47636904956471 303.12279559999934
6.082591797536992 -2.0826819770623257 123.81808820518383 303.1878772
4.925498521840694 -2.286088850250221 124.30753317342945 303.25330080000003
4.407328567021388 -2.2538124038575673 124.63048713226361 303.31925749999937
3.9373438240241896 -2.332794188102249 124.61598362892956 303.38448009999956
2.3950063960897126 -2.341340109138792 124.6627565367527 303.4490216999993
1.9358114103290234 -2.2755644859734505 124.4960832128708 303.5150404999995
1.3310704879934079 -2.247322813943436 124.88523536151429 303.5801537999996
-0.3369211024736458 -1.9230896891502085 124.27362362755211 303.6459600999997
-1.0440165171425093 -1.7733773621560762 125.54497418275018 303.7127326
-0.9511369261072815 -1.6896090742272278 124.03890892445087 303.77986729999975
-1.5461942525919312 -1.5030739201459329 124.8320478226997 303.84353139999985
-3.107695903041467 -1.000303524490754 124.90817787041577 303.90794800000003
-3.4952711945275254 -0.8381969364615275 124.83785030979105 303.97383479999917
-4.736726784814856 -0.15903517456165717 125.33203231308701 304.03830859999925
-5.075043379594078 -0.016790071234642823 125.65009727004542 304.1032704999998
-5.130330140896362 0.15265494574317973 125.3117498532389 304.16868429999977
-5.41275903813159 0.3172278880323341 125.79189737038757 304.2349970999994
-5.682592663205675 0.9201071181801348 125.4111869220379 304.2993211999992
-5.681876344414661 1.0454802939313128 125.40759049494373 304.3639868999999
-5.648653405917251 1.289168780056476 125.35288411767176 304.4297915999996
-5.6290764258138 1.9362269067227689 126.24559118149253 304.49606549999953
-5.310304506072185 2.2171786261758384 125.78966674973196 304.56116889999976
-5.65793784262582 2.320285194608746 126.83006043269107 304.6257034999999
-5.1753900673500155 2.6625439834140967 127.49404718433833 304.6917902999994
-4.414951644233639 2.478979028354349 126.23283991559009 304.75792309999997
-4.1715115767300475 2.8438485996023237 126.76105984228359 304.8249920999997
-2.543443290561676 2.573591150760217 127.50426940315191 304.8892987999998
-1.804223088949655 2.5957045066721913 126.45416974215084 304.9526428999998
-1.5894747775937788 2.462386386032585 126.91388007719304 305.01712749999933
0.2036290185136309 1.98537155666348 126.71059859158007 305.0819726
0.6081286761191791 1.9093653431504145 126.558100365026 305.1473389999992
1.053533967345544 1.78711965139232 126.48276883738016 305.2127413999997
1.6319596577450781 1.5408364977799645 126.38366397483807 305.2781652999993
3.0571585254384814 0.7847131299764376 126.42429155341284 305.34335569999985
3.4433812387578655 0.671078767064338 125.62015909048291 305.4088237999995
3.664819429650912 0.4101892263714481 126.57065922012079 305.47397920000003
5.0614950280653375 -0.2170236815499499 125.66219410003524 305.5431796999992
5.477337480393068 -0.23468492255584106 125.38067089843658 305.60853619999943
5.752268469555084 -0.5418518295551585 124.76620946998857 305.6739646999995
6.095795647060889 -1.128655186173412 124.67770603904302 305.7395856999992
6.2020291466189335 -1.2446974288237032 124.3356814156117 305.80446029999985
5.909322490463296 -1.344275303826926 125.62074448618019 305.86845709999943
5.924778487276562 -1.8671753656202488 125.27421771673613 305.9331999999995
6.001545637587775 -1.9640490949470917 124.96270360297144 305.9984878999994
6.051657903092114 -2.026752908454313 124.717300719802 306.0640513999997
5.332731425323388 -2.315396725301077 124.10543052575717 306.1294742
4.934264627940237 -2.220152599189451 124.47801055796624 306.1950761999997
4.41849453931944 -2.3809855211382853 124.85859871330831 306.26043259999915
4.188733201255317 -2.2994726756422437 124.29301278630233 306.32583049999994
2.3908604057170564 -2.295335488301879 124.96934087346064 306.39092659999915
1.9603220185842503 -2.296272144512038 124.76187142603527 306.45578469999964
0.1078164749072883 -2.007956842146915 124.72040104202156 306.52149609999924
-0.16909289993734689 -1.9226837531419667 124.41571001083447 306.5850885
-0.46014387619915453 -1.6776455872827043 123.9765827707995 306.65114039999935
-1.1126281985291797 -1.6203607868551413 124.98882117814759 306.7164303999998
-2.6428193829561764 -1.1527647509345478 124.85253781085066 306.7824383999996
-3.177560175276632 -1.027300119897049 125.46998732201864 306.8470712999997
-3.624606290376512 -0.8868181689244584 125.5686496255346 306.91209289999915
-4.624866450640866 -0.22517605924611994 125.30016190292798 306.97847139999976
-4.947326385771333 -0.13737920227984868 125.5833493206708 307.0443433999999
-4.793759178010532 0.0793970790029308 124.48674998562228 307.10762669999986
-5.940083070596636 0.7218110660627945 126.10905291576765 307.1729157
-5.945178168236893 0.8727906017838305 126.12428435230163 307.23871249999956
-5.496759230759828 1.075442744641581 124.89793796844957 307.30253809999977
-5.629428806086246 1.8015175888866857 125.35896196062966 307.3671642999998
-5.924609413080397 1.9947848355026108 126.11797611228873 307.43278250000003
-5.874992164011843 2.167482981330395 126.2692347532171 307.4990523999995
-5.015046550290961 2.624260180737696 127.01034701093367 307.56515559999934
-4.887525494413666 2.571934892185861 126.79541824993512 307.6291808999995
-4.582438210541305 2.6733484062686625 127.23354042691685 307.6935556999997
-2.946587204915893 2.8530009734348503 127.32501788290814 307.76039579999997
-2.946587204915893 2.8530009734348503 127.32501788290814 307.82520789999944
-2.157786284235364 2.6648670890652233 127.14407113989972 307.8902296999995
-1.5993629067918533 2.536348707211993 126.98490250153455 307.9548651999994
0.19678679391829945 2.2699266961917615 126.61398267109139 308.0210576999998
0.5730678701653957 1.944125550148613 126.51651785643597 308.0857582999997
1.8349258937262931 1.3955141639960105 126.54889681238946 308.15119459999914
2.2730460681389815 1.2706572943603152 126.05301298936766 308.2171150999993
2.5918058318939075 1.175318346909297 126.52189083229392 308.28201159999935
3.5256179932904033 0.6669257223251139 125.6230666424954 308.3469877999996
4.793467648359503 0.10921021044786539 125.80511695164518 308.4125589999994
4.981845009586785 -0.16411716892353323 126.05936520831482 308.4770136999996
5.547706093161445 -0.7010028905921807 125.87220188004444 308.54183919999923
5.793842248347772 -0.794008908823861 124.93640454280177 308.6079624999993
6.154480674599355 -1.0856751771940987 124.72162476011901 308.67347249999966
6.112673950173651 -1.0865102769188324 125.01714933262676 308.7382773999998
6.208271588898491 -1.7427450439337053 124.31554656488834 308.80373359999976
6.0968132035765805 -1.9159718754466342 124.61700035972686 308.86820269999953
6.0968132035765805 -1.9159718754466342 124.61700035972686 308.9340995999992
5.80112463589149 -2.1027042271288328 124.66512286622046 308.9993844999999
5.405456100989838 -2.2411910726654014 123.85412476462352 309.0641025999994
4.865255978026212 -2.190294749044309 124.81919868504902 309.12920699999995
3.2867153492558216 -2.376725806992171 124.72809742997568 309.19518079999943
3.2867153492558216 -2.376725806992171 124.72809742997568 309.26097989999926
2.9344127322048763 -2.3396839090072366 124.57248739843982 309.3248072999995
1.1692846886487729 -2.2121005151483346 124.7439234171447 309.3891903999993
0.7103111677496159 -2.1460071235758225 124.57977717417744 309.4544400999994
-0.2947501304730338 -1.9906532018337448 124.65481382195281 309.51839519999976
-1.3347083622885165 -1.5660994255245546 124.90168893478918 309.58361819999936
-1.7502195795733329 -1.5010804078734687 124.96459268140114 309.6494666999997
-2.16781962391088 -1.3768321717603773 124.97203991130974 309.71545869999954
-3.7403808059433885 -0.7295871461871887 125.27723126361792 309.78031049999936
-4.298534092398739 -0.5370635445719981 126.03681507274098 309.8457232999999
-4.584985161707991 -0.22192437993663827 125.30017796993093 309.9099635999992
-5.383874064806193 0.18955568641736442 125.84483420952388 309.9748735999992
-5.454227332432751 0.3781449174603078 125.66427069012515 310.03997029999937
-5.451089175174573 0.5992671393090147 125.33310476907123 310.10497659999965
-5.803347785091411 1.2556265967698141 125.87088629445405 310.17066969999996
-5.566037928413117 1.4105493642570708 125.3609417476381 310.2369046999993
-5.736903729047199 1.7653615665131133 125.80456531859996 310.30182239999976
-5.641716504855886 1.9583715264109944 125.95960120850552 310.36620779999976
-5.1013357226587175 2.3927215592003983 125.77544603232197 310.4308833999994
-5.4529921239863555 2.383253853795672 126.78548657796179 310.4980907999998
-5.390774126268063 2.5157179007034736 126.99016974040694 310.56405689999974
-4.800003113336018 2.591189887268664 126.7327382587256 310.6288115999996
-3.183265347238347 2.65282222321029 127.29777213460741 310.69238229999974
-3.183265347238347 2.65282222321029 127.29777213460741 310.7581559999999
-0.6978058083578134 2.3721163566916754 125.46897521873693 310.8235350999994
-0.4829835742992401 2.436253790472419 126.6184485336248 310.8883554999993
-0.269184143271886 2.14262155690446 126.59240666790394 310.9530176999997
1.3786506332946757 1.684554637692352 126.47130694955322 311.0180926999992
1.795567138604227 1.710339560355918 126.74133829746398 311.0840578999996
2.239368833483887 1.2476267823043465 126.36716860610497 311.1480554
3.618400124457416 0.5455010452017494 126.05897478821437 311.2129787999993
3.996761555317619 0.5028620283498952 126.25569205297846 311.27801239999917
4.459746257274212 0.21107962444841655 125.69344933910092 311.3425198999994
5.337994872239932 -0.41123432305260066 125.2281534415584 311.4083278999997
5.627340948279432 -0.6666868142428511 124.76776989212928 311.47303909999937
5.7262048997739114 -0.6311898324721993 125.56001438541162 311.5387194999994
6.093651197640185 -1.2568235849060758 124.81685305295467 311.61866139999984
5.973444834416576 -1.5735618560579856 125.04959767582002 311.6838257999998
6.123727746909097 -1.605322100174139 124.6949643619638 311.74965989999964
6.179254450770209 -2.0082822291043825 124.28423716415752 311.81389149999995
6.081868169943924 -2.0418901065662793 124.61472739469066 311.87957969999934
6.002210759389385 -2.1015360120647144 124.22313046685045 311.94561519999934
4.616008772776617 -2.366179868357301 125.00455098792531 312.01107109999975
4.315070284490709 -2.358366001968623 124.20887212527838 312.07752099999925
3.8614441503311454 -2.2695442785675883 124.49684169686937 312.1433143999993
3.3244804020920924 -2.37728691936791 124.91187292599152 312.2044532
1.7303514676885712 -2.276193167734883 124.32998179992622 312.2729841999999
1.4496346644432236 -2.203291922424205 123.64771002993533 312.3390267999994
0.8429001519688768 -2.1488884083140056 124.39492580633946 312.3977599
-0.8997557994125813 -1.7560766151227614 124.90580644290088 312.4652368999996
-1.1683318824640097 -1.5803137619454626 124.91341070865106 312.5310821999992
-1.817183510156255 -1.4717204844414828 125.47397008942399 312.59989359999963
-3.433396491769024 -0.9008400393897659 125.48521435356768 312.67042429999947
-3.6761270366376877 -0.7317306219289178 125.19919005438537 312.73852589999933
-3.9707475584130805 -0.5114449959931028 125.27194422150406 312.7642885999994
-4.343742310118131 -0.503833168477614 125.58677873985063 312.7876368999996
-4.507648442381544 -0.33318437290403724 125.43622989880934 312.8072591
-4.9238945418636675 -0.16917014919773377 125.95043459488001 312.8307023999996
-4.905394426130407 0.011886995092683317 125.19956570089161 312.8561442
-5.397547844062991 0.22741479803935594 126.05001652018815 312.88033019999966
-5.532012970434202 0.42432040452309966 125.69748413043088 312.9056329999994
-5.552294857770107 0.6469011377278686 125.6278122010279 312.97110709999924
-5.677597456296766 0.772971725164082 125.62606276050583 313.0368774999997
-5.565900003907018 0.9377260228667518 125.16924442310595 313.1037946999995
-5.928287387075784 1.4901963598752066 126.1346121925627 313.1786526999995
-5.927406629326811 1.6163510715568026 126.1305606779739 313.2444769999993
-5.948432338565489 2.2231320194092676 126.68802653650837 313.3182358999993
-5.512701753671678 2.402320669165198 126.63893541109414 313.3858846999992
-5.33856134061574 2.4922425202874057 127.36999121546097 313.4526701999994
-3.7997055041149252 2.7883374172128534 126.49252018439036 313.53514149999955
-3.591027354559685 2.6975832039216336 126.50307710077661 313.60041079999974
-3.30073308295934 2.661447412480159 127.13609213824087 313.66661399999975
-1.1652275293649765 2.4725262207844336 126.29481628745326 313.7300116999995
-0.7260351513554966 2.323986952958406 126.4397956241976 313.79521619999923
-0.4176087701339384 2.1641017091154877 126.6006578855548 313.8610480999996
1.1659529882174056 1.7348900679304706 126.47839747409859 313.9253641999994
1.520030506820362 1.3685987916169566 126.96128240718917 313.9903756999993
2.434226681614014 1.4155012558851356 125.95749996339039 314.0553467
3.7548275869156313 0.6742345849868143 125.25741802334939 314.1220741999996
4.120428799495315 0.4754056911120753 125.78379277996008 314.1878715999992
4.323082471270666 0.38999740381128195 126.16326481654924 314.2509479999999
5.575217869906389 -0.43253082794680664 124.71473607878134 314.31671059999917
5.7903175468309485 -0.6536705207362999 124.35281114555207 314.38190589999977
5.676609307862421 -0.7997156916957039 125.53193154823694 314.44694869999967
5.854869442531459 -0.9911172961892113 125.27292656859792 314.5121879999997
6.043103289370386 -1.4796909303522687 124.86644765655853 314.57818509999925
5.968027026012287 -1.6348178569264475 125.17206495532 314.6438288999998
6.047862613740236 -1.729677016201181 124.84879487329711 314.7094727999993
6.132014208063531 -2.0711647073301704 124.33306262581425 314.77373089999946
5.929748020531669 -2.135956215332509 124.97900990225503 314.8401099999992
5.701150111114906 -2.1805657402607452 124.37870564569204 314.90507439999965
4.516450690117779 -2.3680082525434107 123.82382900723194 314.9701632999995
3.9604528599885853 -2.2824578536226747 124.36065212829958 315.03607179999926
3.490207858922801 -2.345492195663528 124.59803758457133 315.10092519999944
1.9986834204689146 -2.3493578921631078 123.79302448547489 315.1666421
1.2775316231369445 -2.18432990192591 124.8532435736149 315.2337570999998
0.9594212909484554 -2.212977173752832 124.74536483704618 315.2977856999996
-0.6306426857820497 -1.8226238466016396 124.77785227526773 315.36346649999996
-0.5990265199501295 -1.6563863118127617 123.9164993474486 315.4284859999998
-1.870780057875308 -1.526615580277777 126.13975724704196 315.49388309999995
-3.142677589271962 -0.9447539521319553 124.69252249979614 315.55942400000004
-3.4568826395945464 -0.7775043123814106 124.7886936200988 315.62498419999974
-3.9829656558527233 -0.6508210816901795 125.50428467354932 315.6886521999995
-4.754568645829671 -0.1383172709562127 124.80911590013116 315.75539299999946
-5.026939966367507 0.24434299076360844 125.31036832101653 315.8205771999992
-5.499013887548514 0.33932014190774085 126.04232882220361 315.88657019999937
-5.555824987722026 0.5039906115985413 125.77210741082496 315.9509475999994
-5.492834311027373 1.2453702260418507 125.33342844624434 316.01645479999934
-5.750246447022633 1.361433046409216 126.09926502855234 316.0811395999999
-5.456596742498689 1.5480061644678962 125.33718372913363 316.14692279999963