-5.849117528521177 -2.5321992445526367 125.42576935859975 0.6700043999999252
-5.879309670903979 -2.394451272821925 125.44613723865413 0.6889579999997295
-5.427291429845191 -2.2747316229447136 124.27091995933534 0.6996366000003036
-5.864012500916928 -2.33260686778942 125.26726028962881 0.731476300000395
-5.933115300894066 -2.2196257845728704 125.55308249327184 0.7628597000002628
-5.789849089364708 -2.157924863247307 126.12264799212292 0.7950799999998708
-4.99697739424294 -1.924933543602787 125.35932864794138 0.8268512000004193
-4.64536948888972 -1.798776404305578 125.61332484857662 0.8600929000003816
-3.9320621944401495 -1.6950796954272849 124.70396565529813 0.8927415999996811
-3.774100835314627 -1.5117220496419845 124.66957956709662 0.9238918000000922
-3.86213722420009 -1.5496601950874056 125.26300060139717 0.9544943999999305
-3.756014689618219 -1.417435444483366 125.57253036803311 0.987162399999761
-2.9021039850901715 -1.0074494464774575 125.08468752144336 1.0200057000001834
-2.8514422465873963 -0.9828526888435344 125.96854241868624 1.0662929999998596
-2.121206369653656 -0.8509004594853776 124.64846686449717 1.0991549999998824
-1.9506306373789357 -0.613944185905854 125.711549145764 1.1323392000003878
-0.9961994492964337 -0.34086962100334584 124.72387270489666 1.1623702999995658
-0.8682397924434611 -0.2479063088292055 125.65011107758117 1.1938373000002684
-0.5448339534320255 -0.20578536620758991 125.44096140622405 1.2263536999998905
-0.17911759643533998 0.0622686553832732 125.71742070592192 1.258395300000302
0.09123233152914167 0.3299370594675025 126.29316611564425 1.2898355999996056
0.7313956891296982 0.4332006583276946 125.68871388094732 1.322038999999677
1.2035061292178497 0.6208759102462507 125.5661547806096 1.3541355999996085
1.7676711538870507 0.8613390465224319 125.20884659144957 1.3868613000004189
1.7676711538870507 0.8613390465224319 125.20884659144957 1.4045342999997956
2.219835353368957 1.05919461963982 126.25275710711256 1.4666040000001885
2.4884457705685676 1.2865402462398778 126.25186885966532 1.4997876999996151
2.8522881692005413 1.3907646193761654 126.20763247591796 1.53005260000009
3.416079607825239 1.6513367000217807 126.03661550771194 1.56218650000028
3.7383378895716746 1.935257917056484 126.24787569408514 1.5957291000004261
4.060615379884432 1.8459856816445428 125.84257324815384 1.627551499999754
4.255434289232014 2.136576063226292 125.80477553761646 1.6595442999996521
4.678605760727407 2.395366306997982 125.94456738548516 1.6912769999999
4.857574355893448 2.426514110627924 126.21570147074976 1.724173300000075
4.703069556550602 2.4251007803080484 126.8616302507723 1.754337499999565
4.703069556550602 2.4251007803080484 126.8616302507723 1.77193939999961
5.47717798773165 2.7781019444134385 125.82475750702291 1.8340723000001162
5.214039347167137 2.561543008219792 126.87546317911527 1.8661984999998822
5.560226600717954 2.8018070956144823 125.83167310383372 1.898816099999749
5.4549594253909675 2.7633250905178324 126.41453498874574 1.930751599999894
5.561088025722498 2.704331541993335 125.92891000655993 1.9618792000001122
5.386491755152456 2.638260713146565 126.70196116184759 1.9950454999998328
5.470204298381454 2.6717531517689834 126.32958848429307 2.0279469999995854
5.465478848828653 2.6078733146534745 126.25573712669691 2.0580573999995977
5.389404178248299 2.5102018217551945 126.68931114655297 2.0904516000000513
5.5451024824279855 2.434245464222304 126.02363168363134 2.1218323000002783
5.5451024824279855 2.434245464222304 126.02363168363134 2.141059100000348
5.528765336217887 2.2921498900578565 126.26798718095694 2.170556099999885
5.616862250145701 2.2007410428566216 125.876631064117 2.2027177999998457
5.189693647220629 1.990490710314237 126.34043455503365 2.2671659999996336
4.845013541914156 1.8536343447826433 126.72188021646677 2.299667000000227
4.530658611094019 1.716946609548926 126.77541982396967 2.329222899999877
4.294460400614831 1.6645452868799124 126.29934865668177 2.3618165999996563
3.9647923406948706 1.4304568106096003 126.50360888409575 2.3951286999999866
3.514144903338618 1.2154057448030797 126.15831901359678 2.4275786999996853
3.114624482133543 1.1609588480563375 126.3221111996923 2.4599582000000737
3.114624482133543 1.1609588480563375 126.3221111996923 2.477168499999607
2.6430310303124784 0.9308657081152505 126.72886741633407 2.494252100000267
2.3127933589701115 0.6523365233694198 126.11895665083037 2.5400901000002705
2.085554426225464 0.4656812574842989 125.39196184516487 2.571745700000065
1.2395400390026836 0.3252914111627583 126.78168248025356 2.6028040000001056
0.3722702951588701 -0.11419883473082149 126.29848565414639 2.66736149999997
-0.1444666833780488 -0.25350639015202725 126.69761656902595 2.699393599999894
-0.45680699293393445 -0.49967455217403434 126.03050784377432 2.7313070000000153
-0.6016314240414076 -0.5453099934782083 125.14165198189761 2.7626517999997304
-1.0118222411997664 -0.7960587305451235 125.24116963938987 2.7931345999995756
-1.5470246223602686 -0.968943698715503 126.3253775336535 2.8260135999998965
-1.5470246223602686 -0.968943698715503 126.3253775336535 2.8444166999997833
-1.9021027565447355 -1.0687206920228203 126.08521575347729 2.8615534999999
-2.363722297608682 -1.3148798828506472 125.88732695743512 2.9067212999998446
-2.5216231107133 -1.4114566047139507 125.58866043458472 2.938660400000117
-2.9015601870630263 -1.516395451577515 125.95439398533424 2.9716402000003654
-3.4260182011487714 -1.6702887984406365 125.86431738935374 3.0014312000002974
-3.96936578344679 -1.821096614132999 125.52455140343979 3.0666621999998824
-4.376671347731026 -1.998407211768484 125.55944693984985 3.099213999999847
-4.3747751647511635 -2.024505464605369 125.15481922021674 3.128739800000403
-4.343024473995108 -2.0431971683129 124.17308942164317 3.163183300000128
-4.90249051038618 -2.1590546063782843 124.93895860831752 3.1946922999995877
-4.90249051038618 -2.1590546063782843 124.93895860831752 3.2125828999996884
-5.113634960058285 -2.3726143705949 124.89388006853459 3.230407899999591
-5.125216466418507 -2.3282850539742483 124.47807974066225 3.274827600000208
-5.18713197828108 -2.413511903510154 124.25150051399125 3.307864299999892
-5.723061402064275 -2.5326425280542497 125.42303732971871 3.337675200000376
-5.615454610506873 -2.4955731451306216 124.90614383111522 3.3699711999997817
-5.649650190387 -2.4844482728455954 124.93833622859084 3.403129999999692
-5.745698397265436 -2.544514926204775 125.30234195214734 3.4675713999995423
-5.853923862254071 -2.5773479869472378 125.62194796521418 3.4977719999997134
-5.440799008153647 -2.4342198155196875 124.56395383294021 3.5293369000000894
-5.462036966372558 -2.4062639620152497 125.00798149176195 3.563567399999556
-5.462036966372558 -2.4062639620152497 125.00798149176195 3.5818593000003602
-5.2308255822447265 -2.34694700213925 124.9908737380495 3.5996322999999393
-4.882287257119053 -2.172713600498832 124.56238124297064 3.642649800000072
-4.9775352957572565 -2.206478851414462 125.43756874779139 3.673990600000252
-4.517753010168839 -2.059314734581615 124.51368177824598 3.7062699999996767
-4.560106099801629 -1.9388321024007005 124.52310665766679 3.7397860000000946
-4.7012429146497325 -1.8612702203251028 124.96033931882307 3.7715611000003264
-4.7041499190508205 -1.8102233747448322 125.59953243917086 3.802972299999965
-3.7796697250033873 -1.4575669439101717 125.3293889348088 3.867966400000114
-3.28274228195761 -1.346421735906424 124.85844036480923 3.8991194999998697
-3.074619997146165 -1.1220385502155685 125.20256902169874 3.93090839999968
-3.074619997146165 -1.1220385502155685 125.20256902169874 3.9497811000001093
-2.982180433886569 -1.026432469110366 125.99096815575086 3.9668664999999237
-2.170107575022193 -0.7735600918148869 124.75271016499221 4.011540399999831
-2.0116768198678017 -0.620013882320286 125.76496955676194 4.043109399999594
-1.5575907204366715 -0.5676701117640343 125.55778073125623 4.073883600000045
-1.1285792350568542 -0.41229972579798846 125.88417441308144 4.107153300000391
-0.5406569289063441 -0.10455803464547964 125.35934407247764 4.138010200000281
-0.4670717280287562 -0.08373382027150844 126.3717379874795 4.1703748999998425
0.36071136523621306 0.20143060188166795 124.9223545474201 4.203282600000421
0.6008087058838711 0.3840231695022311 126.151670649807 4.266503900000316
1.5943817957532644 0.5274453336697457 125.14120673441897 4.29844839999987
1.5943817957532644 0.5274453336697457 125.14120673441897 4.3164976999996725
2.328893061957551 1.0014368553393502 125.1548749301448 4.33384550000028
2.4267738158871524 1.0929725388181837 126.2409777706113 4.37742739999976
3.097731977587472 1.1136601738240857 125.03265445168884 4.410387900000387
3.189371472969782 1.5301852542390735 125.5631992635734 4.442060700000184
3.027588292711698 1.6396025982509 126.85000265818766 4.474365099999886
3.4706074863988476 1.714410191158068 126.06944129959419 4.50664340000003
4.033776639213983 2.103840578805777 125.75721614974844 4.538294799999676
4.126994320534095 2.040490660188828 126.78965943373922 4.570956499999738
4.451873968374635 2.2284324258456234 125.9271518530208 4.602353799999946
5.113458148961044 2.554274668373465 126.20623342627174 4.665540699999838
5.113458148961044 2.554274668373465 126.20623342627174 4.68287380000038
5.201682243057469 2.511147676777909 126.58704054194777 4.700310100000024
5.382528685935775 2.61809599582489 125.78802330926847 4.746597999999722
5.223349768332213 2.6044766869619838 126.38313738970494 4.777744899999561
5.4409733239860145 2.714923293974651 126.21325726886296 4.809859400000278
5.522173173558265 2.801687644915555 126.29468738601457 4.84196780000002
5.654840607160679 2.8172620041891387 125.92175434627806 4.873400899999979
5.403716334926834 2.81332409212315 126.96442124272497 4.906000900000436
5.626841918709424 2.8464541707821414 126.1507050365463 4.9394609000000855
5.590110596387582 2.676391008525793 126.18743837439686 4.970484299999953
5.463250082831905 2.5266025010257787 126.38528642913974 5.002682199999981
5.686369621293643 2.5312239432014336 125.67413256514203 5.0344569999997475
5.464756612636286 2.40430342410783 126.52578003118953 5.066973400000279
5.717120558585336 2.256539303497782 125.45216781109481 5.113890399999946
5.616862250145701 2.2007410428566216 125.876631064117 5.145809100000406
5.313232298052213 2.0882927931144684 126.05673317312748 5.177087099999881
5.169005076581314 1.8858309618720797 125.6883692517551 5.2104874999995445
4.8048556727237965 1.6713500086075614 125.78486473533623 5.243321799999649
4.386097728949544 1.7287308319317223 126.47984717982608 5.275193200000103
4.100210421871132 1.4632700930967393 126.08311721829519 5.306059700000333
3.4384301233048618 1.1744148165279629 126.4700789210478 5.337863200000356
3.0626093537458274 1.1283863578456974 126.65691467693158 5.371379299999717
2.761031652537554 0.7700529029010477 126.05358504859527 5.401249800000187
2.2896822087807465 0.6991356629806619 126.44553411065365 5.43487980000009
2.131153517816685 0.4907255329665591 126.07921891457963 5.482781900000191
1.6853694550654623 0.3436226110783178 125.72694204613063 5.514805400000114
1.0582931477571407 -0.02186758173486436 126.15363256930695 5.5469755000003715
0.6349190184505105 -0.09119866314068481 125.96891043995927 5.579257200000029
0.16902981909688464 -0.23312944805713687 125.82270206814248 5.611724200000026
-0.48840579445349874 -0.4981103442699405 126.54673710293612 5.642767399999684
-0.7003344551963764 -0.5653694015908414 126.01976210914331 5.674540899999556
-0.9077459075828571 -0.6800301088060573 125.64882400478122 5.706142699999873
-1.3541205698464296 -1.0041581430167676 125.79194051297578 5.738684699999794
-1.6155000718636785 -1.0620732432007984 125.75839279948522 5.770274900000004
-2.2293379712383725 -1.189566218994616 126.05678364559661 5.802870599999551
-2.4031527655705958 -1.3656064952407703 125.19183491802777 5.851577299999917
-2.8536476962779957 -1.399705770357345 125.64822614482091 5.882592099999783
-3.362661514565353 -1.5863289129566365 125.98383261437274 5.915418100000352
-3.755704692233394 -1.7714941336539374 125.58731047999167 5.947044900000037
-3.9480108619443897 -1.848746373356608 125.27084079312576 5.978546899999856
-4.1298331998991245 -1.9464466438945465 125.02962214707722 6.009891300000163
-4.258760423385475 -2.1169481255054476 124.74034046210859 6.042813000000024
-4.59379749117479 -2.1652626954962533 124.99042822189729 6.07491519999985
-5.021773756217513 -2.265080618603519 125.5659778472189 6.108105899999828
-5.268200725410338 -2.2990165545842998 125.43387358986158 6.14021109999976
-5.239173731052595 -2.3721549519385747 124.89683094679663 6.169989099999839
-5.3833050046693955 -2.420263969743449 124.95828724264658 6.218526999999995
-5.697593467733363 -2.4543768062411737 125.26245985962791 6.249521800000366
-5.524095852870474 -2.4299459082128947 124.55704493062002 6.282049899999947
-5.709411858792684 -2.4828484651066995 125.0012198895398 6.314312000000427
-5.827783581608486 -2.5007695379109514 125.28109329203643 6.346190000000206
-5.879975629857846 -2.5199474954515018 125.44968003755855 6.378740600000128
-5.879975629857846 -2.5199474954515018 125.44968003755855 6.411201799999617
-5.669099367627226 -2.479414190126242 124.99782722530453 6.4428269
-5.023790869559491 -2.316280555609532 123.54801774371765 6.474810800000341
-5.7230258178621725 -2.407251181424388 125.42133959894458 6.506967700000132
-5.7230258178621725 -2.407251181424388 125.42133959894458 6.538019399999939
-5.620993292666455 -2.236807301777582 124.98985338856407 6.5868156999995335
-5.68183688292843 -2.1428056874823715 125.48358331159132 6.6186402000003
-5.320914211862657 -2.0608236044513726 125.39139147275819 6.651267000000189
-4.777523614265135 -1.778350124082602 124.93297677693072 6.683095899999898
-4.903211146876956 -1.8572543113407258 126.1013898652996 6.714929300000222
-4.203867603837054 -1.6450459505607906 124.89338719643176 6.745901600000252
-4.132463531992954 -1.529965194557838 126.0519933351428 6.77839270000004
-3.470752006762453 -1.3235335712714957 125.56475248197663 6.8102805999997145
-2.7177511816057773 -1.0177214296946784 124.25860378727336 6.842982199999824
-2.982567989202721 -1.0515000145693647 125.24190707095676 6.874661199999537
-2.290749927923578 -0.9387437571130627 125.21994221444638 6.9053045999999085
-1.871557868226276 -0.5430740967709166 125.65226583515623 6.9546057999996265
-1.7811253288448725 -0.5636283640782703 126.1277358631139 6.986286299999847
-0.8896325019888565 -0.4293664251726398 124.50263854895364 7.018593699999656
-0.5817754235162056 -0.05916370642420932 125.19103868616318 7.051029999999628
-0.3278121286160385 -0.09837582822912105 125.57664041580696 7.082639199999903
0.2624744111312438 0.1218492349294319 125.03740762267523 7.1141881000003195
0.7280710951358387 0.48546665421248775 125.26954880286564 7.146806200000356
0.856710085590251 0.44419813722085133 126.05365528458654 7.178035300000374
1.3522453604111107 0.5668939183907076 125.30015438694828 7.210400500000105
1.7654600725701215 0.8244626257405281 125.43717001926252 7.242543999999725
1.8776641894880441 1.03983149840201 126.86124156077658 7.27518770000006
2.529681000785594 1.096676534136467 125.6857892778013 7.323468100000355
2.945936826178901 1.3744564139971924 125.4732101415609 7.35410740000043
3.280123044123876 1.527174303420784 125.49558846559272 7.38691850000032
3.377849770205863 1.6429551426785542 125.88154776611094 7.419767399999728
3.7383378895716746 1.935257917056484 126.24787569408514 7.450654199999917
3.982485369918649 2.018216392334988 126.72091796515677 7.482771099999809
4.439711556506047 2.12155943599722 125.65069794111547 7.514188600000125
4.7153460865366625 2.3848327543336176 125.82143276157167 7.547354899999846
4.963329930451607 2.4819647003602463 125.89785884362173 7.579217399999834
5.014450454356556 2.4205311582902653 126.30279300642842 7.610840100000132
5.307372133515621 2.6862292072556433 126.11114947040838 7.643306199999643
5.213115654546655 2.6912438499266926 126.88548863504722 7.691188200000397
5.377985994039285 2.7108176283349166 126.31300432690112 7.721905600000355
5.383627554429573 2.7663713019086438 126.71449003076782 7.7550272999997105
5.59624138426198 2.798922021708048 126.33144607043317 7.786346300000332
5.403716334926834 2.81332409212315 126.96442124272497 7.8197393000000375
5.57025262192392 2.834213614161067 126.3864948465859 7.850121499999659
5.470170465857763 2.82927058463448 126.90927790998214 7.882666299999983
5.635664021853451 2.712346334344208 126.68440057870875 7.913662799999656
5.731001695606345 2.6094398876667926 125.85306686217123 7.9466646000000765
5.520773630062607 2.3820154526150312 126.67020434609594 7.9782099000003655
5.572128026568095 2.3236551901234757 126.37464768350095 8.02837720000025
5.453352358351445 2.118748966302385 126.77917742463605 8.058206200000313
5.37020896992005 2.168487307432364 126.55119251640004 8.091354999999567
5.077136543843167 1.9258010832403896 126.2232228654404 8.122429199999715
4.840148952679691 1.7222404934455455 126.07489165598548 8.15462269999989
4.628599005496994 1.8221009440823352 126.166289137597 8.187868299999536
4.0449274077802855 1.3699672738652517 126.32425685168187 8.21997470000042
3.7113958000567493 1.226854635217365 126.33829715949186 8.250761399999647
3.3170224550653558 1.1645030009966861 126.1525760857278 8.282701400000406
2.894225455855043 0.7689285424980182 125.85980100969499 8.313942400000087
2.430733023663187 0.6458125602913615 126.03702116763826 8.346617799999876
2.1646979232245656 0.6316732468435932 126.09363884730173 8.395994800000153
1.6010023001448417 0.3583905539732517 126.29825707740302 8.426855400000022
1.203689433479937 0.08311060289445427 125.83600981991432 8.45844920000036
0.7343999450059115 -0.12240426251976277 125.97610371927351 8.49044589999994
0.11812890806085363 -0.24307030633318316 126.30125295725037 8.522794100000283
-0.330956454185646 -0.5028442884474976 126.39833691382141 8.554081700000097
-0.7875978319223762 -0.6167802326075725 126.64708539712319 8.585820600000261
-1.117264666786724 -0.7110124516500315 126.2969496036262 8.6180360999997
-1.240418705137131 -0.9593949386568533 125.39549204256531 8.650376599999618
-1.4730773556306147 -0.9731366651500858 125.25991955948295 8.681876100000409
-2.0260953490621674 -1.1666206915058321 125.80566029684992 8.714665000000423
-2.596514696110802 -1.3620965173916342 125.96167809058275 8.760958500000015
-2.873593190272018 -1.504589863347364 125.83600427886088 8.795050200000333
-3.219020443815232 -1.5487308652785718 125.87167812004677 8.827379600000313
-3.685800269550306 -1.7511069837193167 125.70340536484755 8.858571599999777
-3.9788537706893266 -1.8744826563761814 125.75135721803451 8.891026899999815
-4.326485989837316 -1.9822006439769098 125.78421235022793 8.922767699999895
-4.5805859330167 -2.145914921866262 125.69342202791772 8.954326899999614
-4.843865613609431 -2.2041555242598427 125.59430235966529 8.986483200000293
-4.700002395993437 -2.246310134090347 124.89055835668786 9.018270499999744
-5.181721806827959 -2.348430243838465 125.36748931392825 9.050291800000196
-5.361760520543271 -2.480867441906988 125.34777144880694 9.082896599999913
-5.523043336903392 -2.4693970290468212 125.38637807130299 9.130928200000199
-5.543402422857575 -2.4798354310226234 124.99486030961478 9.16330360000029
-5.849117528521177 -2.5321992445526367 125.42576935859975 9.194086399999833
-5.7348643638916315 -2.4705790972506487 125.0080293483252 9.226997200000369
-5.619757409708377 -2.4995180665750674 124.7403639274097 9.259129400000347
-5.619757409708377 -2.4995180665750674 124.7403639274097 9.289723199999571
-5.599532634820875 -2.459990330498068 124.60814832086291 9.32281039999998
-5.569904742700942 -2.447998262447199 124.70586688276424 9.35494209999979
-5.5838221882355015 -2.483276034311746 124.99851008297972 9.386677299999974
-5.300051099762804 -2.4132089683597107 124.94417470678667 9.418778999999631
-4.896458773974267 -2.307337453450844 124.53566718853925 9.450358199999755
-4.895590771905425 -2.2272186137318006 124.9878200347179 9.498627300000408
-4.6332470769369465 -2.068703383870765 124.68988036093778 9.530804400000306
-4.569954080237643 -1.9999285642654274 124.68721615956855 9.563697300000058
-4.30094111003541 -1.901985618837927 124.0309522048391 9.59412169999996
-4.142179232353627 -1.7562251891948764 123.73801360665755 9.627252899999803
-4.365892249858916 -1.7027049186182919 125.33536763197223 9.658611199999541
-3.971783356031928 -1.4409350088395088 125.34526459923315 9.689473000000362
-3.7384299929457327 -1.361065998451148 125.80755125447749 9.721992200000386
-3.2592900266323355 -1.1652302183650778 125.07084771331407 9.753906900000402
-3.312490941997602 -1.0903327492249453 126.0409380233185 9.786095800000112
-2.1934821954615913 -0.8642086568699748 125.20494054752385 9.81890569999996
-1.5216678736844642 -0.562219185205815 124.46497012553797 9.86581810000007
-1.8423580957142107 -0.5194833273046325 125.76402338200188 9.897836400000415
-1.1498936884941884 -0.5067333176472769 125.2407613087653 9.932022099999813
-0.5375777824850303 -0.020986590323820775 125.43436490976548 9.962271299999884
-0.13803744104887272 -0.1272117154083281 125.77958016304643 9.994432999999844
0.6461092406582551 0.05238640174617648 124.41729138645026 10.02736139999979
0.5003032439227297 0.4670957863965928 125.52982818427385 10.058421099999578
0.8109536892834797 0.2962733749566336 125.57982532613401 10.090647099999842
1.3249624199777017 0.6049295510237733 125.03086539117947 10.122071800000413
1.5094881389637038 0.8111716514378948 126.24234295020831 10.1544944999996
1.5094881389637038 0.8111716514378948 126.24234295020831 10.174300900000162
2.7764615454299175 1.1303259984439713 125.19872457584944 10.235905399999865
3.0799083687870095 1.2972394898414272 125.30751130020384 10.267456700000366
2.984791829581148 1.379454311836819 125.85377755778806 10.299058700000387
3.433255400188699 1.602101422869643 125.59499253221371 10.330794000000424
3.6472833491713956 1.8201640727943045 126.31497443141468 10.362912100000358
4.379869160946974 2.1297345531064487 125.12763976963473 10.395216099999743
4.109681979978049 2.1469225130646175 126.72399035351006 10.427386999999726
4.650267408274246 2.251195441857616 125.89866274764536 10.459103700000014
4.915037414919837 2.510757111731642 125.91475134092772 10.490458399999625
4.978079824076815 2.4991914334281184 126.1549682026559 10.523036300000058
4.978079824076815 2.4991914334281184 126.1549682026559 10.539858400000412
5.2193657775319835 2.608842664333102 125.88206909331578 10.557987799999864
5.4409733239860145 2.714923293974651 126.21325726886296 10.635091500000271
5.515509284178897 2.766853203942787 126.34239771133271 10.667200099999718
5.403716334926834 2.81332409212315 126.96442124272497 10.698543499999687
5.57025262192392 2.834213614161067 126.3864948465859 10.730949200000396
5.6157684308264635 2.7675619488035936 125.96058360794174 10.762679200000093
5.654840607160679 2.8172620041891387 125.92175434627806 10.79575240000031
5.668108674438827 2.618086766863382 125.7642556553245 10.827444700000342
5.5164941946321235 2.451784585972075 126.11657476936311 10.858178600000429
5.649214606456496 2.5797021235597297 126.67730443175202 10.89058920000025
5.649214606456496 2.5797021235597297 126.67730443175202 10.908928599999854
5.528765336217887 2.2921498900578565 126.26798718095694 10.927162300000418
5.724336858234338 2.167946206029234 125.34612442281157 10.970713699999578
5.242795815483568 2.107516018976505 126.39378271924645 11.034946800000398
4.7815246987140725 1.7840063634170606 126.04112226919331 11.0671112
4.6132832433800175 1.6732758900788922 125.87628415926197 11.097641000000294
4.214096697912815 1.4254631056489375 126.23244204993358 11.130868700000065
3.5455336908660087 1.2641695671244793 126.83274711304146 11.164069499999641
3.3453951060280573 1.0200728513398265 125.8941387392219 11.195260899999994
3.027428017288443 1.0232780686984384 126.09631603290677 11.226647800000137
2.512911061488005 0.605846937774118 125.9185263547492 11.25844159999997
2.512911061488005 0.605846937774118 125.9185263547492 11.2768245999996
2.2183578454431157 0.5896038699616034 125.80431992755881 11.293782300000203
1.7101931346291366 0.4145846774426225 126.43635705234455 11.337792799999988
1.2431734620369426 0.25377311572825245 126.59600465415217 11.3703658000004
0.8894729808115187 -0.06312828446838359 125.62448080908383 11.402341199999682
-0.09318727260353654 -0.33364874779528153 125.9889326068974 11.466440500000317
-0.4679795316948727 -0.6273925969163267 125.76641943198507 11.4979186999999
-0.8767419306324769 -0.6929138497237707 125.6559805747077 11.531615500000044
-1.021687804386751 -0.8140610373009521 125.03588941506536 11.56223030000001
-1.6509174004116929 -1.0070575462183227 125.80462595471639 11.594055200000184
-2.013382184170659 -1.1414754920327637 126.13726358051544 11.62754860000041
-2.013382184170659 -1.1414754920327637 126.13726358051544 11.64682619999985
-2.3799390623629932 -1.329214747037887 125.67569830293371 11.665050300000075
-2.800191173354989 -1.50541446308553 125.72627746762491 11.706674400000338
-3.157684303367496 -1.549054813964112 125.94913043060876 11.737838600000032
-3.599470677308851 -1.6742345920560155 125.88332449912804 11.770796599999812
-3.632350494165955 -1.7700160801495968 124.9406474548463 11.802870200000143
-4.427486104363133 -2.0059667496805944 125.80517572660064 11.866468399999576
-4.450441046074509 -2.0688218497318025 125.04172958358942 11.897965000000113
-4.70219367093587 -2.166038373469469 125.08140671525791 11.929665999999997
-5.206401320544771 -2.236721346501305 125.6092722326951 11.962116900000183
-4.979896845722166 -2.324208660376729 124.48299189789081 11.995273499999712
-4.979896845722166 -2.324208660376729 124.48299189789081 12.013293400000293
-5.310187004165911 -2.364209644808658 124.92219997567315 12.030308499999592
-5.468688998540152 -2.416341752428402 124.95802535681524 12.07580440000038
-5.424911643735115 -2.4277996273163813 124.49270408012713 12.105849900000067
-5.439497811323861 -2.4203783236020566 124.31825950094907 12.139378199999555
-5.743288750656802 -2.49982921573707 125.11373965252359 12.170509100000345
-5.428290384866287 -2.3989807898415925 124.27553584369778 12.202654300000177
-5.480401850181231 -2.4468355380901188 124.49659218529857 12.265984800000297
-5.615454610506873 -2.4955731451306216 124.90614383111522 12.299626099999841
-5.375368188003414 -2.317534424332463 124.55296965449368 12.331611599999633
-5.28884733616821 -2.3212519868460153 124.550558258315 12.361762100000306
-5.28884733616821 -2.3212519868460153 124.550558258315 12.380211300000155
-5.0914028750628475 -2.1552919193602778 124.26127025897448 12.39811329999975
-5.22524777950683 -2.087946760949452 124.59919330999055 12.443815399999949
-5.470755114241115 -2.157329429794859 125.41216606139996 12.474438000000191
-5.08393340660615 -1.9903935674457376 125.15341429448445 12.506279399999585
-4.599649097317872 -1.7800665032890488 124.89105279033382 12.539622999999665
-4.416504483648154 -1.769868049826501 125.43792729098394 12.571449299999585
-4.064624115501601 -1.604495033242471 125.56057396680906 12.602334100000007
-3.3509452610681265 -1.2631596519084098 125.13834941940976 12.667185199999949
-3.3703545683532425 -1.1323887736126812 125.96249923648692 12.698159100000339
-2.6032418988870205 -0.8790051975162757 125.39410907209903 12.72926329999973
-2.6032418988870205 -0.8790051975162757 125.39410907209903 12.747493099999701
-2.2604991630037503 -0.738180259654973 125.76477111851526 12.765691599999627
-2.094274735265941 -0.6901084857232712 126.40489438740899 12.812309799999639
-1.2482019904816397 -0.47551470983143107 125.35202938377223 12.841998400000193
-0.8048806801344526 -0.2698011670921048 125.85762301063977 12.874484500000108
-0.558013424689193 -0.10334648417382408 126.09170259354272 12.907995700000356
0.05315035700706261 0.0074132269382238825 125.18680170973059 12.938401899999917
0.554023358005054 0.35239086339077685 124.43880107712236 12.969704799999818
0.4072792540973964 0.36010108684706194 126.06943497922798 13.002215800000158
1.2748050004265181 0.8430712182392389 126.44350850313538 13.067985099999532
1.8284396108917704 0.8942282881410317 125.87767652539294 13.09835060000023
1.8284396108917704 0.8942282881410317 125.87767652539294 13.118995099999665
2.3197594066568996 1.1478491219470806 126.04215159428686 13.136834400000225
2.8521399765133424 1.3562147621759562 125.58936621681701 13.177672699999675
3.3363109195177216 1.5318909663930396 125.2809031729947 13.210276099999646
3.4516335837859273 1.7957946994479301 125.91162165887249 13.242734499999642
3.6161425285259767 1.8524998561843034 125.91166690720151 13.274343400000362
4.0950411900578345 2.0718906150781797 125.7635269854957 13.306566700000076
4.490172860429155 2.334962611244032 126.00223237351507 13.338351999999759
4.741234626438235 2.3358107939155506 126.14696147303547 13.37058479999996
4.8352859871665075 2.3552061998540132 125.90612023586894 13.401883300000009
5.282089963233204 2.616474049748342 125.8115609451316 13.466029299999718
5.282089963233204 2.616474049748342 125.8115609451316 13.485671100000218
5.132577941875539 2.5105521723370883 126.7017465143532 13.503652499999589
5.618620905391978 2.615506302609357 125.35986802954727 13.546414399999776
5.628075196155187 2.720953329521197 125.65692384346475 13.578477899999598
5.540309556380521 2.6880361706708653 126.04309756739909 13.611259700000119
5.442407416230189 2.7060160389699672 126.38909309827595 13.641965599999821
5.676101926527032 2.7239069591719764 125.6355356095725 13.67439000000013
5.470204298381454 2.6717531517689834 126.32958848429307 13.706543500000407
5.472098652961954 2.5444382610538363 126.32189287716194 13.739265199999863
5.472098652961954 2.5444382610538363 126.32189287716194 13.771584299999631
5.619746823632674 2.4522568296299343 125.71725852840466 13.803422500000124
5.476028092177231 2.2898838924830662 126.30601674441186 13.834193900000173
5.473338982707041 2.144292574785466 126.34254430986422 13.867577799999708
5.444861939278937 2.1955385683200355 126.37538663125358 13.915240600000288
5.315202992648501 2.1212936247964302 126.43360737178594 13.947707999999693
4.911215473797142 1.9493608287135742 126.49695309452927 13.97893329999988
4.775837949096932 1.7778054568816115 126.23557371017624 14.01109869999982
4.235609727928789 1.6777976610371919 126.45265555061636 14.042911800000184
3.9257746614511078 1.4139760256608336 126.03007978323211 14.074701300000015
3.2499084543710666 1.2116458945744937 126.65702468006113 14.107019400000354
2.94780960674116 1.060044053405307 126.43015299020863 14.13922840000032
2.779093847680606 0.8269204003731441 125.61490469118908 14.171019100000194
2.353960829064569 0.5839809066884194 125.9261500805908 14.202940099999978
2.3581068120266835 0.3892321871726024 125.12623941436432 14.23470449999968
1.475724940063806 0.3393590333895642 126.47722298539688 14.284071199999744
0.842819848011608 -0.05932697167007406 126.21663552907461 14.31492199999957
0.5258918940975121 -0.08022719464944716 125.65316870608659 14.346803100000216
0.0530691311073781 -0.26564531685158677 126.27116949832553 14.378428500000155
-0.4126153887170716 -0.5817657115738274 125.81351488841969 14.411839899999904
-0.8563450847613368 -0.6723042717442228 125.81316382060793 14.442158300000301
-1.1082408994204656 -0.8107682323582232 125.74026173294298 14.475930599999629
-1.488143493341063 -1.0623554734168095 125.75262865090983 14.507649500000298
-1.788992195284166 -1.1475638217525272 125.4829005822059 14.53790029999982
-2.413959170844194 -1.250031194192446 126.28932026697143 14.571265999999923
-2.702513126250409 -1.5189689044471213 125.75973758799714 14.602673600000344
-2.8332076667988346 -1.4721524932411367 125.1577693295621 14.650491200000033
-3.5026993377064386 -1.6661026398767542 125.84148599620929 14.683509200000117
-3.7795541456075625 -1.8208608995099098 125.59167969766327 14.715272999999797
-4.018718201762141 -1.956882666396801 125.48435627749981 14.746329900000092
-4.110068065401315 -2.0017074954453626 124.86700565989418 14.77869439999995
-4.540194012218549 -2.2348634103880105 125.24443307673333 14.810341299999891
-4.479335195894791 -2.2015341082865203 124.46882902949359 14.844198800000413
-4.991888949590383 -2.267259642422885 125.20507982490284 14.874763699999676
-5.440932101463524 -2.3810492356693125 125.83543170420799 14.907898100000239
-5.283897381785714 -2.4182668116898833 124.8945157692415 14.937174400000004
-5.468688998540152 -2.416341752428402 124.95802535681524 14.969382999999652
-5.6100658728009805 -2.481013516349959 124.93787767249849 15.018817600000148
-5.649650190387 -2.4844482728455954 124.93833622859084 15.050440799999706
-5.5939014092388035 -2.4313584048763213 124.51000620397163 15.082811700000093
-5.471584018439252 -2.4504986567541254 124.29176007295241 15.115225200000168
-5.709411858792684 -2.4828484651066995 125.0012198895398 15.145803899999919
-5.709411858792684 -2.4828484651066995 125.0012198895398 15.1777189000004
-5.7470035325358495 -2.530584764162583 125.3568858243696 15.210951699999896
-5.513211727991653 -2.424584224608346 125.17413206572486 15.243503099999543
-5.216866175785768 -2.2790596291240908 124.26754984213906 15.275853400000415
-5.179342553171438 -2.2853676791916935 124.20122489151922 15.305961400000342
-5.115629257195245 -2.123745398399789 123.96653375446789 15.354131000000052
-5.3560933637080765 -2.0780320684921145 124.68858593291105 15.38660770000024
-5.127772188126421 -2.010586793514031 125.23583613292152 15.419165899999825
-4.656274656230536 -1.7636790328762393 124.87414113184614 15.450781800000186
-4.622684936777709 -1.8145386915974582 125.61052251149418 15.482640199999878
-4.151798744076864 -1.7165701165747178 125.39332150784399 15.515269599999556
-3.8577022074902345 -1.4528144775878435 125.30822973183372 15.547415199999705
-3.0353972988898974 -1.2192175399344878 124.35316604682353 15.578966400000354
-3.365463291368961 -1.152254515318695 126.01059403445869 15.611217699999543
-2.4748141949215565 -0.9908961637281822 124.91412072893147 15.643544900000052
-2.1647038258756695 -0.6898513546852773 125.38755888185615 15.674987899999905
-2.228253554201949 -0.6712802112041539 126.96429188099349 15.724092100000234
-0.9666517277934759 -0.5191536026553988 124.60457459851814 15.755561699999816
-0.7835872868758713 -0.1860880869276451 126.05631920770571 15.786227499999768
-0.2879419702477364 -0.12413023308930449 125.42259722637506 15.817797699999574
-0.0197192020574235 0.02469185219571446 125.223986291296 15.850375299999541
0.24132866642317907 0.21779819213337948 126.06986402829212 15.882687799999985
0.9253608494334671 0.4804734776497366 125.29771464120371 15.91448709999986
0.8746939219478023 0.6549946871239295 126.75741484567047 15.946508600000016
1.5028834848650945 0.717649976260497 125.76352741420676 15.978641800000332
2.0109301040226555 1.0112612863467219 125.44393356264396 16.010395700000117
2.364795636195616 1.2160509050713886 126.1384759614781 16.043667199999618
2.7881716245382364 1.3318377801560901 126.0226469488204 16.090224900000067
2.96880601705233 1.3857292479983823 125.75766767653724 16.122115099999974
2.96410080855501 1.503568639590268 126.71756326532969 16.154103199999554
3.524641552251829 1.6576090951504963 125.65688671033068 16.185824999999568
4.067137406059636 1.9148429908820135 125.2667278966984 16.218730900000082
4.434592497529984 2.1575674517429184 125.39565812130895 16.251771399999598
4.55073290472744 2.208575588627174 126.05568833073286 16.282218399999692
4.707505083753823 2.355161426889888 125.91286184877754 16.313990200000262
5.063501632903147 2.443836263382779 125.54595875434396 16.345646900000247
5.120111184809723 2.5906190881537148 126.15024121669452 16.378131600000415
5.287322339921403 2.604161661407183 125.94596337578278 16.411897599999975
5.479701452433723 2.7021748143544455 125.93322757263151 16.4587647999997
5.44204152353003 2.8336218120504233 126.3915437852911 16.491138999999748
5.572609399968982 2.686790634459144 126.08583680341518 16.522885100000167
5.6157684308264635 2.7675619488035936 125.96058360794174 16.553707099999883
5.403716334926834 2.81332409212315 126.96442124272497 16.586172199999965
5.386491755152456 2.638260713146565 126.70196116184759 16.618690799999968
5.589611157869285 2.690434851955573 126.02120549933734 16.650927599999704
5.457719484772724 2.511499864765274 126.57786455193468 16.68395260000034
5.5451024824279855 2.434245464222304 126.02363168363134 16.713856100000157
5.670205335100789 2.3510579057449363 125.92860361199875 16.747035000000324
5.473338982707041 2.144292574785466 126.34254430986422 16.778625099999772
5.47673303639295 2.0169587515858876 126.32828758880807 16.82652969999981
5.36192002713473 1.9919549234265692 125.83041528347472 16.860904999999548
4.975791047562218 1.8236860781179844 125.75231943216487 16.88922189999994
4.701941904690813 1.7733470229610457 126.57486001307231 16.922224699999788
4.4057654810629145 1.6715645280093072 126.18164505983478 16.95507120000002
4.02462958310813 1.3416640768059953 125.96634867169767 16.98654979999992
3.616732797429286 1.321662902587113 125.92666738675939 17.0186291
3.261659890731387 1.2479616347756468 126.37407805452153 17.050611200000276
2.8011298211193107 0.7968516330118434 126.05195753619128 17.08273089999966
2.4689996936672287 0.6939600655643422 125.67183125920387 17.114229900000282
2.0865384496034167 0.6639627804640215 126.00557574556242 17.146210300000348
1.4001993321644974 0.25783204463275894 126.38436341495208 17.195157400000426
0.8789603493808968 0.07050559500427789 126.36413275266908 17.226824899999883
0.5799103482071928 -0.09685938645227432 126.00710439814641 17.259993800000302
0.2272444789492738 -0.20399388224213677 125.89395606765211 17.290096800000356
-0.4162151778846521 -0.488877026517191 126.22962210628307 17.322576599999593
-0.6571438026710155 -0.6477239219818473 125.46411850598388 17.35450159999982
-1.0695154017758384 -0.732977946528136 125.65743865650583 17.38778540000021
-1.315976281683497 -0.957518670162074 125.81971140207452 17.418534700000237
-1.6196346280583782 -1.0842095576358841 125.40891600971196 17.44996209999954
-2.1729550836613 -1.2381672290362915 125.80755475819616 17.482493599999543
-3.648092436382896 -1.7540680364631749 125.3157396475759 17.66590619999988
-3.859656171267538 -1.9254200515864186 125.25980278033875 17.731489499999952
-4.825630745641419 -2.1776820334139138 125.09832439172763 17.7969850999998
-5.139972920386569 -2.2634578655073376 125.13592861590733 17.862873600000057
-5.443740989831184 -2.412553894459035 125.33131028257003 17.928377799999907
-5.5659348676789975 -2.433807675380625 124.56669993384898 17.994168700000046
-5.849117528521177 -2.5321992445526367 125.42576935859975 18.058401299999787
-5.709411858792684 -2.4828484651066995 125.0012198895398 18.12372469999991
-5.206407959904531 -2.3595598514395086 124.98668003164094 18.190075100000286
-5.409248124191414 -2.285116606214973 126.11562019376854 18.25490009999976
-4.769750681846773 -2.18313592002288 124.52639435399792 18.321251700000175
-4.766575779097508 -2.0834045936856302 124.66802548609215 18.385879000000386
-4.079456494243047 -1.632326006979504 125.03884732701192 18.451418399999966
-3.7381678706582946 -1.4356246779747441 125.25919399495051 18.516930499999944
-3.539022323546618 -1.3782088346203567 125.76936692945773 18.582466099999692
-2.1623249085570038 -0.6457272212297666 125.71086746507288 18.646639900000082
-1.8935029207994418 -0.629128245419697 126.3687188999785 18.71270639999966
-0.7236476921467556 -0.25662046776035197 124.65358240624182 18.77781700000014
0.3501039419583165 0.45832082832073323 126.27532722424392 18.843907700000273
1.168063550143053 0.4774484674470416 124.89332006125238 18.908429799999794
2.6939887676230256 1.1207431701874389 125.32635339093764 18.974240200000168
2.8164527601078078 1.3930554849577148 126.4882105722531 19.039914599999975
3.4260224393605583 1.584560042701781 125.31891008411516 19.105743099999927
3.6274057470188055 1.7817633448640162 126.0722859879234 19.170232299999952
4.486473386428479 2.3356895381734284 126.15461055908972 19.23673880000024
4.574903882495981 2.423951040929525 126.86307886550563 19.301800399999593
5.314268927160896 2.7054947791132387 126.39405228719278 19.368220600000313
5.566692516668034 2.7327444700889556 125.87370120750288 19.434335699999792
5.61975794055369 2.873966568361135 126.77846710161973 19.500227599999562
5.641043537713301 2.831117348296402 126.69304567308059 19.564495999999963
5.59459066388866 2.398829760859943 126.36508078241546 19.629474700000173
5.571505871353089 2.451303720301074 126.37821513119451 19.69586040000013
5.4400786642144965 2.162058605989631 126.44234650237284 19.776257299999997
4.874061950527647 1.69107691984226 125.81912196985037 19.840552599999683
4.45857501941083 1.5957994026995852 126.2569820525972 19.90472299999965
4.366316961832588 1.5138441899741824 125.72391811813816 19.970732200000384
2.4093827791977134 0.6290613201024313 125.9789425278361 20.03609140000026
1.930933856954944 0.4904965240177164 126.59732397022769 20.10113960000035
1.930933856954944 0.4904965240177164 126.59732397022769 20.166641699999673
1.572712519456239 0.2551932575543242 125.8187382372877 20.23197439999967
-0.6990190124393436 -0.6722174011380871 125.89903531754749 20.297306899999967
-1.1238126075787633 -0.7806585268350031 125.94968511182927 20.362693500000205
-2.6168571529915283 -1.4402034848185155 125.8945331031974 20.429447000000437
-2.6168571529915283 -1.4402034848185155 125.8945331031974 20.49451229999977
-2.8128675863694994 -1.522004440372554 125.65145055055777 20.559937899999568
-4.249712529278526 -2.031357216086159 125.63991428130689 20.62597459999961
-4.666206032682638 -2.2344056573996256 125.24772380444796 20.690945000000283
-4.943626203190433 -2.203810486052945 125.31742368177198 20.756086499999583
-5.491145789979612 -2.4014840240941027 125.13543710516333 20.821364800000083
-5.723061402064275 -2.5326425280542497 125.42303732971871 20.886780400000134
-5.502230617914954 -2.566132548622666 124.56424515111944 20.951263099999778
-5.808139769457789 -2.5141726283623025 125.29147893948928 21.01719940000021
-5.5659348676789975 -2.433807675380625 124.56669993384898 21.08234309999989
-5.743655989837947 -2.374815984660915 125.11325704540167 21.14732829999957
-5.735763602155416 -2.2146503668882263 125.39003986084774 21.213374599999952
-5.389874961606509 -2.0698840884956673 125.52960401972 21.278503900000032
-5.031096277514209 -1.9140226730423158 125.72545531214976 21.34443740000006
-3.4962366131322327 -1.4295186090931273 125.10268424826928 21.409187700000075
-3.182866950482328 -1.1473519994821295 125.96071711601058 21.475278900000376
-2.5653141307482556 -0.8736463562642846 125.39847453891723 21.54056750000018
-2.1509191182028857 -0.7307915417434189 125.67982001636011 21.605904400000327
-0.5478457465399345 -0.19980654800277176 125.2781019424915 21.671668199999658
-0.19022246637577922 0.04873688975605028 125.08510276548354 21.736762200000157
1.1894175520653647 0.81612268134671 126.18405539441096 21.802696200000355
2.4139491163711497 1.052631383790106 124.939416040873 21.86828770000011
2.5555871848050415 1.3595355891720504 126.31479634058421 21.933852600000137
2.5555871848050415 1.3595355891720504 126.31479634058421 21.99997059999987
3.575107274842715 1.8502634365006987 126.37931723545395 22.06508180000037
4.3119240330126445 2.1762891191088687 125.75330922884167 22.130346799999643
4.36584553680099 2.1488381567671304 126.72129140069508 22.1962967999998
4.539631079083648 2.2326263163368383 126.41649967643897 22.260724099999607
5.400040012415644 2.6236906738524346 125.66440805767614 22.32532960000026
5.395570331575051 2.6744842581853416 126.29526462975087 22.390583000000333
5.470204298381454 2.6717531517689834 126.32958848429307 22.45487950000006
5.540309556380521 2.6880361706708653 126.04309756739909 22.521231499999885
5.463250082831905 2.5266025010257787 126.38528642913974 22.58658959999957
5.475992956285879 2.097676054551626 126.21044070319951 22.65196819999983
5.417108976141812 1.9623320689248738 126.10564080669317 22.716619799999535
4.910351603517505 1.976770956453009 126.79111525556134 22.781302700000197
3.8823548642533723 1.3660534502312802 126.14335475709457 22.846518499999547
3.4828457193908946 1.2227925421654215 125.99003504321205 22.91104340000038
3.013140101765096 0.9992691051566579 126.40731692868721 22.97557659999984
2.6101896851076702 0.7956051033686095 125.95169263396158 23.040273100000377
0.8655178487646822 0.049956112088242355 126.27426064018333 23.10654109999996
0.40730750142315486 -0.16356022369191658 125.79226466964235 23.17010829999981
-0.15213760715925417 -0.4637803432564115 126.04471463780631 23.236309300000357
-1.4426381742984162 -1.0387722612437762 125.4633676676793 23.301730199999838
-2.013828525956839 -1.1724453401009107 125.90656362947483 23.366210299999693
-2.3599853496436936 -1.4158920518161309 125.46385219350076 23.431974600000103
-3.914779106652233 -1.8779610063372942 125.55470437141453 23.49707479999961
-4.231950684427979 -1.999751665715388 125.75859839896403 23.564084900000125
-4.483945062667026 -2.0778674378303372 125.50074104561554 23.6285926999999
-5.299927495492774 -2.3320746233317124 125.39792209148948 23.69418130000031
-5.454479802853655 -2.425946912924713 125.11525914988344 23.759353000000374
-5.619682344105357 -2.5449978946659697 125.29930556588947 23.825301099999706
-5.879975629857846 -2.5199474954515018 125.44968003755855 23.890740099999675
-5.7348643638916315 -2.4705790972506487 125.0080293483252 23.95694800000001
-5.649650190387 -2.4844482728455954 124.93833622859084 24.023641400000088
-5.016746186802244 -2.2070857458802817 124.67427249539087 24.090699200000017
-5.349737125291291 -2.2024004642457147 125.6084682845291 24.154911900000116
-4.980591729963741 -2.079368974884133 124.68130343632821 24.220696000000316
-4.105088091630307 -1.6283584605725463 125.84514919827357 24.285818100000142
-3.442257648967704 -1.430347174035823 124.44372015415479 24.352071199999955
-3.5042217060649463 -1.242761899061541 125.65349375523941 24.417750499999784
-2.102206632190864 -0.6367143200025241 126.50297514560943 24.4831178000004
-1.0627913795544828 -0.4316034237255767 125.01751807236758 24.548485899999832
-0.641615938564577 -0.1382824226079432 125.4015316915307 24.614223200000197
-0.3384423690803686 -0.08402950539246856 125.69224850009036 24.67860430000019
0.9982186736847893 0.5805761794420069 126.3919799679975 24.743329199999607
1.662530644373689 0.8006049533102559 125.64148168609199 24.809456400000272
1.95703987827887 1.0734542162544054 126.48498171314223 24.87536629999977
3.0101377817871153 1.5654993345039325 126.97837716957389 24.940981300000203
3.828008751512442 1.7765048787647482 125.75294662144404 25.00625620000028
4.151692358478769 2.1463969918117276 126.02328215666392 25.07133840000006
4.950509748644599 2.400489490863579 126.24237726341728 25.137461899999835
5.450144824701951 2.532948016736893 124.85317511480623 25.2022479999996
5.53583138812575 2.9139459020855423 125.76734145501831 25.267497900000308
5.5715570219067985 2.8459796407820637 126.781295093813 25.33289960000002
5.386491755152456 2.638260713146565 126.70196116184759 25.397425600000133
5.683115345539797 2.8748480532903327 126.45956483825333 25.462976200000412
5.457772056077431 2.2345723693817408 126.61648490090995 25.528448400000343
5.525710897284775 2.0709759113584583 126.079944170876 25.59337409999989
5.552502301201933 2.053791045585869 125.9937981681136 25.660412299999734
4.455105117147227 1.7060432815700386 125.87017322474456 25.725748300000305
3.9661425835098 1.3813988754468327 126.14631733344167 25.791795799999818
3.253381400326113 1.0828154748775107 126.64134392025339 25.857348499999716
1.8506671282602696 0.5524969673657041 126.36699843875328 25.92288009999993
1.459159258149775 0.12989826260214854 125.61890060195938 25.989428599999883
0.9381721582810698 -0.057250551708145636 125.60460502023527 26.054726200000005
0.4072845299907044 -0.14144491567052764 125.92337430531528 26.12042620000011
-1.1769638463266219 -0.8826441725456179 125.70898401831154 26.184352000000217
-1.4475022519104002 -1.0192269307607194 125.60649739688925 26.249105199999576
-3.09190920040799 -1.5489345426615047 125.86722633854461 26.314368100000138
-3.4552912627570436 -1.7043658558711803 125.63535367380507 26.37977690000025
-3.957186460455027 -1.8783253435991343 125.96369882404888 26.44460590000017
-4.188637506216331 -1.9213455959181913 125.89252208878604 26.50896069999999
-5.0665018010911425 -2.288538117694861 125.32328423134823 26.574958799999877
-5.381825772216622 -2.3829201682376038 125.60046834557942 26.641823199999635
-5.295797886250071 -2.4535423558764418 124.62796640550405 26.708302000000003
-5.911377442260893 -2.533128418579377 125.35447488018464 26.770976800000426
-5.775242593821304 -2.4840331501380035 124.9411645956052 26.836474499999895
-5.911377442260893 -2.533128418579377 125.35447488018464 26.900622600000133
-5.873364703140702 -2.4047766548075433 125.35901265168381 26.967215699999542
-5.734746615156261 -2.2306551311648244 124.93473646277396 27.03173009999955
-5.8786112209640535 -2.2689558199509166 125.44250231236396 27.097081400000206
-4.170578179605762 -1.6685170171891262 125.24662321936442 27.162642100000085
-3.592217168038168 -1.5157011509913803 124.78670159433531 27.22687930000029
-3.4425449813040743 -1.4901389794155593 124.91675780419963 27.292032899999867
-2.2155235422492936 -0.7459505294393206 125.67894151013489 27.357188599999972
-1.958438506237286 -0.6484222575970823 125.93176513444271 27.422205699999722
-1.958438506237286 -0.6484222575970823 125.93176513444271 27.487171099999614
-0.9242678844542809 -0.23009054393406636 125.38739304963723 27.552854300000035
0.6660962929680139 0.3726498612159478 126.13063811554368 27.617720299999746
1.3028040321539365 0.4993931833028351 124.71771509690704 27.683073700000023
1.5459556089641495 0.8458879380172704 126.38918533107841 27.748455699999795
2.7182146452575395 1.3565703781408698 125.33669938550996 27.81279269999959
3.0356919692293545 1.4280548192837503 125.94182957324574 27.87840039999992
3.546426127468557 1.8920484964407507 126.12824461670915 27.94336899999962
4.677561886464375 2.293230528166718 126.49523219050523 28.008881599999768
5.031390166853939 2.5068755977469914 125.90353159895321 28.074117600000136
5.435968625684566 2.686699810948787 126.10359408569124 28.13972730000023
5.415564263943928 2.751364016842468 126.62412760617126 28.204555700000128
5.668289839153175 2.7921030701025127 126.59085418371279 28.269874800000252
5.61975794055369 2.873966568361135 126.77846710161973 28.334500699999808
5.571505871353089 2.451303720301074 126.37821513119451 28.400117399999544
5.572128026568095 2.3236551901234757 126.37464768350095 28.465437400000155
5.258845565980579 2.026432673537586 126.22703041194941 28.529873800000132
4.868236043428745 1.8193817288623229 126.32466490949079 28.594895799999904
4.795810792642371 1.694777792210084 125.79909403454725 28.660821899999974
4.147701822940789 1.442429499193083 126.16587885929923 28.72713509999994
3.5206939560754122 1.1714799513342062 126.30201733376023 28.792568599999868
1.8924839572237744 0.4318227067453427 126.23185552225111 28.85800829999971
1.4542905095391703 0.2009436027066014 126.14736626010422 28.922958999999537
0.32637688034544965 -0.14002774791043604 126.15494255791623 28.98914119999972
-0.7805593975960221 -0.6266820200830708 125.68393039754008 29.054627299999993
-0.9215345580543826 -0.7084182822442125 125.01684206463091 29.118445400000383
-1.439798038645094 -1.0199756723094957 125.72911998798517 29.18451509999977
-2.8915060575915774 -1.5792297975098752 125.61989412597346 29.24929609999981
-2.8915060575915774 -1.5792297975098752 125.61989412597346 29.314406399999825
-4.236963559718845 -2.04931324502858 125.26886791455985 29.37902860000031
-4.249213187666392 -2.0594247365052154 124.8439782055097 29.445279200000186
-5.079749754730614 -2.2369714489083945 125.60544247470065 29.50926619999973
-5.022142618948813 -2.355202241950457 124.63174364049749 29.574292299999797
-5.785314930916371 -2.5335567851177507 125.35157739272523 29.639078600000175
-5.468658132901467 -2.4317497848521104 124.50690624849332 29.704801900000348
-5.709411858792684 -2.4828484651066995 125.0012198895398 29.769983299999694
-5.849117528521177 -2.5321992445526367 125.42576935859975 29.835028100000272
-5.785732543476321 -2.4082342030256463 125.35129148677282 29.899182799999835
-5.823342620614888 -2.187108995328457 125.7144239124478 29.963927400000102
-5.039853867390249 -2.01303786850977 124.90692868357422 30.028934400000253
-4.896169338984983 -1.8460028828393744 125.83209465874923 30.094973999999638
-4.342658289747533 -1.7576137868217105 125.9892935530646 30.160549999999603
-3.0997329663331357 -1.1851777681565223 125.21518145322139 30.225876100000278
-2.270218481430227 -0.8131114498983175 125.56408041482537 30.290321200000108
-1.82440742524647 -0.7033610803004248 125.19619006899904 30.355212600000414
-0.5918764237666139 -0.16569971195995548 125.56767742515837 30.420972300000358
-0.387819579690003 0.05502186286665656 126.12524694768753 30.486528600000383
0.11418480376320161 0.10490159259028109 125.64638460895591 30.55066739999984
0.5643422167721468 0.3895787648904932 125.64768828820428 30.61560720000034
2.609129037002404 1.2423438423276125 125.64013529760231 30.68145050000021
2.8803547606509383 1.4582539159718255 125.77492685245825 30.746769999999742
4.10732622951717 1.921846719303927 125.66981574728366 30.811679999999797
4.619360810313964 2.193032532305809 125.4235277302124 30.876032699999996
4.679891301885313 2.166614032280588 125.81508488039705 30.941800800000237
5.169117158252 2.5988114405548832 125.65235330676549 31.006451399999605
5.44204152353003 2.8336218120504233 126.3915437852911 31.07165890000033
5.44204152353003 2.8336218120504233 126.3915437852911 31.137676199999987
5.45992383997104 2.654142986923013 126.39950800007396 31.20391550000022
5.605588199931361 2.644373592577834 125.82985098547431 31.268442900000082
5.654609293965301 2.6237703134843047 125.65331310457346 31.33387550000043
5.466595942026679 2.399114127709617 126.37104808017865 31.398098499999833
5.419729341556646 2.1592911585013583 126.09952210102531 31.463760499999808
4.938885176836891 1.880814872090721 126.2930792285763 31.529245300000184
4.641205623116328 1.616563136812149 126.46393538895323 31.595996099999866
3.1587047914079633 1.1543915584594733 126.47848090639047 31.659483200000068
2.7050400980660143 0.8011015421642635 126.20399548511 31.725031699999818
2.4271857330697983 0.65466786265424 126.16978490982905 31.78888569999981
0.5484982680482275 -0.14819874996065918 126.17307343614719 31.85538910000014
0.10633330101170202 -0.3308950056502423 126.4423355536122 31.921489499999552
-0.24479092750927833 -0.5009547634751511 125.71708350770774 31.98568890000024
-1.5811489142557562 -1.0359712224399682 125.36236614296004 32.05092859999968
-2.1535591825445692 -1.1665516320483484 125.81129079001263 32.115646899999774
-2.6209626645684168 -1.3792623937228297 125.83026366264366 32.17931719999979
-2.7887508576595295 -1.5347470673144463 125.49967830597308 32.24522230000002
-4.3521057616405585 -1.9417784480705915 125.76657194791818 32.310360800000126
-4.541244808766159 -2.1430812264742753 125.69902023369386 32.376395299999785
-5.3685857073949705 -2.4207680554652 125.29440346231912 32.442234899999676
-5.523043336903392 -2.4693970290468212 125.38637807130299 32.507069899999806
-5.440799008153647 -2.4342198155196875 124.56395383294021 32.57315389999985
-5.3717236706444 -2.4008812653880907 124.22143691865098 32.638761899999736
-5.942609318753227 -2.5742464712060693 125.63160541381843 32.70473399999992
-5.873200533353398 -2.530162311474026 125.360076770508 32.76978109999982
-5.862626475775755 -2.465059382428697 125.39839807841302 32.8354288999999
-5.705361808595498 -2.1512961024257002 125.34827114525827 32.90046660000007
-5.15704910481125 -1.9907653875675901 125.11792024203447 32.96537290000015
-5.016080461751486 -1.8746246908528188 125.80821007482074 33.02945069999987
-3.6402247060912885 -1.4148594828782293 125.09387490643051 33.094074399999954
-3.477369983117107 -1.1660257404021994 125.70558217810432 33.15866310000001
-2.8925812314189656 -1.0829773978265398 125.28862489422707 33.22397160000037
-0.8570929280225457 -0.3193650916643188 125.18949150347142 33.28880779999963
-0.6624130841977873 -0.08286777019936775 126.12724678686052 33.35566749999998
-0.12100195304690686 -0.05637186948226314 125.60421438703773 33.42011149999962
1.1829104103589927 0.7385232902771248 125.94003946408952 33.48400959999981
1.5753431005878014 0.8178367865332095 126.16249808354335 33.54947100000027
2.1479075506139296 0.9809859930214995 125.55700225323929 33.615217100000336
2.587044275910401 1.3111433160823802 125.64305606971604 33.68041549999998
4.00479850149668 1.8659665549006754 125.71017163087097 33.74635529999978
4.258436623875902 2.0781347193500186 125.71350478545223 33.811525099999926
4.4924107901438575 2.2914024732430924 126.17278853116878 33.876781900000424
5.347249597392093 2.6089639562557 125.87492869846668 33.94318959999964
5.2030912916508925 2.5751760354599913 126.67661255784088 34.00811429999976
5.213115654546655 2.6912438499266926 126.88548863504722 34.07376939999995
5.375250799985736 2.7647375970368326 126.93879408073263 34.13974330000019
5.55793490372308 2.8106331918262 126.76917434100393 34.20343849999972
5.445397875442289 2.51158995147609 126.64185918691778 34.26957820000007
5.525822751465974 2.128323118801435 126.47554334681021 34.33471350000036
5.451369631196734 2.1216654671113693 126.39588124180182 34.39914229999977
5.067158337080748 1.8811313807877874 126.28651188879145 34.46399259999998
3.952530057517805 1.3709050367788058 125.82296817250085 34.52896249999958
3.194828355339709 1.1654558218315587 126.3317450027627 34.59427070000038
2.878701435160643 0.9143259642728361 126.24677154017041 34.6600741000002
1.1885964485671536 0.21167829899549506 126.52100961348994 34.72543459999997
0.6395080283186161 -0.10030589989153826 126.095567733406 34.79069340000024
0.3047569839256852 -0.24857067837512137 125.85533709213217 34.85562899999968
-0.1426171531265652 -0.4176671552949659 125.85786853302162 34.92111300000033
-1.481052324746173 -1.0418121430942158 125.45242946002804 34.98619930000041
-2.0260953490621674 -1.1666206915058321 125.80566029684992 35.05169999999998
-3.680671891181497 -1.6698705200802175 125.87436474197352 35.116749300000265
-4.012384422564196 -1.879122068955509 125.86600513150184 35.182267399999546
-4.138370181159047 -1.855811538097499 125.52934036743859 35.248346700000184
-4.38830549802595 -2.097039730990741 125.35422593269207 35.31188029999976
-5.302637984466912 -2.400758776764286 125.20260058761576 35.37782049999987
-5.364709158107793 -2.3716930091601167 124.8997483195542 35.442331000000195
-5.6023963387792435 -2.3923797172109444 124.98603214929594 35.50745949999964
-5.873200533353398 -2.530162311474026 125.360076770508 35.572650500000236
-5.5659348676789975 -2.433807675380625 124.56669993384898 35.63840679999976
-5.849117528521177 -2.5321992445526367 125.42576935859975 35.70364900000004
-5.8786112209640535 -2.2689558199509166 125.44250231236396 35.768171800000346
-5.846043010981731 -2.173255656989936 125.71433877899909 35.8332403000004
-5.371686349572975 -2.0657499232137044 125.4243459104746 35.89858929999991
-3.8611439586900005 -1.492920444572519 124.93393133626611 35.96432949999962
-3.862163089616402 -1.439221595732187 125.57983777573436 36.02899679999973
-3.480795874331754 -1.246595849249656 125.08373954966035 36.09432670000024
-1.608698833813655 -0.5687263919572175 125.09816083414624 36.159953100000166
-1.3010251159100292 -0.3238657583287624 125.8012836589848 36.224912399999994
-1.3010251159100292 -0.3238657583287624 125.8012836589848 36.28975249999985
-0.6122511336072378 -0.16356603391035773 125.83726821764529 36.35597990000042
1.263702654402735 0.6967443111137017 125.66999253669228 36.421410599999945
1.5698355462297613 0.7015344510266927 126.01953710157012 36.48623789999965
3.3196088545660913 1.5286246408708055 124.96239949798259 36.567293099999915
3.3196088545660913 1.5286246408708055 124.96239949798259 36.63314059999993
3.7784374077700917 1.829020335907627 125.96731640020161 36.69743899999958
4.580855926990026 2.303682378295508 126.6838901929661 36.761931600000025
5.458021343038489 2.645360041471287 125.11106289488974 36.827512099999694
5.213115654546655 2.6912438499266926 126.88548863504722 36.892124400000284
5.468359014935338 2.7990918624850356 126.33711330813426 36.95742390000032
5.383627554429573 2.7663713019086438 126.71449003076782 37.022126099999696
5.533377492841005 2.799921831007987 126.24061922360447 37.088046799999574
5.386491755152456 2.638260713146565 126.70196116184759 37.15360189999956
5.344481195278981 2.304622504392633 126.85719135227602 37.21917610000037
5.681934002319963 2.218502234851283 125.61384533964579 37.28361169999971
4.857960585620312 1.731931837325761 126.47586361166277 37.34907939999994
4.530013326302637 1.5214243641506584 126.05199987003554 37.414541799999824
4.245178501612635 1.4467135258880044 126.1091875579001 37.48071720000007
3.6352822906194575 1.3183256762192723 126.30534759859948 37.54579240000021
2.0018559500129456 0.4862293874196695 125.69791501410168 37.61153209999975
1.3740546369388937 0.17923694424492242 125.84419832461086 37.67683190000025
-0.14684742062598843 -0.37135464995846135 126.3464349312565 37.74239510000007
-0.6120762115715479 -0.5734735026682719 126.16088471249307 37.80700650000017
-1.0952795093089307 -0.8369836066312123 125.47730501125989 37.87114070000007
-1.384804585447938 -1.0363958108122548 125.32600378350651 37.936043300000165
-3.04103577781526 -1.4413670265369811 125.48675767148579 38.00117440000031
-3.615193074193911 -1.7330352677990746 126.0981523353984 38.06707170000027
-3.615193074193911 -1.7330352677990746 126.0981523353984 38.13230300000032
-4.614219800003141 -2.1731682157737056 125.27765986346198 38.196466899999905
-5.222758950191988 -2.328437602616305 125.60499162113325 38.26182979999976
-5.09940019897499 -2.3818754690561166 124.78093552808927 38.3269964000001
-5.601592089770428 -2.452681615747643 125.61531322071026 38.39415089999966
-5.678203906838448 -2.5012666327426 125.03500789708788 38.45957970000018
-5.873200533353398 -2.530162311474026 125.360076770508 38.5238333999996
-5.5838221882355015 -2.483276034311746 124.99851008297972 38.58834670000033
-5.413174614602731 -2.412352157738033 125.18095182805159 38.6529387999999
-4.913003466903966 -2.2318283029703108 124.97056378419694 38.71791790000043
-4.737846348284457 -1.9994987023433466 124.88263611859539 38.78358759999992
-4.495660043637727 -1.8225654516409744 124.51465952530377 38.84805419999975
-4.485209971286359 -1.782122407070137 125.31509403239646 38.91331439999976
-2.9810452100365197 -1.076716011907214 125.16280822576589 38.97841200000039
-2.7464978276444256 -0.9732658899366889 125.28953662016903 39.04269490000024
-1.491398048180237 -0.5062966583409724 124.72460306395837 39.10789300000033
-1.68257108349448 -0.4740634559428575 126.5305266158021 39.17505129999972
-0.07677988732091023 -0.0006466898073689276 125.86234603873797 39.239208199999666
0.6552971624600943 0.029427452747664007 124.28141342046685 39.304983699999866
1.9943655916536756 1.013104404462208 125.53008905941634 39.37052990000029
2.401796905876836 1.0965795629845223 125.69343800668977 39.43457039999976
2.987065419230312 1.4533371251081162 126.05845710703386 39.49965350000002
3.210617696837332 1.5793318933889688 126.04594259287703 39.56561320000037
4.129521712784275 2.2141449994367908 126.80647520214919 39.630092100000184
4.54279241476587 2.3196675726096934 126.22027737956357 39.695063299999674
4.7352826125954905 2.4535272149467042 126.34705423752301 39.76071740000043
5.20395994344679 2.6546661852114894 126.41084918660142 39.82551830000011
5.459760348783988 2.8177375917423633 126.03609074505873 39.891440299999886
5.459760348783988 2.8177375917423633 126.03609074505873 39.956031200000325
5.599169137222383 2.7457965825232424 125.70362499208728 40.02048670000022
5.329726956328749 2.5112946023965095 126.58231192468678 40.085538299999826
5.566260681540307 2.5875820256335635 126.38849945334607 40.15054140000029
5.2171562457510845 1.9371872951279165 126.44447199225925 40.217307199999595
4.946844673482126 1.9245394013714971 126.23518195553729 40.28168970000024
4.529246818514721 1.6799463395602154 126.48564492350988 40.34664969999994
3.078765210152902 1.0753853691150859 126.63764133830225 40.4106668000004
2.692665001606251 0.6649119755404806 126.25635527721151 40.47653040000023
2.4184070788935514 0.6667102999628484 126.06051573355359 40.54139479999958
0.4503425104934209 -0.23919969238443595 125.74839878847754 40.60665379999955
0.09092855839760006 -0.3301630191854178 125.81090664439023 40.671699100000296
-0.14304031779786897 -0.4654935733732469 125.23460156668473 40.73640650000016
-0.8331263594706471 -0.6884855323544617 125.6513923006162 40.802706899999976
-2.3993804914108523 -1.3379295118899366 126.22641648891359 40.867964299999585
-2.3051415975141225 -1.3060502614411416 124.78991876786715 40.93473520000043
-2.784741324723612 -1.4721120752429626 125.18607103727192 40.99914350000017
-4.471518659157731 -2.027438238172662 125.92941810693073 41.06505060000018
-4.189787861198177 -2.0746069452854914 124.45959074624272 41.130819099999826
-4.506060423421104 -2.0651781658851767 124.47744253868962 41.19592470000043
-5.547118677372225 -2.4672023923091593 125.32058888585973 41.262187899999844
-5.785314930916371 -2.5335567851177507 125.35157739272523 41.32736879999993
-5.849117528521177 -2.5321992445526367 125.42576935859975 41.39175510000041
-5.709411858792684 -2.4828484651066995 125.0012198895398 41.456349000000046
-5.5659348676789975 -2.433807675380625 124.56669993384898 41.52141529999972
-5.7645168225251595 -2.423730918350114 125.17862616301562 41.58713850000004
-5.543738743360528 -2.169227611690645 125.68025106499431 41.653564899999765
-4.9391563120065385 -1.9360359261071656 125.3708168517042 41.7190698000004
-4.64536948888972 -1.798776404305578 125.61332484857662 41.78438509999978
-3.8555124944459465 -1.6821864377210503 124.12606538891966 41.849145600000156
-3.3104480655037847 -1.1472128268159656 125.96625099587105 41.91436869999961
-2.743764448200018 -1.055240508103048 125.46514698815203 41.97942320000038
-1.1062200809324736 -0.19644671152219306 125.65407781075113 42.044409899999664
-0.9649133593853563 -0.1249116840941511 125.89104547938135 42.11110370000006
-0.2375585169472032 -0.03346217591120382 125.24851962759506 42.17602950000037
0.2670008352721993 0.33216226401405247 125.51005430653741 42.2411560999999
1.911459606634125 0.8510670937217243 126.14863916957447 42.30678869999974
2.478461834275052 1.0674573378891947 125.33975154801796 42.37195780000002
2.313233739396445 1.2591148893356108 126.63727015248486 42.437791299999844
4.067137406059636 1.9148429908820135 125.2667278966984 42.50213330000042
4.310212052214041 2.2235547866078647 126.05125197461133 42.56811259999995
4.421211556047112 2.1931600255534924 126.41414720195002 42.63259420000031
4.963188239622269 2.558156353964142 126.64993352977686 42.69762559999981
5.395347959605203 2.8144170481589255 126.3148924942322 42.76345339999989
5.7417838268785815 2.9019898741593235 126.37780226024087 42.827915900000335
5.797767540274279 2.8581969040630106 125.92240081876047 42.89303779999955
5.718119414617753 2.676517992610369 126.18111681560832 42.95855000000029
5.591234852760898 2.5263373817554293 126.37947518089496 43.023243900000125
5.469949017758957 2.1258875695076873 126.52212227490587 43.08881629999996
5.272771736920554 1.9998619958457033 126.47257371601978 43.15353369999957
5.033825391795823 1.9610192891030045 126.48736419907075 43.21800509999957
4.856614556650577 1.7396268657960539 125.66622685961995 43.28266809999968
3.147928164684366 0.9946772588694095 126.21185475748709 43.348103000000265
2.826100109947724 0.864238073254654 126.36649620033639 43.41311500000029
2.4093827791977134 0.6290613201024313 125.9789425278361 43.479062200000044
0.5319957817534444 -0.10298931549987256 126.02002696735023 43.54494009999962
0.15537617689424366 -0.2137929852212075 126.00422055838995 43.61052500000005
-0.300950542921143 -0.5421301411569998 126.08048024198514 43.67590990000008
-1.8765401668855475 -1.0909444436099482 126.06516844752866 43.74070479999955
-2.084478515844623 -1.1840293953872623 125.59819079484505 43.806165599999986
-2.595176319707427 -1.4030716906330651 126.00833997872293 43.8711360999996
-3.997670780155417 -1.9066282265416872 125.63464558353854 43.93655949999993
-4.199939446384576 -1.9733527871751613 125.27823239106056 44.00140680000004
-4.514372184877146 -2.0966363847563274 125.35730308195566 44.06600619999972
-5.216400264858912 -2.292167806596412 124.94744124847037 44.130157399999916
-5.192221953835109 -2.3201030951940442 124.49135439216589 44.19516949999979
-5.54500998693149 -2.4369112239334703 125.08100692543991 44.259968800000024
-5.440799008153647 -2.4342198155196875 124.56395383294021 44.325369999999566
-5.251361182465494 -2.3812869213270424 124.1058173445656 44.391855699999724
-5.232915920734669 -2.393035358602901 124.12201798577158 44.45624880000014
-5.304175715228389 -2.284895744003403 124.20404240155159 44.52026519999981
-5.625576627250517 -2.144194599541816 125.4330521487482 44.58509799999956
-5.039853867390249 -2.01303786850977 124.90692868357422 44.6507474
-4.9182598573625 -1.8312162345326257 125.37279172281951 44.715928800000256
-3.6101499241346957 -1.340888284214023 125.51183497255636 44.781641800000216
-3.2226794878313356 -1.2030824672538305 125.27506728932383 44.84652780000033
-2.7184397543614693 -0.9544848772502469 125.32434529523134 44.91039749999982
-1.3922001197416947 -0.39076056236858425 126.30049233021833 44.9756011999998
-0.6821230782892442 -0.2661281149390059 124.96806105353066 45.040362099999584
-0.6821230782892442 -0.2661281149390059 124.96806105353066 45.10657520000041
1.8875171676368439 0.7691583155049446 124.65786634040319 45.171923300000344
1.578228756384597 0.804374736280754 126.28659588341495 45.23758869999983
2.1020306883615447 0.9358785211281893 125.82690695950276 45.3028647000001
3.460242808890108 1.807389922274481 126.28874329394804 45.36724030000005
3.460242808890108 1.807389922274481 126.28874329394804 45.4334101000004
3.782055447567579 1.9468543759787167 126.44222678846187 45.49705819999963
5.1904224820560145 2.5508600244309414 125.4445482032083 45.56137469999976
5.00793931911997 2.6686136232082074 126.72918516361173 45.626530999999886
5.272381389693194 2.750142236474314 125.67119372494437 45.691767100000106
5.340475941891647 2.799273513418732 126.34277597329188 45.75696069999958
5.151496566329676 2.8078583281297442 126.93721727343274 45.82247769999958
5.2692297155745536 2.699030326587151 126.64251703133108 45.888592500000414
5.491958127402285 2.615865604439487 125.3647334190564 45.95259780000015
5.290517609453104 2.162161299676401 126.19686161740917 46.01745829999982
5.368804445751927 2.174171711463936 126.1982838632329 46.08250109999972
4.702814420725495 1.6995840332281231 125.79761996716607 46.148525300000074
4.276976338897171 1.6164779757952172 126.0596194294093 46.213504999999714
3.8823548642533723 1.3660534502312802 126.14335475709457 46.27918150000005
2.922833802757232 0.9022459889390423 126.16214838131512 46.34395889999996
1.2418558108353395 0.25668992138881475 126.09900946538572 46.40869829999974
0.8433992894574374 0.050101331694406226 125.97883507008659 46.47382850000031
-0.5561224884326066 -0.6055631086218761 126.01092542803796 46.540031100000306
-1.1281177443579296 -0.7275406360655544 126.47782496705983 46.60462389999975
-1.6155000718636785 -1.0620732432007984 125.75839279948522 46.67090550000012
-2.154165781729425 -1.2332234296047706 126.02615869778555 46.73689959999956
-3.666882230586374 -1.7558256219536115 125.78068768116346 46.80305419999968
-3.7925311179529757 -1.8017843885087426 125.17003137886226 46.869482099999914
-3.7925311179529757 -1.8017843885087426 125.17003137886226 46.93409669999983
-4.8926695578099455 -2.2207837920078473 125.36829399434713 46.99972129999969
-5.281442715223598 -2.40990880690134 125.33937219624517 47.06453280000005
-5.4946077088597605 -2.4202904757339843 125.29749715787302 47.13062449999961
-5.879975629857846 -2.5199474954515018 125.44968003755855 47.19547899999998
-5.879975629857846 -2.5199474954515018 125.44968003755855 47.26036959999965
-5.709411858792684 -2.4828484651066995 125.0012198895398 47.32449400000041
-5.649430522674052 -2.359527813056718 124.93611156018144 47.39037279999957
-5.4635007563922 -2.303697746867054 124.34493234047437 47.454786199999944
-5.779922837082701 -2.1834604719704536 125.70369522597002 47.52012420000028
-4.696786078984438 -1.8230532577363419 125.32404654181575 47.58517680000023
-4.0589425008103746 -1.5425949511169885 124.78497457088221 47.65063360000022
-3.9891374088280145 -1.5646671757128185 125.58642575179721 47.71584939999957
-2.4294379317196686 -0.9254742938346786 125.38877851609814 47.7804642000001
-1.7533665531581804 -0.5644926302482761 125.17187455654205 47.84583759999987
-1.1235572171680488 -0.4711378868225319 125.44655252035756 47.911398299999746
-0.037598826223465664 -0.12902613388976425 123.59560542157575 47.97668470000008
0.43857653444667477 0.3379004166501565 125.47182344872392 48.04163150000022
0.5082005553210109 0.4650218023271838 126.17957711713257 48.10692990000007
2.88779065634926 1.094601806068606 125.22816612967847 48.17209249999996
2.9930012426666153 1.4227064059593477 126.10876826840564 48.23654710000028
3.3441093714446737 1.6802673899527165 126.30346207277834 48.30229739999959
3.3441093714446737 1.6802673899527165 126.30346207277834 48.36706270000013
4.854915593509844 2.5311044764023283 125.91323254364708 48.43130190000011
5.033731040826851 2.492547713285107 125.78466380203277 48.496816599999875
5.329237783752966 2.599679868061213 125.4607271576336 48.5633313999997
5.468359014935338 2.7990918624850356 126.33711330813426 48.627915299999586
5.383627554429573 2.7663713019086438 126.71449003076782 48.69360289999986
5.383627554429573 2.7663713019086438 126.71449003076782 48.75774509999974
5.389404178248299 2.5102018217551945 126.68931114655297 48.823091100000056
5.5451024824279855 2.434245464222304 126.02363168363134 48.88790210000025
5.344481195278981 2.304622504392633 126.85719135227602 48.95320790000005
4.910035244957413 1.7107279862660847 126.11678810929882 49.01842479999959
4.833509557786442 1.8244804819399434 125.77016285976 49.084445499999674
4.170236006422336 1.5091835179422421 126.17521588469077 49.150398900000255
2.658970311105712 0.6327756058304043 125.83046734448453 49.215135100000225
2.2054808772854457 0.5056069921030206 125.96240394530459 49.28114209999967
1.932857740217365 0.43922765842831984 126.00805917779189 49.34520749999956
-0.1611624051503071 -0.3237679110251931 126.19944118084514 49.40985269999965
-0.6589883918055861 -0.6260266144363397 126.3705654551007 49.47503520000009
-1.014335238636228 -0.7282074164755187 126.00319942403316 49.54124440000032
-1.3535974822077463 -0.940238414956437 126.10809575211069 49.607020600000396
-2.838441702414798 -1.4231126998366732 125.8595991278798 49.6714278999998
-3.1456364742306704 -1.515270999458333 125.42184635495931 49.73659990000033
-3.534389035734087 -1.6274240764300156 125.53760529213179 49.80182369999966
-4.775854118306434 -2.2055453928582773 125.50544664857058 49.86652789999971
-4.8072262797719105 -2.3054058338824577 125.15841419265986 49.93198620000021
-5.047773286298813 -2.29796730545203 125.19533617434625 49.997145100000125
-5.785314930916371 -2.5335567851177507 125.35157739272523 50.06274180000037
-5.849117528521177 -2.5321992445526367 125.42576935859975 50.129132400000344
-5.836802903087012 -2.5417919116803187 125.319933340052 50.19510600000012
-5.303488494688885 -2.399416468963226 124.27297638309089 50.25977830000011
-5.59696657578332 -2.4076903014402893 125.41857574672896 50.32461549999971
-5.206407959904531 -2.3595598514395086 124.98668003164094 50.39075419999972
-4.83635026974946 -1.9183905146797802 124.92396143738691 50.4566863
-4.74074202135337 -1.895610590117696 125.40388366281688 50.5218791999996
-4.095014432784531 -1.5944643931665423 124.49172523391313 50.58602559999963
-3.3737973549429086 -1.229962373339872 126.03466457660714 50.65203399999973
-2.396262141910725 -0.9286490469372845 125.09035122502767 50.717060400000264
-1.990878296690724 -0.6373208281050345 125.43727772009738 50.78300000000036
-1.1179639576042675 -0.1904201350538911 126.82920447731836 50.847817799999575
0.30418767191572726 0.05437864490445954 124.04790593642278 50.913422399999945
0.5855548401452282 0.5684186257164692 125.11735775866283 50.977798599999915
0.6651545998440298 0.23299560253887058 125.82479530746541 51.04292799999985
2.4763900189796857 1.07183995009215 125.42662406864824 51.10961950000001
2.7415987249363667 1.4944565907013994 125.8812741750788 51.17568850000043
3.00336455423993 1.3771947160332343 126.27653013991039 51.241409600000225
4.943185886254817 2.305734293651374 123.88423624054663 51.30665169999975
4.650255280642504 2.5649195626238517 126.71296061081067 51.37238679999973
4.958759611604627 2.369845662287065 125.75118894601103 51.43767190000017
5.44204152353003 2.8336218120504233 126.3915437852911 51.50312959999974
5.341100797847339 2.8245338478924746 126.9005173728654 51.56809350000003
5.341100797847339 2.8245338478924746 126.9005173728654 51.63372989999971
5.505818447862808 2.7742500812187907 126.57195348062561 51.70006310000008
5.748307527432985 2.8020744041886534 126.18861176470936 51.76477169999998
5.453331889892439 2.5589372027373276 126.86272725596187 51.82921929999975
5.372924013525122 2.232840446574199 126.36853780227814 51.893838199999664
4.942871062964407 1.9005656420069128 126.13635111739613 51.95834290000039
4.658440040770316 1.7008070029073514 126.14629745133001 52.023932299999615
4.148686998706239 1.5872035825993365 126.77508518868635 52.089189799999986
2.705244226232999 0.6993708618256107 125.87710337153285 52.1547999000004
2.3617931897618902 0.6597370294818062 126.1040617960556 52.21958600000016
0.7894461079171862 0.002682600749912223 125.41486697690729 52.28469539999969
0.04534744498088372 -0.3116212831327695 125.8063550752568 52.349175499999546
-0.4126153887170716 -0.5817657115738274 125.81351488841969 52.415110099999765
-0.7516259650311454 -0.6067616152707879 125.56625143827863 52.47992030000023
-2.530489791100102 -1.3615481854466052 126.16486346874031 52.54443840000022
-2.7765422570970273 -1.4236087683626693 125.93548483520098 52.61067019999973
-2.9871445578748848 -1.4838452257487589 125.45206502701753 52.676210900000115
-4.553986595202886 -2.050393680692524 125.99491696795643 52.74252400000023
-4.448725115730525 -2.1223136361563277 124.88244314546988 52.80696439999974
-4.79016959959646 -2.2188559101415195 125.2978029335926 52.87162400000034
-5.384389734535866 -2.4501305879741877 124.63893571506291 52.938709400000334
-5.649650190387 -2.4844482728455954 124.93833622859084 53.00332720000006
-5.849117528521177 -2.5321992445526367 125.42576935859975 53.069339699999546
-5.849117528521177 -2.5321992445526367 125.42576935859975 53.1347896999996
-5.849117528521177 -2.5321992445526367 125.42576935859975 53.20081740000023
-5.571972355053973 -2.460970332399164 124.66604081055212 53.2647065000001
-5.543738743360528 -2.169227611690645 125.68025106499431 53.329452500000116
-4.95137253706055 -1.9480011140445912 125.33880605043015 53.39442770000005
-4.6085178043000425 -1.8904532412268589 125.78076999334165 53.46006409999973
-3.7490890302553126 -1.6271542618873607 123.97003940322502 53.52493070000037
-3.385023118027277 -1.1421854445848147 125.74393486729366 53.589853100000255
-2.817510622287827 -1.062782939101472 125.72460373308503 53.655679899999996
-1.520090978059244 -0.6603685585413116 124.16643904501741 53.72146799999973
-0.7389670196796558 -0.2327476493455486 125.9112066293015 53.786767800000234
0.027081793084562378 0.06903136090864803 124.5746376191701 53.85040480000043
0.21093724940954672 0.35912307813382144 125.32523810332849 53.915991799999574
1.8804167694183747 0.8452574347216331 125.85077841602418 53.981798300000264
2.43658558591666 1.0529716092094215 125.56503585612846 54.04711119999956
2.8348364365395753 1.3673129896954663 125.49761050023217 54.11169869999958
3.8364417577388963 1.9516273672824238 126.62321857899397 54.17824269999983
3.8364417577388963 1.9516273672824238 126.62321857899397 54.243528899999546
4.524918558433676 2.103292823040869 125.19258995960564 54.307870399999956
5.1867006103115685 2.5774488871838823 126.39603028916375 54.3730886000003
5.213115654546655 2.6912438499266926 126.88548863504722 54.43822829999954
5.5008107813537706 2.718719399522805 126.14709926940021 54.50304529999994
5.415564263943928 2.751364016842468 126.62412760617126 54.56863049999993
5.5008107813537706 2.718719399522805 126.14709926940021 54.63291329999993
5.502283286520651 2.5913896885079013 126.14011936252001 54.69752849999986
5.4736169200449964 2.0378139161788793 126.14310219367117 54.76317990000007
5.278010210372869 1.9383400124704209 126.33453187590362 54.8282564000001
4.313394136338246 1.6800563203710168 126.78104857290576 54.89302250000037
3.820929229309556 1.30071986845182 126.4582504441388 54.95767679999972
3.578418456646496 1.1715235483973 126.24826421223543 55.038522799999555
2.6841390245771066 0.771891917413579 126.03113876632152 55.10335870000017
0.9981653809472917 -0.16930954028019796 126.09247360340675 55.16951499999959
0.4740521931143391 -0.08590301346822016 126.21068472982647 55.23415170000044
0.08808662350588747 -0.33378821344782417 126.25453325767299 55.30133250000017
-1.1698131535693435 -0.7730128519470413 126.26309456867457 55.36626140000044
-1.551669312120417 -1.0263933699256667 126.27504820650593 55.43068029999995
-2.1503870338188236 -1.2235109694220316 125.7346370294623 55.4958102999999
-2.7464862184289416 -1.5049454086283918 125.8312087514965 55.5616573999996
-3.8732178599854805 -1.9377214563136045 125.10494969268379 55.624945200000184
-4.399121061436539 -1.9697750271839212 125.8157174113298 55.68988950000039
-5.096291626542197 -2.328878680193831 125.60145841175446 55.75517140000011
-5.022142618948813 -2.355202241950457 124.63174364049749 55.81975429999966
-5.217345110031623 -2.417166178599459 124.95193283959141 55.884484399999565
-5.785314930916371 -2.5335567851177507 125.35157739272523 55.950136499999644
-5.873200533353398 -2.530162311474026 125.360076770508 56.01619180000034
-5.873200533353398 -2.530162311474026 125.360076770508 56.0796749000001
-5.84908078824899 -2.4068090760095293 125.42406848560192 56.14516309999999
-5.606903578743363 -2.326363528738675 124.69794867023842 56.209768200000326
-5.719400736872792 -2.1735716266388523 125.71083761052984 56.27545100000043
-4.169859947180761 -1.7196820098048624 124.90930168289523 56.340739600000234
-3.7183833127796575 -1.5155422331825728 124.79169773777205 56.406114100000195
-3.3033251276065343 -1.444398252149472 124.46892933321502 56.47096320000037
-3.317345695580471 -1.3767379690393775 124.84062495313451 56.53533770000013
-1.9537925718193563 -0.6266146227772152 125.85359930930065 56.60035530000005
-0.9764018832267709 -0.36611433204442656 125.66440227752712 56.66618430000017
0.21043790938497153 0.1733625201583724 125.33680441061668 56.73207530000036
0.8006524685953238 0.5267716646423782 124.96100237747737 56.79736890000004
0.9308033320562785 0.5612338441603192 126.20399218905024 56.86322500000006
1.517142486810826 0.7418492453516545 125.64684578294106 56.92746139999963
2.9018481529608877 1.4203490545101807 126.1094638689183 56.99183879999964
3.3792214315104516 1.7153913432479881 126.47526269632169 57.05716070000017
4.068068024456558 2.0063947384153122 125.49980077299766 57.1223329000004
4.6422460592929085 2.37781671024314 126.5189753722215 57.18777130000035
5.039943624194279 2.569307901793023 125.99272265364259 57.268613500000356
5.032932848529761 2.562320067504887 126.05421171944839 57.334258599999885
5.743019414802795 2.927336217551158 126.2023461502377 57.399726999999984
5.383627554429573 2.7663713019086438 126.71449003076782 57.46488370000043
5.449492589705535 2.7692719838894426 126.61677745986785 57.530294299999696
5.389404178248299 2.5102018217551945 126.68931114655297 57.59559189999982
5.527022539408556 2.419500452075031 126.27500732200572 57.66021399999954
5.465872466313307 2.2542987204427125 126.5404829626644 57.72665309999957
4.831835054716173 1.8988194823114708 126.55142543470357 57.79163960000005
4.38587286055013 1.646293429908633 126.2804019000868 57.87221299999965
4.0187919105622285 1.4306958213306014 126.60572372194456 57.937006199999814
2.4689996936672287 0.6939600655643422 125.67183125920387 58.002784500000416
2.0301877316692796 0.5929331082710375 125.72288109502358 58.068523099999766
1.4001993321644974 0.25783204463275894 126.38436341495208 58.13454490000004
-0.23447456374772457 -0.3841983859962069 125.8241534077221 58.20016229999965
-0.5473877225764383 -0.5820600583865873 125.54695958319631 58.26448580000033
-1.0963010652164158 -0.8138376996544111 125.8467465869911 58.33012080000026
-2.466310790572855 -1.472958811866452 125.38934411127201 58.39605940000001
-2.7436804765713916 -1.5480259557233795 125.42456355650828 58.4611246000004
-3.2339580386731726 -1.6236997363695065 125.50812031244749 58.52734099999998
-4.50067127202427 -2.0954394741763496 125.56707118407404 58.59283930000038
-4.775854118306434 -2.2055453928582773 125.50544664857058 58.657668699999704
-4.955766667338402 -2.2216927747298727 125.29871348179012 58.722686899999644
-5.543402422857575 -2.4798354310226234 124.99486030961478 58.788921800000026
-5.568076280154841 -2.468468733485388 124.70928957257335 58.853852299999744
-5.539574643111983 -2.4448114157804275 124.55928323533195 58.91949229999955
-5.72789190919891 -2.508801517960365 124.99875042167238 58.986197500000344
-5.329009105832611 -2.367515419644118 123.98351708712465 59.049785399999564
-5.67902305106773 -2.3763297040966567 125.03593066522575 59.11442640000041
-4.988158214819492 -1.996628606387854 124.80560286975694 59.18045720000009
-4.8894369476276225 -1.9016197520793545 125.74501664248652 59.245234199999686
-4.523527457993666 -1.7937038725938939 125.62451315392283 59.3114214999996
-4.063359640769903 -1.6376403872060687 125.45260559624721 59.376693299999715
-2.7660185513552875 -0.9960435279885417 125.14599120604203 59.44000229999983
-2.5572074013691406 -0.8336205070449717 125.90361213059568 59.50598710000031
-2.081243374076095 -0.694605643287069 125.96641868052671 59.56997239999964
-0.33673338466821434 0.014497702452770378 125.64271405189417 59.63522219999959
0.09541661372980315 0.11014378601088837 125.56540686215592 59.701429499999904
0.47225544458543567 0.34697540077704503 125.70745415060449 59.76665539999976
2.3695254641497314 1.2222991144540973 126.04526506645722 59.831651200000124
2.4225942738410637 1.2362480302115986 125.66980155679711 59.89709959999982
2.951908783553293 1.1969210451374972 125.16475043926583 59.96299100000033
4.64113448800704 2.3364986201340057 125.03120790690797 60.029406100000415
4.678364729118506 2.2466464287722934 126.46407072248653 60.093526499999825
5.172059641035702 2.346154312703173 125.6417563900274 60.15871750000042
5.321732034370292 2.7688474654639736 126.61950896964328 60.224110299999666
5.460046508918424 2.804120983363931 126.20313375608642 60.28936739999972
5.501525085448485 2.8921330462589467 126.371163320362 60.355148499999814
5.449492589705535 2.7692719838894426 126.61677745986785 60.42198180000014
5.523724451216758 2.674270817110453 126.2883661832572 60.48750569999993
5.389404178248299 2.5102018217551945 126.68931114655297 60.55316260000018
5.417812373265896 2.081496451484476 126.31416091761602 60.617931699999644
5.203020863311849 2.0324252431242993 126.11699611881954 60.683191400000396
4.740690843140328 1.8184827746847887 126.32691866257647 60.747142899999744
4.528058993027486 1.7214499043350586 126.13994892827213 60.81311910000022
3.0811698060380905 1.0960775531531892 126.02008651130022 60.878869600000144
2.5541059044319354 0.8016375218786609 126.09274027645925 60.94390579999981
2.219455818457135 0.6237721089645664 125.73574253536432 61.00872419999996
0.35661964401517565 -0.1432077703243667 125.95916483911098 61.07366449999972
-0.16219307609852507 -0.3176683416535814 126.3996682424251 61.138307899999745
-0.5262822389336819 -0.6269658383862787 125.67340668006935 61.20370819999971
-1.8743672685321044 -1.1843941659453803 125.64156836314838 61.26889579999988
-2.4938470677247153 -1.379605819603082 125.82542121287199 61.33307309999964
-2.772010359945874 -1.4282968044631748 125.73275946196397 61.39932399999998
-4.1613948213027285 -1.9540935108373243 125.39746495899793 61.463086400000066
-4.521038466839741 -2.145326805323242 125.77522038960387 61.5276944999996
-4.651740526281458 -2.161233180961738 125.32299678968872 61.59164479999981
-5.00306392526182 -2.316417749073982 125.62972712418299 61.65674990000025
-5.440799008153647 -2.4342198155196875 124.56395383294021 61.72213639999973
-5.785314930916371 -2.5335567851177507 125.35157739272523 61.787487300000066
-5.849117528521177 -2.5321992445526367 125.42576935859975 61.85252339999988
-5.849117528521177 -2.5321992445526367 125.42576935859975 61.917868100000305
-5.524095852870474 -2.4299459082128947 124.55704493062002 61.98318399999971
-5.3423117594621985 -2.402824963417408 124.27374478203141 62.04917469999964
-5.480888978323797 -2.07948641901063 125.44409121256051 62.11440969999967
-5.014179606675249 -1.9178833937059725 125.27794615586049 62.178915499999675
-4.758777321137778 -1.7941406442177508 125.79212992739258 62.24305000000004
-3.128537480214959 -1.1913319361201111 124.42852896038573 62.30908780000027
-2.7012942663860358 -1.0757308796611262 124.80097979832027 62.37476669999978
-2.073016921663516 -0.7944951454902393 124.44319753549037 62.44045449999976
-0.18791734903791735 -0.14374787631163677 125.40975571928153 62.505154600000424
-0.0028506681008693135 -0.06106999146347747 125.16012215306979 62.570674300000064
-0.091109097968463 -0.016513543319764845 125.63368708314121 62.63476439999977
1.6859322762273976 0.8576405142937586 125.28402617969923 62.69945980000011
2.2177636280736195 1.0019255925826918 125.97752436421366 62.765170200000284
2.737170037975332 1.2011021015419607 125.30814946727719 62.82942550000007
3.8106212212183834 1.8763569012448937 125.90729085351238 62.893903500000306
4.032670803591635 1.9586523579621744 126.12423554109292 62.95973599999979
4.543751710831103 2.1785198274455952 125.13338902602447 63.02519370000027
4.543751710831103 2.1785198274455952 125.13338902602447 63.09134090000043
5.400040012415644 2.6236906738524346 125.66440805767614 63.15666760000022
5.362863862544216 2.767089401552609 126.73673705185607 63.22189830000025
5.769447209999051 2.756430632862074 125.22381363362604 63.2863755999997
5.582654890515137 2.656035718626983 126.24680565398167 63.350912799999605
5.582654890515137 2.656035718626983 126.24680565398167 63.416409000000385
5.645107382299351 2.7053987498619647 126.68529741969814 63.48097890000008
5.591373202150436 2.048169395525397 125.71138024259359 63.54594050000014
5.370821264655206 2.090248430130545 126.09332260190028 63.6107791000004
4.310855424776555 1.6597026376010133 125.99090667299222 63.675941200000125
3.7887248624327015 1.2017431359387025 125.8930076913197 63.74140499999976
3.391031864521004 1.1492583355337804 126.05291663414408 63.80547690000003
2.987073944632158 0.9930269702704957 126.45393015963167 63.871951199999785
0.8464592609127308 0.10246328604373789 126.5801073445051 63.93678340000042
0.4415583575398898 -0.16891304965065168 125.86431606769804 64.00212019999981
-0.8148423512378855 -0.6632482407532078 125.4558893831374 64.06718139999975
-1.0216543158724534 -0.744387231468569 125.39568331542561 64.13213110000015
-1.53414868207539 -1.0656055227691885 125.76609376554265 64.19859720000022
-1.722270289103811 -1.1580252579161878 125.33764736222413 64.26186249999955
-2.356470060397122 -1.3164201246485265 125.94579211623874 64.32799249999971
-3.9470214760812112 -1.9186242386810002 125.05763646007853 64.3930575000004
-4.446449353194751 -2.0906052264249495 125.4553875832943 64.45875270000033
-5.237504940928737 -2.3762731385471834 125.90171310845739 64.52347250000003
-5.242559475816989 -2.421243154145849 125.2912733244484 64.58911129999979
-5.185738584587803 -2.387299412315586 124.60281007082547 64.65488319999986
-5.4537337881026815 -2.4933268167582843 124.9124499478836 64.72031599999991
-5.973763811041962 -2.561332369898069 125.65611900498344 64.78609880000022
-5.973763811041962 -2.561332369898069 125.65611900498344 64.85158279999996
-5.837548180957668 -2.4165400533513663 125.32056222871083 64.91593449999982
-5.732366513691609 -2.220474278944829 124.99741691933923 64.98151739999957
-5.67822886419949 -2.243962944273696 124.97555287583351 65.04693169999973
-5.453453531607757 -2.0766632530475575 125.60139405896362 65.1128531000004
-3.8812280207941825 -1.4896010558259056 125.93004193097232 65.1778019000003
-3.4520514694525772 -1.4112480952767545 125.35018228381703 65.24253080000017
-2.3106392955420176 -0.6741650854830162 125.72333789658147 65.30875099999957
-2.2154346478120033 -0.7313810886509512 125.94351768036493 65.37471519999963
-1.1287957218930913 -0.3185626676555139 124.62465676535408 65.43956979999984
0.517131888509617 0.44107647263483446 125.72286933833455 65.50431200000003
0.7495865246404421 0.34066825941624856 126.22659751088821 65.56925789999968
1.3023210564459262 0.5236992150613208 125.11071484770106 65.63362679999955
2.0034766426211945 0.932100825792855 125.05856189319422 65.69936150000012
3.5569658967095137 1.495321764960639 124.13348335443143 65.76539419999972
3.341479730403563 1.7693927458953485 126.11355134544763 65.83018139999967
4.416370018333666 1.9616751093457352 124.1337605393591 65.89613199999985
4.5888956893494495 2.431903258831857 126.49472310382993 65.96126860000004
5.380915319787142 2.7847523499184494 125.59590679834461 66.02705460000016
5.489255231979861 2.7482473490925003 126.8027713422542 66.09277740000016
5.470170465857763 2.82927058463448 126.90927790998214 66.15684150000016
5.801851162102494 2.850004492262127 125.63508948836156 66.22196129999975
5.732148569978904 2.862819840225633 125.84778428270438 66.28826050000043
5.691446939176224 2.6239053956137512 126.44037051508839 66.35212039999988
5.571505871353089 2.451303720301074 126.37821513119451 66.41725690000021
5.657543355872903 2.328377494564167 126.66064102444844 66.4826892000001
4.658440040770316 1.7008070029073514 126.14629745133001 66.5481434000003
4.426877766541274 1.6389858414846614 126.16421337342132 66.6126992999998
4.072867834800363 1.4702779529944767 126.1352699113576 66.67824610000025
3.3778780368075303 1.2123659437188405 126.65394235913143 66.74355600000035
1.8184555386837502 0.3596347896633789 126.14182657221696 66.80892109999968
1.2450849880530441 0.18252378836864203 126.4516775634186 66.87382989999969
-0.344945185970289 -0.44129060105781315 125.911806321018 66.9393484000002
-0.824917006345899 -0.6310564777944113 125.69085710258851 67.0044754999999
-1.3060081312489729 -0.7986810717216452 126.16453427318069 67.0692554999996
-1.439798038645094 -1.0199756723094957 125.72911998798517 67.13479569999981
-2.89748246956092 -1.5331032581299415 125.37058718753345 67.20068960000026
-3.4338067413579694 -1.664406092367821 125.75233057094795 67.26560659999996
-3.800529816550977 -1.8171124688453908 125.51537074895275 67.33097679999992
-4.8763929478769015 -2.191047821684585 125.62421544170105 67.39525810000032
-5.02966482142633 -2.2853879502869847 125.33287873675805 67.46085279999988
-5.076894817519367 -2.369834214661986 124.90168846541131 67.52696110000034
-5.710669061866618 -2.5422782739849676 125.31670437873166 67.59248469999966
-5.849117528521177 -2.5321992445526367 125.42576935859975 67.65768469999966
-5.827783581608486 -2.5007695379109514 125.28109329203643 67.72412660000009
-5.57945988016337 -2.367989333776803 124.91416228845152 67.78875289999996
-5.785732543476321 -2.4082342030256463 125.35129148677282 67.85359009999956
-5.492240952361406 -2.250493797372321 124.72788379648823 67.9181682999997
-4.806861221096099 -1.7851764867899615 125.48498432567665 67.98408250000011
-4.349190644318007 -1.7349486619005012 124.88445427827773 68.0506562999999
-4.120433854578529 -1.5607150635332778 125.28231476122265 68.11559020000004
-3.812162255710689 -1.4989138819530226 125.70317646144147 68.18133180000041
-2.0531201468342886 -0.8105774480810869 124.35874027973775 68.24662699999953
-1.7276042556106717 -0.6049337162142167 125.05685025631877 68.31206349999957
-1.243871911569613 -0.4391428585023073 125.13990473063555 68.37774900000022
0.6086545428209007 0.33090250832305235 125.39819211901118 68.44201929999963
0.8102433179652877 0.3765070144109838 125.83547675899126 68.5083181
1.2691195002689284 0.5843972904286998 125.4950874233888 68.57346419999976
2.755893660318918 1.172754769268406 125.27103391978916 68.63956859999962
3.1075812288352154 1.433862308457823 125.51497918087546 68.7047905999998
3.2419595573901248 1.6084989171280668 126.19703946190711 68.76899460000004
4.615608792070944 2.2086293719414 126.14349381321885 68.83553490000031
4.750629155919071 2.4157300847124095 126.30385320881102 68.9000729999998
5.04953025319967 2.5585112377865427 126.12915685149443 68.96552299999985
5.499414837267146 2.8460647320122296 126.15380577042046 69.03109080000013
5.44204152353003 2.8336218120504233 126.3915437852911 69.0966140999999
5.44204152353003 2.8336218120504233 126.3915437852911 69.16292009999961
5.386491755152456 2.638260713146565 126.70196116184759 69.22749860000022
5.46802884873572 2.480256390304722 126.24463028911 69.29232599999978
5.515960682321733 2.39772657663796 126.16768992758045 69.35840829999961
5.135129244877341 2.0659672275382137 126.31852884291064 69.42514440000014
4.715605131644814 1.5827774810546194 126.06198201255084 69.48968580000019
4.41492120925686 1.5719100984462353 125.93898926612037 69.55468910000036
3.9821422446597694 1.4781161113470027 126.63620946245857 69.6209375999997
2.407427977940422 0.6778642370669297 126.13064000112739 69.6845043000003
2.0269453329323 0.4578639507758463 126.3373353473134 69.74933640000017
1.6610955640783232 0.22793662417716604 125.5478632261374 69.81397070000003
-0.4035168713419992 -0.46230709884924004 126.29943417726503 69.87847959999999
-0.7584898404600651 -0.7284012111094637 125.99005647345263 69.94253329999992
-1.0434884420313182 -0.7703938267129314 125.60312814699334 70.00776320000023
-2.3673828596341693 -1.4432962421095068 125.07191864939624 70.07246070000019
-2.803374347768667 -1.4572684639416869 125.69511169877448 70.13796189999994
-3.299673885447909 -1.6015516668017211 125.79637337918545 70.20316829999956
-4.382438458597839 -2.1417195562240985 124.95223567111044 70.26861029999964
-4.473902254158837 -2.0908171054180396 124.58203060652929 70.3339904000004
-5.027836823779602 -2.330228068244224 125.51164120585368 70.39945509999961
-5.579370489480972 -2.492861118260988 124.9155179082715 70.46485440000015
-5.546127768863208 -2.4526586976653038 124.63299203348895 70.52976000000035
-5.873200533353398 -2.530162311474026 125.360076770508 70.59390950000034
-5.836802903087012 -2.5417919116803187 125.319933340052 70.65901109999959
-5.7645168225251595 -2.423730918350114 125.17862616301562 70.7238070000003
-5.879309670903979 -2.394451272821925 125.44613723865413 70.78897630000029
-5.741295343964147 -2.370292178690554 124.90829589841584 70.85440649999964
-4.757716838917027 -1.8266735728503605 125.64557774431151 70.92025980000017
-4.361251505622967 -1.771064474708282 125.3899816745101 70.9858291999999
-3.9753332657615346 -1.5494810751727397 125.29142189362022 71.05123739999999
-2.7299811560851452 -0.9611791813550473 124.97432414112671 71.11622520000037
-2.5239635420434112 -0.8605298026360279 125.6663489785336 71.18188079999982
-1.777053404006594 -0.6318951046386033 124.6172325947591 71.24647509999977
-0.19720834261703146 0.026059091062331174 126.2300560893318 71.31119889999991
0.3739757513294961 0.09137531284581923 124.86330356778504 71.3757728999999
0.09968687453315539 0.3270714676609935 126.24679029675148 71.4415140000001
2.0792019591697866 0.8803806500278133 125.79227984740693 71.50903050000034
2.706186072058884 1.2683953540893302 125.47550421995705 71.57207649999964
2.9825632568676426 1.4827412812170087 125.5716831379625 71.63804679999976
4.5939289165158925 2.1074229919590683 125.08297463910597 71.7020666999997
4.735655584501096 2.5122927572661986 125.92432725228508 71.76700549999987
4.735655584501096 2.5122927572661986 125.92432725228508 71.83332489999975
5.349019153386415 2.6332645966766806 126.02127601291402 71.89918169999964
5.460046508918424 2.804120983363931 126.20313375608642 71.96418170000015
5.460046508918424 2.804120983363931 126.20313375608642 72.02838659999998
5.549554122108638 2.7081583992282137 125.80369050313456 72.09509520000029
5.549554122108638 2.7081583992282137 125.80369050313456 72.16075569999975
5.442407416230189 2.7060160389699672 126.38909309827595 72.2264223000002
5.724978758640809 2.7023304914490165 126.01550609129048 72.29163320000043
5.130215417261972 2.0245295620222072 126.23125506116322 72.35571739999978
4.7766166539996675 1.8232711790966762 126.53356410054845 72.42074799999955
3.649376752322034 1.1711077198365842 126.29276656252623 72.4854365000001
3.2403400137816476 1.1965117652866766 126.25315727850106 72.55130530000042
2.805668019018725 0.8277809182407558 126.57859523588161 72.61518679999972
2.420081237419801 0.7950027789429785 126.72150322438027 72.67922439999984
0.3562469187226611 -0.26755992190328004 125.74508087239738 72.74531750000006
-0.3557033645801866 -0.3415928070143187 126.43740048775199 72.81012649999957
-1.2302514597756726 -0.8946603158101208 125.43867468769007 72.87428189999991
-1.6612656396383443 -1.0653156964099066 125.77113339568497 72.93886819999989
-2.154165781729425 -1.2332234296047706 126.02615869778555 73.00432759999967
-2.4337472822421304 -1.3970851753482312 125.6414642506454 73.07005200000003
-4.25413134001451 -1.9569168110568063 125.65313141277859 73.13488760000018
-4.559617427325733 -2.0668005368396827 125.540864888629 73.20062189999953
-4.563244854924335 -2.1423115139977837 124.86052116119637 73.26553810000041
-5.2025425173831366 -2.3693767784419877 124.90486290607517 73.33105429999978
-5.3833050046693955 -2.420263969743449 124.95828724264658 73.39650950000032
-5.543402422857575 -2.4798354310226234 124.99486030961478 73.46230269999978
-5.785314930916371 -2.5335567851177507 125.35157739272523 73.52731640000002
-5.7470035325358495 -2.530584764162583 125.3568858243696 73.59295039999961
-5.7470035325358495 -2.530584764162583 125.3568858243696 73.65771920000043
-5.712138322341104 -2.291764824163277 125.3179177297682 73.72291510000014
-5.623218259117259 -2.115924112382486 125.19344846496148 73.7879468000001
-5.289186065137578 -2.1055829332433027 124.97543759112757 73.85357899999963
-5.065638494756804 -1.935779011081562 125.3748273243148 73.92006010000023
-3.7167919759539885 -1.3158713629862442 125.32880612303515 73.98505060000025
-3.637945126988811 -1.2673040725048001 125.75123492510215 74.05010909999964
-1.7803684428593627 -0.6630883012354903 125.3884172335373 74.11520870000004
-1.058976666125524 -0.3278422540810554 125.14125585782513 74.18042160000005
-0.8750772976477776 -0.17483717075658856 126.28090649136756 74.24615100000028
0.8513410642430941 0.39476290124134955 125.54563377354874 74.31079549999959
1.3047403720507376 0.634402328409304 125.51370964034278 74.37650670000039
1.5753431005878014 0.8178367865332095 126.16249808354335 74.44140669999979
2.960692760965003 1.529731594112012 126.49167140678271 74.50715539999965
3.5191720991139306 1.7481113869281812 125.52674116325655 74.57287280000037
3.798168261007447 2.0984975092603295 126.4888972538421 74.63817589999962
4.749934446609522 2.408838815461791 126.72641052922512 74.70227960000011
5.014450454356556 2.4205311582902653 126.30279300642842 74.76757699999962
5.400040012415644 2.6236906738524346 125.66440805767614 74.8323862999996
5.314268927160896 2.7054947791132387 126.39405228719278 74.89833290000024
5.449492589705535 2.7692719838894426 126.61677745986785 74.96384570000009
5.57025262192392 2.834213614161067 126.3864948465859 75.02906100000018
5.463250082831905 2.5266025010257787 126.38528642913974 75.11045529999956
5.517153478078427 2.2707650027677433 126.16290652363487 75.17511459999969
5.550009288443071 2.18057773542001 126.0038207665703 75.24008830000002
5.546008124486143 2.1619748319404546 126.1853906011337 75.30594199999996
4.298597687176581 1.6387063490806322 126.13809686029687 75.37168850000035
3.7862247533590647 1.19212701323087 125.93299139464531 75.43743809999978
3.4267617718023544 1.2108648797007937 126.25855115081366 75.50165050000032
1.7707778318931062 0.383188830556887 126.28777258172441 75.56607799999983
1.2951903743529272 0.26330566251811427 126.39280068582029 75.63207619999957
0.6767031184753733 -0.14841771526575698 126.16561777193749 75.69705789999989
-0.9941418136398426 -0.7246395187173745 126.04447660650317 75.76141499999994
-1.2812963050022006 -0.9400632648037012 125.75947730280885 75.82730449999963
-1.4330779771334292 -1.0169870802196996 125.26716984599034 75.89279230000011
-2.980970926386341 -1.4975020546667848 125.35629749147489 75.95809449999979
-3.5458010894264618 -1.7835243984090545 125.51871905655484 76.02351830000043
-3.7344422528345405 -1.8006158159601693 125.25748352071675 76.08756749999975
-4.797535483434338 -2.1519427177218406 125.1824831231503 76.15305119999994
-5.279183389385615 -2.39433675028748 125.79332016889072 76.21928480000042
-4.842294448125372 -2.2895967613838923 124.18828168453275 76.2855982000001
-5.5078251485948115 -2.462829010657116 124.58864973502615 76.35129979999965
-5.72789190919891 -2.508801517960365 124.99875042167238 76.41703690000031
-5.879975629857846 -2.5199474954515018 125.44968003755855 76.48247540000011
-5.709411858792684 -2.4828484651066995 125.0012198895398 76.5479207999997
-5.552190075946861 -2.331363043184707 125.40381781096396 76.6134904999999
-5.453992975460082 -2.1757322842900217 125.11072287926606 76.67885050000041
-5.3560933637080765 -2.0780320684921145 124.68858593291105 76.74406360000012
-4.485800740115913 -1.7533100930991652 125.85848465540737 76.80909840000004
-3.921659505966076 -1.5665414656956607 125.31684267398282 76.8744270999996
-3.628554372262748 -1.354858315086168 125.72222322343535 76.94039100000009
-2.1487152964920924 -0.7022039163033821 125.16486236533395 77.00568180000027
-2.1186361045111894 -0.6294754830344135 125.77754246583031 77.07141930000034
-1.3197436537106242 -0.4321109099288788 125.04069410888863 77.13595179999993
0.3478279100008379 0.44756122440284546 126.03498612271122 77.20093120000001
0.5423192262226522 0.3512501517551438 126.45652485789164 77.26604000000043
1.34129445726375 0.6241103232936825 124.89977846860039 77.33073950000016
2.4826144400978762 1.330166454114408 126.50692833743713 77.39647179999974
3.4789504186643327 1.3747423062944488 125.05055423048478 77.46197699999993
3.6465065977738007 1.885111017821 125.34912911244386 77.52671209999971
4.484240789768542 2.2770953770301037 126.090498362277 77.59276820000014
4.543265459135135 2.328813067777824 126.27316869585376 77.6571985999999
5.122212733968688 2.6655075919335824 125.79568920684584 77.72339199999988
5.503859027181477 2.82670792279183 126.92235942706101 77.78852110000025
5.654840607160679 2.8172620041891387 125.92175434627806 77.85309649999999
5.470170465857763 2.82927058463448 126.90927790998214 77.91765200000009
5.901948113598095 2.697888651067217 125.76487081267904 77.98280100000011
5.681375777338012 2.5134147448567905 125.86003553119224 78.04714729999978
5.632804086049262 2.337056611293888 126.12206127543607 78.11225749999994
5.585685235799382 2.2037632550600486 126.1302021364968 78.17803689999982
4.581832657764153 1.6819257090068258 126.45220303079935 78.24398380000002
4.366503100753498 1.645084679711335 126.57667576063177 78.30861110000023
4.1389971502310985 1.4346652120567305 125.94434761708138 78.37390789999972
2.12968269163634 0.5440675779459196 126.31194400996493 78.43829670000014
1.682186619765396 0.4374833363176132 126.74427821832471 78.50452490000043
1.4752471010919166 0.2193201445022026 126.04288907088532 78.5694037000003
-0.34572699514014715 -0.5595946821834236 125.70863032940929 78.63403610000023
-0.7805593975960221 -0.6266820200830708 125.68393039754008 78.69829459999983
-1.1378727833324476 -0.8012450678183695 125.48164420854755 78.76423859999977
-2.5749273265427206 -1.4354615783537286 125.35670146747235 78.82978850000018
-2.941666681617008 -1.4586452488769424 125.36312266278776 78.8942563999999
-3.4498834600332273 -1.6482543233703066 125.88008637364739 78.95993939999971
-4.707152722725063 -2.145521786281175 125.69679520440532 79.02436680000028
-4.6664532656605715 -2.19010632374993 125.06241955993103 79.0895386000002
-5.0665018010911425 -2.288538117694861 125.32328423134823 79.15493380000044
-5.022142618948813 -2.355202241950457 124.63174364049749 79.2215157999999
-5.405787771361517 -2.4178059579316593 124.33485030153527 79.28727280000021
-5.568076280154841 -2.468468733485388 124.70928957257335 79.3524969
-5.710669061866618 -2.5422782739849676 125.31670437873166 79.41930880000018
-5.387381647448741 -2.420544041814784 124.59032198027819 79.4836537000001
-5.232403420170918 -2.357232642416407 124.92522493651609 79.5488263999996
-4.978120940885212 -2.222576531275396 124.97925556740329 79.61340579999978
-4.2159722505918396 -1.7856420632070789 124.23145899383817 79.67819599999984
-4.453271449319217 -1.7953240344104913 125.28579946073806 79.74332460000005
-4.191541287618222 -1.6042777663143961 125.56544451697161 79.80909929999962
-2.691513809114589 -0.8832693140228142 125.40241065877589 79.87404559999959
-2.358317899458754 -0.8084481284644368 125.66683891565528 79.93929070000013
-1.7856735162613475 -0.6156347027887398 125.38316433338915 80.00513159999991
-0.5839457421599477 -0.12577651519394129 125.878108918962 80.07031759999973
0.3112301272028688 0.2092086814849251 124.71470406934971 80.13660509999954
0.5232850580552011 0.48318461131153156 126.04065618268679 80.20159239999975
2.461928327603573 1.0749853648348568 125.69722293143023 80.26714429999993
2.8034363800502717 1.2952608260896485 125.9077459539015 80.33287349999955
3.2868913834108184 1.4889204499436424 125.52105837110258 80.39834559999963
4.007191809319444 2.118818052137299 126.51278038408303 80.46388920000027
4.524524868722551 2.191704117630089 126.14510279040105 80.51333969999996
5.011790522593941 2.607636519295213 126.12096361066617 80.5786208999998
5.011790522593941 2.607636519295213 126.12096361066617 80.6450433
5.4409733239860145 2.714923293974651 126.21325726886296 80.70939660000022
5.626887060802865 2.9371515178663246 126.18234463070604 80.77503059999981
5.674910448479778 2.9321200740845708 126.97203324077958 80.84186620000037
5.674826638516677 2.666792574784546 126.57658119733023 80.90539520000038
5.674826638516677 2.666792574784546 126.57658119733023 80.97009249999974
5.629909188804994 2.601689512656656 126.36890366347339 81.03582170000027
5.02500718078641 1.853756892810782 125.82730682736715 81.1000541000003
4.737777888076536 1.698504561078783 126.15584961015958 81.1647696
4.4057654810629145 1.6715645280093072 126.18164505983478 81.22989330000019
3.240421246350998 1.0668936539645313 125.7751732608502 81.29626559999997
2.7139404375951983 0.767499612228139 125.90262873393391 81.36025049999989
2.4689996936672287 0.6939600655643422 125.67183125920387 81.42528450000009
1.8642332103158452 0.5067112060730029 126.79225088216583 81.48992879999969
-0.30093531369061566 -0.424633587838778 125.93271627403827 81.55547229999956
-0.7504188564892331 -0.67299264670323 125.77987758318001 81.62172499999997
-1.7061460873030683 -1.037022102403022 125.71617719686914 81.68631230000028
-2.3367658705634398 -1.3391848224430842 126.06203170315428 81.75168519999988
-2.5136352777643083 -1.4319683068763496 125.21591002447147 81.81679090000034
-2.9657414124110915 -1.5173556729884092 125.65432628911891 81.88282569999956
-4.450079511701759 -2.1669639227356243 125.07344448783186 81.94752900000003
-4.562979664237993 -2.158497621041399 124.749177122396 82.01197460000003
-5.49473521466998 -2.4512931266931592 125.53175511212177 82.0762394000003
-5.489924505092205 -2.496040698060984 124.90328785782258 82.14070619999984
-5.888924468873739 -2.5652300945450555 125.65750995579295 82.2054562000003
-5.785314930916371 -2.5335567851177507 125.35157739272523 82.27148800000032
-5.7470035325358495 -2.530584764162583 125.3568858243696 82.33744719999959
-5.240665672146747 -2.3709871317710705 123.97400796868945 82.40235690000009
-5.240665672146747 -2.3709871317710705 123.97400796868945 82.46749389999968
-4.756404288982267 -1.9971520571098922 124.03028315603636 82.53274619999956
-4.975492056608033 -1.9724775118156366 124.96812561938893 82.59822160000022
-4.881111240582008 -1.9363502447571967 125.07455353195573 82.66328450000037
-4.296644872494788 -1.7589380266295231 124.77947690923659 82.72785860000022
-3.0112404034862337 -1.040169136252307 124.90916461732596 82.7927153999999
-2.7159477148741757 -1.0341424614640617 125.24880037278119 82.85758569999962
-0.9344489719092408 -0.2518193145091733 125.14862697488238 82.92419119999977
-0.9777243922284882 -0.16890420998957278 125.94227071464653 82.98847579999983
-0.489090256822152 -0.13908512621957203 125.78649564030425 83.05333919999975
1.841310466745945 0.8208128913609856 124.64180953802139 83.11966060000032
1.9541492904575861 0.9468776621165951 126.49770345037729 83.18421269999999
2.439653883277849 0.821348680230494 126.11023222710912 83.24934240000039
3.792550866512819 1.837464760465259 125.26452490643719 83.31492760000037
3.8550671151665483 1.9547538726475175 126.15303491078924 83.38099719999991
4.204987070645451 2.082966923972874 126.06133655674545 83.44575420000001
5.2089863648363846 2.7171728625500147 125.95520511928221 83.51109949999955
5.213937154173934 2.7629217908024524 126.60997024583497 83.57649430000038
5.213115654546655 2.6912438499266926 126.88548863504722 83.64206379999996
5.383627554429573 2.7663713019086438 126.71449003076782 83.7061507999997
5.553909518999724 2.936423713399462 126.77714008102126 83.77258290000009
5.540309556380521 2.6880361706708653 126.04309756739909 83.83689789999971
5.542691151308482 2.5611256757736456 126.03341027575568 83.90268449999985
5.616862250145701 2.2007410428566216 125.876631064117 83.96737080000003
5.56692619557321 2.1970045113596792 125.8917037854316 84.03199349999977
4.96102415634946 2.015819181924237 126.41241821546231 84.09827769999993
3.998269777624408 1.385695948926472 125.4661450164106 84.16268390000005
3.258868046008587 1.2176428695387471 126.12781988416208 84.22790700000041
2.839530708053907 0.7583249116819045 125.94725571654392 84.29228779999994
1.1457776870697813 0.15548019114880096 126.08553948900719 84.35778819999996
0.6055815594888401 -0.06482921606756864 126.17762989868974 84.42247570000018
0.3047569839256852 -0.24857067837512137 125.85533709213217 84.4873690000004
-1.2812963050022006 -0.9400632648037012 125.75947730280885 84.55200429999968
-1.4256399848469101 -0.9772552281843695 125.18917972473933 84.6168875000003
-2.1686975309415857 -1.2568346264931383 126.20352726916542 84.68350610000016
-3.4528671788545324 -1.6452623918116585 125.28836372741542 84.74840750000021
-3.8709534885293095 -1.9070865282409093 125.6305560704524 84.81433250000009
-4.138370181159047 -1.855811538097499 125.52934036743859 84.87876729999971
-5.155752147657665 -2.284982852961125 125.33597494953897 84.94520929999999
-5.433951813303288 -2.3766666525533564 125.60783943350476 85.01087840000037
-5.694125010175696 -2.3803225595032242 125.84121037990568 85.07478480000009
-5.464567657155953 -2.40312408217392 124.70550631694302 85.1409794000001
-5.709411858792684 -2.4828484651066995 125.0012198895398 85.2073763999997
-5.709411858792684 -2.4828484651066995 125.0012198895398 85.27388719999999
-5.747215193293144 -2.4862213636748485 124.99772247047328 85.33990749999975
-5.372374192019841 -2.132632633145151 124.09438991434452 85.40536799999973
-5.670552827337616 -2.168935251022299 125.68430133759601 85.47108300000036
-5.141035925393901 -1.9178048659125726 125.28307303926728 85.53790670000035
-3.7183833127796575 -1.5155422331825728 124.79169773777205 85.60295909999968
-3.446107450763755 -1.335418864770578 125.00539647632588 85.66858169999978
-3.4383141458877944 -1.2786365951660397 125.7164576168965 85.73310899999979
-1.5760179645581402 -0.6999230340361012 125.02607086244552 85.79860579999968
-0.6197352410327284 -0.12804516260033383 124.27478117397756 85.86307560000023
-0.6366543633255759 -0.18789549926682703 125.84565574212827 85.92851739999969
1.0983677086187598 0.4455308870260121 125.08917946167708 85.99346210000022
1.269595335741272 0.7849700412732303 126.07318785511998 86.05955170000016
1.704953408975996 0.8623479764882258 125.727375862913 86.12414780000017
3.070007307037777 1.440123792541177 126.26657350113408 86.18968649999988
3.7098185010295737 1.735861751611886 125.41976797410781 86.2558184999998
3.8773950893668 1.963150161038318 126.04368859305207 86.33537960000012
4.767728455733959 2.4322882346462795 126.7872403921404 86.40093710000019
5.234916927361937 2.752046139862973 126.27003574522294 86.46692939999957
5.238170077394933 2.8314064226914057 126.7876200341603 86.5320141000002
5.57025262192392 2.834213614161067 126.3864948465859 86.59639419999985
5.505818447862808 2.7742500812187907 126.57195348062561 86.6619612000004
5.57025262192392 2.834213614161067 126.3864948465859 86.72763930000019
5.670094809988534 2.47780675766246 125.92888329110139 86.79253249999965
5.572128026568095 2.3236551901234757 126.37464768350095 86.85794090000036
5.572128026568095 2.3236551901234757 126.37464768350095 86.92263259999982
4.768533128278406 1.839770301924156 125.91305584562598 86.98801970000022
4.288767116341141 1.569992936860403 126.07834305587446 87.0536503000003
3.9433416440216504 1.4129475472102828 125.86604178717933 87.11946379999972
3.4037156846101198 1.1766627063478923 126.19217060090755 87.1838189
2.0328738781746196 0.49641275238810856 125.466463326572 87.2486127000002
1.1046266082180125 0.2514470193159924 126.63003416468 87.31498339999962
1.0161945418315028 -0.05985982090509623 125.0844469214926 87.3791369999999
-1.117264666786724 -0.7110124516500315 126.2969496036262 87.44505550000031
-1.197879578463855 -0.9305552946960144 125.49808139800115 87.51004829999965
-1.5232046304722786 -1.0526730480444182 125.38583379027799 87.5742994000002
-3.0587747654152153 -1.4775329008924465 125.41206934409301 87.63866059999964
-3.6800947235128305 -1.796097552929715 125.87376338196721 87.70397200000025
-3.5551232915988464 -1.7588928229826757 124.62180845150624 87.76876590000029
-4.574339108636487 -2.246756504226779 124.8872436116337 87.83483359999991
-5.04433251394687 -2.328013675707889 125.42240012607864 87.89944370000012
-5.106463020259518 -2.4527906213516415 124.69067402526935 87.96395500000017
-5.879975629857846 -2.5199474954515018 125.44968003755855 88.02943700000014
-5.709411858792684 -2.4828484651066995 125.0012198895398 88.09501
-5.973763811041962 -2.561332369898069 125.65611900498344 88.16015439999956
-5.4670247115464505 -2.402383595422884 124.27610463547305 88.22490060000018
-5.84908078824899 -2.4068090760095293 125.42406848560192 88.29045570000017
-5.308229255644768 -2.194510189935311 123.91783503556907 88.35597700000017
-5.7342928600686065 -2.2042227694785756 125.45483526662008 88.42063249999956
-4.219025825982023 -1.6044661717559237 125.20237949461055 88.48619700000017
-4.06601110431663 -1.4985196194346355 125.71136376314992 88.55151120000028
-3.708199273253051 -1.45686417098499 125.37234217522533 88.6156731000001
-1.8843348424954485 -0.6603408748646175 124.6892879171846 88.68096119999973
-1.7534586779291672 -0.503036238629507 125.01084359686368 88.74666830000024
-1.1526905428277985 -0.37944601916169696 125.12475298815443 88.81160569999975
1.6519997882196478 0.4366598918069818 123.61354797300463 88.87703409999995
1.4073322977656773 0.5732540203542633 125.34381527251378 88.94195219999983
1.992193213384951 1.0924794297540588 126.42555817266951 89.00803449999967
2.929122683142218 1.3468629677812343 124.98475275895399 89.07196190000013
2.945702619892444 1.5357189008573218 126.2699173578268 89.13799649999964
3.1761999862168153 1.5480688020357896 126.37858444265964 89.2029335999996
4.783914838689427 2.355943163707795 125.56003215664876 89.26726820000022
5.029280670368401 2.594170600072084 125.49637132316235 89.33225630000015
4.701492446161396 2.554061316265125 126.87126811291158 89.39720729999954
4.701492446161396 2.554061316265125 126.87126811291158 89.46350379999967
5.584582104089371 2.781513835468447 126.4082270967049 89.52828659999977
5.470170465857763 2.82927058463448 126.90927790998214 89.59432469999956
5.901948113598095 2.697888651067217 125.76487081267904 89.65928900000017
5.901948113598095 2.697888651067217 125.76487081267904 89.72562850000031
5.901948113598095 2.697888651067217 125.76487081267904 89.7895252999997
5.730119202864024 2.3559945024094824 125.85724332837131 89.8560779999998
4.658440040770316 1.7008070029073514 126.14629745133001 89.92146750000029
4.499229790244577 1.738129079221304 125.78201566259727 89.98671110000032
3.7680600100554855 1.2307149325013857 126.29397237731749 90.05347520000032
2.5067911120544366 0.8131345419968633 126.84102745076656 90.11732349999966
2.12968269163634 0.5440675779459196 126.31194400996493 90.18318830000044
1.8184555386837502 0.3596347896633789 126.14182657221696 90.2493373999996
-0.5054515330415867 -0.6015806394748485 125.98636517485653 90.31449189999967
-0.9025253689612569 -0.6885586893247838 125.75084703272107 90.37981229999968
-1.8689950500525967 -1.1876363083116455 125.76702211905364 90.44609789999959
-2.198658513504405 -1.2879132877815942 125.47994893528175 90.51073350000024
-2.6313153674621077 -1.3765579517700028 125.72052932221209 90.57532970000011
-3.092688678701876 -1.4227414506879943 125.86858871633468 90.63946260000012
-4.3748505176346555 -2.058988534272263 124.84736961142677 90.70533590000014
-4.671435809705827 -2.1523546902410824 125.1787352023607 90.77132700000038
-5.433569708494069 -2.347564534391555 125.37275357754984 90.83699290000004
-5.043112884945302 -2.308794076809899 123.93792323280351 90.90261509999982
-5.446867704275263 -2.4614697820156244 124.66368097920213 90.96780359999957
-5.775096665794351 -2.4685227631712605 125.39190323811464 91.03359889999956
-5.775096665794351 -2.4685227631712605 125.39190323811464 91.09809920000043
-5.63596206167739 -2.3864169236568924 124.97649718297502 91.16426020000017
-5.341270394335467 -2.2877203333956886 124.19897867562028 91.22965149999982
-5.536086186482223 -2.0973978037188683 125.86930962115505 91.29503680000016
-4.451223001512602 -1.776361491116731 123.94115638335565 91.36025590000008
-4.681013185097356 -1.7511792751036879 125.20465239766295 91.4248260000004
-4.631420202053533 -1.7376154091424407 125.85342397637186 91.48962570000003
-2.586136255687734 -0.9186225960016053 125.66732643984896 91.55568120000044
-2.586136255687734 -0.9186225960016053 125.66732643984896 91.62115520000043
-0.7924831543153914 -0.1839803821729662 125.6065189090089 91.68576690000009
-0.6643533465867932 -0.2480363103978298 125.866928912441 91.75063349999982
-0.07674525522550368 0.09665471949281457 125.38303954732444 91.81610199999977
0.15919539460485055 0.29284602793379716 125.99033989925019 91.88204320000023
1.769842617940192 0.8394789469236319 126.35251558965437 91.94711050000024
2.424973972157545 1.1215855730487831 125.54296542457857 92.01287870000033
3.678507611543779 1.8945271498401781 126.4941340757836 92.07706529999996
4.2216445071492785 1.9387463734327768 125.48691632682588 92.14201909999974
4.3973395635049854 2.2291862925574706 125.59569932761549 92.20831660000022
5.2416793021829235 2.6816911138319153 126.20065485794748 92.27401259999988
5.0848931175000445 2.6886192049131066 126.88197820431884 92.33961619999991
5.485426925829607 2.7532372694664224 125.92107166246946 92.40446479999991
5.651125288691155 2.807464742249085 125.48860011779989 92.46927739999956
5.588070899643668 2.804258535849078 126.19686953713827 92.53558350000003
5.536660287498044 2.6712357415664365 126.08225139274137 92.6003695999998
5.482360123422467 2.7034280845751657 126.8717890175943 92.66647809999995
5.471157655553839 2.1654187113074204 126.15372167944986 92.73237379999955
5.285716618520688 2.0403565916622677 126.04695420008674 92.79617839999992
5.049154865172838 1.8210280062919932 125.7920924755279 92.86119030000009
3.572677386201626 1.150492934518827 126.00542092552028 92.92652939999971
3.1680483524420353 1.0830687999528914 126.03350721623255 92.99106080000001
2.814709213986397 0.8452938840525571 126.08829011672506 93.05616639999971
0.970156106332972 -0.002154531894022149 125.8645380404138 93.12141530000008
0.42086984129375793 -0.08077461894816884 126.38689173004074 93.18633669999963
0.0508218522825743 -0.36468736141115354 126.24638929752696 93.25223590000041
-1.2360637039335174 -1.051776163886625 125.25591338567513 93.31765739999992
-1.7793515874118953 -1.0572849876466899 125.95877034957815 93.38359969999965
-2.379473601233272 -1.3135197699568675 126.53752717035505 93.44784330000039
-2.6303447337941748 -1.4379269618064439 125.79441339917355 93.5128209000004
-3.8591785231392706 -1.877730870608365 124.85972493435357 93.57788410000012
-4.262082545334074 -1.972053249907351 125.34908031879166 93.64357000000018
-5.113634960058285 -2.3726143705949 124.89388006853459 93.70821710000018
-5.49473521466998 -2.4512931266931592 125.53175511212177 93.77397829999973
-5.078093930858195 -2.3776286443344254 123.90327440469265 93.83933770000021
-5.5078251485948115 -2.462829010657116 124.58864973502615 93.90452069999992
-5.873200533353398 -2.530162311474026 125.360076770508 93.9702626999997
-5.642085778568152 -2.4539353090930947 124.68852049281143 94.03509029999987
-5.779200689554365 -2.488694229938323 125.15260142049542 94.10077490000003
-5.5019816495386635 -2.170143962835617 124.38738829785426 94.16669329999968
-5.69453349491323 -2.129973103587872 126.01753845740859 94.23141130000022
-4.957520044116322 -1.9307398034973073 125.2916071789874 94.29729860000043
-4.022508333785403 -1.5362680165080933 125.30333411023726 94.36270849999983
-3.729883619542939 -1.3275758625208876 125.2981722938229 94.42743470000005
-3.2727210289629554 -1.1390851647640532 125.23561499246311 94.4910276999999
-1.2470012073919037 -0.4306839663119263 125.58841124924061 94.5559688000003
-0.8625045816496382 -0.2764523345173925 125.25682654214238 94.62120270000014
-0.682803591245964 -0.15860036298378077 125.79157575670877 94.68828180000037
0.9315777430376784 0.570107528857311 126.00877416067918 94.7546140000004
1.435085813302571 0.7217006149141738 125.71144163015221 94.81840230000034
1.925081221953164 0.8834506074466776 125.39676015610104 94.88339610000003
2.38511997762987 1.13998754324482 125.47986208592488 94.9482151000002
3.5410744256484534 1.8937450833463911 126.53149120984183 95.0132180999999
4.056906080532457 1.8884809384272345 125.76297656485852 95.07830310000008
5.048418926335181 2.683042232010872 126.74387971375084 95.15876010000011
5.244912872254623 2.7223104974671206 126.37071471848881 95.22415790000014
5.274814064180994 2.6903361420024123 125.92743544898794 95.28951039999993
5.553909518999724 2.936423713399462 126.77714008102126 95.35476449999987
5.525864035613786 2.8461220917869543 126.39325474343171 95.42017260000011
5.553909518999724 2.936423713399462 126.77714008102126 95.4859335000001
5.5451024824279855 2.434245464222304 126.02363168363134 95.55045919999975
5.469959446335636 2.271677589356848 126.35679920514367 95.61691340000016
5.5311179212244355 2.1163954995512477 126.00060911446454 95.6815389000003
5.452554671281021 2.202356493952356 126.35108175615036 95.74602680000044
4.077263473319306 1.550685601946338 126.13900371574177 95.81156569999985
3.8074688586644143 1.3768058997617927 125.84877833751348 95.87784680000004
3.2112531510294673 1.1326816855692137 126.14085506161344 95.94368149999991
1.597078314874139 0.25296626705523045 125.71517694219217 96.00854999999956
0.9234481789103057 0.048608373056623244 126.54219650303808 96.07448810000005
0.5799103482071928 -0.09685938645227432 126.00710439814641 96.1396848000004
-0.8527490933394191 -0.7270096735485764 125.22666062678839 96.20522100000017
-1.0989594502787199 -0.9510275236441447 125.02746055709618 96.26983380000001
-1.6282785575163317 -1.080338227808657 125.58466080230507 96.3349103999999
-3.371337500381422 -1.569853807271218 125.9061845577496 96.40067999999974
-3.7068026373030776 -1.8310688813781733 125.56004345803082 96.46650469999986
-3.97637953157124 -1.890875901864872 125.68104437503393 96.53255420000005
-5.056775134562514 -2.2414757031869854 125.67421791864844 96.59599590000016
-5.242559475816989 -2.421243154145849 125.2912733244484 96.66208499999993
-5.407521966387307 -2.4094952687571936 125.34240612717579 96.72758210000029
-5.472796836961308 -2.4448859898296957 125.05331665944655 96.79363629999989
-5.616293377925011 -2.475378754433625 124.66935970367655 96.85853560000032
-5.879975629857846 -2.5199474954515018 125.44968003755855 96.92468989999998
-5.708787672404746 -2.3578717715583877 124.99774541595418 96.9885604000001
-5.466294253812201 -2.278181346659257 124.27231331909255 97.05302109999957
-5.606667484153071 -2.2017461185334235 124.6956468326994 97.11844670000028
-5.779922837082701 -2.1834604719704536 125.70369522597002 97.18372949999957
-3.9037382248836963 -1.5237877404292153 125.07187009321738 97.24942209999972
-3.890455500287409 -1.518237238086245 125.75868346337762 97.31527029999961
-3.441722298202052 -1.3651576938945498 124.91259462491993 97.38179789999958
-2.336087745124786 -0.8849755767476452 125.23037108858198 97.44740420000016
-1.7157230944589088 -0.384739446386832 125.2667719370733 97.51238749999993
-0.6520038424803474 -0.4774642769670333 124.652972694287 97.57772560000012
0.664027232677924 0.4930061472171922 125.22073263287226 97.64316460000009
1.0466357184574449 0.5113148985417135 126.19486095167073 97.70853929999976
2.350659233600574 0.942535331495383 126.37665215340476 97.77487610000026
3.310643276103093 1.4485499832955342 125.41121344872607 97.83998909999991
3.2502878447543893 1.3806161813616658 125.29270349616428 97.90382190000037
3.7591499272862947 1.750843752956785 125.08453452142479 97.96869950000018
4.663578134316587 2.459811361676182 126.63588782902835 98.03355699999975
4.994319351102845 2.463216611896351 126.14674843728795 98.09782770000038
5.33194413499514 2.6543990332349052 126.40517334003829 98.16361349999988
5.415564263943928 2.751364016842468 126.62412760617126 98.22950479999963
5.66154482032745 2.917399693855992 126.60540508995976 98.2939967000002
5.66154482032745 2.917399693855992 126.60540508995976 98.35944240000026
5.470170465857763 2.82927058463448 126.90927790998214 98.42696080000042
5.663226666641627 2.435438364038368 125.88501472923075 98.4910276999999
5.666114467704347 2.3082643347923604 125.87253325567863 98.55739509999967
5.666114467704347 2.3082643347923604 125.87253325567863 98.62293310000041
4.529201650065431 1.6564743935163277 126.04034863125196 98.68737979999969
4.167513221318146 1.5830603541023311 126.33818529782181 98.75309870000001
3.87298342363016 1.1619532901730936 125.49782545964763 98.81818329999987
1.9177449199202528 0.6260486216159586 126.89868719950428 98.88339859999996
1.9177449199202528 0.6260486216159586 126.89868719950428 98.94901389999995
0.38172684823290837 -0.21934476746680398 125.97096040259318 99.01553220000005
-0.4842119114022836 -0.529169552253875 125.66665147364334 99.08086590000039
-1.0353931650921382 -0.687265705625702 126.02144026968983 99.14644229999976
-1.2654281627919204 -0.9429979754240788 125.85449894392633 99.21182239999962
-2.2799658925470325 -1.3483392803845669 125.16852821042355 99.2771517000001
-2.7567375657654267 -1.4582356786146335 125.44690640487221 99.34218099999998
-3.294704060212041 -1.5842125354300465 126.13106081968708 99.40669210000033
-4.563244854924335 -2.1423115139977837 124.86052116119637 99.47124449999956
-4.756269350833058 -2.2315103760337007 125.26344984098917 99.5362742999996
-5.384780212328174 -2.3874225911311817 124.97096600914304 99.60055999999986
-5.54500998693149 -2.4369112239334703 125.08100692543991 99.66678070000034
-5.568076280154841 -2.468468733485388 124.70928957257335 99.73098109999955
-5.849117528521177 -2.5321992445526367 125.42576935859975 99.79579490000015
-5.849117528521177 -2.5321992445526367 125.42576935859975 99.8614878999997
-5.583198206475025 -2.358298299750662 124.99502984446976 99.92834860000039
-5.517035972082695 -2.329836679618763 124.68481031704131 99.99187270000039
-5.320914211862657 -2.0608236044513726 125.39139147275819 100.05728350000027
-4.790097510400642 -1.8487264655171307 125.32270840203665 100.12191689999963
-4.5038136635124815 -1.7793123161443907 125.23501126423963 100.18793619999997
-3.976299210597311 -1.5845567499526014 124.88967359712045 100.25296100000014
-2.2480573177955634 -0.7743627154015286 124.95952810252885 100.31809470000007
-1.8525493276781901 -0.5624542623153809 124.68840177159207 100.38297789999979
-0.7448933986105359 -0.04742009295178662 126.26833851765926 100.44869589999962
-0.40028434586262307 -0.1837914335837979 125.90141855265388 100.5138479999996
0.3898949352692469 0.187686778331569 124.28506047190973 100.57826620000014
0.29343846705830146 0.33845580295340333 126.18240602648443 100.6433318999998
2.8498173750192777 1.312254044551477 125.60373495817373 100.70812680000017
2.8498173750192777 1.312254044551477 125.60373495817373 100.7730346999997
3.0076154804529125 1.3653676410066278 125.95443167229556 100.83937220000007
3.98163286585514 2.146102517490118 126.72567064905613 100.90409259999979
4.305687651138328 2.0415534101994064 126.27869550901832 100.96863219999977
4.857537242549405 2.4422066528104716 125.42638115402974 101.03415769999992
5.19685382194028 2.791685386560247 126.81306301976636 101.10045640000044
5.25809065829619 2.6383998924729646 126.70801367026804 101.16689459999998
5.44204152353003 2.8336218120504233 126.3915437852911 101.23099829999956
5.496638383441592 2.899190760132607 126.72452001872999 101.2951923999999
5.657910358729367 2.5549674626059393 125.46118426425294 101.36081790000026
5.472098652961954 2.5444382610538363 126.32189287716194 101.42564310000034
5.616862250145701 2.2007410428566216 125.876631064117 101.49018890000025
5.459528513192041 2.1590593729653413 125.83823348813428 101.55584869999984
5.039279193242308 1.9030393692001408 126.18074009491751 101.62260349999997
3.4159883362345127 1.2649668094195006 126.36257631692796 101.68784489999962
2.9533360718039816 0.9759997707177613 126.67162214044662 101.75243740000042
2.767729594502761 0.8703657360057749 126.06773165436802 101.81724889999987
0.7672256825829393 -0.10030113149059561 126.09009187077646 101.88268009999956
0.4390531025190043 -0.16511425865196172 125.72014156106978 101.94660980000026
-0.07684678188154237 -0.35295751547201537 126.17457418326688 102.0104223999997
-1.4189742042806444 -1.0207626320096876 125.36696062430183 102.07597220000025
-2.070614090502417 -1.1458643837523437 126.18387849193854 102.14085700000032
-2.4427281676383075 -1.3709638335913419 125.89604315401392 102.20602979999967
-2.5284816751795205 -1.4904626829224732 125.19462744602014 102.2711878
-4.059865522600994 -1.8736876723018705 125.4762800411256 102.3354433000004
-4.46490998615441 -2.0798342286205695 125.58324756395997 102.40027540000028
-4.510237428771212 -2.1235750140147287 124.80820991370085 102.46639159999995
-5.563213263434932 -2.4499704201343104 125.62008056533026 102.53134409999984
-5.585281600146118 -2.4175092651965504 125.31409601390561 102.59591980000005
-5.6388662506578555 -2.424159133050411 125.17639430353988 102.66100800000004
-5.7645168225251595 -2.423730918350114 125.17862616301562 102.72593959999995
-5.292376104118624 -2.2879610907115433 123.9894020973258 102.79115060000004
-5.38088468769152 -2.317853528276463 124.24918823952066 102.85580190000019
-5.795165284017109 -2.2128931115023494 125.45012259835364 102.92107639999995
-5.536086186482223 -2.0973978037188683 125.86930962115505 102.98726660000011
-4.728276888335408 -1.8074140548977509 124.63045464719926 103.0525432000004
-3.6009473498130617 -1.3963064953277935 125.35594766538013 103.11675420000029
-3.3352423143311682 -1.1909936969187425 125.30757258339482 103.18195899999955
-3.0321070353754322 -1.083072863818408 125.39259677986404 103.24628250000023
-2.526434992013897 -0.9127612888111903 125.60827430781521 103.3105759
-0.7267906610267332 -0.1909260569572102 125.93480028265411 103.37604339999962
-0.3907337168657392 -0.1390619027523966 125.71115670854041 103.44192699999985
0.11457485240075016 0.12749861642871307 124.90722381842897 103.50672829999985
1.5613473916062333 0.7321367570542648 125.87269119986883 103.57253109999965
2.2088479896287936 1.0195422319375833 125.35201621843817 103.63750739999978
2.348873928509846 1.1863320089231906 126.24309386067425 103.70237859999997
3.9167265057562517 1.7893800611959612 125.56128587714602 103.76887600000009
4.391185039511171 2.2884040487413384 125.47612833595151 103.83380140000008
4.272212441330353 2.2395933841180153 126.62179265280434 103.89940269999988
5.467877443552382 2.588814465065714 125.01836542393168 103.9646130000001
5.312095336939329 2.7619365121471096 126.64618075657225 104.02899849999994
5.628075196155187 2.720953329521197 125.65692384346475 104.09492669999963
5.449492589705535 2.7692719838894426 126.61677745986785 104.1598213999996
5.449492589705535 2.7692719838894426 126.61677745986785 104.22500630000013
5.657586387732032 2.689937658104797 125.90963685414239 104.29016090000005
5.572128026568095 2.3236551901234757 126.37464768350095 104.35577000000012
5.671527316063589 2.0504680986919968 125.40651758324437 104.42044220000025
5.21419765653939 2.0334195384603984 126.34824690096919 104.48546720000013
5.04396536434745 1.824775345678447 125.64232021060698 104.55124169999999
3.5180906915614116 1.0882203821059626 125.97612837933251 104.6158175999999
3.0648903458177656 1.0358463929173425 126.33838756526211 104.68113420000009
2.7984063162512385 0.6835308618512591 125.69303103001772 104.74543050000011
0.9455777922779447 -0.0636478218915536 125.87962952968051 104.8112443
0.5576698773266244 -0.12269028759663647 125.85014813808442 104.87667189999956
0.13251370411860108 -0.27775576673525304 125.89471379310443 104.94108789999973
-1.4426381742984162 -1.0387722612437762 125.4633676676793 105.00597029999972
-1.8612587793613855 -1.1290907688599665 125.8083994697935 105.07137210000019
-2.47233835719576 -1.2561145396626157 126.33978471217641 105.13626279999971
-3.3697907195816725 -1.734014642857145 124.42563357510083 105.20214020000003
-3.9063037008198904 -1.8455492785189986 125.32407419644348 105.26626880000003
-4.12298471016252 -1.9340393077548033 125.0798267066032 105.33189729999958
-4.895792643886686 -2.230713571638406 124.36270916080947 105.39726789999986
-5.239173731052595 -2.3721549519385747 124.89683094679663 105.46243179999965
-5.551925623762266 -2.360833827298107 125.48413676398002 105.52767800000038
-5.679026715394848 -2.4564676036522104 125.41040076819282 105.59253739999986
-5.775096665794351 -2.4685227631712605 125.39190323811464 105.65786969999954
-5.775096665794351 -2.4685227631712605 125.39190323811464 105.72274910000033
-5.442026684906331 -2.1947430431304786 124.49417649328605 105.78815339999983
-5.179142637318378 -1.990523983253837 123.87463625991381 105.85285730000032
-5.474412681935668 -2.011334485521563 125.33910365646209 105.9183393000003
-4.915019545538243 -1.828554857771933 125.04496345564282 105.98359849999997
-3.480295590548124 -1.402804418758775 124.75319054449479 106.0480663999997
-3.0305757474354493 -1.2027978032073787 124.56132484869704 106.11235690000012
-3.1000597161449335 -1.109907047076637 125.77254994840919 106.17874049999955
-2.1623249085570038 -0.6457272212297666 125.71086746507288 106.24409910000031
-1.0465166002231925 -0.162424067090429 125.5537955027489 106.3096800000003
-0.9566176649825167 -0.1858041349075511 126.18188705288091 106.37502920000043
1.1742061065265261 0.5704928090473091 125.52372792181235 106.44046319999961
1.6934111282981092 0.9376343920505625 125.40485423634176 106.50583819999974
2.795370173029589 1.4141091339677296 125.76106696297232 106.5715938000003
2.8946299915749876 1.1984076097945062 126.1320839435513 106.63689160000013
3.766512516915313 2.0139331157070304 126.14426344872798 106.7026950999998
4.115915239380719 1.8925440298165443 125.70374312147855 106.76799140000003
4.788881305168395 2.5263405772154477 126.74042138033653 106.83339280000018
5.296913286698171 2.7508146211662754 126.60376655641109 106.89830059999986
5.613675934684849 2.7229803225152285 125.54346440501801 106.96476220000022
5.3981815842767915 2.8041869149822034 126.72603376382169 107.02962349999962
5.5768851964752955 2.7698346815682724 126.61621685767122 107.0942642
5.716087948499997 2.804432009986563 126.19065946026723 107.15883860000031
5.692594864451941 2.8105564891252692 126.73623130871903 107.22425320000002
5.5939424624498955 2.2543837925805565 126.53527306772675 107.2889838000001
5.469949017758957 2.1258875695076873 126.52212227490587 107.35450969999965
4.9727907570429295 1.9170003442667816 125.66739285958786 107.4202194999998
3.901961013770581 1.2981721565287674 126.2933579317248 107.48507729999983
3.5664179808132985 1.2167256590502755 126.12359312841731 107.54946899999959
3.4436132727645727 1.074216915333117 125.64057537740206 107.61384540000017
1.4170724596803552 0.18986078946547946 126.40143482865108 107.67953990000024
1.4170724596803552 0.18986078946547946 126.40143482865108 107.74353059999976
-0.41597246273040156 -0.4518728596358811 126.20531192959669 107.8082771999998
-1.1082408994204656 -0.8107682323582232 125.74026173294298 107.87402819999988
-1.261902135283897 -0.9766610712665148 125.2523453828778 107.93996609999976
-1.742848625389179 -1.0617850159451745 125.76410557021073 108.00589769999988
-2.9388962987054015 -1.4374422398161033 125.7024327560507 108.07095329999993
-3.2717884965635378 -1.6405492783884896 125.42635071152434 108.13595009999972
-3.6740778813574053 -1.6916519837190833 125.51036417041028 108.20041829999991
-3.8892179699243243 -1.9046277760257495 125.4116327968329 108.2655906
-4.955196127721457 -2.360385645710011 124.98094735908137 108.32980549999957
-5.384389734535866 -2.4501305879741877 124.63893571506291 108.39489250000042
-5.342398404309073 -2.4165307524336153 124.40114769975852 108.45913939999991
-5.461424399526344 -2.4219160784292835 124.55568263440475 108.52497380000023
-5.785314930916371 -2.5335567851177507 125.35157739272523 108.59172269999999
-5.745698397265436 -2.544514926204775 125.30234195214734 108.6561584000001
-5.457238340800579 -2.2500667733679625 124.53894587844306 108.72284589999981
-5.377243257035005 -2.1706229732690923 124.38536921268447 108.78779099999974
-4.7557314118924765 -1.8012486280517024 125.14138675120176 108.8524311000001
-4.323060626451301 -1.7480700764593116 124.87427280637395 108.9191965
-3.895213366819263 -1.548735873127265 124.4310311914138 108.98445460000039
-4.008052721341862 -1.4222982954078738 125.57704178101761 109.05017140000018
-2.2016680074673403 -0.6672000744948897 125.97138898799554 109.11428439999963
-2.2016680074673403 -0.6672000744948897 125.97138898799554 109.17954360000022
-0.5616125361600126 -0.11652094559384896 126.01589286805576 109.24387620000016
0.4737807500627582 0.35249611889934934 124.78076164014789 109.3086303
0.7124565358500732 0.5222266364464508 125.4915494924915 109.37402209999982
0.9318009345073577 0.48013716120873345 126.42351603550122 109.43930610000007
2.699195453185382 1.314024936035583 125.84040003694999 109.50354179999977
2.8047709703116652 1.417413717672641 126.17631616181416 109.56904289999966
3.1860593884717403 1.6023488807642003 126.24044620520475 109.63491020000038
4.365290864545926 2.2768295521734796 126.72543867534203 109.69961429999967
4.510622262194985 2.300609976563598 126.78986067403878 109.76555680000001
4.7352826125954905 2.4535272149467042 126.34705423752301 109.83013269999992
5.516426278765515 2.839259464614249 126.81099862596923 109.89364079999996
5.614233186290441 2.705236687435744 125.73966143094104 109.95738640000036
5.62986899850511 2.788351339211193 126.06469229960088 110.0229761999999
5.562008862515206 2.6848640962458603 126.76097078971776 110.08944400000019
5.392361279110723 2.382195111947389 126.67655212817245 110.15563329999986
5.615878735743209 2.3274216128068934 125.88001260166182 110.2198613999999
5.19262342409543 1.9129771178212818 125.78078289680921 110.28451239999958
4.8001234752078545 1.8272200919094796 126.27138564471002 110.3500382000002
4.596057321742862 1.7798643540646908 126.33790107065579 110.41510610000023
2.8434210822326804 0.8176291825424172 126.00265390861853 110.47980069999994
2.65279157721843 0.6653542118005136 125.5155565147393 110.5463351999997
2.1639851185620103 0.5380340535907739 126.0645345840205 110.61095709999972
1.5650697357231351 0.23222936977912972 126.14540942107669 110.67715190000035
-0.028580932927674496 -0.29393185132967836 126.10958370103617 110.74229360000027
-0.5541396577701718 -0.6684681971655605 126.08488060711123 110.80813670000043
-0.9394130043420432 -0.7899511149227142 125.96529005673898 110.8730231999998
-2.503046483523754 -1.4382651054665727 125.78897362509394 110.93822759999966
-2.796925848160079 -1.4617316929203095 125.44563164150493 111.00266529999953
-3.0765046377109257 -1.5395669267068857 125.20442962273651 111.06904289999966
-4.358330947967801 -1.9985669871888518 125.3179284190489 111.13291480000044
-4.670996943520983 -2.1741982075639408 125.18751701106665 111.19855329999973
-4.769655638257817 -2.1124686688444583 124.9106227806133 111.2642122999996
-5.532471877683186 -2.3859257230955846 124.90127823740555 111.3278405000001
-5.615454610506873 -2.4955731451306216 124.90614383111522 111.39456319999954
-5.670599412799689 -2.436443669832377 125.08338821312137 111.45890580000014
-5.530221836195061 -2.4016570135725845 124.78591710567737 111.52394399999957
-5.334453990504862 -2.297661030266451 124.54587386665808 111.59065240000018
-5.3826520336470765 -2.2953185288755886 124.9547134721421 111.65546610000001
-5.327407217552299 -2.0153568334350105 125.40825882156803 111.72022899999956
-4.7426433611211465 -1.7837169101366168 124.99536484569965 111.78506949999974
-4.453271449319217 -1.7953240344104913 125.28579946073806 111.85059480000018
-3.2423430589889435 -1.12384867731266 124.66070091834862 111.91521230000035
-3.107094784136258 -0.9966847299617131 125.72139395147788 111.97964740000043
-2.244336930695205 -0.9091436183669604 124.790522109495 112.04419099999996
-2.11920809786465 -0.6375837355735113 125.44635079203753 112.10878400000001
-0.6454841045862736 -0.13749686993332755 125.97101352821277 112.17468860000008
0.37533535530055673 0.13278948431304405 124.67971991966202 112.23925719999988
0.796863704567258 0.6187055213823207 125.19305036283951 112.30485859999953
2.303416745700922 0.9099846000779583 126.63682278864796 112.37085399999978
3.091581377488346 1.182794887136474 124.39603018078701 112.43674240000018
2.6914923754666447 1.4089302370419183 126.27565263476878 112.50287529999969
4.616534611985706 2.007180698780503 124.18711134546093 112.56896099999994
4.394180830253461 2.4559239513582316 126.67453506588578 112.63359149999997
4.750782912993131 2.2571370562281716 126.53685059674488 112.69776970000021
5.212541443298711 2.8209483688679873 126.89432415760591 112.7634651999997
5.5008107813537706 2.718719399522805 126.14709926940021 112.8276265000004
5.697126152860811 2.864271932736386 125.37485490738223 112.89166870000008
5.403716334926834 2.81332409212315 126.96442124272497 112.95767259999957
5.450961681583188 2.6710496661356804 126.84083280962705 113.0231219999996
5.469888488472876 2.5684722103953193 126.8914444123626 113.088933
5.562834742786521 2.1377863751777477 125.84289319043468 113.15260899999976
5.117175443431137 2.0685626917714703 126.68968759129345 113.21908210000038
5.039279193242308 1.9030393692001408 126.18074009491751 113.2841570999999
4.7337866521371055 1.8459231412342563 125.98711331353665 113.34820370000034
3.116226881394091 0.9142480218665573 125.66691985728059 113.41457710000032
2.7878881146439696 0.8778779738582889 125.84206243818555 113.48111040000003
2.285220654142286 0.6227294430761323 125.80558969913457 113.54644430000008
0.3646715093005142 -0.18554230348679834 125.71007517974544 113.61201400000027
-0.22690123351435432 -0.340795809928382 126.43072299302987 113.67779419999988
-0.579014806959556 -0.6033709144089942 126.09966483576204 113.7433616999997
-1.9604151784578576 -1.1637712800377864 125.72582178301326 113.8091129000004
-2.395017451094162 -1.4118697278688535 125.58461891801464 113.87345129999994
-2.4973582394574123 -1.4553688720864963 124.8846542011856 113.9390813
-3.9842905865028513 -1.8255949321720966 125.10392845293225 114.00435459999971
-4.313989359759383 -2.0140234940649138 125.15965616016194 114.06821060000038
-4.717385848968071 -2.2045869842867023 125.5906639235651 114.13382209999963
-5.24603695542924 -2.38567890870464 124.66749381886325 114.19841840000026
-5.659247925316308 -2.533981839716888 125.34864299516043 114.2633281999997
-5.468658132901467 -2.4317497848521104 124.50690624849332 114.32863799999996
-5.747215193293144 -2.4862213636748485 124.99772247047328 114.3939978999997
-5.849117528521177 -2.5321992445526367 125.42576935859975 114.45871580000039
-5.607121081875128 -2.450979497814116 124.70020031867229 114.52430269999968
-5.689898077085907 -2.2002951975884426 125.44070597062007 114.58921840000039
-5.1949846619222555 -2.0441465433037282 125.32343368053267 114.6544985999999
-4.717703566768613 -1.8359464127339815 125.13700393460745 114.71838370000023
-4.259557314005164 -1.8241334210800337 125.25828867119377 114.78272259999994
-3.524138760207393 -1.3310755969381844 125.91112642057797 114.84772229999999
-2.5802498167833505 -0.9333682287589794 124.54975791267225 114.91289059999963
-2.586137314964006 -0.8184102256395657 125.7258047484676 114.97771470000043
-1.2800226739420921 -0.5373198134003218 125.82790568047366 115.04277699999966
-0.42996417989608915 -0.02754342192035908 126.05782039142763 115.10918519999996
0.16512157816113415 -0.04420002683604596 125.23267469098789 115.18927150000036
1.7617247519772832 0.8588876752889905 125.58791156452867 115.25523309999971
1.9541492904575861 0.9468776621165951 126.49770345037729 115.32047580000017
3.0602846744436434 1.4180312032358864 126.16705752020793 115.38511889999972
3.4034147835352755 1.717365419438945 125.96604869844813 115.45053110000026
4.075381760805833 2.11469188986343 126.23525919844359 115.5160606999998
4.237751393693024 2.1478306043742714 126.72252076670557 115.58023969999977
5.307707606642765 2.674354215975244 125.83010905848153 115.64565370000037
5.370418170491469 2.826880324743294 126.95106362068836 115.71072970000023
5.57025262192392 2.834213614161067 126.3864948465859 115.77635780000037
5.584582104089371 2.781513835468447 126.4082270967049 115.84132510000018
5.470170465857763 2.82927058463448 126.90927790998214 115.90734890000022
5.706166516740026 2.6617407088962035 125.77869663700928 115.97290840000005
5.5934718331147195 2.2990652047189335 126.70597631563254 116.03811849999965
5.5944522696734325 2.029456034165512 125.72228653098932 116.1040823000003
5.234858620561113 2.1401562691329947 126.34505705244231 116.16855740000028
4.106265402343475 1.635456206815259 126.93374079897241 116.23446539999986
3.538039166224138 1.1444421444685218 125.84872250210638 116.30039080000006
3.0854900143447566 1.0029700091045772 126.13445680629876 116.3665731000001
1.3954814708788064 0.1265968805967389 125.84739121936994 116.43009379999967
0.7546081794848121 0.01611950368813586 126.29176159555739 116.49619859999984
0.7546081794848121 0.01611950368813586 126.29176159555739 116.56120360000023
-0.8060809114689036 -0.6664960856774166 125.78672658612508 116.62665310000011
-1.3541793138469274 -0.9901131298442739 125.0670059565179 116.69252249999954
-1.9593611211131758 -1.0439004860752923 126.10544768796741 116.75791360000039
-3.2010353599718115 -1.5530678563445792 125.95574694386293 116.82290430000012
-3.553349532200045 -1.6700837193032392 125.86936655640069 116.88781759999983
-3.8631281304968965 -1.8164758486864079 125.58727254813273 116.95394909999959
-3.850599434546723 -1.8191379945848833 124.9700112580416 117.01960440000039
-5.27090193669418 -2.3448917893464065 125.37891245103525 117.08406920000016
-5.389411781309413 -2.41939197291432 125.21800957886381 117.14951660000042
-5.615454610506873 -2.4955731451306216 124.90614383111522 117.21465530000023
-5.607121081875128 -2.450979497814116 124.70020031867229 117.28010240000003
-5.501697003964075 -2.4186478930312334 124.38972007542523 117.34435469999971
-5.649650190387 -2.4844482728455954 124.93833622859084 117.40982429999985
-5.218704488325095 -2.2835900208960065 125.40831501863947 117.47321040000043
-4.9905815494878 -2.1275450079078526 125.09755534086422 117.5384567000001
-4.837377218693774 -2.043382743380304 124.92871573689325 117.60401360000014
-4.263398676196594 -1.679189496685515 125.2051059112767 117.66852779999954
-3.921659505966076 -1.5665414656956607 125.31684267398282 117.73357959999976
-3.6048862171140357 -1.4533461964534924 125.30005085649846 117.79897580000033
-3.3988234606602603 -1.2074414947092578 125.30888455374492 117.8648691999997
-1.243871911569613 -0.4391428585023073 125.13990473063555 117.9299203999999
-1.243871911569613 -0.4391428585023073 125.13990473063555 117.99408839999978
0.43253314644289986 0.3855418735482264 125.51684174599806 118.05891400000019
0.698563065182789 0.4778784415533689 126.17024550693745 118.12382119999984
1.271534409660262 0.7101122797108705 125.4850012938818 118.18954049999957
1.5459556089641495 0.8458879380172704 126.38918533107841 118.25447890000032
3.103279614911962 1.3603305480488599 125.57702570689338 118.32021460000033
3.433255400188699 1.602101422869643 125.59499253221371 118.38713389999975
4.613955540136253 2.2927922671819485 125.91111981791775 118.45237139999972
4.6164272645288165 2.5344155313923955 126.64501968688933 118.51638600000024
5.193527852494384 2.6201785113856197 125.99879825349483 118.58183809999991
5.41770110114593 2.7030189073292883 126.77080484693082 118.64706560000013
5.6336728199085115 2.775144583511366 126.56959758706218 118.71183800000017
5.788791523172385 2.800144250832879 126.23072589028835 118.77681759999996
5.7542698289182255 2.846889289271087 126.14771265241664 118.84201539999958
5.8844323559165375 2.6513473877287703 126.32975057178835 118.90708939999968
5.947039978726252 2.42144818856501 125.79597467824036 118.97160540000004
5.037193349135364 1.7840131828454555 126.02788819294983 119.03722500000003
4.900592577934894 1.883094092860917 125.91204779693882 119.10224060000019
4.5143318503183 1.553215686218862 125.6093131902726 119.16686670000036
3.899719186163992 1.2752523091693588 126.03544709682023 119.2311864000003
2.4271857330697983 0.65466786265424 126.16978490982905 119.29656450000039
2.0776604839224433 0.5058524835045017 125.96914127303016 119.3615464000004
1.4256575283992703 0.30203956641741414 126.73584906764803 119.42757259999962
-0.22104655517869531 -0.44637563556283 125.66118134353962 119.49344850000034
-0.7992663178108472 -0.6735968273626206 125.65178414096154 119.55732790000002
-0.97898081632583 -0.7267373682404602 125.23068090539005 119.62284790000012
-2.492400175508223 -1.4235531224708753 125.42032166610772 119.6889541999999
-3.025617879579805 -1.4218862898759221 125.78274476995291 119.75319610000042
-3.2844135384129913 -1.6377428102845464 125.32500353100833 119.8195654000001
-4.571729450406174 -2.2155667791977915 125.45729534894635 119.88489889999983
-4.644031377063392 -2.112852995253324 124.90751114100193 119.95046410000032
-5.115663422851284 -2.3269981477537036 125.52039165465185 120.01620459999958
-5.439497811323861 -2.4203783236020566 124.31825950094907 120.08069290000003
-5.649650190387 -2.4844482728455954 124.93833622859084 120.14598339999975
-5.743288750656802 -2.49982921573707 125.11373965252359 120.21052799999961
-5.607121081875128 -2.450979497814116 124.70020031867229 120.27490639999996
-5.3976764123145955 -2.4297043002947274 124.26353708025582 120.3408843999996
-5.603299567593524 -2.3844471828967793 124.99757894434583 120.40598979999959
-5.480768869705415 -2.2762674768163302 124.55039880759475 120.4706286999999
-4.690351165387064 -1.762411209745597 125.1617204409794 120.5354070000003
-4.351522618829804 -1.6994379171604561 124.6861752896757 120.60020739999982
-4.163161715660337 -1.6391278027624394 125.28890527320102 120.68039359999966
-2.587130488394905 -0.953208642801244 125.23948051682821 120.74511770000026
-2.3374659586599904 -0.7829084336564648 125.51498142981116 120.80959050000001
-0.35804954337891104 -0.07062006692287104 125.07590173739419 120.8741216999997
-0.005057143400975406 0.10066420594073688 125.42080569156272 120.9397326999997
0.17994883000802986 0.21956680418682195 125.7376218690987 121.00411819999954
0.8718204810814925 0.32969764102911875 124.62722086271889 121.06884030000037
2.028212979276873 1.063657160235167 126.18408241817919 121.13425780000034
3.1138243048928445 1.298225254456223 125.43250764251995 121.19907580000017
3.5508334580026 1.5533587141904333 125.60910448753262 121.26461860000018
4.11048416798306 2.019000530779784 126.71926175555578 121.32910090000041
4.7810257672307515 2.2288414246762813 125.17115649295474 121.3937122999996
4.7000200052438075 2.5655368169423696 126.76842020198717 121.45886309999969
5.15623444030507 2.543938530364875 126.8995853684289 121.52485160000015
5.442407416230189 2.7060160389699672 126.38909309827595 121.5907245999997
5.505818447862808 2.7742500812187907 126.57195348062561 121.6555758000004
6.0639654439292485 2.8690685851065325 125.11981685435164 121.72144750000007
5.389404178248299 2.5102018217551945 126.68931114655297 121.7859626999998
5.5661275090270905 2.5591169948631953 126.75254209422654 121.85147299999971
5.5678897398100275 2.1440612353960176 125.52496053492703 121.91565840000021
4.928302829442565 1.8285184422811027 126.2673056981955 121.97983380000005
4.984376635420396 1.8055257494503016 126.11597378243941 122.04589010000018
4.520017335598993 1.6938691048655201 126.11028468024469 122.11186300000008
2.749085867734969 0.9128142291009023 126.25571508447939 122.17717799999991
2.5914265322631778 0.8988150194201258 125.99950817489766 122.2414275000001
2.0004707692905512 0.4850578498413264 126.25141860097078 122.30639229999997
0.16687925911289625 -0.2744721206762225 126.18529676859814 122.37199090000013
-0.28594745502264374 -0.3613292989192204 126.21679312356154 122.43593909999981
-0.7982245516421358 -0.5800045666165262 126.21526305335759 122.5019384999996
-2.2281906812407257 -1.1608222539306698 125.99774872894287 122.56657519999953
-2.4465018565689363 -1.4336482441793001 125.1244674897615 122.63258760000008
-2.883303041409434 -1.4578887045030897 125.45131508592894 122.69670870000027
-3.345928901926861 -1.6854446205625577 125.808640859328 122.76080879999972
-4.488172776056537 -2.1736268155572933 125.27435166811333 122.82619520000026
-4.518403103932826 -2.113233765274122 124.90436622601364 122.89026329999979
-5.364709158107793 -2.3716930091601167 124.8997483195542 122.95521699999972
-5.679026715394848 -2.4564676036522104 125.41040076819282 123.02051140000003
-5.236827083183243 -2.3795489499201636 123.89261201927492 123.08560670000043
-5.775096665794351 -2.4685227631712605 125.39190323811464 123.1500517000004
-5.710669061866618 -2.5422782739849676 125.31670437873166 123.21442169999955
-5.2954035832141955 -2.390003339416023 124.31921420185078 123.27867609999976
-5.47090304465916 -2.4081264120951023 125.4157772368609 123.34463059999962
-4.966351562838682 -2.03362521005991 125.39873234697266 123.40967220000039
-4.525715489774605 -1.9163347746975719 124.23401781831396 123.47543729999961
-4.474687107264906 -1.7743816270336472 124.88901608922575 123.54008330000033
-3.2517868502816683 -1.222688673022804 125.30890415656789 123.60472879999998
-2.7152310525919034 -1.0784925577043012 125.25076748343695 123.67020239999965
-1.8039287656230485 -0.65388601335062 124.3035431510765 123.73482179999974
-0.7355965363486661 -0.24204762394936719 125.92628738396455 123.80130180000015
-0.7355965363486661 -0.24204762394936719 125.92628738396455 123.8657346
0.0662355518697666 0.2375654457012374 125.9709895082064 123.93050260000018
2.017345017970996 0.8544862876569348 125.5755274757861 123.99577789999967
2.0316891974187783 1.1153847642613557 126.4208920432322 124.06053820000034
3.302535755060198 1.6829055613435444 125.94016111116014 124.12503800000013
3.3817451514890564 1.7256277248378034 126.29277858238555 124.19131070000003
4.130266274734275 1.9779636276982262 125.45926179757872 124.25510610000038
4.480562781194642 2.298115762541111 126.45608840512459 124.3203782999999
4.815314747511664 2.4970342593170893 125.9199730600632 124.38544590000038
5.129682507281039 2.6385559998213153 126.714090303682 124.44974600000023
5.54899707300217 2.7242126376967857 125.64105378131026 124.51487689999976
5.470170465857763 2.82927058463448 126.90927790998214 124.58041510000021
5.470170465857763 2.82927058463448 126.90927790998214 124.64611100000002
5.853516232218496 2.729864569111745 126.09501092726508 124.71270480000021
5.849222417762903 2.6969887252802436 126.06528850994633 124.77764719999959
5.662144578604227 2.315699925783519 126.15821181124115 124.84303240000008
5.197713490868836 2.0873724777169405 126.0316410423391 124.90822029999981
4.203221065353844 1.4691561765822452 126.09930238107742 124.9738712999997
3.7986417595456103 1.2626269806312616 125.97015750854143 125.0377681
3.02446733943313 1.0276586454257541 125.94484272301018 125.1024408000003
2.479281083459888 0.7088940384427861 126.55001422633386 125.16679279999971
0.8139128495616461 -0.1233695124688865 125.8336556960917 125.23092019999967
0.8139128495616461 -0.1233695124688865 125.8336556960917 125.29624719999993
0.3466283493913451 -0.20709032501774294 125.54130121898093 125.36125129999982
-1.046865690207234 -0.8525482102052279 125.17533821034196 125.42717639999955
-2.0260953490621674 -1.1666206915058321 125.80566029684992 125.4931475000003
-2.4337472822421304 -1.3970851753482312 125.6414642506454 125.55795760000001
-3.648568924169595 -1.760093451949655 125.71941040578083 125.62336719999985
-3.608031648034654 -1.8785830325130197 124.8531478535688 125.68763169999966
-4.327275649358306 -1.9531521997205887 126.1925077850799 125.75261859999955
-4.554323517550706 -2.131585932435187 125.81039953103645 125.81692469999962
-5.345783193515381 -2.429925405016749 125.15623454006797 125.88246580000032
-5.692161288851679 -2.431960189851859 125.45380917181728 125.9470025999999
-5.8199781164692155 -2.520862569588252 125.38806814214132 126.0116807000004
-5.540467766036187 -2.416945438144613 124.5364730639923 126.07750659999965
-5.615454610506873 -2.4955731451306216 124.90614383111522 126.14300339999954
-5.517017198826082 -2.4543966332545017 124.68634419556795 126.20942720000039
-4.828730777438587 -2.0329278445304495 124.97307433053135 126.27433409999958
-4.674290661568534 -1.982775314924448 124.56336743699255 126.34039539999958
-4.461115139977309 -1.8883151770452655 123.92439911393942 126.40642750000006
-3.908874634360714 -1.4152273097356702 124.99117501321973 126.47065209999982
-3.3867424934092014 -1.4066969571415533 124.86572493195438 126.53630789999988
-3.329226597957259 -1.1457698784863828 125.50788547174078 126.60171879999962
-0.9747231815926511 -0.369371800408376 125.00203387362893 126.66769759999988
-0.8036535737646986 -0.16793252419457072 126.18379758545117 126.73312689999966
-0.8036535737646986 -0.16793252419457072 126.18379758545117 126.79884560000028
1.1757921071584576 0.54360946137561 125.04532272380447 126.86309040000015
1.151373846595277 0.6546033631685788 126.21593451210214 126.9289533000001
1.6565877901968378 0.7210853143421339 126.149693951312 126.99489280000034
2.4343624030259363 1.1231562000273367 125.13437734770392 127.05984679999983
3.3699141346767405 1.7515572290390846 126.51677004613212 127.12557959999958
3.7694582246460797 1.8250628489506266 126.13760784631259 127.19102310000017
5.097168793885672 2.6093363535238865 125.79816894935914 127.25673170000027
5.228112083966451 2.6264658859292385 125.94167931241748 127.32193110000026
5.161584894913254 2.6230229420939546 126.62181650974755 127.38723630000004
5.456618593683807 2.781735850977428 126.4137100936901 127.45200060000025
5.57025262192392 2.834213614161067 126.3864948465859 127.5171849999997
5.470170465857763 2.82927058463448 126.90927790998214 127.58278260000043
5.758270600303796 2.468019112302212 125.63962531629252 127.64831930000037
5.632804086049262 2.337056611293888 126.12206127543607 127.7148385999999
5.502175796293571 2.235201532772524 126.59749067348899 127.78062469999986
4.581832657764153 1.6819257090068258 126.45220303079935 127.84635590000016
4.373277648940494 1.6365811245315758 125.79557047396686 127.9111227000003
3.771698825322275 1.275523536110394 126.0430971142236 127.97612750000008
3.559305645919636 1.3363170052099562 126.22697082390874 128.0416398999996
1.8016422440140545 0.5271533504400108 126.33664064343291 128.1067106999999
1.3186114834722957 0.1275276768327327 125.98233330947284 128.1713222999997
0.864556478628451 0.05863289446222508 126.47191752515316 128.23893399999997
-0.9025253689612569 -0.6885586893247838 125.75084703272107 128.30342500000006
-0.9758542017167358 -0.8655097287067844 125.14592154833898 128.36882760000026
-1.53414868207539 -1.0656055227691885 125.76609376554265 128.43335879999995
-3.0661392654780357 -1.5213664078600453 125.65890873665617 128.49896650000028
-3.4728481503411857 -1.7196018447029582 125.48731948587822 128.56381200000033
-3.8931103960197504 -1.8317106367490412 125.48163464985934 128.62915599999997
-4.792213812193907 -2.2339453070408446 125.25097996228583 128.69337840000026
-5.042492729927879 -2.3434503216570364 125.3060149308013 128.75971949999985
-5.281442715223598 -2.40990880690134 125.33937219624517 128.82467499999984
-5.678203906838448 -2.5012666327426 125.03500789708788 128.88951999999972
-5.879975629857846 -2.5199474954515018 125.44968003755855 128.95412639999995
-5.7348643638916315 -2.4705790972506487 125.0080293483252 129.01916749999964
-5.440799008153647 -2.4342198155196875 124.56395383294021 129.08482559999993
-5.59696657578332 -2.4076903014402893 125.41857574672896 129.1489902000003
-5.4569587688138625 -2.2337440209637447 124.98873199455062 129.21526259999973
-4.473793746011722 -1.780369663040616 124.88728003384999 129.28002350000042
-4.1602607637284095 -1.7076421865789109 125.34886516722726 129.34635609999987
-3.7220855872836225 -1.4598986144701143 124.8727630687189 129.41226949999964
-3.756846020320644 -1.4720241624036747 125.32729460621574 129.47778209999979
-2.0611771210992345 -0.7707188997929949 125.45765259415867 129.54274700000042
-1.7246331647878534 -0.5719886678800122 125.78956776017716 129.6085436000003
-0.984544059648556 -0.3896859581841662 125.10281539999669 129.67339809999976
0.371669710197601 0.43889364439498857 125.91753515268356 129.73900839999988
0.8215829144024198 0.42949209293066715 125.90564510020222 129.80517150000014
1.263564600381656 0.641142710532699 125.32296302661092 129.86949019999975
3.4432336799400005 1.3383636202995506 125.92942978535018 129.934929
3.873672094008178 1.3206171772450972 125.74656581554058 129.99833200000012
4.2855090557414925 1.6704101126527506 124.2075214031681 130.06382529999973
4.514304071561675 2.3770740747163437 126.52163440988417 130.12899500000003
4.634697459151752 2.1648004248899904 125.95088772791694 130.19416050000018
5.070380402280122 2.5621902085481882 125.47598903588383 130.25938029999998
5.697401353716565 2.802634627468208 125.42320269055723 130.32424900000024
5.535866571724142 2.749525439590832 125.96570761237705 130.38918029999968
5.765472808377133 2.8763649444736856 126.1567155670672 130.45508160000009
5.57025262192392 2.834213614161067 126.3864948465859 130.52208950000022
5.524701632164167 2.423773052249195 126.73302276769391 130.58749790000002
5.786945870862276 2.37626736144585 126.10657516446275 130.6529717000003
4.894732810205738 1.7439689479223879 126.46304206124253 130.71892149999985
4.830799607596525 1.8287195608466975 125.85285420382786 130.7836473999996
4.2361182490648375 1.503996681682071 126.24162239430059 130.84884989999955
4.014576193632074 1.2884267400242377 125.56868541206903 130.91349460000038
2.343901362129415 0.7001332012409215 125.91784447253029 130.9800038000003
1.8111663209717364 0.44143784873657377 126.74719097350565 131.04531229999975
1.330571438412413 0.26411705206841857 126.3364069095616 131.11083249999956
-0.5177508019175221 -0.4997771261661451 126.313311477252 131.17606969999997
-0.8780196277277739 -0.6727161967288343 125.7866399344279 131.2421777999998
-0.9236388402186932 -0.7846056206702362 125.11015026286243 131.30850610000016
-2.4062867801967442 -1.4473458698733137 125.00741712029192 131.37377130000004
-2.7306457790562106 -1.4889956675771123 125.02329097680071 131.43881659999988
-3.3985071327467864 -1.6854836802018518 125.70292611208015 131.50548020000042
-4.466069295106216 -2.1834447725729484 125.13567274916018 131.57015930000034
-5.061594788614578 -2.1751284887534563 126.01007946501467 131.63536699999986
-5.206175800591289 -2.361816384416633 125.86088864898043 131.7009379000001
-5.745698397265436 -2.544514926204775 125.30234195214734 131.7659082
-5.656610558340255 -2.510195680566178 124.90128715198874 131.83157690000007
-5.973763811041962 -2.561332369898069 125.65611900498344 131.8969287
-5.873200533353398 -2.530162311474026 125.360076770508 131.96239779999996
-5.036229532958998 -2.3298397755145075 123.5425793220433 132.0271690999998
-5.512766865157026 -2.320515037568608 125.26976757666975 132.09181669999998
-4.550504717394432 -1.9049719991480458 124.23789619452253 132.1571385999996
-4.7012429146497325 -1.8612702203251028 124.96033931882307 132.22204890000012
-4.392540787625421 -1.7411381722760022 125.06823524943228 132.2873198999996
-3.6661416135578193 -1.4989527547848844 124.03862595188404 132.3519024999996
-2.3759906586055592 -0.8945530025979397 123.8850760031039 132.41744000000017
-2.482118088684736 -0.865305586960826 125.59432828421107 132.48184130000027
-1.6818450241522598 -0.5130030983915143 124.41005784384033 132.54630759999964
-0.4101351914856579 -0.05815973652284345 125.58639242468949 132.6123375999996
0.636606164316504 0.3294213652407208 125.08460974556209 132.67725960000007
0.610580328077198 0.45199553058302433 125.99588920078448 132.74255670000002
2.182019211866276 0.9487690887777066 126.12928665583067 132.80908569999974
3.0233052020289506 1.2579928351319616 124.56840936659266 132.87405839999974
3.81242484311975 1.9367159794813071 125.82359207486869 132.94015200000013
3.857574575489835 2.062772657025243 126.69190104468333 133.00638100000015
4.616581701573985 2.4476361805210747 125.93363351473025 133.07086700000036
4.782902884601462 2.3093355327257155 126.04577590789457 133.13483619999988
5.429971856800918 2.7233791465580603 126.10213660814884 133.19989280000027
5.512684513547285 2.7786772052668547 126.18089166429056 133.26416150000023
5.66154482032745 2.917399693855992 126.60540508995976 133.32883020000008
5.743019414802795 2.927336217551158 126.2023461502377 133.39395200000035
5.454388956775389 2.6949346675798753 126.49655592240653 133.4596230999996
5.457719484772724 2.511499864765274 126.57786455193468 133.5250501999999
5.590244953638049 2.4246668324697054 126.71095561082477 133.5895158000003
5.077136543843167 1.9258010832403896 126.2232228654404 133.65437629999997
4.89758495387084 1.9093039987001905 126.19514606200391 133.7196402999998
3.6463779089073824 1.2768680015802276 125.87233370816622 133.78533640000023
3.0916761129326744 1.1554302090645139 126.53120725966099 133.8516897999998
2.3617931897618902 0.6597370294818062 126.1040617960556 133.9170978000002
1.9437594330677754 0.4872349227648788 126.14551572030344 133.98244989999966
0.20035648619446533 -0.22462814902910078 126.01045852399936 134.04883570000038
0.20035648619446533 -0.22462814902910078 126.01045852399936 134.11423529999956
-1.3541205698464296 -1.0041581430167676 125.79194051297578 134.17800590000024
-2.268080715970207 -1.29828733050145 125.91670222759629 134.2428829999999
-2.449956248111853 -1.412762254433468 125.48362016285844 134.3092317999999
-2.7887508576595295 -1.5347470673144463 125.49967830597308 134.3729217
-3.978636881952532 -1.8281994943201676 125.4843116547949 134.4384301
-4.163879231800912 -1.98583152580973 125.2366857038975 134.50474310000027
-5.256161451046772 -2.315695190460296 125.63689250029655 134.57075489999988
-5.307647389203481 -2.347998886588234 125.37013642119457 134.63581799999974
-5.6490721426271975 -2.4689613960076184 125.38915809201642 134.70122379999975
-5.615454610506873 -2.4955731451306216 124.90614383111522 134.76647990000038
-5.649650190387 -2.4844482728455954 124.93833622859084 134.83213530000012
-5.670599412799689 -2.436443669832377 125.08338821312137 134.8985375000002
-5.481960946928247 -2.451436230031528 124.69786279233513 134.96246410000003
-5.018718682124899 -2.2203661396781493 125.37124053132176 135.0281576999996
-4.8633919217673025 -1.9990490532409635 124.88566739867362 135.09207309999965
-4.6937467809164914 -1.8748010703034024 124.6837410860668 135.15702520000013
-3.9195816202833598 -1.503362444743353 125.78248797094265 135.23777599999994
-3.4048969256736044 -1.3276134619215108 125.3294891154867 135.30162629999995
-3.0461809355639815 -1.121872025343035 125.0195731600327 135.36729079999986
-1.5940317157515125 -0.5714940603108444 125.5553561907711 135.43096090000017
-0.5295731805509973 -0.026891901446627786 126.18802970070489 135.4960560999998
0.07454944670756447 -0.07735049783144288 125.313111130788 135.56072049999966
1.0628575244402896 0.5063895999853578 125.14739788543424 135.62581099999989
1.269595335741272 0.7849700412732303 126.07318785511998 135.69120759999987
1.6405478196778631 0.8629860136256144 126.09397213839699 135.75521229999958
2.96437706453964 1.5618592103866993 126.64467468750418 135.82102020000002
4.153342656615976 2.1167831179840637 125.42418255064425 135.88530189999983
4.153342656615976 2.1167831179840637 125.42418255064425 135.95094510000035
4.831206971182411 2.426418587256138 126.86077520629594 136.01692100000037
5.058637487524756 2.577036456370538 126.40094916992992 136.08157550000033
5.161584894913254 2.6230229420939546 126.62181650974755 136.14705680000043
5.403716334926834 2.81332409212315 126.96442124272497 136.21357939999962
5.809238228532585 2.9016062166891143 126.07553090040483 136.27774279999994
5.809238228532585 2.9016062166891143 126.07553090040483 136.34343379999973
5.406313167874913 2.683228041439383 126.94595524633309 136.40801680000004
5.595482709057094 2.2716114033052666 126.18857678075479 136.47341870000037
5.525822751465974 2.128323118801435 126.47554334681021 136.5380951999996
4.725325017051034 1.7395303786639795 125.87673174666809 136.60370200000034
4.02533016398786 1.4690943232916682 126.7404424459701 136.66869529999985
3.8077649081531106 1.3448764106873639 126.19488603335854 136.7344495999996
3.3059329020008477 1.0931130225922612 125.81475675013623 136.80046609999954
1.6034231284240832 0.27629501710666493 126.1027087930968 136.86520699999983
1.1991637290699373 0.12432360093308326 126.07909578753082 136.93127780000032
0.6602424295110367 -0.21123242786703267 126.15075115496163 136.99646699999994
-1.245068807582065 -0.7109717084722017 126.30195363674888 137.06196340000042
-1.4991771870236263 -0.964487466917601 126.30864232153819 137.12614289999965
-1.6653656886609625 -1.044492931720339 125.76379181698927 137.19263649999994
-3.1718245266901945 -1.5444156017702833 125.85448313092776 137.2583185000003
-3.443805463326484 -1.7248065858479813 125.25628646277364 137.3392332000003
-3.6605954967600667 -1.862385224845195 125.2240316284356 137.40337699999964
-4.852635758207214 -2.2176097478090653 125.36812610327434 137.46953699999995
-5.155752147657665 -2.284982852961125 125.33597494953897 137.5353758000001
-5.242559475816989 -2.421243154145849 125.2912733244484 137.60069719999956
-5.468658132901467 -2.4317497848521104 124.50690624849332 137.66553860000022
-5.709411858792684 -2.4828484651066995 125.0012198895398 137.73084279999966
-5.709411858792684 -2.4828484651066995 125.0012198895398 137.7959080999999
-5.364709158107793 -2.3716930091601167 124.8997483195542 137.86127039999974
-5.290149213405073 -2.2306087260109155 124.97997168291592 137.92545299999983
-5.231182566843856 -2.2031022343780435 124.68854349607054 137.9910794999996
-4.555472916065206 -1.6911117604491195 125.34339669516275 138.0556300999997
-4.369249949989566 -1.6894608771176074 125.6006005536269 138.12132380000003
-3.823556478591115 -1.4241079206191647 125.4270617378278 138.1863996000002
-2.2560187542580366 -0.8708454918872536 125.11233512712825 138.25199179999981
-2.26817875146142 -0.7505116513341782 125.71526729742396 138.31811910000033
-1.4063911196215813 -0.6167897593120651 124.91794905415762 138.38376119999975
0.48243810809292853 0.18606842284061476 123.50488688823265 138.44895170000018
0.40953636662265325 0.3924807425934009 126.2005195296202 138.51567629999954
0.662972219760043 0.35990531236414924 126.05650299490812 138.5794050000004
1.3726679656100629 0.7539676228202911 125.29911095587445 138.64553270000033
3.010091231492588 1.3076428722770286 126.1978879822978 138.71075709999968
3.3511175180587855 1.3958070197827719 125.36570999178703 138.7754219999997
3.5567313879845486 1.7792627891658017 126.24930682076382 138.84115649999967
4.624938614244833 2.2714759224194325 126.19311966466054 138.90541740000026
4.739548115664839 2.462959964500739 126.1540861633583 138.97115849999955
5.0955512359435176 2.499527354897823 126.05568924783323 139.03691809999964
5.604153261128182 2.862635552895106 125.85535271195566 139.10205760000008
5.687325885069114 2.8307961067610137 125.92748948019664 139.1681695999996
5.403716334926834 2.81332409212315 126.96442124272497 139.23496749999958
5.674826638516677 2.666792574784546 126.57658119733023 139.29965869999978
5.631199527734978 2.4643781491633847 126.12962240712763 139.367303
5.699886849049726 2.373065841860242 126.42061231597316 139.43181920000006
4.865722458707765 1.6981643454630677 126.14892243631665 139.49615730000005
4.500103991292782 1.663220483365497 126.36064409846675 139.56117429999995
4.357092315202365 1.5037752984216515 126.06228385557911 139.6254613000001
2.420081237419801 0.7950027789429785 126.72150322438027 139.69114830000035
2.2054808772854457 0.5056069921030206 125.96240394530459 139.75601040000038
1.8677797353280567 0.4982696535498842 125.9625465136891 139.82109820000005
-0.03422963821064684 -0.3423400008777683 125.65777894194599 139.88706249999996
-0.44300129093419116 -0.6257924348198528 125.68414806302277 139.9535831000003
-1.0136960547454592 -0.6914795148264582 125.85055504462159 140.01811730000009
-1.0187488210553042 -0.8686186541336708 125.15236539956354 140.08333310000035
-2.838441702414798 -1.4231126998366732 125.8595991278798 140.14815420000014
-3.044701259120238 -1.4982266478229884 125.43100690859995 140.21175159999984
-3.51399621400752 -1.704213568873178 125.5507975466162 140.27755210000032
-4.4380088414172505 -2.153430336067585 124.66472946298722 140.34397919999992
-4.756269350833058 -2.2315103760337007 125.26344984098917 140.41025890000037
-5.154323865911628 -2.3298046622349 125.51546523672852 140.47633349999978
-5.7470035325358495 -2.530584764162583 125.3568858243696 140.54041159999997
-5.785314930916371 -2.5335567851177507 125.35157739272523 140.60601029999998
-5.785314930916371 -2.5335567851177507 125.35157739272523 140.6713367000002
-5.2416631884191744 -2.4281749438887723 124.28431370907344 140.7364319999997
-5.3685475247448835 -2.4064398816614747 125.34602530402911 140.80043409999962
-5.168561284342694 -2.313304011888284 125.0731396929692 140.86440700000003
-4.892392767818009 -1.9700271775374234 125.36430402135542 140.9310287999997
-4.798879600045716 -1.9053603238988308 125.38997808798577 140.99572739999985
-4.375710572047879 -1.7464355142333434 125.15534739490653 141.06205390000014
-4.375710572047879 -1.7464355142333434 125.15534739490653 141.1265354999996
-2.6313618426964496 -0.9378484599328655 125.74484040828118 141.1920455999998
-2.168662963321488 -0.6348176197411338 125.54476450438015 141.25756850000016
-0.6596308534368731 -0.055034767377964644 126.02642882325038 141.32340879999992
-0.20651949440554773 0.05440232558403424 125.1528232666786 141.3891137999999
-0.20651949440554773 0.05440232558403424 125.1528232666786 141.4530480000003
0.15380383838726175 0.3473503524381938 125.47735452015621 141.51842380000016
2.5814382255821826 1.1890573991016495 126.18595458674412 141.58258839999962
2.9654769052805463 1.3418358261721752 125.13586073090372 141.64755609999975
2.9832219452867577 1.447432391640263 125.78186873293429 141.71268820000023
4.012107795569179 2.010887768859189 126.25840143139136 141.77710910000042
4.439711556506047 2.12155943599722 125.65069794111547 141.84329100000014
4.607076546125803 2.4576921180040983 126.16589683084264 141.9080057000001
5.567964206246309 2.876028074770578 126.49440019793015 141.97348520000014
5.57025262192392 2.834213614161067 126.3864948465859 142.0385554000004
5.740007195407237 2.8340150839733305 125.88526396414646 142.1033213999999
5.470170465857763 2.82927058463448 126.90927790998214 142.1700893999996
5.657586387732032 2.689937658104797 125.90963685414239 142.23440779999964
5.674826638516677 2.666792574784546 126.57658119733023 142.29980650000016
5.299288135469212 2.086590773104754 126.42762330124837 142.36462380000012
4.966900851578814 1.8989790781326414 126.51726087691057 142.4301274999998
4.0773931432840484 1.413123918789676 125.8326610352001 142.4966876999997
3.590630689137271 1.3081886933258202 125.76790401907478 142.56020809999973
2.934370245039311 0.8280204067694825 126.57139611248344 142.62544040000012
2.3966008384908832 0.7118604891460385 125.93997424596063 142.6897871000001
1.9461539704164181 0.4744649490735645 126.0217149386665 142.7545129
0.14179120690092617 -0.22383969907287327 125.5891451728912 142.8188258
-0.39746219197058963 -0.5843613022091069 125.66828188965415 142.8850235
-1.3577752689435343 -1.0513639421166983 125.39065578090519 142.95034920000035
-1.79858918902665 -1.061579546229186 125.6652605983631 143.01488749999953
-2.4934734970061214 -1.4428336388169845 125.07617347731278 143.0789824000003
-3.050499014501021 -1.4600645352129522 125.8763810343279 143.14598690000003
-4.257248031853557 -2.047864603919436 125.19020916334495 143.21156429999974
-4.257248031853557 -2.047864603919436 125.19020916334495 143.2756373000002
-5.008023203896251 -2.3403386610184405 124.5785902077303 143.3410229000001
-5.272630393442121 -2.3607499011637656 124.92740962393098 143.40654939999968
-5.41941696836745 -2.4373761414905704 125.07859506007762 143.47053510000023
-5.785314930916371 -2.5335567851177507 125.35157739272523 143.53735940000024
-5.649650190387 -2.4844482728455954 124.93833622859084 143.6011226999999
-5.649650190387 -2.4844482728455954 124.93833622859084 143.66712420000022
-5.398862926289816 -2.4303492378031097 124.554042366563 143.7327347999999
-5.218618421200269 -2.158187499808003 125.4064748160518 143.79809169999953
-4.980591729963741 -2.079368974884133 124.68130343632821 143.86291139999958
-4.701447743469643 -1.8055136804686485 125.27227728585392 143.92834980000043
-3.5165638363471814 -1.4249945568832394 124.40976807653819 143.99218719999953
-3.49934995629242 -1.2288890975762001 125.70959755496285 144.05691529999967
-3.1577796845985873 -1.1270124616324884 125.7525892313901 144.12115639999956
-1.5861323347031373 -0.4494290543320062 126.33599480611608 144.18670240000029
0.06664734216789014 0.06759266515588958 125.11362657188113 144.25168899999971
0.17108224530391425 0.042690980936763046 126.34909389287085 144.31611809999958
0.935477730236002 0.3630091771378427 125.76135175391367 144.3807700999996
1.6140940612104941 0.8538967997893898 125.16303173416327 144.44661970000016
2.014127548771654 0.9519833597144555 125.65136971468988 144.51081669999985
3.200675327073725 1.53571632499408 126.26194437065926 144.57545579999987
3.959798699428923 1.8970860329262722 125.21999836693753 144.63946889999988
3.9415958337259767 2.105190631779888 126.77190012562009 144.70584450000024
3.9415958337259767 2.105190631779888 126.77190012562009 144.77174490000016
5.388212096038494 2.632122921489858 125.31595203362697 144.83810410000024
5.213937154173934 2.7629217908024524 126.60997024583497 144.9047504
5.4751496607593 2.6091034759562253 125.86771659558934 144.96991499999967
5.57025262192392 2.834213614161067 126.3864948465859 145.03407340000012
5.66154482032745 2.917399693855992 126.60540508995976 145.09993870000017
5.703959207757173 2.7061675410095303 126.38338109556011 145.16422049999983
5.572128026568095 2.3236551901234757 126.37464768350095 145.2296978000004
5.546008124486143 2.1619748319404546 126.1853906011337 145.29474200000004
5.248013271403309 2.079760582844923 126.33837506778251 145.35917270000027
3.883148602109756 1.3475246045660088 126.67936145962102 145.42523489999985
3.8504269945394114 1.2586753594921138 125.47607451983237 145.48915339999985
2.9977255245892565 1.0374653164723557 126.80975404448475 145.5549490000003
1.6968880234960508 0.28896773441513535 125.61543711936713 145.62003879999975
1.2072691026524112 -0.02174465279783455 125.53214942260787 145.6851256
0.552645127795941 -0.1448253579263471 126.00490158403504 145.7495141999998
0.162470405256812 -0.30762876066998535 125.68738761727674 145.8151656
-1.2793168307523572 -1.0531316710752958 125.25897134956895 145.8813043
-1.5699996972811476 -0.9725805346656075 125.10928150867396 145.9458768000004
-3.4260182011487714 -1.6702887984406365 125.86431738935374 146.01027489999979
-3.6256065620121163 -1.8458944373968689 125.43249150104013 146.074834
-4.0245584185238314 -1.9379967206096218 125.83900253086591 146.13999729999978
-4.3249130350573495 -1.9897814549609865 125.81240271862698 146.2050747000003
-5.258907855640871 -2.404410346574947 125.66235562173692 146.27027590000034
-5.272630393442121 -2.3607499011637656 124.92740962393098 146.33508520000032
-5.283172073012331 -2.3887279338238825 124.66146718088262 146.40026169999965
-5.5866692934881215 -2.4215640414514588 124.55869389181075 146.4645999000004
-5.5659348676789975 -2.433807675380625 124.56669993384898 146.53066390000004
-5.862626475775755 -2.465059382428697 125.39839807841302 146.59473809999963
-5.830637994047045 -2.2606343086812006 125.21639198140471 146.66042689999995
-5.708141234902499 -2.232896043124981 124.99420991502278 146.72406070000034
-5.625576627250517 -2.144194599541816 125.4330521487482 146.79062220000014
-3.964208460972877 -1.5215303384641743 125.53773729720677 146.85609159999967
-3.704578241247887 -1.5359328847272646 125.3591452198738 146.92132349999974
-3.1832175397751143 -1.2845747409379351 124.33562891779337 146.98654460000034
-2.0136581693321602 -0.6248586489232727 125.70319179290024 147.05260350000026
-1.6774320079178011 -0.5243266900314164 126.07959116751935 147.1171532999997
-0.5052916415070001 -0.251927654971593 124.39177615262334 147.18235699999968
0.6595844707071805 0.47755774402012074 126.07753800037743 147.24730269999964
1.2642766204731046 0.5861520106129857 125.44071799290448 147.31243240000003
1.3884235071772366 0.7657232880959227 125.99178496542434 147.37767609999992
2.074775212751888 0.9264542482402489 125.39975937731745 147.4432637
3.122584936025163 1.5690330403463668 126.18938136878397 147.50880580000012
3.557556625565404 1.8122429120511692 126.12602393786942 147.57532609999998
4.070315834463514 2.0859373257503147 125.72039338486618 147.64058250000016
5.0323868282728625 2.4772800818705645 125.9568516204525 147.70552589999988
5.234916927361937 2.752046139862973 126.27003574522294 147.76997240000037
5.0848931175000445 2.6886192049131066 126.88197820431884 147.83546000000024
5.57025262192392 2.834213614161067 126.3864948465859 147.8997900000004
5.57025262192392 2.834213614161067 126.3864948465859 147.96462960000008
5.403716334926834 2.81332409212315 126.96442124272497 148.02977139999985
5.470636338272769 2.43802995331553 126.87921411583994 148.09401179999986
5.730119202864024 2.3559945024094824 125.85724332837131 148.1590011999997
5.525822751465974 2.128323118801435 126.47554334681021 148.2237384
4.738408617971473 1.8047466461694883 125.97241701197106 148.2884052999998
4.0521602198836675 1.5032546440545542 126.7727365407817 148.35436690000006
3.649376752322034 1.1711077198365842 126.29276656252623 148.4195980000004
3.4037156846101198 1.1766627063478923 126.19217060090755 148.48557340000025
1.7753272326937832 0.2526649984365816 125.83870241378125 148.55100700000003
0.9926580688290443 0.05340315591409861 126.44541191181833 148.61609940000017
0.7073205913927154 -0.09656314146871814 126.00283403533442 148.68041100000028
-1.117264666786724 -0.7110124516500315 126.2969496036262 148.7447327
-1.3541205698464296 -1.0041581430167676 125.79194051297578 148.80861840000034
-1.6196346280583782 -1.0842095576358841 125.40891600971196 148.87478929999997
-3.308370026271376 -1.6513685404170584 126.01041653648693 148.94101339999997
-3.5245653155594 -1.765446869022083 125.4353822020667 149.00596029999997
-3.85126888060973 -1.9542107150122283 125.47912689005408 149.0700568000002
-4.700002395993437 -2.246310134090347 124.89055835668786 149.1347770000002
-5.258907855640871 -2.404410346574947 125.66235562173692 149.19905039999958
-5.475136974461314 -2.4531319838739485 125.61188744217297 149.26521109999976
-5.785314930916371 -2.5335567851177507 125.35157739272523 149.33026160000009
-5.785314930916371 -2.5335567851177507 125.35157739272523 149.3963792000004
-5.785314930916371 -2.5335567851177507 125.35157739272523 149.46233930000017
-5.785314930916371 -2.5335567851177507 125.35157739272523 149.52843810000013
-5.649430522674052 -2.359527813056718 124.93611156018144 149.59364069999992
-5.803686328600591 -2.2051708644344266 125.40578984055422 149.65881919999993
-4.845802680812696 -1.8456720254080796 126.11946216627543 149.72374839999975
-3.9755977960463795 -1.5753088664106865 124.3887269034119 149.79009060000044
-3.8544594850598557 -1.5212495688496648 125.36762602977716 149.8538921999998
-3.8544594850598557 -1.5212495688496648 125.36762602977716 149.91907720000017
-1.9208129448404492 -0.6422480241614933 125.47240423239808 149.9859150000002
-1.8679316558114323 -0.5459955639632549 125.97829858121146 150.05029840000043
-0.9741931260267407 -0.418135700740092 125.01083526195208 150.1150859999998
0.9417569820716025 0.5395754628508814 124.20824453295113 150.1807146000001
0.9417569820716025 0.5395754628508814 124.20824453295113 150.24649640000007
0.9245544401326953 0.610040884786285 126.02034380322976 150.3103033999996
3.1802056991273204 1.6300527918935477 124.77660757458153 150.37647350000043
3.1904095195559776 1.6342256787796894 125.46376051285257 150.44278049999957
3.6104044682457825 1.6628081550643217 125.48071883283554 150.50846199999978
4.563347470956231 2.0986043289793983 125.84760431166612 150.57377240000005
4.607173924239049 2.3257148490066664 126.35224016318561 150.63873479999984
5.061536914575768 2.605451265756939 125.87387295297306 150.70324410000012
5.8003246756844575 2.906289936374348 126.04805550143271 150.76813820000007
5.505818447862808 2.7742500812187907 126.57195348062561 150.8324733999998
5.516426278765515 2.839259464614249 126.81099862596923 150.89815029999954
5.512955846866269 2.6996059534971133 126.43691869079899 150.9631588000002
5.580547076224647 2.4326854261192703 126.05304461047851 151.02904359999957
5.591230099452737 2.399616485664804 126.2076802372584 151.09430150000026
5.851973442897759 2.358514112788549 125.94251950732877 151.15911649999998
4.5448573250778495 1.6968701515872637 126.27403108262355 151.2243771000003
4.02533016398786 1.4690943232916682 126.7404424459701 151.29050949999964
2.9246417063052874 0.9972263124088055 126.53339405823266 151.35518169999978
2.3885947728585393 0.7609574092652883 126.719306920749 151.4196990999999
2.0743577394352073 0.46405581749052927 126.14826374623084 151.4849376000002
1.1373723615920284 0.14787990740088164 126.28675720832987 151.54953999999998
-0.5054515330415867 -0.6015806394748485 125.98636517485653 151.61456670000007
-0.8573147010209468 -0.728420909174767 125.7490580393262 151.67943120000018
-1.9521946180737686 -1.1273529306436463 125.406695050681 151.74373209999976
-2.4938470677247153 -1.379605819603082 125.82542121287199 151.8086927000004
-3.044701259120238 -1.4982266478229884 125.43100690859995 151.87485749999996
-3.553349532200045 -1.6700837193032392 125.86936655640069 151.94040469999982
-4.3748505176346555 -2.058988534272263 124.84736961142677 152.0066354999999
-4.3748505176346555 -2.058988534272263 124.84736961142677 152.07488360000025
-5.570969985026103 -2.4411760221264083 125.57201485964717 152.13848810000036
-5.610339399358445 -2.4659320265873435 125.3924149049101 152.2030461000004
-5.649650190387 -2.4844482728455954 124.93833622859084 152.26835550000033
-5.785314930916371 -2.5335567851177507 125.35157739272523 152.33301889999984
-5.615454610506873 -2.4955731451306216 124.90614383111522 152.3981205
-5.615454610506873 -2.4955731451306216 124.90614383111522 152.46400950000043
-5.785732543476321 -2.4082342030256463 125.35129148677282 152.5288569000004
-4.964500704109454 -1.970062406473207 124.61585692160665 152.59456239999963
-4.690717092556859 -1.8758707957790786 125.52492082671785 152.66098059999968
-3.7080225689350783 -1.6298730844643048 123.93143222888196 152.72634219999964
-3.3491309514346597 -1.202839342708542 125.27938944642695 152.79049430000032
-3.136573295628395 -1.0783016568629242 125.87647583755995 152.85599569999977
-2.386023744937283 -0.8211835679967975 125.18841769818795 152.92187410000042
-0.7924831543153914 -0.1839803821729662 125.6065189090089 152.98703730000034
-0.6643533465867932 -0.2480363103978298 125.866928912441 153.05286009999963
0.14467176043412877 0.3834580155317354 126.04776826795744 153.1171389000001
1.9433770807906896 0.8728105007435115 125.76323674207285 153.18167559999983
2.3887958896086374 0.9639388652624412 125.5557762804452 153.24767059999976
2.699195453185382 1.314024936035583 125.84040003694999 153.3129557000002
3.8106212212183834 1.8763569012448937 125.90729085351238 153.3782213000004
4.160432463162991 2.080100782622921 126.09508812946987 153.44338719999996
4.7153460865366625 2.3848327543336176 125.82143276157167 153.5096040999997
4.7153460865366625 2.3848327543336176 125.82143276157167 153.57469219999984
5.317797437325247 2.782290394402524 126.12200598677175 153.6405751000002
5.2692297155745536 2.699030326587151 126.64251703133108 153.70596970000042
5.548457177223703 2.8350614185479253 125.80813517908496 153.7710631
5.542484473238439 2.8578572131186135 125.93413764981476 153.83448080000016
5.362863862544216 2.767089401552609 126.73673705185607 153.90073260000008
5.427342690160842 2.684918708972679 126.79382238469044 153.96662629999992
5.507020072113178 2.151264293868016 126.04443452327968 154.03231659999983
5.2171562457510845 1.9371872951279165 126.44447199225925 154.09847100000025
4.911215473797142 1.9493608287135742 126.49695309452927 154.16434050000043
3.555642618646523 1.2456845219355004 125.91022478201405 154.23015610000039
2.993995596847114 1.0459098576004335 126.1130074274496 154.29606069999954
2.8475683700891707 0.821010458993555 125.46424456617677 154.36153550000017
1.118485557403794 0.061499124124670845 125.77712939312913 154.42624940000042
0.386063119767762 -0.2271466866785058 126.0998208579244 154.4912919999997
-0.051788204863655096 -0.35184383851109235 126.01010174937704 154.55571369999961
-1.3130880482041931 -0.9741761449705187 125.52768843301185 154.62052089999997
-1.8197012171196434 -1.1849424239792152 125.7431995327897 154.68490180000026
-2.4494332882616945 -1.3423495860001418 126.24917510650113 154.74929169999996
-3.787905966219924 -1.7525515202600097 125.5482904299445 154.81388630000038
-4.151773907139884 -1.9375975226973505 125.84394074868338 154.87969160000011
-4.230110712601828 -2.029894616367747 125.09180725556571 154.94576789999974
-4.552342002837364 -2.099904128401528 125.35161829179928 155.01264699999956
-5.328185922171741 -2.3689168101283564 124.90800020975486 155.0771396
-5.148068075051917 -2.3970898197253265 124.12472267288808 155.14337199999954
-5.3976764123145955 -2.4297043002947274 124.26353708025582 155.20865440000034
-5.747215193293144 -2.4862213636748485 124.99772247047328 155.29048330000023
-5.7470035325358495 -2.530584764162583 125.3568858243696 155.35515419999956
-5.183690547726144 -2.217512386754519 124.96599170297229 155.4205850999997
-4.953880228142907 -2.1104226906102004 124.97373413181687 155.48598070000025
-4.769355167485749 -1.9875347560183334 124.90815783891328 155.5520591000004
-4.253032402040951 -1.4984654327126794 125.77544979995028 155.61756669999977
-3.8295659347536173 -1.4307547390397777 125.46558967438864 155.68246069999987
-3.353267282661264 -1.184974372881555 125.2258523994282 155.7476144000002
-2.9019440119624917 -1.0656626125475248 125.25165207409184 155.81304480000017
-1.2124051309455197 -0.3841586189157903 125.35022985069128 155.87772659999973
-0.598231726872605 -0.23960295598282177 125.12969349485495 155.9427796
-0.3947174202130057 -0.07673514243336566 124.94070878802374 156.00844080000024
1.0847275779442427 0.6474841649503398 126.11607608689141 156.07407969999986
1.5094881389637038 0.8111716514378948 126.24234295020831 156.13886829999956
2.2695316759760047 0.9690656642603344 125.08659874369854 156.20477980000032
3.370403898684323 1.6101558761326111 125.53298202760563 156.2710218000002
3.6004141714399864 1.9433768815071444 126.27916174665346 156.33697690000008
4.115915239380719 1.8925440298165443 125.70374312147855 156.4028245999998
5.018435428155982 2.545467767391578 125.93389075611968 156.46716480000032
5.021804001411844 2.5657074104264965 126.59740652734098 156.53142730000036
5.186149966519572 2.7050190756744197 126.39902241473868 156.59644620000017
5.470170465857763 2.82927058463448 126.90927790998214 156.66224440000042
5.512012226600348 2.7662823213565404 126.70863186715562 156.72837379999964
5.7417838268785815 2.9019898741593235 126.37780226024087 156.79289179999978
5.469724906099714 2.6989174751380305 126.90159626689356 156.8578663999997
5.783206847251151 2.24433143494785 125.64284886344285 156.9235117999997
5.748278951977525 2.2168449565140236 125.50724219888379 156.9885363000003
4.466132603210795 1.5624688071960848 125.94704126356282 157.05412809999962
3.958110034017075 1.1947095234477538 126.09680674018009 157.11909230000037
3.7683490148156977 1.334322085342012 125.81938692444844 157.18450930000017
3.110584502309379 1.0385239168316016 126.44323701870505 157.2504012999998
1.4572202897160906 0.209519376367315 125.8283302335229 157.3167139999996
1.118280765911706 -0.0185778924797374 125.71379691746858 157.3814900999996
0.4740571746283351 -0.1456574416628006 126.14252618783229 157.4475266999998
-1.161221556476292 -0.8135615995378126 126.02151933565483 157.51275369999985
-1.50686352730348 -0.9567641781777451 126.19613577281407 157.57941539999956
-1.823015722227943 -1.0453965001508982 125.82535358228 157.64380119999987
-3.472379568560804 -1.674466711012566 125.87896930518244 157.71002990000034
-3.770006183988677 -1.8352069114320697 125.7044708368573 157.77479229999972
-3.7912069722866804 -1.9269533450819463 125.16733837735985 157.84080879999965
-4.8926695578099455 -2.2207837920078473 125.36829399434713 157.90702710000005
-4.951398024920586 -2.3169140764131435 125.05117391335894 157.97346689999995
-5.129666033355427 -2.323537888888633 125.02613210560557 158.03896410000016
-5.6388662506578555 -2.424159133050411 125.17639430353988 158.10509769999953
-5.615454610506873 -2.4955731451306216 124.90614383111522 158.17051319999973
-5.546127768863208 -2.4526586976653038 124.63299203348895 158.23539900000014
-5.4576051072195355 -2.358721836318827 124.9922802100876 158.3006207999997
-5.397988782919086 -2.235421173041603 124.92804498260651 158.36658329999955
-5.366243404559754 -2.162670056124671 124.73403519972572 158.43105519999972
-4.5571700450804045 -1.75478589932615 125.41748090494085 158.4952489999996
-3.9206196174792822 -1.5486810688385826 124.59706914781641 158.5608844999997
-3.881941820230459 -1.459504864718896 125.6704369285928 158.62661070000013
-3.2333607066733023 -1.193951738464449 124.92383154879492 158.69253310000022
-2.074470234149956 -0.6674515051976334 125.96682596526989 158.7590141999999
-1.17951098187541 -0.4330258153884762 125.06050617050282 158.82412600000043
-0.6876842183216638 -0.10780466078709283 124.94740640030535 158.89045160000023
0.8287636747676288 0.47453804125835786 125.79856014378188 158.95621670000037
1.6879083631102603 0.6410972272781782 125.05508419168588 159.02244830000018
1.6879083631102603 0.6410972272781782 125.05508419168588 159.0880917000004
2.879350705411433 1.3211126205242634 126.19801193510096 159.15286800000013
3.5492512302805252 1.5529431521402133 124.62012536690462 159.21902520000003
3.517898129394993 1.8719533514190663 126.3300172478259 159.28498169999966
4.812381029179484 2.3518631997337445 125.86044749374628 159.35119750000013
4.812381029179484 2.3518631997337445 125.86044749374628 159.41643269999986
4.972757670590553 2.4991040548587415 126.56475142245313 159.48256700000002
5.732148569978904 2.862819840225633 125.84778428270438 159.54754349999985
5.5768851964752955 2.7698346815682724 126.61621685767122 159.61223940000036
5.470170465857763 2.82927058463448 126.90927790998214 159.67695319999984
5.57098566144861 2.578948487340185 126.38138345944245 159.74139829999967
5.629909188804994 2.601689512656656 126.36890366347339 159.80689729999995
5.520773630062607 2.3820154526150312 126.67020434609594 159.87243750000016
5.070677379511153 1.6415487334270198 125.30275310351752 159.93676950000008
4.553051378708517 1.7633982694447954 125.94204536686834 160.00118209999982
3.2920834467123115 1.1928610691723627 126.48537458730902 160.06821750000017
2.9641025149383466 0.8532582288187318 126.33789984960796 160.13414470000043
2.4635059267485175 0.6913719805966314 126.00945256558182 160.1984252000002
2.1260149254323792 0.609676396134379 126.13337886357783 160.26360159999967
1.1742301666160202 0.0897587935789036 125.74847908014031 160.32867400000032
-0.6272734798278989 -0.6311458543474128 125.58035383393862 160.39403700000003
-1.069436275087341 -0.7900958653921958 125.8290467287633 160.45953370000007
-2.1277641845983197 -1.2331793023918398 125.79687127934827 160.52418829999988
-2.5043695040631704 -1.3332943398100707 125.43911806727448 160.58965069999977
-2.927713777375665 -1.4401868811733163 125.80903126668407 160.65630169999986
-3.5661729573735528 -1.6123989698735897 126.45589204595112 160.7206530000003
-4.529639486233606 -2.1402173179470463 124.88073348650957 160.78499329999977
-4.813230661924962 -2.2971711306282354 125.10222838960075 160.8505482999999
-5.59696657578332 -2.4076903014402893 125.41857574672896 160.91519419999986
-5.615454610506873 -2.4955731451306216 124.90614383111522 160.98091709999971
-5.53343286804715 -2.3878248866261518 124.66620115647092 161.04689549999966
-5.5659348676789975 -2.433807675380625 124.56669993384898 161.11179900000025
-5.708787672404746 -2.3578717715583877 124.99774541595418 161.17724559999988
-5.708787672404746 -2.3578717715583877 124.99774541595418 161.2426819000002
-5.608179558721304 -2.2046080412324605 125.45204871616089 161.30698510000002
-5.037087152568951 -1.887968022726199 124.89690417151921 161.37202049999996
-4.881652958657369 -1.8249741615987567 125.023988264609 161.4377187
-4.094631099660781 -1.5564631286107962 125.4192934783319 161.50272219999988
-3.284537734334421 -1.1267764515792043 125.75624176356864 161.5691343999997
-2.5436476243620447 -1.0533213315018073 125.09331866523246 161.6346149000001
-1.8556532818270242 -0.6861311903972674 124.6220981340832 161.69954659999985
-0.33263034006741066 -0.020208801858115688 125.59754305153378 161.76532640000005
0.2134096049599279 -0.16534949997897586 125.20837349488617 161.83085579999988
0.5446982807964602 0.25107476528984873 124.75926053868542 161.89604400000007
1.769842617940192 0.8394789469236319 126.35251558965437 161.96202139999968
2.4763900189796857 1.07183995009215 125.42662406864824 162.02749889999996
2.6686408643458748 1.3261731963506944 126.18062889569495 162.0935956000003
4.17957150869394 2.0560589439586576 125.46178855250773 162.1584038000001
4.15261990250378 2.2295436667625803 126.436063339012 162.2238322000003
4.510363552617328 2.37849816020182 126.51007926638003 162.2891652999997
5.247503932334666 2.590842031251898 126.14678697991991 162.35570139999982
5.550402935983492 2.5978431779041964 125.63586721655118 162.41988760000004
5.599169137222383 2.7457965825232424 125.70362499208728 162.48645870000018
5.637257484691865 2.826539412142437 126.89363105420476 162.55239489999985
5.378851520124172 2.6340815093546945 126.91817604120709 162.61780160000035
5.356690652101975 2.5394601900874294 126.93726525868912 162.68296069999997
5.666114467704347 2.3082643347923604 125.87253325567863 162.74784350000027
5.4479496397203775 2.2468918641024254 126.40136083715933 162.81289190000007
5.186628492443518 1.9453428464151146 125.91850114894143 162.87851200000023
3.9433416440216504 1.4129475472102828 125.86604178717933 162.9442310000004
3.2747751475632754 1.1225036224084612 126.21055719316455 163.00904509999964
2.9479015726814666 0.9707020837763366 126.05436694418489 163.07392590000018
2.4093827791977134 0.6290613201024313 125.9789425278361 163.13936639999974
0.675314134037535 0.065387478717718 126.3996088865065 163.20516849999967
0.36226087673327356 -0.2486481048830198 126.07554639742199 163.2713402999998
-0.17639889940728892 -0.47881505464661045 126.00504750072386 163.3366600999998
-1.4305655958121477 -1.1130264624321264 125.1936283202415 163.40303060000042
-2.011508356806374 -1.1696518669979432 125.75355873147164 163.4672528000001
-2.395017451094162 -1.4118697278688535 125.58461891801464 163.53176619999977
-3.8706689085630117 -1.8464930128760502 125.55415679329585 163.59708219999993
-4.017143460888683 -1.9965231191623167 125.0978585984538 163.6628522000001
-4.306125049054529 -1.9927594847771042 124.89489452302048 163.72900219999974
-5.132662385293578 -2.384004208404482 124.7627646759442 163.79432139999972
-5.364709158107793 -2.3716930091601167 124.8997483195542 163.8590210000002
-5.489924505092205 -2.496040698060984 124.90328785782258 163.92472499999985
-5.785314930916371 -2.5335567851177507 125.35157739272523 163.98959529999956
-5.615454610506873 -2.4955731451306216 124.90614383111522 164.05531729999984
-5.6217251807360995 -2.486656262021177 124.99522685271239 164.12150779999956
-4.852635758207214 -2.2176097478090653 125.36812610327434 164.1860499000004
-4.76649200362089 -2.0958198540048723 125.36335983192993 164.2511797999996
-4.439607324599741 -1.9492873153574934 124.46282756127466 164.3163027999999
-3.932968344467035 -1.460076959615873 125.47277079757274 164.3822957000002
-3.4809861353900544 -1.327853008516461 125.35772461204031 164.4483436999999
-2.947952945953091 -1.1221968509304556 125.19730138256463 164.51321600000028
-2.797630243804555 -1.0596654940488097 125.5075775109379 164.5784660999998
-1.2456268179731325 -0.34982929790550654 125.34186310216438 164.64447930000006
-1.1203150107178885 -0.2324115541879982 125.92422576214518 164.70875559999968
-0.5199984710970824 -0.06601163174468827 125.8550193023315 164.77352379999957
1.3608640910514325 0.7798372522465915 125.25531264317938 164.83903649999957
1.5789341655512672 0.732826371947271 125.97776303817132 164.9059685000002
2.436845192992344 1.1541314012618709 124.62450509939781 164.97162839999964
3.387153212210258 1.8699126497198861 126.3400108467542 165.03699460000007
3.7042131740564486 1.8510121173198546 126.37116959850434 165.10227020000002
4.375537184090788 2.1740684902747236 125.60331530063912 165.1667127999999
4.975241871668267 2.820446033998087 126.69064599280142 165.23108219999995
5.266210531376835 2.7729102910482366 126.78487541971256 165.29693810000026
5.502005485335204 2.787898260906003 126.06969257019065 165.36144609999974
5.512012226600348 2.7662823213565404 126.70863186715562 165.42653400000017
5.470170465857763 2.82927058463448 126.90927790998214 165.4926421
5.470170465857763 2.82927058463448 126.90927790998214 165.55669450000005
5.514885021429684 2.6381394998663996 126.6959379854608 165.62323920000017
5.6931030350993765 2.2907964837992028 126.5360826163095 165.68818980000015
5.521281278155492 2.1129093743256346 126.17665113273638 165.7537339999999
4.206023310817812 1.5092521620118786 126.65450411004042 165.81891749999977
4.05946083400498 1.4180566568473512 125.84180070990622 165.88512360000004
3.4188143830372013 1.13549903629046 125.97508534297938 165.9511491000003
3.1506619705606482 1.0758769352767412 126.01760051371997 166.0173451999999
1.2614284240008544 0.24607504864809243 126.15490146509592 166.0834777
0.7851029560632696 0.0639463223135921 126.61074088847849 166.14748210000016
0.4415583575398898 -0.16891304965065168 125.86431606769804 166.21320019999985
-1.0512226120855033 -0.8332238752293705 125.46608227144787 166.27772800000002
-1.3672287735228323 -1.0206960547260095 125.46868983503632 166.34325929999977
-2.027753994988366 -1.122361902956595 126.26566231871466 166.40938629999982
-3.5339086077645305 -1.7662526807754677 125.96757859913777 166.47523069999988
-3.78169863516068 -1.8490973189357258 125.53862296893936 166.54122730000017
-4.087751353565352 -1.9542540042947367 125.65408171815947 166.60651619999953
-4.990249796760843 -2.2525759781703076 125.09811174432217 166.6725534999996
-5.113634960058285 -2.3726143705949 124.89388006853459 166.73658890000024
-5.523043336903392 -2.4693970290468212 125.38637807130299 166.80241529999967
-5.649650190387 -2.4844482728455954 124.93833622859084 166.86736839999958
-5.615454610506873 -2.4955731451306216 124.90614383111522 166.93243119999988
-5.785314930916371 -2.5335567851177507 125.35157739272523 166.99742499999957
-5.2478188513099795 -2.270765740747585 125.42796565346215 167.06195800000023
-4.714934006522938 -2.184920769163762 124.47765844915288 167.12745730000006
-4.919943838453548 -2.0821590253789926 125.38099296923005 167.1919115999999
-4.867753699154484 -2.0207849927423 125.4110667451931 167.2589264999997
-3.963827379508132 -1.4748654032371795 124.91759866800477 167.3246369999997
-3.5274127964681554 -1.4182199398971518 124.84497175372209 167.38919239999996
-3.3352423143311682 -1.1909936969187425 125.30757258339482 167.45352360000015
-1.8191396529501702 -0.5204052928587438 126.15575078604444 167.51969459999964
-0.9747231815926511 -0.369371800408376 125.00203387362893 167.58579379999992
-0.7231552552077574 -0.15594632109989126 125.44990088456295 167.6492446000002
0.42657812420562635 0.42312462539822193 126.33707914035277 167.71338920000017
1.4640637437615638 0.5894902333477974 125.14339100630446 167.77900450000016
2.372482545191481 1.0557691164868246 124.51182932294257 167.84473230000003
3.0521595107446586 1.6002458498447663 126.45999914046688 167.91085639999983
3.7003340137656693 1.685731179125256 125.55769765815499 167.9768455000003
3.883469440788687 1.9655570781490947 125.54321931790457 168.0419877000004
5.044976215878975 2.346497968009035 125.64726106208549 168.10816419999992
5.146856257081247 2.5157985928776303 125.76517438022283 168.17345970000042
5.146856257081247 2.5157985928776303 125.76517438022283 168.2390204000003
5.449492589705535 2.7692719838894426 126.61677745986785 168.3046489999997
5.588070899643668 2.804258535849078 126.19686953713827 168.36939820000043
5.615736613786318 2.9997867475993214 126.78655890810286 168.4341387000004
5.392361279110723 2.382195111947389 126.67655212817245 168.50047879999966
5.392361279110723 2.382195111947389 126.67655212817245 168.56626880000022
5.547505378806925 2.2902106188944393 126.03650381272122 168.6313280000004
5.547542276602314 2.3073960067195447 126.01376686892738 168.69702890000008
4.4095171447389205 1.5712117043182046 125.66489416495305 168.76168620000044
4.24189129343101 1.4538184273435544 125.58918359397994 168.82658660000016
2.632557854593692 0.8065121848428287 126.1666896978908 168.8912762
2.3615287773721363 0.5999540166300437 126.03514101100046 168.95623009999963
2.060898142679811 0.51289567316486 126.05195457408172 169.02189089999956
1.5336646080424643 0.3169740518604095 125.8125772476231 169.08688220000022
-1.0276404778698947 -0.6276159211237545 126.32868161858849 169.15091800000027
-0.9276792501826989 -0.789112536799225 125.03559247643828 169.21683080000003
-2.4494332882616945 -1.3423495860001418 126.24917510650113 169.28194340000027
-2.553079714558855 -1.4701073150813895 125.39684778788907 169.34628189999967
-3.09190920040799 -1.5489345426615047 125.86722633854461 169.4121851
-3.353456920599683 -1.6370357199782246 125.41790109288489 169.47744890000013
-4.764542507177524 -2.18215872160443 125.45933836422998 169.54145489999974
-4.991888949590383 -2.267259642422885 125.20507982490284 169.6073035999998
-5.216043133549974 -2.2856579694626706 125.25810787154781 169.67342730000018
-5.5838221882355015 -2.483276034311746 124.99851008297972 169.73739190000015
-5.615454610506873 -2.4955731451306216 124.90614383111522 169.8022559000001
-5.649650190387 -2.4844482728455954 124.93833622859084 169.86687840000013
-5.609566123325855 -2.3560366044531915 124.93479302643999 169.93089750000036
-5.609566123325855 -2.3560366044531915 124.93479302643999 169.99635940000007
-5.583198206475025 -2.358298299750662 124.99502984446976 170.06063319999976
-4.859764504154029 -1.8548450422910636 125.2531263956714 170.12722310000026
-4.724165026579989 -1.8548872255782864 125.92547795787651 170.19221449999986
-4.122865375366061 -1.7469033260000835 125.14583607905425 170.25631919999978
-3.228111963926061 -1.189143119187368 125.55355870354146 170.32174620000023
-2.640016873184159 -0.9282850948271039 125.69575930188542 170.38739580000038
-2.0198873384639597 -0.6811464993762119 125.0897016758665 170.45166140000038
-0.44661698262468974 -0.09934567332701927 125.3989057582347 170.51666939999996
-0.038034586385592206 -0.08111363113125691 125.41981409832471 170.58234269999957
0.4287354217418766 0.3533202112804427 125.36644289731214 170.6462005000003
1.9181205016517922 0.9244981657564348 125.7677026687263 170.7114719000001
2.424973972157545 1.1215855730487831 125.54296542457857 170.77566860000024
2.7828458179634836 1.3501535165437293 125.69086082140363 170.84066210000037
3.0602846744436434 1.4180312032358864 126.16705752020793 170.9066144999997
4.173280489710791 2.11298860836177 126.19235895073658 170.9728514999997
4.7750597181847 2.4085769096690157 125.99599054865074 171.03839830000015
5.1858544318410935 2.6364172949922278 125.88063167397087 171.10476879999987
5.314268927160896 2.7054947791132387 126.39405228719278 171.17015660000015
5.499414837267146 2.8460647320122296 126.15380577042046 171.23444800000016
5.546220885235812 2.8976840838633886 126.8750902985824 171.30070859999978
5.469724906099714 2.6989174751380305 126.90159626689356 171.3656504999999
5.670129203670321 2.5608459061170903 126.02819530025921 171.42893989999993
5.785238323811598 2.554403341156752 125.45372263094426 171.49489019999965
5.444290756893373 2.192252315537721 126.03098195019547 171.56035510000038
4.999082773195781 1.8960284532330514 126.05220749616214 171.62559239999973
4.844683032310257 1.6769500123525312 125.97810930623449 171.6896840999998
3.1462461927088015 1.182585008040515 126.65229999202776 171.7554024000001
2.7048053823596874 0.7488704028116281 126.59351273449911 171.81960330000038
2.7150421658391295 0.6057989045843577 125.68456814628115 171.8845669000002
0.7618589706548704 -0.09714790967781306 126.12507908423152 171.9492505999997
-0.009950213221316062 -0.30184034634852697 126.66057650383335 172.0151982999996
-0.3634773381789813 -0.4331679267247951 125.9933660341264 172.07957960000022
-1.6395213905301205 -1.0371785568057477 125.56983639430649 172.14530430000013
-2.1357768628279175 -1.330157840295782 125.69700282169468 172.2096343000003
-2.179455717596319 -1.3063451306504499 124.78612763939141 172.27596989999984
-2.6970357683895827 -1.5170424890477774 125.31423182218145 172.3417317000003
-4.273745846389481 -2.0370291765884447 125.31276035250161 172.40768659999958
-4.5805859330167 -2.145914921866262 125.69342202791772 172.47188339999957
-4.675503309239659 -2.1299668796004383 125.01634704895449 172.53642709999986
-5.042483851349118 -2.38712618463099 123.86751173045572 172.60220029999982
-5.659247925316308 -2.533981839716888 125.34864299516043 172.6668049
-5.615454610506873 -2.4955731451306216 124.90614383111522 172.73189339999954
-5.7348643638916315 -2.4705790972506487 125.0080293483252 172.79718260000027
-5.709411858792684 -2.4828484651066995 125.0012198895398 172.8609961000002
-5.501697003964075 -2.4186478930312334 124.38972007542523 172.92633860000024
-5.613397807161725 -2.169436187600836 125.63304822773422 172.99253080000017
-4.804670069707676 -1.8832737396931654 124.8107552328196 173.0572616999998
-4.711890283252835 -1.8584709154080308 126.02350080377688 173.12247529999968
-3.2578195499512788 -1.266036482451828 124.77986937750534 173.18790910000007
-3.223006628938279 -1.1663179385756481 125.69550045635778 173.25314080000044
-2.601845854372165 -0.9476223244335141 125.14765278719261 173.3184070999996
-2.245320917078871 -0.8216146006223956 125.28940395155524 173.38452150000012
-0.48592984737905454 -0.1220685735045488 125.63057261995277 173.44865219999974
-0.16206433071091197 -0.01704469167746181 125.80836849524916 173.51393300000018
1.4624408210099844 0.808954476387023 126.25538950287421 173.5798203000004
1.898408028557931 0.9365944208935243 126.19711384615937 173.6443030999999
2.219835353368957 1.05919461963982 126.25275710711256 173.71029929999986
2.8659010242459786 1.3324696029955017 125.57169768485602 173.77608559999953
4.073802394983403 1.9820782515366266 125.89714925710713 173.8408413999996
4.334218805525616 2.1141729063209738 125.72995132466669 173.90607829999954
4.38871056009814 2.248140029037205 126.512985724069 173.97072659999958
5.399670393031904 2.7501654641498896 125.66565738914761 174.03467459999956
5.212541443298711 2.8209483688679873 126.89432415760591 174.10103739999977
5.468359014935338 2.7990918624850356 126.33711330813426 174.16596300000037
5.470170465857763 2.82927058463448 126.90927790998214 174.2300140999996
5.470170465857763 2.82927058463448 126.90927790998214 174.29644819999976
5.512955846866269 2.6996059534971133 126.43691869079899 174.3626215000004
5.525822751465974 2.128323118801435 126.47554334681021 174.42805469999985
5.465283620396427 2.1648635151203273 126.09141445611083 174.49298569999974
5.19262342409543 1.9129771178212818 125.78078289680921 174.55668260000039
3.56723462314217 1.2191034457202194 126.58816605915493 174.62305939999987
3.2173843134752573 1.1180584319673992 126.26366215021478 174.6895314000003
2.9742897249674343 0.8908064920706689 125.776829724419 174.7551252000003
2.763372810808839 0.7522671723738743 125.33857803795134 174.8212051999999
0.7408779531972414 -0.05458950943781482 125.9824162128036 174.8863097000003
0.31744529574704927 -0.20998899585523811 125.90872918302063 174.9516352999999
-0.14742000118186382 -0.4994935324815951 125.83052448397858 175.01662120000037
-1.6612656396383443 -1.0653156964099066 125.77113339568497 175.08251430000018
-1.9962306119866255 -1.2035842164997441 125.50550857467277 175.14803370000027
-2.321946762283112 -1.3088660594834307 125.1240103107373 175.21432360000017
-3.8315463518384902 -1.8582562614713516 125.3602159098777 175.27928249999968
-4.060320003304781 -1.8892967815446782 125.14595135915576 175.36006929999985
-4.886789263837109 -2.247092074612619 124.81887526125315 175.4249249000004
-5.113634960058285 -2.3726143705949 124.89388006853459 175.48973879999994
-5.533596683027028 -2.4090782993036695 125.34540419857585 175.55498929999976
-5.4537337881026815 -2.4933268167582843 124.9124499478836 175.62016120000044
-5.607121081875128 -2.450979497814116 124.70020031867229 175.6874111999996
-5.607121081875128 -2.450979497814116 124.70020031867229 175.75166720000016
-5.849117528521177 -2.5321992445526367 125.42576935859975 175.8173127
-5.690486874576514 -2.1171120873963756 125.13730014067953 175.8818885999999
-5.527182739389801 -2.114112649647734 125.1413469567412 175.94759020000038
-4.827786524603297 -1.8256227216635263 124.30530284353611 176.01255700000002
-3.871203627849276 -1.4686194758322837 125.76757324113233 176.0785566000004
-2.973721911664633 -1.250110212881009 124.21969993915089 176.14382899999964
-2.028876019771886 -0.7305537953777032 124.51113632711477 176.20863439999994
-1.7091249888000632 -0.7444626717103199 125.86128174108421 176.27457659999982
-0.7151474553313335 -0.20283024904180036 124.4067792802261 176.33933660000002
-0.5426161354937804 -0.03991636081670902 126.15598124897515 176.40422339999986
0.9332236770654632 0.5001441356639388 125.63932364955019 176.4684811999996
1.3333995342274036 0.7131589143939587 126.01027482104246 176.53487270000005
1.82010740010044 0.8486805206153569 125.68392073116499 176.60028950000014
2.023436899578705 1.067799723692811 126.21796927798675 176.6656823000003
3.332190868075493 1.7844152706004297 126.66703372415274 176.7310897999996
3.898468167280072 1.8256567518122728 126.12897045608088 176.79579550000017
4.834398632766408 2.4980562105228694 126.58623152275253 176.86010410000017
5.233355777528132 2.6406316409466077 126.44239842262233 176.92661450000014
5.35320692789535 2.686684238650382 125.94164167080876 176.99238669999977
5.35320692789535 2.686684238650382 125.94164167080876 177.05629529999987
5.470170465857763 2.82927058463448 126.90927790998214 177.12219970000024
5.6886582554177 2.936326597714729 126.74402015829128 177.18702620000022
5.649582919025747 2.722969081818827 126.23733149436717 177.2519838999997
5.634897171079842 2.456810002394227 126.2983219817017 177.31693939999968
5.688629552765704 2.3419802516792148 126.07674222822237 177.3815201999996
5.605928117999184 2.1624092093836524 126.29188337000608 177.44548599999962
4.3912921848685045 1.530848925232666 125.47471408546329 177.5104720999998
4.011536758869823 1.5037782397200377 125.91490086250545 177.57594059999974
2.420937220628794 0.7035384722476808 126.59936161378619 177.6413333999999
2.1015140375970134 0.5235896870254374 126.29869192850954 177.70575089999966
1.6080803818016562 0.3171080372296695 126.46914570801218 177.77009180000005
1.2783189956197774 0.09623898056444291 126.00011865620819 177.83573390000038
-0.9691649750400586 -0.8141451107737235 125.84184943149965 177.90014789999987
-1.3108532591 -0.8627464021526471 125.86127424182538 177.96560599999975
-2.4337472822421304 -1.3970851753482312 125.6414642506454 178.03200259999994
-2.5353384799468373 -1.4302229533565107 125.13922826987798 178.09704049999982
-3.219020443815232 -1.5487308652785718 125.87167812004677 178.16133629999968
-3.6654131383199555 -1.8003034574478693 125.96662841982817 178.22811180000008
-3.786631769789338 -1.8619488000606759 125.22750840315675 178.29348370000025
-5.043321182684899 -2.358192565742057 125.2562321052767 178.35939940000026
-5.21964224321799 -2.4304407067353115 125.15238660264893 178.4245732999998
-5.579370489480972 -2.492861118260988 124.9155179082715 178.49031999999988
-5.649650190387 -2.4844482728455954 124.93833622859084 178.55535710000004
-5.779200689554365 -2.488694229938323 125.15260142049542 178.62188739999965
-5.785314930916371 -2.5335567851177507 125.35157739272523 178.68638629999987
-5.356582066270796 -2.3272723360327774 124.69324410414762 178.75114289999965
-5.356582066270796 -2.3272723360327774 124.69324410414762 178.81749860000036
-5.270234804800275 -1.99994868186455 125.81836298485247 178.88191029999962
-4.513198805892543 -1.7030877005574072 125.01315686245307 178.94628399999965
-4.238215862634846 -1.5774842574936798 125.32590112163955 179.01216750000003
-3.8335342148249723 -1.561668701442648 125.04299309238439 179.07646659999955
-2.1374590356775443 -0.7384849867547548 124.50960219455231 179.13999969999986
-2.155929621080709 -0.6461512866097131 125.89213572487235 179.20594189999974
-1.7392611002531666 -0.6429471520851348 125.69375915182282 179.27169589999994
0.05998613188841517 0.12337942561735937 125.01924612376456 179.3368317000004
0.4163052976030883 0.3679731862487024 125.6995301116883 179.40200100000038
0.7399934706020161 0.4388157944069711 126.13592274336862 179.46606379999957
2.7559528896123524 1.3080721653001854 125.81251242460534 179.53312089999963
2.8597222752709115 1.3531779223285638 126.20577238139433 179.59865150000041
3.237675975558332 1.4472295386953917 125.7713907139002 179.66439739999987
4.598841595062268 2.2854417839174657 125.50655838014424 179.73045300000013
4.747666560755306 2.353357070917649 125.782576957991 179.79681170000003
4.784327725021434 2.4895587076019234 126.25383997136106 179.8615638000001
5.8919234955680295 2.947533525175876 125.79172707685332 179.92748420000044
5.383627554429573 2.7663713019086438 126.71449003076782 179.99240829999962
5.440059900802446 2.768059827214577 126.66546752107696 180.0573499000002
5.657586387732032 2.689937658104797 125.90963685414239 180.1228775999998
5.562008862515206 2.6848640962458603 126.76097078971776 180.18684010000015
5.594472191597902 2.420782453123602 126.16767477098689 180.2519312000004
5.313232298052213 2.0882927931144684 126.05673317312748 180.31736929999988
4.966536323304318 1.7835136879191489 126.15036623488834 180.38143560000026
4.791896756925915 1.6488304309850155 125.56737434621814 180.44490430000042
3.0301777566402066 0.945067134355015 126.57393816655632 180.50934899999993
2.9223520033421124 0.8782065637915242 125.80832898664859 180.57468679999965
2.043379165024497 0.6348642334418135 126.93297283175353 180.64037499999995
2.0231982069845103 0.3522336542004174 125.4580374240572 180.70608809999976
-0.041778328005378285 -0.3577445769199895 126.12180122761707 180.77141969999957
-0.428618618003874 -0.5419712011928152 126.08604417169461 180.83603310000035
-0.9147946445793593 -0.6462235676620761 126.25406002837805 180.9011333999997
-2.407048591434183 -1.3592082837077841 126.03031351460697 180.9658572999997
-2.560403685568687 -1.396788614200923 125.64528602032557 181.0316684999998
-2.890105303226143 -1.5606928321004938 125.68192844637213 181.0970623000003
-4.288242644111946 -1.9582939577970486 125.36080043885012 181.1630126
-4.499978054847425 -2.120195352965893 125.19120940655326 181.22678189999988
-4.7121632286170225 -2.155716190748142 125.18260558250886 181.29287719999957
-5.6897954787459 -2.4495187012941257 125.62376091964045 181.3574662000001
-5.236827083183243 -2.3795489499201636 123.89261201927492 181.42350650000026
-5.649650190387 -2.4844482728455954 124.93833622859084 181.48832669999956
-5.615454610506873 -2.4955731451306216 124.90614383111522 181.5530343999999
-5.615454610506873 -2.4955731451306216 124.90614383111522 181.61960650000037
-5.747169338657606 -2.405197654715399 125.35582893046832 181.68489020000015
-5.341270394335467 -2.2877203333956886 124.19897867562028 181.74913639999977
-5.087441033162378 -1.9147244764826539 125.77065567786111 181.81503489999977
-4.599150972049323 -1.7965756820093093 125.81387411449899 181.88030400000025
-3.9020028982884796 -1.64610659045091 124.85369164207822 181.94613740000023
-2.931747271995569 -0.978145286038505 125.07636612672712 182.01218289999997
-2.9655495194770793 -0.9180339426607212 126.00352786301536 182.0767206999999
-2.049460223876629 -0.762378275528241 124.92981849600851 182.14123310000014
-0.7989518495386889 -0.005407526685178854 126.5590117157942 182.20711329999995
0.15988819110484087 0.10572210860165987 125.03346621964681 182.27173409999978
0.4102790287217104 0.3417187292876579 125.77799509450169 182.33783380000023
2.0974144030741257 0.9128278011975928 126.14853483945726 182.40351720000035
2.768690772263618 1.057409962674186 124.85609275273659 182.4674133999997
2.9410342104827976 1.3602002159442312 125.87447579179187 182.5332113000004
4.241418387877502 2.0480047840135374 125.6367953090288 182.59909020000032
4.263210475673645 2.1194860127342294 126.50478750220908 182.6634399000004
4.579612371375127 2.228441832352525 125.92057505258406 182.7293448999999
5.372550958870427 2.8313104762589383 126.75602267055264 182.79512599999998
5.654279067630306 2.7502613052623333 125.65448421500042 182.8597665999996
5.575889322043288 2.839872697958603 126.17404324444858 182.92559110000002
5.470170465857763 2.82927058463448 126.90927790998214 182.99040839999998
5.607855235911124 2.6863874564528234 125.93170849376334 183.05549220000012
5.724555371237834 2.5167275370676583 125.72218156720169 183.11999939999987
5.469888488472876 2.5684722103953193 126.8914444123626 183.18504620000022
5.327262107906414 2.0189981661192133 126.07917598754295 183.24974219999967
4.966536323304318 1.7835136879191489 126.15036623488834 183.31499910000002
4.877083388192922 1.6429500962062242 125.37850377287532 183.38065840000036
3.2477114527843796 1.050361087503599 125.93100635564366 183.4455267000003
2.840933497393763 0.7167967789712376 125.97024862916409 183.5116194000002
2.399490839295261 0.6103372888795641 126.16701621961698 183.57626160000018
0.6543771004630798 -0.018412656329331423 126.04906409978078 183.64187889999994
-0.01824871838534392 -0.37128540222684425 126.33872373104165 183.70768279999993
-0.5177508019175221 -0.4997771261661451 126.313311477252 183.77195329999995
-1.7961997600919304 -1.1062838942197186 126.00758424538088 183.83712360000027
-2.124548150622367 -1.28893429152477 125.36574222437366 183.90341999999964
-2.5216231107133 -1.4114566047139507 125.58866043458472 183.96801789999972
-4.07627310710469 -1.895946366777994 125.68306817045777 184.03355470000042
-4.273745846389481 -2.0370291765884447 125.31276035250161 184.09834880000017
-4.415520234715856 -2.065978358716681 125.05656707755719 184.1643425000002
-5.370787888854906 -2.391478082089859 125.21924336902885 184.22932000000037
-5.356797956700703 -2.4518903447653786 124.69549584496518 184.29500550000012
-5.489924505092205 -2.496040698060984 124.90328785782258 184.35904670000036
-5.341375698101622 -2.4118311408688413 124.20091851535526 184.42516739999974
-5.649650190387 -2.4844482728455954 124.93833622859084 184.48948230000042
-5.440799008153647 -2.4342198155196875 124.56395383294021 184.55475260000003
-5.405938425943603 -2.15278577603954 124.78349538889532 184.6208889999998
-5.6510631254317545 -2.1248926011486713 125.83145226523193 184.68635840000024
-4.905407212902475 -1.9030652395428094 124.94448258457928 184.75224760000037
-4.806944299667322 -1.7531438381321625 125.81028147108034 184.81747590000032
-3.347353587309641 -1.2713396199717462 125.34392115675988 184.88207919999968
-3.0963220448368816 -1.1081403207544196 125.53600133248108 184.94614960000035
-1.933794102531479 -0.6235092816608366 125.91130868497987 185.0098342000001
-0.6134393901374935 -0.1423018194996959 124.79837284616644 185.07456769999953
-0.5295731805509973 -0.026891901446627786 126.18802970070489 185.14112409999962
0.23287663468811104 0.07641871865432648 124.93411215180195 185.20690149999973
1.6241676520935826 0.8522617996130152 125.50967912880081 185.27297220000037
1.834261349969161 0.9461239289513881 126.14233854075077 185.33878499999992
3.032861284547238 1.4887560472252372 125.53067072988286 185.40396469999996
3.752507541161407 1.8391578946026108 125.80086763718049 185.46996390000004
3.9160203503701467 2.0231653128838416 126.66161989696961 185.5347829000002
4.450288575694287 2.166259354174751 125.6353631323778 185.60081590000027
5.1497635836612545 2.7366928554492707 126.19100115477056 185.66648199999963
5.192983065199975 2.7357856482386604 126.76585883600828 185.73245899999984
5.192983065199975 2.7357856482386604 126.76585883600828 185.79712740000014
5.44204152353003 2.8336218120504233 126.3915437852911 185.86285390000012
5.578324636845217 2.784521741425676 126.26685022686989 185.9326063999997
5.636591712197919 2.7022975872796984 125.96116135022409 185.99586929999987
5.596782942520882 2.2930461893494463 126.15738622819498 186.06198740000036
5.596782942520882 2.2930461893494463 126.15738622819498 186.1282312000003
5.525822751465974 2.128323118801435 126.47554334681021 186.19297389999974
5.421164330282693 2.0034605998936774 125.89576103873867 186.2573198
4.003388944195045 1.2613761719526708 125.45284927914737 186.3230268999996
3.3023065230965045 1.1117189355585206 126.14765984379117 186.38760509999975
2.170941080578757 0.5465669992156528 125.60235865521096 186.4521095
1.7630866269827195 0.35635140191853953 125.38856421376074 186.51722539999992
1.1405506736760103 0.14035199867898673 126.01647805963945 186.5816791999996
0.6897208989651915 -0.12737947800732397 125.66275045087147 186.6469188000001
-1.2401557373279886 -0.9203496117872861 125.40558406946606 186.71179229999962
-1.6474749993276703 -1.177663503149807 125.38421161943015 186.77768250000008
-2.5627710733601816 -1.40077869935569 124.82821882713993 186.84316779999972
-3.3574436078504135 -1.5899405994268876 126.10795560312707 186.90760880000016
-3.758306664961566 -1.7807144869812257 125.92725678368872 186.97278519999963
-3.838481096322745 -1.9358322650905748 125.1220733297282 187.0391281000002
-5.155752147657665 -2.284982852961125 125.33597494953897 187.10440740000013
-5.3685857073949705 -2.4207680554652 125.29440346231912 187.1680223000003
-5.4946077088597605 -2.4202904757339843 125.29749715787302 187.23280749999958
-5.649650190387 -2.4844482728455954 124.93833622859084 187.2969006000003
-5.649650190387 -2.4844482728455954 124.93833622859084 187.3615577999999
-5.785314930916371 -2.5335567851177507 125.35157739272523 187.4270779999997
-5.5078251485948115 -2.462829010657116 124.58864973502615 187.49208439999984
-5.356347212017305 -2.2026528503084015 124.69094082922717 187.5570117999996
-5.356347212017305 -2.2026528503084015 124.69094082922717 187.62182810000013
-4.612443755898823 -1.7529603626639259 125.8615706876948 187.68645050000032
-3.743340864044008 -1.558651727216573 123.87962769993344 187.75171330000012
-3.928063133798318 -1.4287258789674677 125.51166102694256 187.81754739999997
-3.611503772701255 -1.3612549456203284 125.80357504268453 187.88229969999975
-1.7357152698417764 -0.5995773707869861 125.2509340067581 187.94688430000042
-1.776283436626926 -0.6444496917310486 126.3191306160902 188.01173769999968
0.6644121889838743 0.40282335802485125 124.30643097107124 188.0758235000003
0.5003032439227297 0.4670957863965928 125.52982818427385 188.14047120000032
0.5914821258484224 0.4041464026956801 125.80326488938893 188.2061905999999
2.6242167126725064 1.25244093371471 126.06840229327884 188.27109519999976
3.1441034103561236 1.5415221724557466 126.33101222968871 188.33665589999964
3.605536894154227 1.6472642104206368 125.35162360600063 188.40155589999995
3.50992441975027 1.7941837280142683 126.21196584468322 188.4671043999997
5.187344889555639 2.4498760013744216 126.39267415906758 188.53118110000014
5.347700936736494 2.366369725275119 125.70265499645295 188.5968810000004
5.247503932334666 2.590842031251898 126.14678697991991 188.66287269999975
5.540309556380521 2.6880361706708653 126.04309756739909 188.72751890000018
5.614233186290441 2.705236687435744 125.73966143094104 188.79371590000028
5.449492589705535 2.7692719838894426 126.61677745986785 188.85882430000038
5.5451024824279855 2.434245464222304 126.02363168363134 188.92498350000005
5.469959446335636 2.271677589356848 126.35679920514367 188.9897893999996
5.572128026568095 2.3236551901234757 126.37464768350095 189.0543421000002
4.839142958202501 1.6813827048023773 126.4353293164873 189.1202561
4.529201650065431 1.6564743935163277 126.04034863125196 189.18429079999987
4.111913070321499 1.4706796455793203 126.549795057819 189.25074800000039
2.4569554021956748 0.7393083825411267 125.95015600176204 189.3154482
1.9197838462119492 0.49480611934150265 126.88044186539882 189.38192530000015
1.6969676588748541 0.2831396578976861 126.04458309353281 189.44793899999968
1.2058106482905515 0.15856944448077137 126.20350235307387 189.51400209999974
-0.6705141691619545 -0.5797090900359344 126.21084159322835 189.5776022
-1.0650630545076396 -0.6656571621525901 126.03257719165953 189.642476
-2.503970347878756 -1.376852622777025 125.71474845713156 189.70757299999968
-2.8752824772595815 -1.4456430766226562 125.72563718294516 189.77387420000014
-3.151100534283664 -1.5800680601216026 125.3649507092944 189.83951439999964
-3.6416142756414303 -1.7479880302139676 125.89280690442453 189.90402540000014
-4.4602810413763905 -2.044556435165076 124.91886549669742 189.96895549999954
-4.920634024765903 -2.267697711383166 125.70917576686466 190.0340183999997
-5.057624993594011 -2.2680339992876553 125.14411473743998 190.09928219999983
-5.615454610506873 -2.4955731451306216 124.90614383111522 190.16316370000004
-5.615454610506873 -2.4955731451306216 124.90614383111522 190.22817399999985
-5.615454610506873 -2.4955731451306216 124.90614383111522 190.29254169999967
-5.493406452871355 -2.375211181050684 124.73298628763418 190.3576664000002
-5.7230258178621725 -2.407251181424388 125.42133959894458 190.42327639999985
-5.3115270291390075 -2.288908033742883 124.25143099673474 190.48900400000002
-5.606671222494903 -2.2208346572104474 124.99448520477694 190.55436009999994
-4.344025734262452 -1.7240160246350356 124.94011082371092 190.61942389999967
-4.224421126889894 -1.6222188989207913 125.28571171757294 190.6845672999998
-2.8399077923239986 -1.0213345456561536 125.31877521367844 190.7499203999996
-2.5819663327397464 -0.8382911302100479 125.42391081078696 190.81554369999958
-2.31420889965122 -0.640772889253613 125.92572790919077 190.8790024
-1.6895775569672438 -0.48705722483641345 125.67931606789237 190.94425640000009
0.48116732943197604 0.156699153098535 125.14261065648185 191.01005989999976
0.6710055131986792 0.36034918664307647 125.60018761198141 191.07403239999985
0.6297471254464782 0.5447365238057054 126.36018864481011 191.13920039999994
2.7992677734603504 1.1522643202073444 125.04181688544244 191.20599219999986
2.85745673681199 1.4470435163867232 126.25745916832332 191.26994879999984
3.2717489632317935 1.427930028846209 125.991605112856 191.3359720999997
4.559353061656026 2.154126976551018 125.46315882519244 191.40135649999957
4.621220443439746 2.5133415586326833 126.43660137266477 191.467259
4.822326882520976 2.400720088076618 126.24942044273918 191.53206740000041
5.618620905391978 2.615506302609357 125.35986802954727 191.59793340000033
5.415942170815022 2.8924390452078854 126.86891103863992 191.66182029999982
5.4448057404078725 2.9057081171654793 127.06838973287637 191.72693450000043
5.463250082831905 2.5266025010257787 126.38528642913974 191.79128190000029
5.457719484772724 2.511499864765274 126.57786455193468 191.85664759999963
5.5661275090270905 2.5591169948631953 126.75254209422654 191.92130290000023
5.709866693701258 2.194715675482597 125.40445368316958 191.9867777999998
4.966900851578814 1.8989790781326414 126.51726087691057 192.0513990999998
4.732867140891749 1.7629706976122508 126.01465867104858 192.11801540000033
4.132355915030303 1.385010438244175 126.45048040508874 192.18306740000025
2.548914221140926 0.8263895974774196 126.20416850409843 192.24806799999988
2.247996701432456 0.5841122754425268 126.01706197562632 192.31426350000038
1.6497291644106795 0.4131301008843669 126.28567560723897 192.37978360000034
0.029853714861332037 -0.3250701919941258 125.85266832033822 192.44592230000035
-0.4242178275570083 -0.5398368681889721 125.77088623703806 192.51071930000035
-0.9894508294180824 -0.7110386390201716 126.29190972922686 192.57450460000018
-2.5704412291983445 -1.4053572777973211 126.30735467757711 192.63968469999963
-2.8006468915307607 -1.4405387246605112 125.80428723633663 192.70316079999975
-3.0990998796008853 -1.504526884177808 125.69934778502753 192.76843089999966
-4.357278368590322 -2.078267123998636 125.49635690660283 192.8350389999996
-4.630621372923194 -2.1235238857165926 125.57111247333836 192.89914649999992
-4.756269350833058 -2.2315103760337007 125.26344984098917 192.96561399999973
-5.468688998540152 -2.416341752428402 124.95802535681524 193.0301397000003
-5.353111198172293 -2.437977507673779 124.2019588298825 193.09610989999965
-5.285345384960387 -2.396269856495761 123.9318470865533 193.16147699999965
-5.775096665794351 -2.4685227631712605 125.39190323811464 193.22655440000017
-5.562973022670299 -2.4038843930037723 124.76536438532072 193.29100600000038
-5.785732543476321 -2.4082342030256463 125.35129148677282 193.3546134999997
-5.674705840944235 -2.1641769035830376 125.32437086478527 193.41895000000022
-4.859764504154029 -1.8548450422910636 125.2531263956714 193.48395160000018
-4.6085178043000425 -1.8904532412268589 125.78076999334165 193.5494675
-3.911946444559362 -1.571828094747163 124.85068680661024 193.61457789999986
-2.8798059925839965 -1.040763726601993 125.05371300052224 193.680883
-2.5582929269821264 -0.9209892372890206 125.50605088972073 193.74496220000037
-1.6101152067347186 -0.512209253122449 126.76944245479608 193.8093802000003
-0.2792013740176458 0.17214055302990694 126.30378095586272 193.8742542
0.1781127839593566 -0.1273464860720549 125.8515285407231 193.94033020000006
1.1225730883899487 0.306849361427645 123.36767893383767 194.00561560000006
2.1549273427067206 0.8622363859482324 125.73973138572536 194.07038099999954
2.6922130943134235 1.2486227396356138 125.10600607695218 194.13614859999961
2.865661638874485 1.4202467613570513 126.2338424347274 194.20109729999967
2.865661638874485 1.4202467613570513 126.2338424347274 194.2657876000003
4.3803408125032846 2.178128307968359 126.12702296321058 194.3302623999998
4.8597570400049435 2.549402445182188 125.88158319438777 194.3959230999999
5.213115654546655 2.6912438499266926 126.88548863504722 194.46120679999967
5.455281298787071 2.750238433666323 126.33018785508563 194.52812819999963
5.455281298787071 2.750238433666323 126.33018785508563 194.5926142999997
5.57025262192392 2.834213614161067 126.3864948465859 194.65757219999978
5.838675675280896 2.7334925279847617 125.97701635552244 194.72235920000003
5.593229547515357 2.60788767920968 126.25048966038105 194.7863067999997
5.665972187936859 2.54463616082559 126.21376182576124 194.85143869999956
5.546008124486143 2.1619748319404546 126.1853906011337 194.91611470000043
5.491893475302469 2.096417886908034 126.0586637800346 194.98147160000008
4.921669677560892 1.8212436675559247 125.79862339080974 195.04575999999997
3.184684006714946 1.0561517712065736 126.04634750515709 195.11150780000025
2.629435308020483 0.7179316688126296 126.28739390527008 195.17574909999985
1.4441610350577037 0.14935143515229898 126.07916952364351 195.24241789999996
1.1660921618269313 0.10619482367692545 125.61941673913785 195.30824800000028
0.3722702951588701 -0.11419883473082149 126.29848565414639 195.37376330000006
0.10506387504516823 -0.2503595210495174 126.08940619875902 195.43966949999958
-1.884483166325225 -1.0860348839890812 125.94666635293456 195.5052222000004
-2.0579727838111594 -1.2800346949899897 125.34381857148291 195.5696042999998
-3.5648167361921566 -1.6562880323911449 125.98013808742628 195.63482769999973
-3.5776684549517626 -1.7837095073109333 125.14365675642256 195.69910359999994
-4.004321243125446 -1.8575826589544406 125.68434295022877 195.7640320999999
-4.328455535016907 -2.020948913594419 125.68832869798908 195.82940260000032
-4.54517862728229 -2.113754838594695 125.46600497076768 195.89402140000038
-5.533596683027028 -2.4090782993036695 125.34540419857585 195.95958690000043
-5.317381783621542 -2.3196590993474158 124.49436288930808 196.02518820000023
-5.562973022670299 -2.4038843930037723 124.76536438532072 196.0914018000003
-5.530221836195061 -2.4016570135725845 124.78591710567737 196.17270670000016
-5.530221836195061 -2.4016570135725845 124.78591710567737 196.23760560000028
-5.202775817245957 -1.9962740937948942 123.97093143697884 196.30349769999975
-5.511212878218302 -2.049116691543272 125.16335118210634 196.36869110000043
-5.511212878218302 -2.049116691543272 125.16335118210634 196.43443000000025
-3.8997785958530713 -1.521092835738647 124.84523044537724 196.49851260000014
-3.754426167876055 -1.4226399806847128 125.56809284636017 196.5633829999997
-3.2059683082947217 -1.226512663829984 124.88272399926737 196.6274959000002
-3.108084509147467 -1.1226926380209101 125.7260002360916 196.69377629999963
-1.169242894143224 -0.4022886372750799 125.40233371901039 196.75863889999982
-0.9275793763048128 -0.19761116843461568 126.0431989670815 196.8246011000001
0.79547251063088 0.5436367580897996 125.06367012873362 196.88916989999962
0.9647393737465606 0.7318449113353288 126.12202468394281 196.95459049999954
1.5650480052086664 0.8302135028589732 125.78219731730688 197.02040539999962
3.002296995247626 1.5167621091245294 126.58260949133671 197.08538169999974
3.1860593884717403 1.6023488807642003 126.24044620520475 197.15053970000008
3.5862681981904956 1.8283680720977546 126.02895759788602 197.2154362000001
4.67529506016448 2.44853158754858 126.412276576116 197.2803033
4.931300263281322 2.4491326086458485 126.40243879410757 197.34596650000003
5.120633699803484 2.5822376985046973 126.32726843053597 197.41188859999966
5.57025262192392 2.834213614161067 126.3864948465859 197.47789680000005
5.470170465857763 2.82927058463448 126.90927790998214 197.5443610000002
5.628216014625565 2.719079175786854 126.14395661765731 197.60956280000028
5.712554030227977 2.4084728863210327 125.75287004503278 197.6740560999997
5.632804086049262 2.337056611293888 126.12206127543607 197.73899410000013
5.4718976779265205 2.307668417869831 126.86541937702597 197.80437390000043
5.936857352122914 2.299976477538614 125.17314308659886 197.87036890000036
4.376133729788151 1.6757018587687753 126.60946285471472 197.9356084000001
4.2472315040812205 1.529440881670162 125.75834039936524 198.00066679999964
3.5057214461382458 1.213208058029599 126.65165356637473 198.06631819999984
2.1484073057074085 0.5345127905024866 125.63720656718912 198.13166100000035
1.6073450503388216 0.2961623455282428 126.34426857509509 198.19675290000032
1.4565847148076259 0.0927484231448924 125.01818918173194 198.26135179999983
-0.7569512765070456 -0.6062193041244796 126.12933125740636 198.32673989999967
-1.123093450558315 -0.7947152104208833 125.86876303085565 198.39082429999962
-1.3541205698464296 -1.0041581430167676 125.79194051297578 198.4562748999997
-2.750638141466233 -1.5478477532019181 125.30400404465821 198.5201989999996
-3.4115911260606495 -1.6747009009421414 125.9580275781455 198.58609590000015
-3.9281851756307304 -1.843317794968855 126.27579733773561 198.65075760000036
-4.398807689615104 -2.0703944495259017 124.45897024502102 198.7157016000001
-5.1880459391470595 -2.300879541861373 126.01354098697823 198.77962260000004
-5.258907855640871 -2.404410346574947 125.66235562173692 198.84441739999966
-5.568076280154841 -2.468468733485388 124.70928957257335 198.9111737000003
-5.849117528521177 -2.5321992445526367 125.42576935859975 198.97568010000032
-5.879975629857846 -2.5199474954515018 125.44968003755855 199.041338
-5.849117528521177 -2.5321992445526367 125.42576935859975 199.1067333000001
-5.606903578743363 -2.326363528738675 124.69794867023842 199.17195619999984
-5.580643355935258 -2.2768400595415152 124.61697720829673 199.23657749999984
-5.5019816495386635 -2.170143962835617 124.38738829785426 199.3005734999997
-4.122656733830155 -1.6862552421545116 125.29077314212148 199.36499139999978
-3.767660877517841 -1.539802205407626 125.1034373633313 199.43038559999968
-3.7921019551639787 -1.4505205314508745 125.55651281183563 199.49550590000035
-2.2097148762582535 -0.7843299143329489 125.22654917261461 199.56125499999962
-1.7428250390665667 -0.6201641197707516 125.06599456372136 199.6265014999999
-1.237872311864706 -0.389441965872808 125.11399672484342 199.69102730000031
0.22383502649444154 0.12763626150226703 125.63303733103758 199.7562152999999
0.740355412977344 0.3623878353851145 125.72900009121801 199.82062750000023
1.4294242088831979 0.543637729238249 125.0327100938525 199.88609929999984
2.650824863059775 1.23667133709922 125.55067891814795 199.95295859999987
2.8647548075238944 1.4223594283037326 126.11536999166218 200.01799500000016
3.082941031324175 1.630616938842156 126.2923345749922 200.08451690000038
3.7546378502343245 1.8223881607290577 125.66757869771 200.15033089999997
4.964631004748391 2.434272691428424 125.64609094887489 200.2144373000001
5.037262046836112 2.540532762924084 126.03399730600454 200.28024240000013
5.2935418234566995 2.696836195835752 125.99145321437716 200.34554200000002
5.468359014935338 2.7990918624850356 126.33711330813426 200.41091010000036
5.383627554429573 2.7663713019086438 126.71449003076782 200.47655909999958
5.454187302694763 2.8311387504416805 126.68936043559894 200.54172110000036
5.542691151308482 2.5611256757736456 126.03341027575568 200.60632009999972
5.47404045774082 2.417148193467626 126.31403336282371 200.67153289999987
5.395359962018226 2.2542407037319303 126.66369433759589 200.7365718000001
4.730398440326454 1.7316363011271112 126.47850552815457 200.80127300000004
4.544588622904499 1.8035826813488818 126.35429453101585 200.86725449999994
4.427685517798622 1.5331477376861211 125.49638194977472 200.9332247000002
2.4381023044965318 0.6895734291686839 126.1177750234152 200.99838329999966
2.1639851185620103 0.5380340535907739 126.0645345840205 201.06352040000002
1.8745612140706385 0.444033722147734 125.6845160053639 201.1288314000003
-0.21333968098971212 -0.3861086424063206 126.1626824071875 201.19452079999974
-0.4844426191001574 -0.6455035477885306 125.44666103631872 201.2592550999998
-1.0353931650921382 -0.687265705625702 126.02144026968983 201.3244483999997
-2.296435964054922 -1.364127730797454 125.10549126500733 201.38969629999974
-2.6579908578072917 -1.4725200717827849 125.18024069102069 201.45651889999954
-3.242296552524877 -1.607207982273339 125.65216860855847 201.52155390000007
-3.605820644539392 -1.7556857616138108 125.71562597756741 201.58636079999997
-4.670996943520983 -2.1741982075639408 125.18751701106665 201.65168559999984
-4.969819557021367 -2.329316872769168 125.59788606978766 201.71751940000013
-5.230564866509042 -2.362913351848295 125.3876433706857 201.7825085000004
-5.723061402064275 -2.5326425280542497 125.42303732971871 201.84828180000022
-5.60917252464229 -2.470942026087437 125.00513134727278 201.9129598999998
-5.60917252464229 -2.470942026087437 125.00513134727278 201.97877450000033
-5.481960946928247 -2.451436230031528 124.69786279233513 202.04512220000015
-5.542492599563943 -2.3548064286907198 124.99049500187816 202.10853560000032
-5.4817443156370445 -2.326819250659337 124.69561128803733 202.17385660000036
-5.320914211862657 -2.0608236044513726 125.39139147275819 202.2391117999996
-4.466982669080501 -1.7305065139435891 125.72843210123993 202.30427510000027
-3.7114594724559 -1.6047941520397693 125.17918323872024 202.37037529999998
-2.8016802126016955 -1.067552416725536 125.40590627265097 202.43668059999982
-2.035200100210403 -0.7285565691455772 124.92873687443738 202.50171150000006
-0.5905523022363397 -0.26495749610471997 124.12610324447238 202.56648070000028
-0.3381991451818962 -0.05647054834017429 125.1648796653545 202.63375610000003
-0.1599991971000776 0.10915105545183112 125.79991867092413 202.69887339999968
0.36006115309873366 0.42828770889036466 126.01776964644438 202.76451160000033
2.206021119278361 1.0066605826387784 125.78790203719231 202.83073349999995
2.6506880396513637 1.2052745042323116 125.6185448919635 202.89678689999982
3.7697152549548036 1.7687857030713512 125.06250233303784 202.96151050000026
3.830249007646941 2.07350433094548 126.22504475870258 203.02619839999988
4.619111327492803 2.303767125942663 125.79269413718086 203.09113780000007
4.882244076262992 2.57287031979854 126.10112262820985 203.15532489999987
4.831206971182411 2.426418587256138 126.86077520629594 203.2208926000003
5.383627554429573 2.7663713019086438 126.71449003076782 203.2869668000003
5.732148569978904 2.862819840225633 125.84778428270438 203.3515610000004
5.732148569978904 2.862819840225633 125.84778428270438 203.41763840000021
5.514885021429684 2.6381394998663996 126.6959379854608 203.48299849999967
5.674826638516677 2.666792574784546 126.57658119733023 203.54862049999974
5.595783394949301 2.4802389653713495 126.23924466651981 203.61355170000024
5.178210242998276 2.1523387177366953 126.22373342048398 203.6781406
5.178210242998276 2.1523387177366953 126.22373342048398 203.74419750000015
4.053803578725045 1.450572634751121 125.49348731817331 203.80886250000003
2.805668019018725 0.8277809182407558 126.57859523588161 203.87472379999963
2.6529682047444325 0.8089365934073265 126.14710215145952 203.93946909999977
2.1017974875175085 0.651343514049598 126.29863747043119 204.00406589999966
0.7738038945749395 0.03613833017030843 126.59102620656596 204.07009689999995
0.4328761013071585 -0.2489337612398429 125.8471406933775 204.13582119999955
-0.2899538130134047 -0.3496337536991859 126.49603513773208 204.2011005000004
-1.9963289268456563 -1.187331900876567 125.77266015303906 204.26600789999975
-2.395017451094162 -1.4118697278688535 125.58461891801464 204.33053500000005
-3.4014390758835233 -1.7212258227806188 125.25068452332974 204.39618400000018
-3.908952060300223 -1.8933054697798712 125.68147781579874 204.46201779999956
-4.235672566227784 -1.934850777560115 125.84328503475412 204.52755869999964
-4.285332237699933 -2.0949808726092933 125.28209374450705 204.59236080000028
-4.593733550209514 -2.0420054913645216 125.36928663020039 204.6573558
-5.619682344105357 -2.5449978946659697 125.29930556588947 204.7230601000001
-5.785314930916371 -2.5335567851177507 125.35157739272523 204.7896979999996
-5.849117528521177 -2.5321992445526367 125.42576935859975 204.8554855000002
-5.849117528521177 -2.5321992445526367 125.42576935859975 204.92118120000032
-5.849117528521177 -2.5321992445526367 125.42576935859975 204.9864518000004
-5.642085778568152 -2.4539353090930947 124.68852049281143 205.0526116000001
-5.090194309780017 -1.9698330011688907 124.61978363399136 205.11776610000015
-5.032896384562271 -1.9185697426037431 125.64965166276218 205.18285379999998
-3.6635241589022556 -1.4329606949549905 125.11073566006294 205.2475612999997
-3.5781875925790487 -1.410876214721076 125.35350485234973 205.31158940000023
-3.383508183992518 -1.2611079549492699 125.79511854026481 205.37892790000024
-2.5702091929643274 -0.9530599025912964 124.85844346319183 205.4428797999999
-0.7343961602824649 -0.2078663473168907 125.17305709618964 205.50855440000032
-0.7343961602824649 -0.2078663473168907 125.17305709618964 205.57450750000044
-0.5979908477465727 -0.07908939710757701 125.81014718851307 205.63994269999966
1.2566065949821237 0.6663713283518855 125.96084187246193 205.70459240000037
1.5753431005878014 0.8178367865332095 126.16249808354335 205.7691305999997
2.2427071139003303 1.0586390463979318 125.52029789432562 205.83423990000028
3.6636319572738856 1.8171097795204232 125.85803965507378 205.9004648
3.6573449102722364 1.81055779274352 126.43001258551281 205.96567330000016
4.184300218205308 1.8884682698201476 125.75723502891731 206.03058469999996
4.930587156423201 2.5766628885521623 126.40588557901272 206.0968869999997
5.423304804203433 2.598160605185322 125.64138857960936 206.16185359999963
5.474862565956954 2.705986701681732 125.62505917892943 206.22708479999983
5.57025262192392 2.834213614161067 126.3864948465859 206.29158999999981
5.57025262192392 2.834213614161067 126.3864948465859 206.35750759999974
5.57025262192392 2.834213614161067 126.3864948465859 206.42211609999958
5.827613990501774 2.396771777797883 125.25045134277521 206.48718129999997
5.585685235799382 2.2037632550600486 126.1302021364968 206.55180089999976
5.580152709778673 2.1465793384376473 126.07981886565314 206.61685229999966
5.31325150065296 2.0338276936376705 125.99100648034403 206.68243239999993
3.8331682145557693 1.2331018593672727 126.31150997086704 206.74795129999984
3.479573103274177 1.215594231755329 126.51031975399027 206.8140469
1.8476632324300155 0.5196277756758761 126.22632050706062 206.87902759999997
1.266874284801169 0.14168191831070054 126.26460298500791 206.9436009000001
0.8638450314046864 -0.08318442325381359 126.01547262730492 207.00895909999963
0.5660166684845152 -0.26921335976663874 125.7397045368556 207.0735880000002
-1.2443879783325258 -0.8378134350819483 126.30046656116556 207.13829270000042
-1.3185761608221114 -1.055021953443211 125.25021559122418 207.20489759999964
-1.7127807212790742 -1.1387322258060446 125.52482101546009 207.27209510000012
-3.444106006102402 -1.688168647251445 125.71455544396807 207.33626970000023
-3.6605954967600667 -1.862385224845195 125.2240316284356 207.4008216000002
-3.9480108619443897 -1.848746373356608 125.27084079312576 207.46554949999972
-4.778917369794819 -2.175776784883581 124.4841170194411 207.53094539999984
-5.113634960058285 -2.3726143705949 124.89388006853459 207.59548319999976
-5.272630393442121 -2.3607499011637656 124.92740962393098 207.6620856999998
-5.785314930916371 -2.5335567851177507 125.35157739272523 207.7270638
-5.785314930916371 -2.5335567851177507 125.35157739272523 207.79130090000035
-5.615454610506873 -2.4955731451306216 124.90614383111522 207.85629270000027
-5.328185922171741 -2.3689168101283564 124.90800020975486 207.9208639999997
-5.254948934438595 -2.2025662631969682 125.38155587396008 207.9865238000002
-4.953880228142907 -2.1104226906102004 124.97373413181687 208.0517394999997
-4.882875519817162 -2.0511708621715217 125.15148685810424 208.11834660000022
-4.046267855884665 -1.4408537427987027 125.31371268475672 208.18291070000032
-3.68762904587458 -1.4048642327842287 125.55883220706428 208.24874530000034
-3.4784838030066396 -1.233334930032159 125.55711462115326 208.31500380000034
-1.742171801922538 -0.4172403344872514 125.6382006983345 208.37836049999987
-1.5243828079686352 -0.6223202455267541 126.09561862706148 208.44400870000027
-0.24779308621251772 -0.1936162949403839 124.09907054555906 208.50918770000044
0.7971299941632566 0.5478204181040639 126.27585080266218 208.57522489999974
1.114575835690026 0.5065459721117491 125.79648840142588 208.63945890000014
1.4774285539644225 0.7165425908644762 125.98764545441993 208.70394750000014
3.0928082164297876 1.5672276231605842 125.78272198531995 208.76893010000003
3.204586777703213 1.6530604321564601 126.65702099031428 208.8348973000002
3.9730384114115154 1.8619937264998683 125.37185446075075 208.89891819999957
4.9395407511906555 2.5388596205448 126.3928472138911 208.96545510000033
5.2193657775319835 2.608842664333102 125.88206909331578 209.0302572999999
5.03055690816543 2.6239046455543877 126.84266254773583 209.09529910000037
5.537958997407792 2.814976438025222 126.05268833881175 209.1610413999997
5.505818447862808 2.7742500812187907 126.57195348062561 209.22686570000042
5.449492589705535 2.7692719838894426 126.61677745986785 209.29066880000028
5.409076531909804 2.5533403469041467 126.92764451173055 209.35654109999996
5.75881517700568 2.551647546067282 126.1611560087205 209.42021120000027
5.666114467704347 2.3082643347923604 125.87253325567863 209.48656459999984
4.859173208998065 1.6701519886323517 125.74399714120003 209.5520749999996
4.426877766541274 1.6389858414846614 126.16421337342132 209.61614240000017
4.072867834800363 1.4702779529944767 126.1352699113576 209.6823462000002
3.7337070707468385 1.2082114799999712 125.3684847015596 209.7474027999997
1.9193760091566787 0.4006181615304291 126.17947341816595 209.8118384999998
1.688985753211341 0.34926760924083505 125.38544727239334 209.87847179999972
0.9592940068300209 0.03159067738671961 126.00571376746494 209.94322720000036
-0.8114554902626239 -0.6444425677371665 125.9313603492103 210.0093606999999
-0.9968652050818392 -0.7516924476416452 125.42333544785924 210.0757469
-1.1822919871629196 -1.024432745891418 124.93638168638118 210.14125129999957
-2.750638141466233 -1.5478477532019181 125.30400404465821 210.20673979999992
-3.4260182011487714 -1.6702887984406365 125.86431738935374 210.27243540000018
-3.43752071685347 -1.7721690205630667 124.84150733722856 210.3364290999998
-4.740262582877492 -2.1727070135845414 125.28093368213585 210.40241109999988
-5.0857776982736596 -2.2700359890906285 125.70495966504835 210.4667614
-5.113634960058285 -2.3726143705949 124.89388006853459 210.5314159999998
-5.785314930916371 -2.5335567851177507 125.35157739272523 210.5960186000002
-5.568076280154841 -2.468468733485388 124.70928957257335 210.6618509
-5.873200533353398 -2.530162311474026 125.360076770508 210.7271922
-5.791725970683267 -2.536524083428828 125.19362301823334 210.7928939000003
-5.564802243696477 -2.3092602401762963 124.56170294519526 210.85979829999997
-5.57222858287264 -2.3364548067822586 124.66517729000314 210.9242795
-4.502019099014788 -1.9029749718426205 125.37057202475432 210.9886451000002
-4.102374745464417 -1.691747976423137 125.36543019851165 211.05354910000005
-3.818215721332912 -1.5549179069214216 125.06384287225009 211.11838050000006
-3.919094120232586 -1.4887634152923912 125.45871342042742 211.18398569999954
-1.8894710576554417 -0.6014747100989687 124.54367823316588 211.24930140000015
-1.8863940240620778 -0.5413360264573347 125.89502247434545 211.3141310000001
-0.563642152497188 -0.11112088848897028 126.2985048000435 211.3795452000004
0.04039781150681421 -0.05741995471299688 125.15241310210415 211.44511440000042
0.6635129603412935 0.44234235367575614 125.66629375076107 211.51041890000033
1.221389066450989 0.5923551792159347 125.28706104721415 211.57628289999957
2.6040767758546863 1.22166088080068 126.39579659494177 211.64396980000038
3.0189085781804508 1.4721869329009192 126.06052746764074 211.70837269999993
4.217645813094691 2.0281165143324675 125.34430027965287 211.77309349999996
4.570151511912144 2.307731794144314 125.40551097220118 211.83792879999964
4.6701677599879545 2.3610747511784003 126.40511754663706 211.90357849999964
4.878625260850846 2.5386144759119813 126.72837236301946 211.96933900000022
5.516426278765515 2.839259464614249 126.81099862596923 212.03594150000026
5.449492589705535 2.7692719838894426 126.61677745986785 212.1009469999999
5.66154482032745 2.917399693855992 126.60540508995976 212.16780500000004
5.66154482032745 2.917399693855992 126.60540508995976 212.2316510999999
5.547248948017561 2.4958789639780674 126.60296626729817 212.2961492000004
5.470636338272769 2.43802995331553 126.87921411583994 212.36196759999984
4.982299093641473 1.8603797172333074 126.48839406924527 212.42661119999957
4.7766166539996675 1.8232711790966762 126.53356410054845 212.49216969999998
4.7766166539996675 1.8232711790966762 126.53356410054845 212.5566184999998
4.456964720629607 1.5543296028119946 126.4449856778276 212.6221075000003
2.246088881516222 0.6580262862300391 126.50502844217151 212.68778209999982
1.8642332103158452 0.5067112060730029 126.79225088216583 212.7534727000002
1.5901046953922346 0.2907237983434788 126.01505533681195 212.81874659999994
0.2583481506867855 -0.22708231328488737 126.10534856136977 212.88444030000028
-0.2882196234626946 -0.45144171052134807 126.2009730466381 212.948257
-1.6155000718636785 -1.0620732432007984 125.75839279948522 213.01278470000034
-2.4742420648544012 -1.4006585999910497 125.63816809648554 213.07966060000035
-2.6873317282896636 -1.4760367794175289 125.23283636861596 213.14358489999995
-3.8278120045766784 -1.8524458169765254 125.50173557839553 213.2086250000002
-4.300824950155423 -2.0062758251145456 125.80193642435982 213.2728992000002
-4.311735455769025 -2.048640826112186 125.09302290420726 213.3370120999998
-5.113634960058285 -2.3726143705949 124.89388006853459 213.40284650000012
-5.524053934793017 -2.484860125017333 124.9354722758286 213.46846490000007
-5.723061402064275 -2.5326425280542497 125.42303732971871 213.5350515
-5.888924468873739 -2.5652300945450555 125.65750995579295 213.59923150000031
-5.7470035325358495 -2.530584764162583 125.3568858243696 213.6651240000001
-5.5838221882355015 -2.483276034311746 124.99851008297972 213.72947209999984
-5.473111689893479 -2.4212841216871293 125.17301171381278 213.79450780000025
-5.47090304465916 -2.4081264120951023 125.4157772368609 213.85910309999963
-4.9346352033603225 -1.9631056342001791 125.35587480857282 213.9227807999996
-4.821603933125203 -1.7258769655105102 125.86221350979196 213.98874479999995
-3.4824086939681393 -1.3103614427415682 125.24018982160607 214.0544160999998
-3.2725583246280436 -1.2077022266223496 125.30515812791856 214.11944889999995
-3.0618475106174756 -1.070345069434453 125.98166191604152 214.18486269999994
-2.130082799145093 -0.7947626573888179 125.67940047070087 214.24993770000037
0.06820841678161571 0.002976497075375284 125.37395119988639 214.3147799999997
0.06820841678161571 0.002976497075375284 125.37395119988639 214.37936199999967
1.3690709932327607 0.6326003066751474 125.78505951574681 214.44415779999963
1.7570623703521093 0.887650814556469 125.98604517428585 214.50931159999982
2.278395095659043 1.077606867384466 126.03842127628215 214.57525999999962
2.6731788245306447 1.1920073504472535 126.13703559006956 214.64078559999962
3.977861525550992 2.012935884676321 126.3979979718906 214.70563669999956
4.280254843697342 2.187787405123989 125.99620389405361 214.7713120999997
4.365290864545926 2.2768295521734796 126.72543867534203 214.83647910000036
5.247503932334666 2.590842031251898 126.14678697991991 214.90223890000016
5.213115654546655 2.6912438499266926 126.88548863504722 214.96668390000013
5.555383696234507 2.801829870033146 126.53535926770331 215.03189170000041
5.641043537713301 2.831117348296402 126.69304567308059 215.09695170000032
5.582654890515137 2.656035718626983 126.24680565398167 215.1621567000002
5.674826638516677 2.666792574784546 126.57658119733023 215.2275639999998
5.633440968080279 2.177027342296171 126.00003605260471 215.29378949999955
5.547507159543969 2.0235474734038124 126.01382572764405 215.35929490000035
5.057561894465849 2.046638518676788 126.83581883718325 215.4237817000003
3.7862247533590647 1.19212701323087 125.93299139464531 215.48964869999963
3.40308729420007 1.1227396049656162 126.20332746896251 215.55513280000014
2.805668019018725 0.8277809182407558 126.57859523588161 215.6209632
1.3145877823530796 0.11080727909513655 125.98476074022264 215.6864746000001
0.6912199975783224 -0.12015157885368577 126.35982308256851 215.75192249999964
0.38731854269747856 -0.24954930164104694 125.70237953900306 215.8175670999999
-1.169652083385273 -0.8961126372931568 125.60642264907648 215.88289540000005
-1.5782395548913328 -1.0791922910044254 125.70472996339215 215.94738589999997
-2.0514663962338204 -1.1872434201290751 125.67214465099383 216.01185970000006
-3.502508381127086 -1.7721194131043103 125.57976146676856 216.0764422000002
-3.7445277718158394 -1.7923944910542722 125.21496881323635 216.14153290000013
-4.168163322463236 -2.003041549047231 125.56485963216221 216.2077922999997
-4.458090897336888 -2.0852254405144386 125.62846181034598 216.27278980000028
-5.263232987786296 -2.4198540502516197 125.2143364443222 216.33751159999974
-5.493662059786992 -2.5454784185797816 125.29623193418568 216.40271829999983
-5.112495166931872 -2.380043604122757 123.89027155170676 216.46870190000027
-5.849117528521177 -2.5321992445526367 125.42576935859975 216.5338955999996
-5.785314930916371 -2.5335567851177507 125.35157739272523 216.6001366999999
-5.36798550059909 -2.3914690764699724 124.28044772067749 216.66668889999983
-5.11588410642387 -2.2521195707627393 125.10061959297659 216.7336881000001
-4.855418421299262 -2.07980919485757 124.67881873966753 216.7974936999999
-4.814015145092618 -2.0329169632694564 124.75413068583633 216.86356830000022
-3.795354974351966 -1.4228634712189834 125.24790508608086 216.9283058000001
-3.2071683954543957 -1.3769115714143174 124.55466636829199 217.0087738000002
-3.065522394574792 -1.16654953868763 124.72436664274065 217.07478619999983
-1.5898790655962074 -0.5981957588245069 125.60712706745633 217.1398111999997
-0.8820239862193162 -0.3598715860145746 124.9972530989915 217.2051991999997
-0.46867507986965506 -0.19000871525039298 125.91606331777136 217.27024979999987
1.008996573799834 0.546524250373927 125.74370075339198 217.3343791999996
1.125295101214256 0.682689922450959 126.25734630309447 217.39985439999964
1.7465028250246206 0.6561429326876506 125.48666322277462 217.4645002999996
3.185153192454287 1.563568993035307 126.26788275455608 217.52956840000024
3.4168583782869177 1.6492303820307779 126.44070169636676 217.5954985999997
3.7694582246460797 1.8250628489506266 126.13760784631259 217.66089680000005
5.1719166927888764 2.632317346458852 125.79516286296649 217.72443269999985
5.120111184809723 2.5906190881537148 126.15024121669452 217.79147180000018
5.148479923220648 2.566927018640107 126.60214531887021 217.8562340999997
5.403716334926834 2.81332409212315 126.96442124272497 217.9216448999996
5.470170465857763 2.82927058463448 126.90927790998214 217.98685670000032
5.449492589705535 2.7692719838894426 126.61677745986785 218.05260739999994
5.581141916676856 2.801600872187284 126.72372870444929 218.11784069999976
5.570287141490724 2.4333924339424646 126.74390056912776 218.1833717999998
5.469949017758957 2.1258875695076873 126.52212227490587 218.24866790000033
5.554746767627769 2.036445734915989 126.00622915094984 218.31339500000013
4.240111012995349 1.6143997223117161 126.69210913942635 218.3780784999999
4.07394922502705 1.423689072126456 125.63263929420643 218.4420828000002
3.40308729420007 1.1227396049656162 126.20332746896251 218.50756439999986
1.7997804125584196 0.3180895258025032 126.38989981506474 218.57214120000026
1.202766823420184 0.13608948224808592 126.34047931712256 218.63669889999983
0.9539472658986767 -0.1232674623549348 125.62856915768259 218.70275709999987
-0.7273511751662838 -0.643806569674363 125.52022671487875 218.76775400000042
-1.0568977984493841 -0.8913427183835704 125.41418514927174 218.8325708000002
-1.3965546649658975 -1.0531289310777603 125.38084987446688 218.89851290000024
-3.042359769315148 -1.533940957577419 125.50920643148037 218.96427669999957
-3.4552912627570436 -1.7043658558711803 125.63535367380507 219.02953230000003
-3.906008784481081 -1.8205378719320788 125.59526438711582 219.0943110999997
-4.067907714745694 -1.9665774273059262 125.44438831001298 219.1595223000004
-4.895548931025388 -2.237012073286347 124.91608618603182 219.22397999999976
-5.27090193669418 -2.3448917893464065 125.37891245103525 219.28992370000014
-5.3976764123145955 -2.4297043002947274 124.26353708025582 219.35520259999976
-5.546127768863208 -2.4526586976653038 124.63299203348895 219.41975170000023
-5.546127768863208 -2.4526586976653038 124.63299203348895 219.48565849999977
-5.341375698101622 -2.4118311408688413 124.20091851535526 219.55009960000007
-5.215176324708359 -2.2469623389024473 125.17668785601805 219.61481749999984
-5.018718682124899 -2.2203661396781493 125.37124053132176 219.68111700000009
-4.851195265063552 -2.1376895145003263 124.98297141172222 219.74637449999955
-4.42908856469662 -1.6913159681682268 125.33960181208583 219.8110631999998
-4.42908856469662 -1.6913159681682268 125.33960181208583 219.87511710000035
-3.6534353954528385 -1.45784698726388 125.32582505936246 219.93969180000022
-2.004534477928715 -0.7080932467481887 125.24369428722129 220.00456219999978
-1.7671923034451993 -0.6046813769149163 125.65657909836133 220.0686740000001
-1.4373056422132748 -0.4813057573064502 125.66888650499719 220.13441779999994
-0.2838939230367856 0.003642912973836343 125.85353477507766 220.20016589999977
0.42214857447472554 0.15263800816318573 125.19736422788478 220.2661681999998
1.0041189560827135 0.5703062369859168 126.51504602645366 220.33138770000005
2.7184628699387545 1.3327047606341784 126.15033491913594 220.39720000000034
3.2435629429697244 1.5749282346544153 125.75849073461659 220.46281249999993
4.390046369865239 2.118636368984208 125.05949894850393 220.52690809999967
4.405672379753071 2.38343351391331 126.68679128189773 220.5929845999999
4.713725860345974 2.3740000031065334 126.22733532245817 220.65729370000008
5.058637487524756 2.577036456370538 126.40094916992992 220.72328490000018
5.091263922344524 2.6319489072938396 126.58097916488636 220.7887523999998
5.668289839153175 2.7921030701025127 126.59085418371279 220.85275720000027
5.470170465857763 2.82927058463448 126.90927790998214 220.91698240000005
5.687266526530948 2.7493640052736192 126.45004192427916 220.98329879999983
5.513766297687667 2.5152600159966743 126.53231463704631 221.04927409999982
5.470636338272769 2.43802995331553 126.87921411583994 221.1138805999999
5.4718976779265205 2.307668417869831 126.86541937702597 221.17970929999956
4.737777888076536 1.698504561078783 126.15584961015958 221.24652979999973
4.328269845766371 1.5546558617444977 126.45359463642858 221.31130870000015
3.244118261432533 1.0319786136114035 125.81542424299386 221.37604290000036
2.7046244893256315 0.687896954515607 125.90505613743494 221.44053989999975
1.9832312683093036 0.47506154555707597 126.03395465916125 221.50624779999998
1.3211823024894471 0.17643643503587747 126.46960339532981 221.57082749999972
-0.3023054167739474 -0.5376815263469493 125.78427253217447 221.63584609999998
-0.3023054167739474 -0.5376815263469493 125.78427253217447 221.7010092999999
-0.8656410814651139 -0.6495622774815385 125.9718427581516 221.7678001000004
-2.4206049456803598 -1.3210551385439024 126.37665168737561 221.83350359999986
-2.7858310075472303 -1.5323187143733032 125.26782366305011 221.8973520999998
-3.1882833212878907 -1.6704324887064317 125.09861245663106 221.9623942999997
-4.4046947237103495 -2.062765167239627 125.85045936711606 222.0276286999997
-4.424193472007644 -2.1308199325890884 125.01073821186034 222.09349339999972
-4.693812547938975 -2.1384074305597918 125.17706574827675 222.15938840000035
-5.41941696836745 -2.4373761414905704 125.07859506007762 222.22329439999976
-5.634691626651204 -2.511214162126478 124.97426912540068 222.28899340000044
-5.785314930916371 -2.5335567851177507 125.35157739272523 222.3534466000001
-5.6217251807360995 -2.486656262021177 124.99522685271239 222.41883450000023
-5.481960946928247 -2.451436230031528 124.69786279233513 222.4845677000003
-5.4576051072195355 -2.358721836318827 124.9922802100876 222.5491081
-5.076700621447003 -2.0517981665685476 125.10097424637864 222.61513550000018
-4.621066297490849 -1.8445565404218387 124.88723185643333 222.68075750000025
-4.040997055424114 -1.6342211699346936 124.75766419736665 222.74512419999974
-3.7326732618551333 -1.5785971794915712 125.31003334506599 222.80946969999968
-3.311555781981532 -1.2303834795298938 125.96581807457791 222.87527039999986
-2.44722721278751 -0.913036151145986 124.99345385506425 222.93989500000043
-0.784016120981768 -0.0934606526014291 124.9280891064669 223.00386069999968
0.5453196754735643 0.04092133255060304 122.5205711121528 223.0695341999999
0.5453196754735643 0.04092133255060304 122.5205711121528 223.13557800000035
0.3710717616974364 0.47066355437137347 126.24044402853279 223.20127859999957
2.389374838283665 0.9326020997529395 124.87470249764714 223.26612339999974
2.422650756214992 1.1765514535558348 125.85655986286606 223.3315891000002
2.736856989535795 1.167868256646413 126.12067364922159 223.3973514999998
4.085130053608999 2.146947473116047 126.38277164086246 223.46232930000042
4.614422447224271 2.150804654458677 125.25856550436892 223.52645380000013
4.487772835749517 2.365102141363663 126.29034376927237 223.59305459999996
5.205045667848744 2.651101444929438 126.73652053511198 223.6575499999999
5.3981815842767915 2.8041869149822034 126.72603376382169 223.72303060000013
5.48167651364696 2.766414179509878 126.35054974811197 223.78886179999972
5.470170465857763 2.82927058463448 126.90927790998214 223.8538537000004
5.657586387732032 2.689937658104797 125.90963685414239 223.91789030000018
5.645107382299351 2.7053987498619647 126.68529741969814 223.98264930000005
5.682116678479666 2.200560970715459 125.77690496512203 224.04777970000032
5.363232908334005 1.9627909699030455 126.14699104629982 224.1140015000001
5.038385763881777 1.8677587270950093 126.08381387619997 224.17927959999997
4.710491662882205 1.681648634627301 126.44377130236035 224.24502269999994
3.2777800500319074 1.0938920663365665 126.31181153382653 224.31077790000018
2.7578404966130776 0.7177843672717373 126.2798866491819 224.37619090000044
2.4184070788935514 0.6667102999628484 126.06051573355359 224.44110079999973
0.5799103482071928 -0.09685938645227432 126.00710439814641 224.50675219999994
-0.012689846881912104 -0.2511128510284454 126.6880961969628 224.57192639999994
-0.19400002176697484 -0.4393522753886109 126.01154763433131 224.63727600000038
-1.8068884080784926 -1.0906666076188274 125.96728063338547 224.70098529999996
-2.292362858210346 -1.28238479222702 126.21537987020395 224.76730690000022
-2.6007142575697912 -1.4003461917687527 125.6415424849721 224.83166059999985
-3.949682598266712 -1.8963143114211287 125.67956178776562 224.89728410000043
-3.9573088511741474 -1.9324447235725537 124.83272533903629 224.96368390000043
-4.347462484604435 -2.093789058355443 125.35190089604679 225.0283374999999
-5.332993286521834 -2.418468795315993 125.30746419994159 225.09449529999983
-5.214066705912913 -2.3461551335453166 124.38792367906419 225.15896539999994
-5.659247925316308 -2.533981839716888 125.34864299516043 225.22470609999982
-5.649650190387 -2.4844482728455954 124.93833622859084 225.2909225000003
-5.443028625356455 -2.443682140280121 124.50043788010896 225.35581230000025
-5.615454610506873 -2.4955731451306216 124.90614383111522 225.4210892000001
-5.4200710895504685 -2.187387380438361 125.07741837547879 225.48546179999994
-5.483062153015311 -2.090083470713966 125.38114234123573 225.55001600000014
-5.138614547908013 -1.9956645893139902 125.1996295944143 225.61413530000027
-3.4611266697069 -1.4075422695956559 124.83314833369033 225.67999789999976
-3.196310886006927 -1.2982704429076035 124.85282449638264 225.7460314
-3.150300973764679 -1.2026774258580493 125.31387190942367 225.8103361000003
-2.4129742315558715 -0.8920344156382299 124.88855701967823 225.87771599999996
-0.640025796233104 -5.941665748210312e-05 124.8323382944132 225.94183499999963
-0.7158259804872813 -0.3062568072430215 125.1766308237909 226.00829739999972
0.10954812683520743 -0.06427788231703013 123.98750503040718 226.0726679999998
1.6455808623704868 0.841794823578746 125.60201858297471 226.13699160000033
2.163482685648219 0.8385309519209683 125.56633178970134 226.20301500000005
2.636949713122142 1.1299209636683119 125.02127339810384 226.26800989999992
3.439922904490068 1.7302202110348137 126.2386283565472 226.33308620000025
4.272111425479679 2.010795945553679 124.95978379157931 226.39773499999956
4.382504527578007 2.3126962435050684 126.16882583094063 226.46299439999984
5.527319850042289 2.623722169859836 125.65887606861855 226.52792599999975
5.38160021878047 2.644141721802174 126.5566302951856 226.59392620000017
5.498186728819505 2.8096536751840957 126.18944152817937 226.658324
5.740007195407237 2.8340150839733305 125.88526396414646 226.72300759999962
5.740007195407237 2.8340150839733305 125.88526396414646 226.78899569999976
5.732636707079585 2.8538858040666324 126.56738799440289 226.8532280999998
5.469724906099714 2.6989174751380305 126.90159626689356 226.91936050000004
5.8555971776762945 2.307925134370479 125.6060003631706 226.98404730000038
5.465283620396427 2.1648635151203273 126.09141445611083 227.05047449999984
4.153123669269064 1.5415584004580998 126.43581505285256 227.11625989999993
3.8357610094984693 1.2464969767815477 125.69654437914826 227.1803877000002
3.323973156647021 1.1069478727770867 126.05439113824032 227.2471174000002
2.9641025149383466 0.8532582288187318 126.33789984960796 227.31248870000036
1.148481815777025 0.026867563482023682 126.08052844871447 227.37771210000028
0.7627098370900924 -0.09074014019575827 125.96342206924774 227.4428815000001
0.3040414372381264 -0.18404317073075138 125.6254551523883 227.5086070999996
-1.240418705137131 -0.9593949386568533 125.39549204256531 227.57291110000006
-1.569289915614867 -1.0384267703205112 125.46788839995047 227.63805740000043
-2.00928242153379 -1.1892462425242178 125.62527855230412 227.7032749
-3.7569911322583636 -1.8147418532425186 125.92782638331492 227.7701208999997
-3.908952060300223 -1.8933054697798712 125.68147781579874 227.83492790000037
-4.225473961362447 -1.942079466780163 125.76330186367193 227.90118410000014
-5.258907855640871 -2.404410346574947 125.66235562173692 227.96607349999977
-5.0006207845930675 -2.325032227200301 124.22414178901083 228.0299315000002
-5.257595573074163 -2.463807190011301 124.58346854295016 228.09648130000005
-5.669099367627226 -2.479414190126242 124.99782722530453 228.16145210000013
-5.709411858792684 -2.4828484651066995 125.0012198895398 228.22719739999957
-5.785314930916371 -2.5335567851177507 125.35157739272523 228.29182239999955
-5.785314930916371 -2.5335567851177507 125.35157739272523 228.35643410000011
-5.803686328600591 -2.2051708644344266 125.40578984055422 228.4221432000004
-5.670552827337616 -2.168935251022299 125.68430133759601 228.4860993000002
-5.139474209213041 -1.935858975239964 125.34177459566651 228.55118740000034
-3.7007437522642235 -1.460282940837426 125.02247794618087 228.61721229999966
-3.6962954610818173 -1.3993941253587932 125.995514910491 228.68326479999996
-3.0997329663331357 -1.1851777681565223 125.21518145322139 228.7490469000004
-1.7579833684747967 -0.527830356762803 125.96325158789226 228.81538999999975
-0.9818504129384351 -0.28211729638523686 125.47696126539826 228.88098580000042
-0.7355161510493602 -0.20346048795457827 126.28485738998327 228.94626049999988
0.6002270701658716 0.34708731501969436 125.69977079892259 229.01117739999972
1.4399346139857983 0.7358718996274861 125.55739673185536 229.07645799999955
1.8946997390558167 0.8525550591245048 125.5505882207022 229.1411619999999
3.2429908779416863 1.528630374654175 126.24511819284037 229.2049624000001
3.6956604861251066 1.8836855056275734 125.64543709739786 229.26971839999987
4.555963616451685 2.39062056163889 126.42075135701606 229.33574299999964
4.576690882289803 2.2951339273896605 126.85314860329386 229.40067999999974
5.019269779590182 2.3707886047228635 125.67746612865605 229.46666480000022
5.271722730808705 2.665213705115961 126.45493614204739 229.5321285
5.682135270360305 2.9271932043580127 126.52228734282895 229.59830299999976
5.838933774113393 2.9472995283341064 126.09199602284433 229.66275440000027
5.66154482032745 2.917399693855992 126.60540508995976 229.72903919999953
5.57098566144861 2.578948487340185 126.38138345944245 229.79494840000007
5.470636338272769 2.43802995331553 126.87921411583994 229.85923540000022
5.729490621655508 2.239911511694091 125.68616040154143 229.92625130000033
5.584117719461993 2.1453005860912553 126.04881664916678 229.99127150000004
4.234273378772301 1.5634528997677806 126.3526789470862 230.05653400000028
3.84819179155739 1.2739314657143423 125.89797998725774 230.12273410000034
2.9223520033421124 0.8782065637915242 125.80832898664859 230.18898100000024
2.301419522139021 0.6469078891416976 126.14262200785922 230.25461019999966
1.3145877823530796 0.11080727909513655 125.98476074022264 230.31815089999964
0.8997016594614777 -0.09897292071698283 125.53019387606176 230.38362340000003
-0.7126454870334911 -0.5520853263027173 126.78387095959134 230.44722029999957
-0.7384847000608161 -0.6851534412331423 125.57220905163427 230.5126467
-2.4210342436919206 -1.3803525937956098 125.71683236353903 230.5775536000001
-2.688531799474106 -1.4592747935799748 125.35382204890439 230.63679049999973
-3.4552912627570436 -1.7043658558711803 125.63535367380507 230.70331869999973
-3.781451494047637 -1.909645836654411 125.61430933990356 230.76166130000001
-4.614219800003141 -2.1731682157737056 125.27765986346198 230.82675839999956
-4.79016959959646 -2.2188559101415195 125.2978029335926 230.89197979999972
-4.986812469399929 -2.2779390385248544 125.11885959545832 230.95640470000035
-5.242559475816989 -2.421243154145849 125.2912733244484 231.02056939999966
-5.709411858792684 -2.4828484651066995 125.0012198895398 231.08635589999994
-5.785314930916371 -2.5335567851177507 125.35157739272523 231.1449878000003
-5.785314930916371 -2.5335567851177507 125.35157739272523 231.21100810000007
-5.481960946928247 -2.451436230031528 124.69786279233513 231.27684539999973
-5.4817443156370445 -2.326819250659337 124.69561128803733 231.33553779999966
-5.5825518286444265 -2.2333215314372774 124.99148801544112 231.39444100000037
-5.609619381823364 -2.21508248107393 125.3870272280744 231.46117589999994
-4.126152568523899 -1.4987434176243184 125.77157591535637 231.52638579999984
-4.126152568523899 -1.4987434176243184 125.77157591535637 231.59341889999996
-1.8351952289740296 -0.8295433204590662 123.97937736815037 231.66826750000018
-1.8548851133703508 -0.43684615873937516 125.33080051674692 231.7343265999998
-2.1396103602711563 -0.6931328063617684 126.60468928224333 231.80192090000037
0.29343846705830146 0.33845580295340333 126.18240602648443 231.86950950000028
0.29343846705830146 0.33845580295340333 126.18240602648443 231.9342112000004
1.0529501949695614 0.4962770224755778 124.78525110376708 231.99740870000005
1.2750109878147313 0.7439736748544107 125.75046875092794 232.0159322999998
2.9115247529029276 1.3251920846702165 125.73691134753845 232.0809204999996
3.080299650936979 1.5039386392731455 126.30312817434006 232.1459246000004
3.6259444656949498 1.7893722990576237 125.78943773609954 232.21274340000036
4.510622262194985 2.300609976563598 126.78986067403878 232.27829420000035
4.7352826125954905 2.4535272149467042 126.34705423752301 232.34087629999976
4.900853568119992 2.632730720475904 126.75218724296487 232.40691750000042
5.102870083748442 2.654523037235486 126.85558027891538 232.4725644
5.38160021878047 2.644141721802174 126.5566302951856 232.49119249999967
5.801851162102494 2.850004492262127 125.63508948836156 232.55696379999972
5.66154482032745 2.917399693855992 126.60540508995976 232.6224645000002
5.732148569978904 2.862819840225633 125.84778428270438 232.68663910000032
5.687263552372514 2.4161414423754013 126.5490695230602 232.75242049999997
5.546008124486143 2.1619748319404546 126.1853906011337 232.8092531000002
5.518774055318687 2.1324535618156553 126.33426155523378 232.87372179999966
4.366503100753498 1.645084679711335 126.57667576063177 232.93821779999962
3.8928213752394285 1.2326321144538825 126.24961295084744 233.0040369999997
3.7844601927693304 1.3268688607493546 126.19590560351968 233.06902119999995
3.195926371004738 0.9794254082735052 126.06022834395142 233.13377899999978
1.5473723521688 0.30476003467816754 126.08382770916995 233.19753159999982
0.9592940068300209 0.03159067738671961 126.00571376746494 233.26310569999987
0.4338061558187718 -0.10648391796005763 126.23677645497125 233.32851969999956
-1.0867460572332277 -0.9003871510572464 125.6084826513843 233.39266250000037
-1.4897881714411412 -0.9246111290606199 125.83055506146864 233.45885149999958
-1.7967997583420114 -1.1877306583068803 125.66030099185704 233.52322960000038
-3.5648167361921566 -1.6562880323911449 125.98013808742628 233.58839079999962
-3.78169863516068 -1.8490973189357258 125.53862296893936 233.65336110000044
-4.07627310710469 -1.895946366777994 125.68306817045777 233.71852089999993
-4.433037068632011 -2.067103924888622 125.53692110726786 233.78247290000036
-5.1765559372460075 -2.4011845142448447 125.19901873775966 233.85118590000002
-5.272630393442121 -2.3607499011637656 124.92740962393098 233.91660990000037
-5.785314930916371 -2.5335567851177507 125.35157739272523 233.98254389999965
-5.649650190387 -2.4844482728455954 124.93833622859084 234.0477976000002
-5.785314930916371 -2.5335567851177507 125.35157739272523 234.11265670000012
-5.5124200420865535 -2.4401380027368806 124.71964820942664 234.1786506999997
-4.9224061349762565 -2.2236967619343417 124.9291290778064 234.24370069999986
-4.813341614902278 -2.157550741430717 124.75362791872675 234.31050770000002
-4.91797187981755 -2.0642039763737854 125.06688079157175 234.37469099999998
-3.946076364979369 -1.4662470663275684 125.74162604917107 234.4385212999996
-3.6012164296972387 -1.4151846293835182 125.51652227902308 234.50374740000007
-3.3374553243401266 -1.3164875196190189 125.31615659134448 234.56891319999977
-1.4974461353339734 -0.5530490402722855 124.68645461685952 234.63547349999953
-1.444951647025448 -0.39606907732125884 125.89552515185048 234.69899859999987
-1.0553329457383853 -0.4167038419681556 125.92182493814921 234.76320699999997
0.7427061567218587 0.4884987221378212 125.71936088661015 234.82813879999958
0.9022777023305224 0.49567896166195224 126.54760373956888 234.8936764
1.8691433616684066 0.857131296330579 124.96654749560128 234.9572446000002
3.196801753520809 1.5022125154832278 126.0584665566713 235.02159269999993
3.5539364178610597 1.5921918562395767 125.527091211338 235.0874573000001
3.6360402489162382 1.8064462443689995 126.07064282311137 235.15308920000007
5.042603465434688 2.4824169254329513 125.53179074365012 235.21759500000007
5.007453977642584 2.540558075873122 126.7281902630579 235.2830458999997
5.187017402543027 2.602260418922489 126.27335233540427 235.3472609999999
5.324704261029588 2.748844471750324 126.3414165322673 235.41349460000038
5.470170465857763 2.82927058463448 126.90927790998214 235.47737770000003
5.470170465857763 2.82927058463448 126.90927790998214 235.5433283000002
5.723252652901124 2.9092115667877745 126.41000414630835 235.60856570000033
5.632804086049262 2.337056611293888 126.12206127543607 235.6749848999998
5.810855877757469 2.262601270068576 125.53816134207044 235.73883110000043
5.525822751465974 2.128323118801435 126.47554334681021 235.80477919999976
4.539114567611399 1.4857713378976365 125.6018760262612 235.87037409999994
3.8928213752394285 1.2326321144538825 126.24961295084744 235.93588180000006
3.695689313659649 1.3368871182526934 126.18928532274509 236.00259370000003
1.7785317732562405 0.4160739261135725 126.28407592706098 236.06672160000016
1.4021269286862008 0.15423330644762634 126.0764823121126 236.13155600000027
0.9880457968640428 0.1044669916841926 126.535297549805 236.1975322999997
-0.7584898404600651 -0.7284012111094637 125.99005647345263 236.26316829999996
-1.1012105333564648 -0.8785602702598482 125.78536705546603 236.32841110000027
-1.4802576335510906 -1.0049219781196372 126.2975465732655 236.39382190000015
-2.8704684289472127 -1.5475338397094767 125.4296837292995 236.45862399999987
-3.3912593545635943 -1.6879000860090052 125.82002972128004 236.52257790000021
-3.5954136325069896 -1.8035346126094969 125.06511124082712 236.58768810000038
-4.398114869162036 -2.1165650015400965 124.45829871602469 236.65313890000016
-5.02966482142633 -2.2853879502869847 125.33287873675805 236.71838229999958
-5.169318402917263 -2.357723911054609 125.25939859874605 236.7824658999998
-5.2248081713991965 -2.3678490845824225 124.83302963315113 236.8484537000004
-5.439497811323861 -2.4203783236020566 124.31825950094907 236.91460740000002