-5.6328783194099685 2.7336197714852974 123.91187770520257 0.6716894000001048
-5.720593448281178 2.7218346209420465 124.13128797455947 0.6928311000001486
-5.867991564612801 2.6713672187833595 124.48577108949756 0.7016099000002214
-5.960300450177158 2.54834123861522 124.65136427282424 0.7343541000000187
-6.194247346669954 2.447034082063407 125.34743027821493 0.7667854000001171
-6.264982551441399 2.3450722822822168 126.06099699038778 0.7996992999997019
-5.341129390130881 2.3140720177163745 124.74590524693079 0.8311346999998932
-5.106918371072325 2.1844904665367 125.60081970898062 0.861900500000047
-4.6385649961097855 2.0512882048941288 125.6314239787262 0.8957471000003352
-3.9302237738561487 2.0008532196749496 124.46089581932823 0.9257713999995758
-3.798937024333739 1.8024761973629813 124.58448458401034 0.9584759999997914
-4.000631377710924 1.585386857663686 125.14962938759913 0.9901643000002878
-3.5192261481767844 1.4413191534201877 125.31974997072992 1.0227352000001702
-3.1263191275050204 1.4745279839556606 125.60982875441485 1.0541019000002052
-2.6879635960151305 1.1198277171633657 125.2738709649034 1.1015785999998116
-2.3345262282556973 0.9610372288882074 124.99886173472875 1.1329837000002954
-1.7870619489415063 0.9012474773308691 124.99441574525848 1.1634704999996757
-1.3707396887424252 0.6309378240828503 125.11670107973885 1.1973385000001144
-0.7787622780718877 0.44389503484604653 124.22762973913247 1.2287575999998808
-0.6923297125115155 0.25466071523533285 125.08811371361503 1.2613738999998532
-0.21685970420057288 0.14831134140290095 124.95107896522784 1.2936730000001262
0.4309182398188227 0.018260953357560186 124.11644707344585 1.3249735999997938
0.618820776334573 -0.1729722096432257 125.02153555991563 1.3563704999996844
1.1607986807363915 -0.48782971707704936 124.84766827961408 1.3896713000003729
1.1607986807363915 -0.48782971707704936 124.84766827961408 1.4074400999998034
2.0852681632525503 -0.7076710330682702 124.50622597587225 1.4689270999997461
2.600910613624059 -0.9511462909381379 124.92093748983372 1.5018206000004284
2.8825021568699682 -0.9639346513173548 124.74591862498347 1.5347677999998268
3.1191671702354142 -1.1856937415263953 124.94028093093358 1.5658433999997214
3.397762627037622 -1.2835046052356207 124.76278814131614 1.599475099999836
3.961142970479486 -1.3517596013344497 124.08772975783874 1.6306756000003588
4.2709041793876 -1.476487334043327 123.90316979312055 1.6616784999996526
4.468989392828391 -1.6440838166186298 124.2779598866499 1.6936265000003914
4.791694137355059 -1.790576071437632 124.47294882704237 1.726426000000174
5.095016749688156 -1.8029757215054607 124.02012727107132 1.755775900000117
5.095016749688156 -1.8029757215054607 124.02012727107132 1.774378699999943
5.625009160719827 -2.0009855174983913 123.5193148558529 1.8357888999998977
5.627706453539048 -2.091141480504804 123.75291968615797 1.8690898000004381
5.751585649877882 -2.215380441715349 123.75363614245617 1.899602600000435
5.565454723910634 -2.3164825293613553 124.74113271231047 1.9326203999999052
6.038519763724061 -2.2893615038551194 123.15873646973024 1.9641805999999633
5.943240926862472 -2.3370322740865057 123.57004515043836 1.9979075000001103
5.943240926862472 -2.3370322740865057 123.57004515043836 2.0285178000003725
5.943240926862472 -2.3370322740865057 123.57004515043836 2.0618954000001395
5.875487269774041 -2.339626340206086 123.75427842499053 2.093733300000167
5.875487269774041 -2.339626340206086 123.75427842499053 2.124281499999597
5.875487269774041 -2.339626340206086 123.75427842499053 2.1433061999996426
5.98191304103581 -2.3111750300999345 123.48996485245272 2.1744736999999077
5.98191304103581 -2.3111750300999345 123.48996485245272 2.2379111999998713
5.877260801671653 -2.19768821124727 123.58725586957337 2.269781900000453
5.409068750211048 -2.1827350439771513 124.08976142408675 2.302863900000375
5.25138976636358 -2.091375561701983 123.77406010857062 2.3328622999997606
4.986338202475707 -2.048621943940984 123.4319880873943 2.364196499999707
4.654982037915694 -1.8850830094368893 123.67772279577204 2.396885299999667
4.127033828005217 -1.8244971182558924 124.00845799128467 2.4291536999999153
3.846659000912993 -1.7918597676713683 123.72385506598549 2.4601223999998183
3.314968915095328 -1.61525421025752 124.17805498941145 2.494562500000029
3.314968915095328 -1.61525421025752 124.17805498941145 2.5135865000002013
2.8644975460355155 -1.513095776192533 124.00741398956839 2.5421629000002213
2.6853256003693247 -1.2419125494825072 123.18173167764385 2.5741627999996126
2.0490452985690055 -1.1785516102635285 124.1815295049351 2.6066719999998895
1.1805227888965888 -0.850144759524622 123.67402559406806 2.6678703999996287
0.6552625279452116 -0.6486501958699 124.44313978547977 2.7003489999997328
0.21079451827887397 -0.48350872561712466 124.18982281854014 2.732140000000072
-0.2839712635081213 -0.40845441595685694 124.4666231980616 2.765719199999694
-0.7906049769763754 -0.22483772009930855 124.8608994423787 2.798191300000326
-0.8807590324232564 -0.12052882240460364 124.11252279183859 2.828548299999966
-1.349340433403448 0.10323584973437683 124.49469661820255 2.8619847999998456
-1.349340433403448 0.10323584973437683 124.49469661820255 2.880202199999985
-1.9873599227028222 0.2394267170788127 125.16972649468424 2.9101309999996374
-2.3030815857537164 0.33280409218856244 124.76244575568333 2.9412671000000046
-2.725633953915718 0.5296022238991827 124.934441028143 2.9743485999997574
-3.5595576279186147 0.8379949033327616 125.0056271531316 3.038354100000106
-3.528874323777501 1.0526244855650084 123.67176073733756 3.0704330999997183
-4.156031453110444 1.2153054390269706 124.855043612361 3.1024273000002722
-4.50016855846571 1.3262002755844158 125.20224100377244 3.133825199999592
-4.638084920554952 1.6153920586268304 124.65977935359432 3.165757200000371
-4.977583983973105 1.7820293402566494 125.08553805298075 3.1974404000002323
-5.33322712685932 1.8840129972624708 125.28689980688917 3.230048899999929
-5.33322712685932 1.8840129972624708 125.28689980688917 3.2484332000003633
-5.470302962320787 1.9933087985672067 124.68041396472776 3.2779892999997173
-5.371054662793519 2.1562250645564367 124.08196925348085 3.3095663000003697
-5.687348216980148 2.355884423778196 124.76747772175601 3.3419272000001
-6.054277530487418 2.4073193887094813 125.31954463035858 3.3730250999997224
-6.09102540766898 2.5294587876182955 125.11564590257926 3.437291500000356
-6.212913569639269 2.5622448003221314 125.47130734514792 3.4686164000004283
-5.742704698326079 2.6368883189061054 124.18415701076732 3.502228600000308
-5.857731506891064 2.7908319435731057 124.83274751175256 3.533777999999984
-6.11677160984825 2.67747901421382 125.4820817674869 3.5661219000003257
-5.5955794182639735 2.6819615695866483 124.48829025856404 3.597985399999743
-5.5955794182639735 2.6819615695866483 124.48829025856404 3.6180307000004177
-5.8959825331281195 2.63393017358904 125.27263280429717 3.6438744999995833
-5.517752702789302 2.5109940728996656 124.44909757745194 3.676882900000237
-5.5884305481846965 2.40294092213257 125.10677639765342 3.7095171000000846
-5.562638525082839 2.3200181530797273 125.3296841731599 3.7413984000004348
-5.498329444077804 2.049958258998415 125.51404920870516 3.773742399999719
-4.640080972044302 1.941445456672456 125.30997209064613 3.8382916000000478
-4.02097617550826 1.826840360664234 125.13472450879465 3.8680336999996143
-3.647117019534221 1.7557384707815613 125.13410151431378 3.902425399999629
-3.4175345595660502 1.5210854309403006 125.08377743155633 3.933224600000358
-3.40572168507466 1.2993438058618376 125.43945029783995 3.965769999999793
-3.40572168507466 1.2993438058618376 125.43945029783995 3.984016899999915
-2.6783901732864805 1.1970267187978065 125.01840110158105 4.012252999999873
-2.3560446526021934 1.0512240218955178 125.26661844134051 4.046130300000186
-2.126355674984403 0.8094581985096667 125.27944127561693 4.078938300000118
-1.539242054006131 0.6047162770034676 125.27072094494513 4.108066099999633
-1.0153418353302186 0.578789771856493 125.05097435177929 4.140175100000306
-0.5431116674625045 0.2678869355989333 124.77953604457925 4.174425600000177
-0.2744008718629516 0.10424937612803506 124.79687536254721 4.203919800000222
0.6622611044614573 -0.17833657461018312 124.9279346600582 4.270678099999714
1.176230195881729 -0.39779734116708165 124.51521173841442 4.300480300000345
1.5287185390194793 -0.6440755821596912 124.42885889723391 4.333287000000382
1.5287185390194793 -0.6440755821596912 124.42885889723391 4.350470200000018
1.8048395400340098 -0.7169591576959219 125.3488491604348 4.380055999999968
2.3824431997310427 -0.8791691081019986 124.96110100012397 4.412322099999983
2.8088590863446257 -0.9789772685107883 124.78112290800587 4.446103100000073
3.3285104024250103 -1.0973789740607451 123.86789355343214 4.477965099999892
3.35426660328244 -1.233114094983079 124.20113667440965 4.509286100000281
3.6651472779266285 -1.4321814107238005 124.68155721652104 4.5405054000002565
4.296450582449168 -1.3946400023096621 123.8045367257487 4.573754400000325
4.936893413343185 -1.836620321987793 123.70411424046655 4.638935500000116
5.131280436389687 -1.657312744812452 124.04531984899546 4.668527599999834
5.131280436389687 -1.657312744812452 124.04531984899546 4.686575200000334
5.339813939240464 -1.9669378337876946 123.6867012567335 4.702223799999956
5.445161114324563 -2.092563875497357 123.82728463067176 4.748156100000415
5.688745489936899 -1.96029687313196 123.66487749611764 4.780664799999613
5.9295909474122865 -2.0682985982364626 123.53660375383379 4.812660800000231
5.780911369795696 -2.2436561169916147 124.00490792515878 4.844834300000002
5.9449409995132925 -2.2168732150492345 123.80905569300045 4.877196499999627
6.014367789088716 -2.2564375553377114 123.68733068612003 4.908919900000001
5.943218142894125 -2.3412131133732124 123.81779448564144 4.940369900000405
6.106115288724084 -2.2884708121402055 123.22510760692454 4.972754600000371
5.919042520246748 -2.3059444285409247 124.03901247686596 5.005203400000028
6.097259849377878 -2.270095471183067 123.17026744508637 5.037245399999847
6.04779396085997 -2.2941579938828505 123.36588040338802 5.069115299999794
6.018068563174047 -2.278015176234346 123.76527882648443 5.118351699999948
6.106115288724084 -2.2884708121402055 123.22510760692454 5.14948639999966
5.834306676010833 -2.243027339474391 123.84372740082915 5.181427200000144
5.629501502473424 -2.200253593740376 123.9489763809559 5.211620099999891
5.2270079711219495 -2.160846442819377 124.13903208210469 5.24534870000025
5.1172398459980855 -2.1084410450411024 123.49727893493167 5.2776708999999755
4.691695024557504 -1.8625733092969248 123.64809920725831 5.308285299999625
4.19234389722866 -1.93116247413611 124.0532465112397 5.341842400000132
3.7348827057188316 -1.789363299029638 124.14336240543985 5.373534700000164
3.4008397476017436 -1.6540352238817166 123.9359732127412 5.406318199999987
3.0048568907875577 -1.475293936725634 123.84607709303013 5.435738299999684
2.7463764670960558 -1.3596974931400279 123.5943884292941 5.484946800000216
2.090475941445227 -1.187180914832185 124.56289629741649 5.5179926000000705
1.694857617570591 -1.097388917067622 124.26107642401738 5.549421900000198
1.1317168359527514 -0.8745722996870391 124.48989416431525 5.581506399999853
0.9311630196746705 -0.7256937490196836 123.6818695117753 5.613189499999862
0.18773308102136355 -0.5912851196728927 124.98318009592103 5.64576070000021
-0.30126758179395097 -0.43339967239083366 124.6559227990479 5.677991399999883
-0.6674898867054395 -0.27333630462529146 124.42606505451614 5.710052299999916
-1.061649794800985 -0.06377425254917962 124.27170090044159 5.743013600000268
-1.2013209205004713 0.0020957731313317185 124.07057549376087 5.772661699999844
-1.6382725985436934 0.2684604646586409 124.2983065601076 5.8041338000002725
-2.263054391868806 0.3014458978579262 125.17857454914089 5.853098300000056
-2.3876157868712298 0.5173259974899387 124.1009598982637 5.885368199999903
-2.9803714883031205 0.7247703207423937 124.73638779704251 5.9167091999997865
-3.373727459436033 0.8255445993836803 124.79651177833445 5.948528400000214
-3.7085059650989933 0.998429454062736 124.55745865967579 5.981815199999801
-4.278421087560773 1.1342507422699308 125.24381268296392 6.015000100000179
-4.3100499697758465 1.29635527082186 124.67999878520804 6.04512799999975
-4.499966248078302 1.497683747112869 124.37491838293938 6.077315200000157
-4.876459700893463 1.7256850463127702 124.84189531476316 6.109654300000329
-5.092506592410288 1.8737178708149895 124.62921748594066 6.142116099999839
-5.097951743638838 2.0818138604386625 124.11668992242166 6.174269099999947
-5.4910951188520585 2.250482312936756 124.55810620529688 6.222327299999961
-5.635383807531603 2.3042698106575576 124.61410632331639 6.252406200000223
-5.781501060467704 2.3778593109039123 124.56742481178158 6.284202499999992
-6.023930364373385 2.47299646297775 124.83745250275858 6.317013400000178
-5.765870329119807 2.5871528228137204 124.19235461772018 6.349693799999841
-6.020258553646805 2.5975668045334723 124.82519321131318 6.380387199999859
-5.717603436342145 2.7168372549508026 124.12029728165199 6.413376299999982
-6.046511895547162 2.6608768237689597 125.05478554034732 6.446629899999607
-5.7216040058884445 2.6823800174948844 124.4938701650839 6.476560000000063
-5.5955794182639735 2.6819615695866483 124.48829025856404 6.509807899999942
-5.4029257322976605 2.6703918165795604 124.24111878982801 6.542006200000287
-5.458741145544138 2.5274193914282717 125.09057133254589 6.589156799999728
-5.0625676197125316 2.49711787650463 124.42268030985782 6.62093509999977
-5.082422697173747 2.3655172367143646 124.631238033375 6.653349199999866
-5.356401565260519 2.260192570722333 125.47524748238465 6.686131200000091
-5.1039848805136145 2.090217615279381 124.88081288286871 6.717417200000455
-4.8435522538907065 2.0354082834531364 125.25735126286084 6.7497425000001385
-4.624410001094709 1.9621355726620555 125.14429308962572 6.782510099999854
-4.479968671349397 1.6656815933043196 125.72213143258226 6.815241600000263
-3.5355837450681378 1.6142973260591227 124.36277138554091 6.844660900000235
-3.4634753677486927 1.5705758835303725 125.22791585296677 6.877193399999669
-3.141762773957332 1.0446367132168082 125.30922300482769 6.9089130000002115
-2.0751201955484717 1.1009526901509499 124.62620962034444 6.957020200000443
-1.6330283753889105 1.0373457636281644 124.82332104653892 6.989797700000054
-1.3359622533989324 0.589982460170016 124.94539736966445 7.022080699999606
-0.9082155159076422 0.6117194632377654 123.98201802879913 7.05433499999981
-0.9858525703410876 0.372312306369753 125.00731562074246 7.085317799999757
-0.5196911092036558 0.0036852032701034376 125.06634331145005 7.118661100000281
0.08015044974715124 0.1002086782638102 124.54773372875216 7.151259799999934
0.4491934306118921 -0.12003933707602818 125.02392600663289 7.182701599999746
1.0013951472971456 -0.28619282607181806 124.5846226308834 7.213711100000182
1.503637327227267 -0.4125797556314126 124.83320123219113 7.245077499999752
1.9804521905622678 -0.6471416678857669 124.51075640415706 7.276557999999568
2.39426471892574 -0.8143836298763066 124.19360534882205 7.324576699999852
2.429595353552223 -0.9788542525247912 124.8004517903453 7.356627400000434
2.7208926494998664 -1.1706356135215696 125.19705949809764 7.3905557999996745
3.593838637830224 -1.0953417846747149 123.3297562955134 7.421791200000371
3.437399935011527 -1.2293585436447618 124.76502909524973 7.453474599999936
3.861408951173388 -1.617538013968038 124.89960232079552 7.485565699999825
4.616253830394363 -1.4109369076153586 123.6423056571867 7.5178736999996545
4.737351441797749 -1.6824350924657094 124.13390917701322 7.549365099999704
4.734532895265495 -1.928081751098146 124.56416385509712 7.581642099999954
5.1868274193927775 -1.897544904501907 124.52026617966524 7.6130395000000135
5.7165595897195445 -1.8868163594330034 123.66355617970257 7.645890099999633
5.410505356032154 -2.1203588038703485 124.25027816617936 7.694233299999723
5.702227806284434 -2.19281253846286 123.7047231858422 7.727101499999662
5.981379654268899 -2.045702266392342 123.2941744131204 7.758859999999913
5.634473398099381 -2.2244859286169456 124.63967842776917 7.790671200000361
5.817839871923816 -2.3412272228697177 123.8245359409897 7.821597299999667
5.943670149897542 -2.254169827044737 123.57115710975212 7.8539182000004075
5.654024970916019 -2.3384545187037973 124.62458341277217 7.884407100000317
5.9712905202994335 -2.3935735055310894 123.18393701803294 7.918380199999774
5.94263251309868 -2.231824529782292 123.48945300911397 7.950124699999833
5.782160986136098 -2.283484257131248 124.01002104451307 7.980665600000066
5.819274540698942 -2.3220786247381144 123.6627421735729 8.014442100000451
6.027564524478976 -2.26981597112256 123.11492180805516 8.062421399999948
5.821465715495485 -2.2217237815603434 123.81016719672984 8.092081099999632
5.747218784899182 -2.233411710841094 123.67944992124589 8.125288299999738
5.378844017080169 -2.0755256550091623 123.95940565559499 8.157626199999868
4.959056805043318 -2.082085589491969 124.39653424120779 8.189414200000101
4.6929231399337965 -1.9505214134399766 123.88677062958574 8.222529200000281
4.291324106287853 -1.830278680063063 124.24784686050153 8.252957900000183
4.005571076785145 -1.7190775101330686 123.46392657315917 8.284067100000357
3.3552305515042775 -1.6633805709871567 124.34351618276104 8.31740340000033
2.9454471542550706 -1.5558932756868251 124.2461338614718 8.347549799999797
2.5680933890733613 -1.430347861228732 124.2642333192525 8.381983199999922
2.099928562868783 -1.2868492979261716 124.38976016480501 8.427917699999853
1.8572809922818152 -1.137819954551568 123.81974217560983 8.46164779999981
1.4229641026968878 -0.8865004258122116 124.14646076421094 8.493060300000252
0.8422650235901017 -0.7881388151560339 124.28007872944171 8.526196900000286
0.2519937874574367 -0.6224795152620677 124.67881486513694 8.558042700000442
-0.0002697513381946237 -0.4348604947476279 124.21734919870501 8.588549600000078
-0.615708153879531 -0.2955831755924331 124.66879699181372 8.622366399999919
-1.0284188507129457 -0.20155504726806164 124.6914314213348 8.654381000000285
-1.2781570984098778 -0.019913890206201296 124.54221398166537 8.686359399999674
-1.684632518229705 0.1943794036791088 124.69946882112906 8.718484400000307
-2.1240204562909994 0.3377278992488646 124.71207262396783 8.74946170000021
-2.4599519956102753 0.4970197110696859 124.54271209152839 8.796470500000396
-2.8546065627384465 0.7103131507143012 124.80495834274933 8.829975499999819
-3.303065897003542 0.8412265386143299 124.76958552173096 8.859773899999709
-3.733072105536266 0.9623848168629169 124.82476094684586 8.893585599999824
-3.743722820565715 1.1889288141683647 124.26655186525021 8.924951900000451
-4.359529482574665 1.3417499864612648 125.0376790576326 8.956942900000286
-4.519817779216588 1.4356927165127737 124.59399880561922 8.988892000000305
-4.551997285026211 1.7192913252364763 124.04241561413694 9.022205700000086
-5.004842008576361 1.8692651517087766 124.59599198143569 9.053598899999997
-5.317059179268895 1.9808012634686119 124.7807711190061 9.087105300000076
-5.236743967786246 2.1455532828313015 124.09162444782531 9.118122799999583
-5.696528511034366 2.284315710524389 124.79257482682688 9.16457249999985
-5.838768111926001 2.3678518082359226 124.6626252852732 9.196571499999664
-5.667277743363748 2.518031348984066 124.14762001150574 9.229034900000443
-5.83581455100957 2.583872513706444 124.28846035638865 9.260467699999936
-5.895817517771874 2.5640472171300233 124.46225654018711 9.293090799999845
-5.847625325819095 2.682800824625779 124.49939703194805 9.324949699999706
-5.942341013136101 2.725332708635088 124.70469036925947 9.356675099999848
-5.942341013136101 2.725332708635088 124.70469036925947 9.389305599999716
-5.942341013136101 2.725332708635088 124.70469036925947 9.421791900000244
-5.942341013136101 2.725332708635088 124.70469036925947 9.454295999999886
-6.09102540766898 2.5294587876182955 125.11564590257926 9.485130099999878
-6.194247346669954 2.447034082063407 125.34743027821493 9.532572099999925
-6.122540153623156 2.371253761153828 125.50577006435401 9.565042500000345
-5.611696154960406 2.237777874626397 125.52394147211943 9.598102799999651
-5.193094025912771 2.250304198573987 125.75320955659295 9.629652999999962
-4.554371306221242 2.0737543369589266 125.24137534122562 9.660974800000076
-4.135232408978979 2.0135605034308335 125.3828329211196 9.694396099999722
-3.7977408757494615 1.8147319337620174 125.2891312530606 9.724882499999694
-3.557088968997583 1.585764297273375 124.84408278710234 9.75910230000045
-3.5794541756617306 1.4585394145450041 125.12910273571762 9.788145700000314
-2.951700750381221 1.2070488546198117 125.12055118974602 9.821606499999689
-2.3525615069508063 1.2219818335416184 124.63237683709916 9.86905730000035
-2.0477973594498096 0.8957155479813174 124.80878752738396 9.900805500000388
-1.7235459097814285 0.6757089387827772 125.4037648900638 9.93285670000023
-1.1127730866148653 0.6898406945175519 125.0846647492688 9.965241799999603
-0.6044012254424018 0.32036796684196356 124.92944670997436 9.996741199999633
-0.33819444092134887 0.2331380677243111 124.48657578537099 10.031155300000137
-0.33328516802664865 0.03903922919889803 125.35633828560744 10.061430200000359
-0.2097686125249254 -0.23728147385573875 125.657520933573 10.095081200000095
1.4040809114257655 -0.288761913806989 123.3025015051291 10.125573700000132
1.6026122533365452 -0.3062110561810356 124.92025408926978 10.157397900000433
2.193825374785682 -0.853422255491949 125.28375012066908 10.189804100000401
2.9577424711133276 -0.7051465945380857 123.69748035348483 10.237150400000246
2.934099504297855 -0.6890336334262923 124.28648890755586 10.269295899999634
2.9069793897622063 -1.2129815212459363 124.47366149673756 10.30232309999974
3.2576396709964186 -1.1598910399802242 124.07746270385479 10.333863599999859
3.591312793520231 -1.2697356727922766 124.30580299660402 10.36643069999991
3.970292704871582 -1.4959732158919066 124.13346454645975 10.397183600000062
4.361477260033375 -1.5456684334594026 124.04384175128155 10.429016099999899
4.479789643625608 -1.6189857102638552 124.63415921495624 10.46293760000026
4.9524890264202455 -1.7823024144040618 123.65918602739472 10.493562700000439
5.2686393331437955 -1.8617423322435513 123.54883026868302 10.52453239999977
5.29446852199888 -1.9321060624156519 124.05326226644878 10.557566299999962
5.29446852199888 -1.9321060624156519 124.05326226644878 10.57590160000018
5.4434288563123445 -2.216887760249663 123.83594153848199 10.636578599999666
5.643811211923925 -2.1537566599284372 123.77677092150101 10.669142699999611
5.821628214465321 -2.3061235968037908 123.80243252955951 10.700706999999966
6.013778357495013 -2.3471593176422183 123.87317102000108 10.734366399999999
6.193425929071786 -2.2543179236121476 123.55979128019584 10.766554699999688
6.068599726864818 -2.341191640764759 123.81100756970886 10.797152000000096
6.175490703800605 -2.2921316010987463 123.38527528693221 10.829816899999969
6.068804797429138 -2.3222740358694107 123.65291882764114 10.860698700000285
6.013778357495013 -2.3471593176422183 123.87317102000108 10.892964100000427
6.014769560435816 -2.3241957981883377 123.78405648059855 10.924672199999804
6.014769560435816 -2.3241957981883377 123.78405648059855 10.942822699999851
6.068009594538701 -2.3372284331920543 123.56476691255519 10.973413200000323
5.680029801517527 -2.2900344969724995 124.14946232184322 11.037828000000445
5.695284969899902 -2.1042386433216915 123.3068188144993 11.069240400000126
5.170684438846465 -2.136544370280184 123.7722203920517 11.101386100000127
4.818005762020768 -1.9507270423108314 123.88163566002355 11.134285699999964
4.504824203018671 -1.8478826351172808 123.790059265762 11.165784599999824
4.070904963297643 -1.8413745542819808 123.71543132339703 11.198738000000048
3.6530762098731273 -1.634732205375504 123.72772624024222 11.228611599999567
3.1222259427413377 -1.54351523225751 124.28021243866233 11.260901300000114
2.811049304629279 -1.4297693145258763 124.37689923383742 11.291856599999846
2.811049304629279 -1.4297693145258763 124.37689923383742 11.310581200000343
2.3162427072335277 -1.30513004009172 124.27670746810294 11.341714400000455
1.8483628903155491 -1.1637776390433772 124.23478031093727 11.373620200000005
0.7670421411438966 -0.7967107496175846 124.62490808717037 11.436203700000078
0.3158900332398318 -0.6781529570723768 124.76382014862557 11.469285299999683
-0.07651051097750639 -0.537964992151722 124.4729831523904 11.50128390000009
-0.5009454307316119 -0.4425972253719741 124.78208198160742 11.533796800000346
-0.5765262813302101 -0.18060770690598146 123.34634655096679 11.564890800000285
-1.1438908216608183 -0.1065894280991374 124.0869383259343 11.598078400000304
-1.406032126947295 0.1313934062163427 124.05550383897982 11.629827400000067
-2.206523162303071 0.3009467298524696 125.12530428138258 11.661113099999966
-2.206523162303071 0.3009467298524696 125.12530428138258 11.679581399999734
-2.27954811221926 0.38226004913623013 124.07724227938333 11.70778799999971
-2.6363266391192397 0.6421327428049717 124.10357146509287 11.740523899999971
-3.3413102201925824 0.8102637385664868 125.15240529842082 11.775338499999634
-3.760980883780711 0.8983197717465893 124.83864645042499 11.804515300000276
-4.402586781427708 1.2598105558179498 125.24005263871163 11.86955130000024
-4.499407335338411 1.3648408355335955 124.64732152482813 11.90107960000023
-4.589442612305859 1.655997137177405 124.08337162611008 11.933705600000394
-4.971003476793911 1.7981729934319683 124.67569322031012 11.96637329999976
-5.191100521634141 1.9804117260051974 124.77618431675867 11.997000000000298
-5.276662903679515 2.133746775549893 124.27973306835013 12.029084099999636
-5.276662903679515 2.133746775549893 124.27973306835013 12.04693049999969
-5.439557621540807 2.2601054971709296 124.28104177340644 12.076917100000173
-5.814499462631446 2.340532066969609 124.88417810541087 12.11016540000037
-5.731732798676333 2.450382980956042 124.41959433255542 12.142734500000188
-6.06708663224363 2.5388253248204564 124.97468556367691 12.173217999999906
-5.938217414802914 2.6296646960742875 124.59677755282904 12.20649609999964
-5.9551089017019905 2.741485204225705 124.63476717503329 12.269218600000386
-5.9551089017019905 2.741485204225705 124.63476717503329 12.301372099999753
-5.885410322439604 2.7447541064448835 124.53995260082677 12.33388879999984
-5.786330430777248 2.7023995025833747 124.32188794459573 12.364986599999611
-5.786330430777248 2.7023995025833747 124.32188794459573 12.381938100000298
-6.190667826287978 2.57215451690584 125.33542215726001 12.399221700000453
-6.023930364373385 2.47299646297775 124.83745250275858 12.445026600000347
-6.092016477596481 2.311220993305508 125.48680479250784 12.476568500000212
-5.287084130501796 2.276683623607282 124.92709739288425 12.508721799999876
-4.8914610231309155 2.265668799761806 125.39711245950055 12.539487199999712
-4.64279423948669 2.0430357739225227 125.70786798601114 12.57300959999975
-3.972904895298285 1.9016508720052474 124.98561019622281 12.636752600000364
-3.855898255788553 1.6041330918317933 124.76375458569855 12.669852199999696
-3.5521828791448726 1.4268546340811543 125.49935423333233 12.70185279999987
-2.779767355593947 1.5457550745394173 124.40442046406713 12.734230899999602
-2.779767355593947 1.5457550745394173 124.40442046406713 12.751361800000268
-2.96093514896787 1.170759707080959 125.71120766833526 12.769617400000243
-2.195015580052747 0.8609347707401849 124.5939355030478 12.815552899999602
-1.5136869606114303 0.8783051348748334 124.6346902625593 12.846272599999793
-1.502783923951803 0.7519301110274317 125.15750396445193 12.876802900000257
-1.2311064919092516 0.22985031094167668 124.44282789836558 12.909721699999864
-0.09687518897028013 0.2725343447165658 122.99806743228935 12.940422900000158
0.015291838244870348 0.321616773066822 124.93907976140726 12.973599300000387
1.190609213795149 -0.19154480009798022 123.68643826444821 13.038320599999679
1.2283188817604938 -0.30982188225683494 124.99444572666737 13.069219599999997
1.780081094839801 -0.6444667904675019 124.41825872286088 13.102446199999576
1.780081094839801 -0.6444667904675019 124.41825872286088 13.121166300000368
2.002905818876478 -0.7497225207008882 124.98430970435437 13.138429800000267
2.4324059424160325 -0.8875106394439187 125.09087142253763 13.182081099999778
2.9069427598095743 -1.0001317087213157 124.31125575980673 13.212190600000213
3.1169839093649188 -1.2201415992558071 125.05211530179174 13.245743800000128
3.6140072757340747 -1.25820372945067 124.29294949181158 13.277250600000116
3.910038729263192 -1.395226081161244 124.35931199911583 13.309556000000157
4.210708674430897 -1.6220639894853712 124.46065441078 13.341175800000201
4.695287164072695 -1.615978269305263 123.76339079560013 13.372953500000222
4.786839305423904 -1.770031134827319 124.33603803423073 13.406699000000117
5.284182588582603 -1.9104627973663892 124.01345017918841 13.469398000000183
5.284182588582603 -1.9104627973663892 124.01345017918841 13.486838599999828
5.526459053990891 -1.9903713643535208 123.98978603552759 13.504193300000225
5.634077035963436 -2.1139659153562884 123.81302513865124 13.54978730000039
5.709045790267304 -2.222392910888261 124.05339439429147 13.581129999999575
5.877260801671653 -2.19768821124727 123.58725586957337 13.613234499999635
5.943670149897542 -2.254169827044737 123.57115710975212 13.645526999999674
5.927597085075277 -2.3163937461493993 123.54766435753965 13.677320699999655
5.927597085075277 -2.3163937461493993 123.54766435753965 13.710036899999977
5.927597085075277 -2.3163937461493993 123.54766435753965 13.740995400000429
5.875487269774041 -2.339626340206086 123.75427842499053 13.772870200000398
5.875487269774041 -2.339626340206086 123.75427842499053 13.837084300000242
5.875487269774041 -2.339626340206086 123.75427842499053 13.854542500000207
5.927597085075277 -2.3163937461493993 123.54766435753965 13.872434400000202
6.027564524478976 -2.26981597112256 123.11492180805516 13.917658800000027
5.8187097614546275 -2.212880965535994 123.57277416865435 13.94922729999962
5.642660661442449 -2.1495937994438648 123.53713648640255 13.979817800000092
5.317626828849541 -2.1116312636072307 123.61768631517813 14.013642099999743
4.878016821713786 -1.9503030885737695 123.97938684631973 14.043846399999893
4.782425801500096 -1.8175954971312445 123.27382999033871 14.076936800000112
3.979338882092655 -1.81396212455217 124.48111501720044 14.108058900000287
3.5562061113785575 -1.6461575201281806 124.16535844808594 14.142514500000289
3.2472563744334906 -1.5608051806666914 124.13938597967788 14.175166699999863
2.8955795345502864 -1.370191044332622 123.87041464037301 14.204864600000292
2.4128492591018684 -1.2885868939971965 124.29684381985196 14.23736850000023
1.9666712849340442 -1.1493952265669916 124.34118740040158 14.286904900000081
1.4854558244219902 -0.9738330378221125 124.53199293820084 14.317632700000104
0.8851414967451845 -0.8239856501143681 124.95296329177977 14.351146900000458
0.4988137916677431 -0.673013348552783 124.70287276990207 14.380423700000392
0.13343614480933752 -0.5184454287214249 124.37383421163568 14.412409300000036
-0.3273661798808192 -0.4126613578684254 124.48023114901846 14.445041799999672
-0.7857609805866872 -0.2824350496831505 124.48240524923663 14.477574200000163
-1.1535538299075938 -0.14487026992641136 124.54236399993702 14.508779499999946
-1.4632000959540576 0.11975695245597792 124.31738893891234 14.540442100000291
-2.0647363948713746 0.29944148377074603 125.27459047445471 14.572993900000256
-2.267711567966998 0.4100833380666078 124.52564397319601 14.605284199999915
-2.653793500664399 0.6068712148352486 124.5652276950636 14.652971700000307
-3.0011913585409715 0.796892435363844 124.558607003005 14.685332899999594
-3.5582753221207426 0.9630837742561204 125.00024063746099 14.718490600000223
-3.6310663172852884 1.1414355789445083 124.11332103729164 14.748804599999858
-4.048123573181897 1.312202994739714 124.52522262277066 14.780302099999972
-4.402174250501616 1.3663836604224124 124.58422975179369 14.812735600000451
-4.6765672306107575 1.6212226131379806 124.61709719507368 14.845911600000363
-5.053547576183874 1.8482115650532545 124.9844353942914 14.877766300000076
-5.32522477944709 1.8453013136831242 124.87864913718376 14.908845900000415
-5.324033600366377 2.07484351234623 124.43252751340556 14.942270800000188
-5.475534129596063 2.25260151337704 124.31557623483124 14.974181700000372
-5.693259848918196 2.3083394225050697 124.52866033792343 15.021644499999638
-5.828734605536567 2.4435821990638593 124.7169688744395 15.054137199999786
-6.006345764127808 2.558513011306822 124.7987777720934 15.085538999999699
-5.920261119108005 2.555243942503182 124.60500588328918 15.11736639999981
-5.785281513182426 2.674237085226289 124.35162907860774 15.148884899999757
-5.91437872895407 2.7478163222118277 124.58690365857441 15.181185200000073
-5.942341013136101 2.725332708635088 124.70469036925947 15.213853500000369
-5.842634177103868 2.7510074651057552 124.48561936363274 15.245533299999806
-5.829060135351796 2.741075914334301 124.6296195218549 15.277576299999964
-5.745106189789276 2.6176766987719247 124.63660279768673 15.310076599999775
-5.412827798751664 2.577071058426652 124.31866397457132 15.34061070000007
-5.55905323267087 2.445137886344151 125.31749802737686 15.390752700000121
-5.506818314827299 2.2499928159090254 125.62182163070342 15.422088799999983
-5.2511742655925815 2.2139166873251925 125.14941866816024 15.453917900000306
-5.244329335674124 2.0486410608216405 125.50063758020613 15.485898099999758
-4.5314429963383205 1.973755641584248 124.70241650043046 15.517085299999962
-4.419900268754347 1.87758913683678 125.56159920113608 15.548045900000034
-3.964469118479556 1.689488172093851 125.28038738573258 15.581384000000071
-3.585818305731536 1.5635857802341495 125.27047602981523 15.614033599999857
-3.0214158949787375 1.3368191635011506 124.80846127852725 15.645855300000221
-2.6987363881840736 1.1664188726654123 125.50482297155943 15.677119199999652
-2.285924733604837 1.06585280650717 125.18998894098942 15.71038580000004
-2.0088481976510977 0.7529959516114413 125.17933474637496 15.758080300000074
-1.9424148105058947 0.608230159089428 125.59167725962223 15.789662899999712
-1.0119973839924015 0.4567132135068932 124.96850253025404 15.820183499999985
-0.4221714789558959 0.4315957355042124 124.4510882391485 15.85335430000032
-0.30348644708608674 -0.023776293850734764 124.37643721286561 15.885139699999854
0.38938929648671206 -0.09503767486624742 124.05639563264744 15.918353000000025
0.6998405254313056 0.024426069590020902 124.80313481528518 15.950230200000078
1.3283259902337505 -0.4982667172119636 124.69188332084366 15.98284220000005
1.7973140129686556 -0.4777941215889484 123.94631406657635 16.013275799999974
1.9287834261028252 -0.7247555165057132 124.53122135438721 16.04507840000042
2.915608835198668 -0.8578437249635884 124.02571941153701 16.079650100000435
3.0146893219970465 -0.7906112903212965 124.70967517249937 16.125786499999776
3.2559224783236616 -1.2503058388519759 123.2884315754606 16.157822699999997
3.6946439567737954 -1.3599896738021096 123.48439067159264 16.189976200000274
3.913257328482736 -1.2532843228735362 124.38058530778495 16.222743100000116
4.3024344301038155 -1.515007137118973 124.04324518009548 16.25186670000039
4.64776507645351 -1.6137431797948587 123.5600397316129 16.285442299999886
4.743657525305061 -1.7236220434662424 124.45628036334925 16.31736759999967
4.986551931613661 -1.8315453110591917 124.28534991603146 16.350062399999842
5.083469167662699 -2.0305858500001 124.09069061816253 16.38237930000014
5.478454402953005 -2.022570322491309 123.1815809712948 16.41230379999979
5.548986752092873 -2.0493039403489606 124.1036494090472 16.447010500000033
5.743076141495955 -2.263093219569886 124.08181664224033 16.494743899999776
5.8944788175740825 -2.1537458467541435 123.76324768982018 16.527368000000024
5.9023600481122145 -2.276157602190576 123.77345086992223 16.557229299999562
6.067806395268242 -2.231701304045182 123.4824052993937 16.590207100000043
6.068546669368935 -2.2542468755310505 123.56549074960361 16.619681899999705
5.943218142894125 -2.3412131133732124 123.81779448564144 16.65340120000019
6.097259849377878 -2.270095471183067 123.17026744508637 16.685051600000406
6.068546669368935 -2.2542468755310505 123.56549074960361 16.71743929999957
5.845519595719317 -2.3692561196770443 124.08508061653838 16.750205299999834
6.097259849377878 -2.270095471183067 123.17026744508637 16.782570499999565
6.002480084707344 -2.2151599182894626 123.73929274090133 16.81297739999991
5.877030425863488 -2.2152750828866825 123.74649066897916 16.860892599999715
5.666225540800625 -2.1665354123815828 123.53166569576318 16.892567099999724
5.319356914167578 -2.1135480960399944 123.74575086515661 16.923918499999672
5.002864307888494 -2.0297335241334413 123.34721242218478 16.95553050000035
4.458763826188694 -1.9611921773230856 124.57766294902214 16.99061679999977
4.320088139749025 -1.8307238565488235 123.24243546187301 17.020084200000383
3.751359762198689 -1.6994059897264262 124.02275479877066 17.052641799999947
3.304736263858409 -1.6000429970733743 124.30115919235237 17.086984200000188
3.0913758844749637 -1.4694236591488026 123.6060623751014 17.117393900000025
2.5647137521477603 -1.3648374215352665 124.45465775176231 17.149147600000106
2.248954419542173 -1.198726717036198 124.07715331290501 17.180711500000143
1.7163605287634454 -1.0685747155784326 124.42077881370393 17.229123600000094
1.167496839969992 -0.9269731038509725 124.22790360387246 17.26330880000023
0.7490397524547916 -0.6853269652851933 124.20011873991463 17.29414960000031
0.25598400531549004 -0.5141776629166126 124.18544402353542 17.32641919999969
-0.20055572802338162 -0.4583115824355497 124.47497847481799 17.357198800000333
-0.6752838533174881 -0.26709834725771653 124.45296875582193 17.38985870000033
-0.9074388204716541 -0.11832044743163192 124.0458543121564 17.423004899999796
-1.3260285523249067 0.042760736330172036 124.49599346895666 17.452876399999695
-1.7940925730028 0.27485609283309254 124.65248439693599 17.485566299999846
-3.632867197436717 0.9275879737132522 125.35163896981192 17.67010500000015
-3.6218350798370196 1.0077127604063554 124.36377191492372 17.722114500000316
-4.053648070929505 1.2177236305333232 124.77744004066055 17.788310900000397
-5.107500350347557 1.840282295490337 124.83036297269646 17.853676800000358
-5.198463026339098 2.074454263610077 124.42807099184229 17.917629800000213
-5.501300022889275 2.234707238666783 124.6979339239549 17.982911899999635
-5.96158101392583 2.492680790547501 124.65671147534603 18.04841899999974
-6.190667826287978 2.57215451690584 125.33542215726001 18.112624700000197
-6.17414471780009 2.5694345968353294 125.42892830645619 18.17786840000008
-5.430169177857799 2.661575201088546 124.93247177656828 18.243481700000302
-5.267741686678029 2.5465704368979636 124.89506790031507 18.308299700000134
-5.209029756116998 2.4017505404565163 125.09138259389094 18.359372500000063
-5.320265066743197 2.3582011738450226 125.66747419249091 18.42329129999962
-4.471501079129446 1.955401370825004 126.02359368598235 18.48829839999962
-3.7442686218764862 1.7097794552638013 125.12710403426688 18.552977100000135
-3.550638760782398 1.563791550086261 125.30092428536737 18.618958299999576
-1.7442562987013872 0.8355315468537278 123.89360286077863 18.68396279999979
-1.5517624961100722 0.6470025336848353 124.96171895235011 18.748074799999813
-1.0412218201665269 0.6515526058831427 124.92180158616729 18.813170399999763
0.8925745723247331 -0.18528405638284332 124.02376363352964 18.878295499999695
1.3262326274903131 -0.40803876536236394 124.02255580283084 18.943515199999638
1.43926878764659 -0.36601715206625896 125.09421062225317 19.009920800000145
2.996803845697407 -1.0688383012231857 124.37339472418319 19.0765607000003
3.2666322890776485 -1.3487776847102708 124.27156513847893 19.141526800000065
3.6199046419413747 -1.351838359589892 124.70518426855035 19.20641809999961
4.809913993632165 -1.815159640473783 124.7643301635856 19.27174350000041
5.05712134585886 -1.9138921063128356 124.69982998296061 19.33725140000024
5.41244668492309 -1.9955708597913069 124.24103330763796 19.403825499999584
5.8899649257686875 -2.2228363818367094 123.87174176917604 19.46965799999998
5.883560840017822 -2.40241448118296 123.9261245205637 19.534908300000097
5.944038628651647 -2.3221791719963694 123.65784187854896 19.600261100000353
5.868376198395737 -2.3877087225016327 124.078012847843 19.666146300000037
5.845519595719317 -2.3692561196770443 124.08508061653838 19.7474301000002
5.944038628651647 -2.3221791719963694 123.65784187854896 19.812652599999637
5.074790326218036 -2.153029918728998 123.84634092989236 19.876455499999793
4.770381333129997 -1.9649317000279454 123.82759121445662 19.94171499999993
4.3180055423476915 -1.9314657017588286 124.04644119685956 20.006476499999735
3.9632174313389186 -1.7803694593161548 123.65544432036681 20.05760989999999
2.7463764670960558 -1.3596974931400279 123.5943884292941 20.123230999999578
2.248954419542173 -1.198726717036198 124.07715331290501 20.18653340000037
1.5813866881148897 -1.0679104089224685 124.84260520525038 20.25166160000026
-0.5782033678574834 -0.2873447639068639 124.48734712984759 20.316492500000095
-0.7928785687705613 -0.10396369424338947 123.99993271154712 20.381130900000244
-2.101026528077 0.35427926772382845 124.51332474451286 20.447308699999667
-2.480184165546966 0.48646492223334514 124.53258516162927 20.512672900000325
-3.0524589043882244 0.6893212717207677 125.03505501746423 20.578861099999813
-3.3191670977936027 0.8232417426864344 124.74761368230764 20.645002199999908
-5.006899091154821 1.6904200637732774 125.29002623547508 20.71044720000009
-5.229645305177051 1.8259453350467185 125.27798754483096 20.77571540000008
-5.767835538121922 2.243863069667398 125.56188948573282 20.84214179999981
-5.712720208164356 2.367456034294436 124.65752192935656 20.905580100000407
-6.004397551343466 2.4661557752748218 125.15893929791034 20.971175900000162
-6.011111538993973 2.5349648701045813 125.06607100459274 21.035971999999674
-5.89503924830764 2.6733382447429377 124.90689665149348 21.100984499999868
-5.9428872204936525 2.6002727725094457 125.04931190737686 21.16643000000022
-5.964576299171149 2.5290458456271723 125.11073140835343 21.232152999999926
-5.536144858021508 2.2053479905936606 125.1819821659228 21.29783680000037
-5.367829006117944 2.17427657257431 125.49413531458686 21.362641300000178
-4.961675521114728 1.9963764351155446 125.61206681677986 21.42764950000037
-4.432922202719865 1.8408244322253657 125.05829396071633 21.493239000000358
-2.447181633757779 1.0371710367620908 124.82684015804813 21.557175599999937
-2.447181633757779 1.0371710367620908 124.82684015804813 21.622682799999893
-0.7531455464100176 0.4565426625221296 124.77404228365378 21.687727399999858
-0.8351771612360821 0.0650347796252798 125.57554869348061 21.75349079999978
0.19245686225480085 -0.004404512323818471 124.3884087791722 21.81767789999958
0.6987450886270778 0.12429721430918436 124.54389870913846 21.882601899999827
2.466760302414876 -0.9133241464843589 124.94727405977608 21.947454899999684
2.565769045558035 -0.8723045349998524 124.90566276570992 22.014444000000367
3.976967530537273 -1.5524239790712562 124.59956134464059 22.07887910000045
4.5031213806665065 -1.4949625279287744 123.83681233033086 22.144894699999895
4.451072669375243 -1.6483519673916842 124.94341120970627 22.209956599999714
5.497059564885568 -2.2070212617622347 124.52591270325767 22.274492700000337
5.789326431370412 -2.015062655314287 123.77702715450542 22.340717899999618
5.6230629415952365 -2.206960493717086 124.52012578007387 22.406811200000448
5.90738711018696 -2.3776118417902707 123.43543730307566 22.47294729999976
5.875487269774041 -2.339626340206086 123.75427842499053 22.53828489999978
5.883040581248451 -2.3628179505475386 123.80990843647966 22.601377599999978
5.73901550453941 -2.4472844779355727 124.3896172657976 22.66647980000016
5.6815700808165985 -2.2635932022739724 123.98742803764313 22.731257800000094
5.569756202431918 -2.11370109737815 123.73320135336067 22.79641939999965
5.043978876387293 -2.103000531892444 124.11748743794969 22.862694499999634
3.493092293401503 -1.7020852443699879 124.45297322767453 22.92737440000019
3.114744659372775 -1.5136263804301109 123.99773861201561 22.992530499999702
2.715672169189986 -1.4748184767193533 124.32514484866464 23.05925219999972
1.0821485879347392 -0.7860074492278302 123.64085503410215 23.123409900000297
0.4718943027978426 -0.673490915015329 124.3532285478969 23.188138100000288
0.043253471387451725 -0.47114772760899093 124.41165531209886 23.254536200000075
-1.450716103307741 0.1269631668964582 124.07573111265565 23.319126999999753
-2.0612764252147784 0.2649342901574483 124.85997134918854 23.384801600000173
-2.41423272225569 0.43299710705259786 124.38144649199361 23.45049259999996
-2.6530042292374674 0.6316895951238293 124.08175536886868 23.51575690000027
-4.325270007323063 1.2687226022501463 125.07846669075839 23.58105859999978
-4.625295608908779 1.4085637337467152 125.03978370083799 23.645835899999838
-5.516154104550026 2.099539434279566 124.81514013934851 23.71099250000043
-5.605432065482297 2.23272815755592 124.780859600902 23.776350699999966
-5.9790969471841535 2.3290164625650953 125.27120905529767 23.842286500000228
-6.067220039090643 2.446649103307027 125.34156647667002 23.908040100000107
-6.060050181956136 2.696859513535695 125.31746248718501 23.9734612000002
-5.80275304754101 2.7224435774946443 124.80271446907494 24.03878150000037
-5.949124072977618 2.6815562947657714 125.67399771769148 24.104730500000187
-4.999931012178827 2.450308866470542 124.31295000673286 24.17034010000043
-5.2945604648163425 2.211561186937902 124.96478171670789 24.235567800000354
-5.3601034213254195 2.134908481587088 125.4878980079352 24.29973659999996
-3.4467373091438347 1.7083689458926987 125.10134919475985 24.365340800000013
-3.4175345595660502 1.5210854309403006 125.08377743155633 24.42956620000041
-3.1699787411271316 1.1929924582186948 125.21954454450295 24.49415080000017
-1.1804171116777695 0.686753924341733 125.1217604005739 24.558639400000175
-0.7632927459340877 0.47190127899881107 124.68197420461718 24.624257299999954
-0.8037360573779182 0.12729670304074447 124.94801811260344 24.688758399999642
1.3182670710786155 -0.5044367033445839 124.4317910609076 24.754796399999577
1.8349235091237617 -0.47409118948913587 124.76431903700185 24.819674499999564
2.533837257027926 -0.8698985844547122 123.99794274773684 24.88501670000005
3.0458125875959325 -0.8112004983203958 123.42997565235932 24.950415799999973
3.9164948184880117 -1.4218383328416304 124.51244127129003 25.014324800000395
4.229593352681768 -1.5353955551149707 124.43191431015276 25.081331999999747
4.520166726253024 -1.6670462725619397 124.68282394969746 25.147108299999672
5.470675506125637 -2.11997497503826 124.0932151667465 25.211676400000215
5.506220723802869 -2.208542632159774 124.55050850434645 25.276491100000385
5.750387452277515 -2.2243554499947735 124.41739475901397 25.34091929999977
5.845519595719317 -2.3692561196770443 124.08508061653838 25.405611000000135
5.7876086242863565 -2.3942637123000017 124.31652197199348 25.471625099999983
5.944038628651647 -2.3221791719963694 123.65784187854896 25.536971900000026
5.897251563780934 -2.340672284352786 123.59317764811415 25.602778999999828
5.823149435929828 -2.278849814351163 123.64636240251284 25.669595899999877
5.464770653492721 -2.2449099535887482 124.3056593424566 25.734492599999612
4.034639734975769 -1.7849031233108685 124.10200882854113 25.800242100000105
3.727636811530857 -1.7599113184333548 124.04209303593915 25.866194999999607
3.2146205783912905 -1.5349114238270276 124.23743105729054 25.93219760000011
1.4666013998928022 -0.9537823298831145 124.5281164224099 25.99734890000036
1.1880158945318229 -0.8624641845563845 123.56637028673713 26.063557899999978
0.4385574769616767 -0.6236712859931436 124.59990820945814 26.128580700000384
-1.2180905876383932 -0.1542450298773079 124.55028871278725 26.194742300000144
-1.4263314740167559 0.06840431214708147 124.29235291626216 26.2591524999998
-1.990582949114831 0.2658912485646647 124.905348136728 26.3229881999996
-2.351997209184759 0.3548997170385374 124.52163519324165 26.387843100000282
-3.9036508495194795 1.102331584435219 124.77307674208684 26.453675499999918
-4.081546031707141 1.2485209386381309 124.55582709460464 26.518514999999752
-4.402174250501616 1.3663836604224124 124.58422975179369 26.583768399999826
-5.4404949871354376 2.1058363511026386 124.77634460142004 26.64906239999982
-5.845225668891906 2.2498887068118463 125.62777023455993 26.714838799999598
-5.838846920592282 2.3396197338478886 125.1560338357541 26.77856249999968
-6.17414471780009 2.5694345968353294 125.42892830645619 26.844501200000195
-5.867723136834314 2.733985593965163 124.6723239421402 26.910325300000295
-6.06480278811965 2.647571492299173 125.41781720390324 26.974483500000133
-5.733046786142282 2.48826847114101 125.73249658757807 27.03910040000028
-5.508424036812876 2.4086296445503876 125.05636475222457 27.104345200000353
-5.730669192819448 2.2931986886419047 125.8427567025292 27.16944859999967
-4.500905000766785 1.836778741126782 125.14978173343974 27.235318899999584
-3.8154676027256826 1.5736887515099318 125.05802194474455 27.300562000000355
-3.301865617340063 1.6302259809182216 125.08802976438554 27.366232200000013
-1.836353160338156 0.7782778171299958 124.6047571127786 27.431255700000293
-1.4705738295540556 0.5523629107913834 124.77531436162498 27.49683509999977
-0.8911841469056654 0.513602015054081 125.06092695276269 27.56294220000018
-0.2684532318893389 0.2961979708076423 124.6404833404065 27.627592800000457
1.121290473165736 -0.4362200989435685 124.82701877818272 27.692470400000275
2.4629822733587474 -0.8320631009743812 124.49116684201334 27.758728800000426
3.1029740138197894 -1.1590938693712782 124.68823346489842 27.83805289999964
3.312634231907225 -1.3033475531843934 124.83369594970566 27.9020072000003
3.826431685247414 -1.4561373678413443 124.27466571284296 27.967390099999648
4.81147686946742 -1.9972924860464594 124.67717089035138 28.033016299999872
5.263258975149931 -1.9606282936251387 124.44889916369348 28.09829609999997
5.794543577206838 -2.233376979207974 123.69949365244905 28.164380399999573
5.876197649745912 -2.3494429318353793 124.41320315681322 28.236268200000268
6.105665314935251 -2.314964496516531 123.38167248532065 28.30110010000044
5.9163330307252835 -2.4116965846548304 124.20564242167748 28.366817600000104
6.105665314935251 -2.314964496516531 123.38167248532065 28.43228209999961
6.162771475949867 -2.2895386456476623 123.1537037075846 28.497500700000273
5.876197649745912 -2.3494429318353793 124.41320315681322 28.562885999999708
5.876197649745912 -2.3494429318353793 124.41320315681322 28.62748730000021
4.441072562018533 -1.8746586946648822 124.66049471286024 28.69320450000032
4.310323592572637 -1.8606082319032313 123.42525780170672 28.758966800000053
3.7591345129297693 -1.6822994081853764 123.95962702530076 28.826288399999612
2.0023080315555006 -1.2211493138093374 124.51897077084273 28.88909700000022
2.0023080315555006 -1.2211493138093374 124.51897077084273 28.954047500000343
1.5137314441426994 -1.0186057539241018 124.32785445202242 29.018662999999833
-0.6011524927289784 -0.244399203761446 124.2061503893156 29.08416639999996
-0.9691094079620655 -0.10204064829603243 124.04505320825184 29.150259600000027
-1.1916807068974862 0.040951246381211975 123.83779051381268 29.216445299999577
-2.5780347378488315 0.551084492295435 124.52267509738019 29.28016899999966
-3.0164669105899975 0.8465170100542289 124.84823568055748 29.34541999999965
-3.5798229484337796 0.9420087700903849 125.19085426824941 29.411503100000118
-4.824890288813776 1.8084118044553887 124.53749450829255 29.475973599999634
-5.202568431677356 1.908236093693121 125.01195463810741 29.542022499999803
-5.804912929775774 2.3386718482139677 125.05761145133368 29.60682149999957
-5.946941798480182 2.350443515854674 125.0642056870549 29.672968900000342
-5.96158101392583 2.492680790547501 124.65671147534603 29.738958599999933
-6.09102540766898 2.5294587876182955 125.11564590257926 29.80346879999979
-5.885410322439604 2.7447541064448835 124.53995260082677 29.869347200000448
-6.149786650648252 2.6347455508902056 125.28419716327977 29.933707199999844
-5.789689439405656 2.3007812479069125 125.61920361140861 29.997423400000116
-5.357135983839065 2.28813169909893 125.63929150836172 30.06311679999999
-4.84052313206449 2.1302392593203314 125.34656869923957 30.12860670000009
-4.435821980708958 2.0352241217781675 124.94746149426072 30.193913500000235
-4.349743705994754 1.8816711615211585 125.46363117385634 30.258596800000305
-2.534381884772273 1.0512009268764277 125.30763718068316 30.324040100000275
-2.0854417614640752 0.8158170726157439 125.2236128472796 30.38830390000021
-1.1956220296722933 0.3024038186015692 126.20531206568 30.453164399999878
-0.3569975091796209 0.020650188254592694 124.76618294414178 30.51750859999993
0.19289926613698327 0.0709019926812289 124.8403511772519 30.582016600000316
0.5892070549680355 -0.3207798789537172 124.90533333526636 30.64752109999972
2.9591731005477726 -0.8698577414260016 124.00271447519565 30.712691699999596
2.9591731005477726 -0.8698577414260016 124.00271447519565 30.778091299999687
3.1580158842659003 -1.1450709460803237 124.38160823765577 30.843923700000232
4.54900335864216 -1.670998746739594 124.47661914676853 30.908055500000046
4.919944912884759 -1.6828833231155977 124.06057809684546 30.973512599999594
4.870556838072268 -1.8321641189229738 124.5363203440606 31.03893059999973
5.5586595761700295 -2.3082351135854045 124.5961073502272 31.104782700000214
5.825967762728844 -2.1435467275835927 123.91140026807928 31.17045440000038
5.848342618015302 -2.267400971275371 124.23251064609379 31.236945900000137
6.000927955123878 -2.3395123869696737 123.74713763296246 31.301254699999845
6.000927955123878 -2.3395123869696737 123.74713763296246 31.36606529999972
5.979018132386145 -2.3854916393263834 123.9543130213749 31.43118770000001
5.535762767795909 -2.244638279647686 124.17647215299674 31.497451600000204
5.185164641366313 -2.2218877984673813 124.35096017243924 31.563678600000458
5.1172398459980855 -2.1084410450411024 123.49727893493167 31.62861309999971
3.512221388994739 -1.6535904990149901 123.81422418844143 31.694053899999744
2.8012228928109266 -1.4989749386222901 124.73124392261622 31.759194000000207
2.7463764670960558 -1.3596974931400279 123.5943884292941 31.82334609999998
0.9244244247794455 -0.6584608366469422 123.86468651116276 31.889575799999875
0.25274614298779596 -0.5909922057657052 124.89732091770358 31.954804799999692
-0.2306363348071585 -0.4888370028631869 124.86487940894304 32.01841859999968
-1.7410378006539489 0.19634629745068014 124.7559282596508 32.08342410000023
-2.2252952537046866 0.39752127345653754 124.93224607046093 32.14985369999977
-2.507082047350252 0.5594321504052329 124.49521736639639 32.21310549999998
-3.1064323734978245 0.7109626431759525 124.81416700431912 32.27771029999985
-4.277084189907399 1.3527821768314272 124.77064606738365 32.34199110000009
-4.5528152898090894 1.4963126351617606 124.62001922165781 32.4071971000003
-4.876459700893463 1.7256850463127702 124.84189531476316 32.47261549999985
-5.579499704130363 2.3143008723857963 124.52272962648932 32.53737790000014
-5.582985687234867 2.3952240311979582 124.15343367335564 32.60161799999969
-6.046376211370905 2.4635415005297934 124.97428345541559 32.66789359999984
-5.9551089017019905 2.741485204225705 124.63476717503329 32.73121929999979
-6.145435267685357 2.703706843702835 125.27249660767507 32.79665240000031
-6.145435267685357 2.703706843702835 125.27249660767507 32.86275740000019
-6.001095284112139 2.367123773721323 125.64447760113676 32.92719159999979
-5.4858843802951895 2.2884074731334167 125.64931390047488 32.99240009999994
-5.104336749154079 2.1696158608496345 125.70701730071185 33.05731819999983
-3.8415524054133883 1.5558347412776703 125.35486194563136 33.12223989999984
-3.484080902991657 1.4489506789349507 125.14805565663364 33.187831399999595
-2.959122011851086 1.1868607936742799 125.26949903571382 33.25344150000001
-2.518093787394804 1.1825814846484792 125.25706161356476 33.31821659999969
-0.6319992446344429 0.4011209189573969 124.88708093670495 33.38313509999989
-0.36391713642191803 0.1567985515155499 124.03426460952878 33.44785429999956
0.024477346545431544 -0.19783007099101638 124.44616829675167 33.51188480000019
1.8591520398033978 -0.560208995279754 124.97412396940625 33.578243300000395
2.223035968925558 -0.9082642732344206 125.15618101781573 33.64309599999979
2.8848253885832946 -0.9114179668312701 124.07755154010387 33.708243799999764
4.038399947114499 -1.416208732357198 124.49558001034643 33.77299800000037
4.454995489712033 -1.6159457506524955 124.01085618295109 33.83794829999988
4.409641808394284 -1.7698466597263067 124.35354313374975 33.9038257000002
5.5688019978147665 -2.216894759976735 123.82928651372053 33.96900629999982
5.7709099589883195 -2.029485265649184 123.76116567104913 34.03539660000024
5.758544918917465 -2.238390647971969 123.8115215810539 34.1002040000003
6.037813331829341 -2.4128631825458724 123.16327477524513 34.165866399999686
5.790604601063855 -2.4115524543186733 124.21209277099331 34.231497699999636
5.883040581248451 -2.3628179505475386 123.80990843647966 34.29645259999961
5.780737215357384 -2.3681529056263555 124.00679653471273 34.361918599999626
5.714092348133683 -2.2433526198899107 124.12809180564561 34.427154099999825
5.4516736306651055 -2.183036190535617 123.9751718296278 34.491524899999604
3.978716076189073 -1.8273933387827068 123.65650968030651 34.55756519999977
3.418184185847572 -1.6641806769060032 124.25399859785445 34.622204899999815
3.0942569366736024 -1.5339917503006295 124.0544297343138 34.68834220000008
1.0966793064679194 -0.9783612168205662 125.01660724221591 34.753703000000314
0.901287563806008 -0.7587926803782993 124.07934799834295 34.81781229999979
0.4687089379096889 -0.6597198762813238 124.44316722000488 34.88361160000022
-0.22389166631059254 -0.5162400781993233 125.12837528142317 34.94769819999965
-1.11101214707125 0.262268408110353 123.11117403056262 35.0127537999997
-2.0800557950557277 0.3062997950495021 125.11884545510767 35.07745669999986
-2.5027592269754706 0.4500584205473146 125.07083837232861 35.1424350999996
-4.054055446727233 1.0821852404574446 125.05924374149089 35.20749179999984
-3.8906235585302156 1.3693265966198485 123.7696527666383 35.27315970000018
-4.639183704643834 1.5232321134573314 125.12536323447931 35.33811479999986
-5.307965639914066 2.250012841467528 124.29949442541138 35.40293600000041
-5.344851432982246 2.2759872786219977 124.04146672386933 35.468334700000014
-5.959594307950034 2.3345044353095927 125.21068574481892 35.534327700000176
-5.762545070816316 2.623454930246118 124.31221756611977 35.59992409999995
-6.0354224808238115 2.7083963562319835 125.17686399752442 35.66483410000001
-5.771449672025568 2.730861861219502 124.63942807804524 35.728424599999926
-5.773203435786577 2.4812117642000597 125.7808749816289 35.7937923999998
-5.269218209601455 2.4379412485296172 124.4457159846383 35.85750149999967
-5.52978672670303 2.2739110745963527 125.19296299735147 35.92261150000013
-5.356587494241531 2.093202698990881 125.75824293536571 35.988241500000186
-3.606896373810187 1.6907463433885503 124.62937284384988 36.05454449999979
-3.5284441737097225 1.4902526474238182 125.57298006880812 36.12056120000034
-2.9674959058410835 1.2164665833459083 124.7604404444305 36.1859371999999
-1.8588481606942153 0.6790004301060663 125.22524897274756 36.24968420000005
-0.9058587063938361 0.4504126399099223 125.02960956621237 36.31527509999978
-0.3034844147162872 0.16541704320349845 124.58549240655256 36.38090410000041
1.279169338401779 -0.41469516885440316 124.81839562066338 36.44522810000035
1.7392718767599007 -0.5941524590445731 124.81986045490916 36.510481100000106
2.7398773833809003 -1.0608607776324515 124.95597991339785 36.577457100000174
3.4235445542555496 -1.3133531156488165 124.8142937330644 36.642076299999644
3.8640459549604884 -1.5776009737966543 124.87203378875239 36.70686019999994
4.434326476828623 -1.4189148494349497 124.31500738238532 36.77233940000042
5.4173932821300355 -1.9509314373761346 124.21449925092482 36.83655439999984
5.508890032260119 -2.1138334647840638 123.81902256033004 36.902590200000304
5.652517556411908 -2.261627190444944 124.18403220238322 36.96751589999985
5.9226999238513685 -2.2073109259718433 123.1304326810785 37.03702189999967
5.897009504711178 -2.324398418127242 123.1720688933026 37.1025467999998
5.867730151823459 -2.3074107748756143 123.20393996451396 37.16814549999981
5.706632264519804 -2.3634192121713573 123.97116976770059 37.231463000000076
5.914268206181099 -2.2891801849485005 123.16375094371237 37.313124100000095
5.108036391095311 -2.0574820896436616 124.21800781110971 37.37860199999977
4.930983774645604 -2.0498187590960972 123.31465662009069 37.44290369999999
3.9175977802427155 -1.7978430948984445 124.51333778777436 37.50758760000008
3.7275778868689216 -1.7028661937093743 123.6713820531737 37.5727410999998
2.227239283659678 -1.1027566078361115 122.76921091039665 37.6374581
1.336258643496926 -1.0022527197879965 124.47752930546116 37.70208459999958
1.336258643496926 -1.0022527197879965 124.47752930546116 37.76730839999982
0.8929826151245663 -0.8512516885041813 124.31865807778554 37.831955200000266
-1.0188872397320452 -0.10689515472536301 124.08267163323596 37.89649629999985
-1.480340010778427 0.09131232553134613 124.44036286965628 37.961286499999915
-2.0800557950557277 0.3062997950495021 125.11884545510767 38.026242199999615
-3.2684277299942153 0.8217822963859187 125.12300021441153 38.09037069999977
-3.6009314283928404 0.8931681303493053 125.01116946512461 38.15534269999989
-3.72632885504175 1.0840575028460187 124.30330634832669 38.22149499999978
-5.302960526921034 2.004187756395235 125.23838911587443 38.28660940000009
-5.521267533405272 2.078927825821388 125.28314768886592 38.35059850000016
-5.781501060467704 2.3778593109039123 124.56742481178158 38.41489980000006
-6.011111538993973 2.5349648701045813 125.06607100459274 38.479989899999964
-6.09102540766898 2.5294587876182955 125.11564590257926 38.5445335000004
-6.212913569639269 2.5622448003221314 125.47130734514792 38.610224899999594
-5.829060135351796 2.741075914334301 124.6296195218549 38.660939499999586
-6.004397551343466 2.4661557752748218 125.15893929791034 38.72612409999965
-5.889083071675984 2.354045779533161 125.0054224045613 38.79111490000014
-5.213916152281733 2.0988566021976833 125.64852563813642 38.85508750000008
-4.481499217566721 1.895321719281975 125.06352423062434 38.92012220000015
-4.339296723111005 1.8981813739704065 125.79546359654711 38.98472959999981
-3.7947921892547924 1.6311378160989147 125.07767986412307 39.05007560000013
-1.9317053844232888 0.7371889939405277 125.31305784244498 39.11528120000003
-1.3721032232248263 0.5647814889790509 125.11812563154601 39.17994389999967
-0.315094905298686 -0.13569172788741188 125.14204918000426 39.2459501000003
0.3811280830959731 -0.041080716645048726 124.15520214772593 39.311238700000104
0.48098014621874796 -0.3203863911209397 125.47449721057872 39.37692229999993
1.6341322255488038 -0.41444000740014586 124.1119844157838 39.4414740000002
2.9199367723097893 -1.0827277059088192 124.97839222242325 39.50704990000031
2.9199367723097893 -1.0827277059088192 124.97839222242325 39.57260270000006
3.2366449348534445 -1.4612879743446052 125.04652145226447 39.6367309999996
4.845949657536231 -1.745945966474336 124.10708033112752 39.701695499999914
4.99093355844974 -1.9358403151547852 124.70499890048022 39.76698699999997
5.6105323029603085 -1.943104574030218 123.38562470630481 39.832498900000246
5.919570361941496 -2.0756356285695463 124.19363872913407 39.89797389999967
5.876197649745912 -2.3494429318353793 124.41320315681322 39.96337839999978
6.068546669368935 -2.2542468755310505 123.56549074960361 40.02881530000013
6.0089165213824245 -2.2386324619317213 123.79942439376168 40.093141999999716
5.820601126504961 -2.373202282128551 124.63369449547064 40.15838960000019
5.919042520246748 -2.3059444285409247 124.03901247686596 40.22331120000035
5.272430482491494 -2.1546919290654993 123.70458710852967 40.28987369999959
4.948287108038912 -2.028553422508032 123.85592983519118 40.35405919999994
4.589641123224027 -1.868645969805661 123.96844549710336 40.41916769999989
2.9396797836496447 -1.5259601488268746 123.95976944885372 40.48562909999964
2.4128492591018684 -1.2885868939971965 124.29684381985196 40.550174799999695
2.0023080315555006 -1.2211493138093374 124.51897077084273 40.616067799999655
1.5335171459330823 -1.03762956909764 124.33259248008254 40.681052799999634
-0.35037516444685224 -0.4101826623701713 124.40308875418114 40.7454101000003
-0.745038234253883 -0.26783240020570886 124.40304075895475 40.81148349999967
-2.278019997273155 0.4237620348187737 124.48366512723439 40.876843899999585
-2.6778037444416682 0.6672562381307676 124.56580320587443 40.94222549999995
-3.2466226222726178 0.7437524374737144 125.19693738883453 41.00791699999991
-3.5828550367961967 0.8963875170683814 124.79344388974914 41.07180859999971
-4.743621063856409 1.5453077205684478 124.9467255668693 41.136652199999844
-4.930862612223137 1.7415680169395524 124.67340179352425 41.202440099999876
-5.043394787143512 1.896122306928829 124.33995591750944 41.26702320000004
-5.556187336074032 2.4083767371143314 124.0048431159925 41.33343960000002
-6.004397551343466 2.4661557752748218 125.15893929791034 41.398261600000296
-5.880186180975372 2.5581168214863768 124.793850737183 41.463107800000216
-6.060050181956136 2.696859513535695 125.31746248718501 41.52893519999998
-5.815748355666919 2.724929923370971 124.69815377957349 41.59494110000014
-5.639950222383689 2.615424977943636 124.3565142773916 41.65838410000015
-5.3037950217155725 2.198096493703728 125.49317187156717 41.72409719999996
-4.845609670957408 2.0751871254849856 125.24719995916436 41.78952599999957
-4.642649548623815 1.925793905049202 125.64544758913351 41.85465199999999
-3.510854304695755 1.3899802608433691 125.16405320390078 41.920012999999926
-2.951700750381221 1.2070488546198117 125.12055118974602 41.98487860000023
-2.529828695529538 0.955968814292704 125.10062589952409 42.034827000000405
-1.9168830436774016 0.8256859381803091 125.06555759350057 42.10043570000016
-0.2444219589375649 0.18728527159766015 124.40285853682961 42.16544749999957
0.005263036555753331 -0.2466997254574844 124.87855092194891 42.23172580000028
1.0292444878827212 -0.10664818996519382 123.9997438563964 42.29660369999965
2.4311782895736442 -0.7252163645654904 124.56434543104703 42.3623262000001
2.7912057803352184 -1.1618359093385298 124.76516841351554 42.42649299999994
3.133342601172572 -0.9519863495297636 124.58480870356425 42.4920374000003
4.504569633835054 -1.4756503274862607 124.6613057892123 42.557460699999865
4.720124490116213 -1.870278813584632 124.11561670494964 42.62180950000038
4.988592486100707 -1.810167278029304 124.2369200103279 42.686766499999976
5.750387452277515 -2.2243554499947735 124.41739475901397 42.75076650000028
6.009642245790701 -2.114330390392881 123.79485867729679 42.817204500000116
6.090871943178904 -2.228543764707398 123.19356590509041 42.88204190000033
6.04779396085997 -2.2941579938828505 123.36588040338802 42.94644599999992
6.002480084707344 -2.2151599182894626 123.73929274090133 43.01099880000038
5.824785709658748 -2.352974906200724 124.45267061696056 43.076697100000274
5.7876086242863565 -2.3942637123000017 124.31652197199348 43.14131170000019
5.398851136099033 -2.0920507420379795 123.60841728648681 43.2059135999998
5.020220450977426 -2.0299873850704198 123.7232773458317 43.271621300000334
4.685322242340199 -1.8897051777293963 123.82343790212558 43.33647459999975
3.005198647959503 -1.4026941356934508 123.95712296687388 43.40208239999993
2.392638723014848 -1.2684671719241878 124.29491536376209 43.46532550000029
2.0811535091051354 -1.2545768121910383 124.32313489092869 43.52945699999964
1.5335171459330823 -1.03762956909764 124.33259248008254 43.5957027000004
-0.3599441745391445 -0.4451670943755416 124.87743108525218 43.660418700000264
-0.6674898867054395 -0.27333630462529146 124.42606505451614 43.72563269999955
-2.297680455507752 0.40286730398143467 124.8909122273757 43.79115970000021
-2.155462702634715 0.5629530738361906 123.42722320696586 43.85549449999962
-2.9373013346637293 0.7478086542161929 125.13220704663979 43.92053399999986
-3.5933239528666476 0.9111047781002001 125.42377961688211 43.98610540000027
-4.743621063856409 1.5453077205684478 124.9467255668693 44.050389500000165
-4.848188041073286 1.8115233166223967 124.77035215962246 44.1143847000003
-5.22815662992538 1.8987327611466622 125.01805524839318 44.180324400000245
-5.556187336074032 2.4083767371143314 124.0048431159925 44.24375549999968
-5.411758872519812 2.631518326999967 123.50744448994922 44.30837460000021
-5.849199478371531 2.6073034086164837 124.76150654633597 44.373303499999565
-5.547848219081324 2.7796459343297264 123.97583756912223 44.438644799999565
-6.0874585142686755 2.7525014229448974 125.5968120965267 44.50220739999986
-5.977483755895591 2.7629855171304647 125.45489376697236 44.56627209999988
-5.3238624154685965 2.2705975406682 125.30740568968967 44.63172120000036
-4.804491763468221 2.223227691916025 124.98022789564723 44.6973280000002
-4.682319219526157 2.0317587475202266 125.76250453078347 44.7628365999999
-4.184330472021799 1.9447474946898426 125.17895500063122 44.827631799999835
-2.8803350878116447 1.4050038588220872 124.80269669069912 44.892018700000335
-2.7951556129450523 1.0499013259901284 125.70689153592005 44.95679959999961
-0.6270065794844513 0.3211320243258763 124.27959809293834 45.02211989999978
-0.41985356929388473 0.26403539394389136 124.8435337623124 45.0880774999996
0.07391396422475083 -0.09270455378991405 125.09304600200296 45.152509499999724
0.49467815350593014 -0.08920445356519935 124.8047569284878 45.218265900000006
2.3344973540978415 -0.8750336169216741 124.65799583711782 45.28400779999993
2.9443182411110627 -1.0503862064636071 123.9741547123099 45.34853999999996
3.074728940071388 -0.9568120631277073 124.64275230645002 45.41286729999956
4.5725904166307245 -1.590978517632775 123.61045150360535 45.47801210000034
4.43973963964239 -1.8329820139833672 124.6592029216784 45.54262920000019
4.970305106121906 -1.842610591533774 124.38709785844469 45.608800099999826
5.672965632590305 -2.1737471251258196 124.10575543346332 45.67247440000028
5.750387452277515 -2.2243554499947735 124.41739475901397 45.73695680000037
5.750212733594907 -2.3493718743595573 124.41943020592574 45.80142749999959
5.750212733594907 -2.3493718743595573 124.41943020592574 45.86653709999973
5.853701134352399 -2.3852712381000822 123.9600521377258 45.93142129999978
5.943240926862472 -2.3370322740865057 123.57004515043836 45.99587470000006
5.649938085285996 -2.279691358777752 123.67873112075682 46.060833999999886
5.2270079711219495 -2.160846442819377 124.13903208210469 46.12531310000031
5.2270079711219495 -2.160846442819377 124.13903208210469 46.19024360000003
5.1172398459980855 -2.1084410450411024 123.49727893493167 46.25524940000014
3.027880156787866 -1.4383236708362537 124.00688111432372 46.31997940000019
2.723167650108074 -1.3667487483124978 124.04581248358703 46.38546200000019
2.1798322802547503 -1.2647256563385985 124.63800061305233 46.450532300000305
0.9334647614508071 -0.6999879384379446 124.04427555029753 46.51544360000025
0.2629114105095596 -0.5603192624504937 124.56324009673448 46.5815819999998
-0.14922111575135233 -0.5228435607722064 124.96288100845138 46.645855499999925
-2.0523851900632906 0.35910159331390035 124.4825005394305 46.711749500000224
-2.40331301511862 0.5084378525378015 124.28889111488824 46.7760387999997
-3.299590727375403 1.0641111832394452 123.59163320091027 46.84028000000035
-4.03016715080058 1.2149269765117185 124.85078216403255 46.90573409999979
-4.221014958601685 1.3512437105387167 124.60117678463617 46.97103580000021
-4.704139595160271 1.5318162561866127 125.0173224958293 47.03542449999986
-5.73133634949744 2.2331461781989046 124.7852600852408 47.10203879999972
-5.563023253916796 2.3360968425813278 124.02245545392904 47.16664310000033
-6.1968128123071935 2.476239589837996 125.06387329852394 47.23077269999976
-6.10585492874926 2.539843028272913 124.97437153430577 47.29727650000041
-5.916926928477011 2.6795708450241866 124.59373207375442 47.361590600000454
-6.099828252172976 2.6123495253946114 124.95947387549658 47.42678390000037
-5.695708936072677 2.6666952014458305 123.86571325141104 47.49350030000005
-5.413849310718966 2.244110020152214 125.50351160206874 47.557020100000045
-5.041502483025226 2.139735565346144 125.9593276657461 47.622747600000366
-3.8829217803353586 1.7468954760589495 125.4979377012722 47.68830479999997
-3.3371609733487517 1.678256286150343 124.76015418545887 47.75342509999973
-3.148707537264073 1.5969683895924918 124.6605564459424 47.81971309999972
-3.090853703140411 1.193947231819146 125.23894474849901 47.88472360000014
-0.6406654270698056 0.5757321239097924 124.81836776794077 47.94893200000024
-0.6406654270698056 0.5757321239097924 124.81836776794077 48.01466830000027
0.8547189057955435 -0.42250828516413463 124.83157904354174 48.07900179999979
1.365084388392873 -0.42213419516657213 124.79033945864082 48.14414620000025
1.831736537531043 -0.6241703426172703 124.67319191598035 48.20879200000036
2.147572110495517 -0.8755716047324547 124.80470206449323 48.27372110000033
3.5257479914117766 -1.283019507100198 124.75081490239005 48.33813569999984
3.91820926327442 -1.4320460296975497 124.66723663792455 48.40267969999968
4.383420372737213 -1.554373595887084 124.01029061112082 48.46800970000004
5.473577871470653 -1.9454109583648131 123.90732295412336 48.53363300000001
5.634077035963436 -2.1139659153562884 123.81302513865124 48.59754460000022
5.597590127478149 -2.142778482554972 124.2406542244616 48.66287960000045
5.888559350844503 -2.3471473316612093 123.87907907120982 48.72724920000019
5.943240926862472 -2.3370322740865057 123.57004515043836 48.79251899999963
5.943240926862472 -2.3370322740865057 123.57004515043836 48.856671700000334
5.883040581248451 -2.3628179505475386 123.80990843647966 48.92246179999984
5.853701134352399 -2.3852712381000822 123.9600521377258 48.98730780000005
5.668956616436731 -2.260498255450725 123.86212936950193 49.05215640000006
4.363125904999819 -1.9145897145983493 124.29684757347435 49.11826670000028
3.9436933720646934 -1.8039767931314936 124.1599906538911 49.182469299999866
3.5614945415980728 -1.680619136733679 124.0938021963392 49.24713429999974
1.8559335631320053 -1.1760774857557663 124.29102773666351 49.31324229999973
1.4115695369958132 -0.9250632911628736 124.33397761251072 49.37737019999986
0.9053992824597188 -0.7870262785763831 124.35675267048893 49.441648899999564
0.5454631843777662 -0.6233746453676958 124.0266739943029 49.50601160000042
-1.0926462920158784 0.02238823682745808 124.04301835329615 49.57097330000033
-1.4481077210823585 0.2111896260572681 124.2356384033891 49.63626629999999
-2.2262870434985587 0.36884076944575506 125.11506009151546 49.70164509999995
-3.794479000151874 1.01138190559817 125.14881223794677 49.76654460000009
-3.6918488712937645 1.1554975705503916 124.05197834308517 49.83139659999961
-4.402586781427708 1.2598105558179498 125.24005263871163 49.89727490000041
-5.1911614324125 1.946251201243426 124.32500553013344 49.961365500000284
-5.653890141121835 2.0692004919646823 125.34946501776051 50.02720659999977
-5.583997457921825 2.2586736104011518 124.53704356085932 50.09258520000003
-5.895817517771874 2.5640472171300233 124.46225654018711 50.157263899999634
-5.7766274589292195 2.625907102835997 124.21026762506733 50.22311019999961
-6.124737995849941 2.716452335346836 125.1427200216794 50.28755309999997
-5.742704698326079 2.6368883189061054 124.18415701076732 50.3517296
-6.194247346669954 2.447034082063407 125.34743027821493 50.41643050000039
-5.923314565496689 2.371035529401817 124.8542770368434 50.4815064000004
-5.536144858021508 2.2053479905936606 125.1819821659228 50.546013799999855
-4.264735943785546 1.7478279613682788 125.5170109158924 50.612824400000136
-3.7942221357701627 1.6470090347053623 125.08992092302255 50.677095799999734
-3.386105975425693 1.551355018853669 124.58310245177988 50.74287490000006
-1.8588481606942153 0.6790004301060663 125.22524897274756 50.8082086000004
-1.3468434227158141 0.5682788251086239 125.11111035403155 50.87378239999998
-0.8795658289127246 0.37186430331932063 125.06654472019227 50.93790530000024
0.8335669382702093 -0.1887378532248851 124.55823894802347 51.00307950000024
1.2680765123214783 -0.41205395842185366 124.68085845741629 51.067997600000126
1.7143477016505528 -0.5138780934163029 124.54405722288547 51.13219440000012
3.711306260098233 -0.9776037070142578 124.12825795948082 51.196180699999786
3.786127299356245 -1.213979556335339 124.43918525388726 51.26187029999983
3.769966866365884 -1.6224307389071628 124.56694617879398 51.32656169999973
4.9379216685811045 -1.9972936034771251 124.67008208864256 51.390792999999576
5.353422285652769 -1.9123599315535742 124.06839578214402 51.455340700000306
5.376211366346887 -2.0630121710343072 124.66035880318228 51.52166060000036
5.943240926862472 -2.3370322740865057 123.57004515043836 51.58504619999985
5.919042520246748 -2.3059444285409247 124.03901247686596 51.65015669999957
5.919042520246748 -2.3059444285409247 124.03901247686596 51.71544610000001
5.790604601063855 -2.4115524543186733 124.21209277099331 51.778965399999834
5.853701134352399 -2.3852712381000822 123.9600521377258 51.84513150000021
5.740962862522146 -2.290453439710714 124.24647044288135 51.91024769999967
5.680029801517527 -2.2900344969724995 124.14946232184322 51.97552799999994
4.457584990756153 -1.995893127287697 124.25359550445903 52.04033789999994
4.097799268785579 -1.7859462523702765 123.61744086945109 52.10513290000017
3.7257635219866856 -1.7587384313077703 124.21424614428057 52.1705036000003
1.9864704849021564 -1.1382546205894217 124.04471202598226 52.23589220000031
1.6067102845293135 -1.0131005349412487 123.83084273621381 52.301722000000154
0.8949364236847401 -0.8091769324681726 124.77638713701486 52.36685440000019
-0.7436523622511615 -0.22603912323229994 124.16509568127246 52.43200390000038
-1.1716151062940128 -0.1502508256654009 124.52560966333093 52.49786779999977
-1.251957849917055 0.08967423195385871 123.69282471081364 52.56276770000022
-3.1976569706832976 0.8062030451405513 125.23754921054605 52.62848450000001
-3.757606256592247 0.9428083916800735 125.23101432057176 52.693953500000134
-3.72632885504175 1.0840575028460187 124.30330634832669 52.757413199999974
-4.203847601200323 1.2803621759379673 125.01549326720193 52.821972099999584
-5.334370645684615 1.9401742614865534 125.26259839876072 52.886764900000344
-5.4404949871354376 2.1058363511026386 124.77634460142004 52.95254170000044
-5.605432065482297 2.23272815755592 124.780859600902 53.01783140000043
-6.023817433817122 2.549061580690789 124.92072673519236 53.08304769999995
-5.7015871868348995 2.643335947004738 124.13531645987922 53.14847819999977
-5.67569928662293 2.656344372368468 123.98977116385974 53.21392039999955
-6.163572959402153 2.618592262159341 125.63319650478138 53.2794313000004
-6.112068799984108 2.512907268496457 125.4856767832273 53.34429470000032
-6.069995717950178 2.3970535983257015 125.43613344409452 53.4088941
-4.512434147041866 1.950610203404907 125.25598799573703 53.47480470000028
-4.348181821554206 1.7910737956926392 125.70107398664653 53.539033400000335
-4.1403004575885305 1.7311081477284536 125.8547937030347 53.6032753999998
-2.3978985877536587 1.035229215041415 125.62353298714393 53.6682665999997
-1.8489996066302865 0.8195972837720493 125.11713593532636 53.733665499999915
-1.6412221063187644 0.5938524442802127 125.38711423971702 53.798459399999956
-1.0101997145165171 0.4887468048772675 125.39894969190793 53.86238630000025
0.618820776334573 -0.1729722096432257 125.02153555991563 53.92866649999996
1.1963302439916887 -0.4792824690045665 124.64159744443495 53.99373250000008
1.545143813311789 -0.5538180000860792 124.89934521171251 54.05951490000007
3.1580158842659003 -1.1450709460803237 124.38160823765577 54.12440630000037
4.300404287487716 -1.4736956899585565 124.13729518900763 54.1883914
4.7853621367992005 -1.9111839890209867 124.25431245282078 54.26802469999984
4.95452643956002 -1.799306297633904 124.78238079752144 54.33360989999983
5.263943962716333 -1.9337765126349247 124.35814014395015 54.398163300000306
5.507773006931821 -2.2248739325706324 124.6475374703842 54.46288699999968
5.757857713732655 -2.3626920487955063 123.81592284673569 54.527756299999965
5.758544918917465 -2.238390647971969 123.8115215810539 54.591651400000046
5.758544918917465 -2.238390647971969 123.8115215810539 54.65680379999958
5.750051258253983 -2.339730478328208 123.76136793908587 54.72158649999983
5.725184019426543 -2.285797259304076 124.07458845840914 54.7868881000004
5.757857713732655 -2.3626920487955063 123.81592284673569 54.85060109999995
4.831568961230609 -2.0576874455245058 124.257216505657 54.91606460000003
4.831568961230609 -2.0576874455245058 124.257216505657 54.98186330000044
4.662010813971044 -1.9515654401571858 123.732782363352 55.047432299999855
2.4596738838468184 -1.269109326470915 124.35759051627738 55.11243350000041
2.206295566894916 -1.2610748873513933 123.89042002030797 55.17691410000043
1.6212787713281713 -1.0948994160121202 124.5462999794221 55.24135039999965
0.12665611333208204 -0.5541864450712664 124.60560318579213 55.30667369999992
-0.21807331436017563 -0.4245544113606452 124.29706749638794 55.37161569999989
-0.49671020837773483 -0.22403670357963432 123.78677753356394 55.43796999999995
-2.544552823813774 0.5391915717671496 124.68353443273003 55.50248680000004
-3.174907028523563 0.7537181375126601 125.16967106011376 55.567143000000215
-3.9279497136471733 1.1446574046960658 124.1478707778147 55.63235429999986
-4.4470986509083374 1.3223690625864437 125.04292827005345 55.697997600000235
-4.656078011901144 1.4664992644070263 124.85851493108267 55.762544100000014
-4.944207317902041 1.730329447460197 124.78499465706093 55.8279236999997
-5.154351615233651 1.842512780680187 124.85501245087907 55.89312650000011
-5.96158101392583 2.492680790547501 124.65671147534603 55.957951800000046
-6.06708663224363 2.5388253248204564 124.97468556367691 56.02424280000014
-6.149786650648252 2.6347455508902056 125.28419716327977 56.089322800000446
-6.1083643990344925 2.6381503740492502 125.47323445486764 56.15589439999985
-6.132434706458099 2.628302284505332 125.61452372614859 56.22078150000016
-6.0636380647015145 2.571765108160165 125.32952053512847 56.285629199999676
-5.139763634093995 2.1971053353266203 125.50917914127533 56.35032769999998
-4.723162854658902 2.0360398336890584 125.62120030761173 56.416410099999666
-3.5264389167357564 1.5010853373918704 124.48981510367315 56.51227480000034
-3.3344834304439956 1.4379346590471023 125.26772215383647 56.576505400000315
-2.85552767557558 1.1971847910354922 125.13754674868466 56.641206399999646
-0.5709160355939176 0.3341105897302102 124.94999615816477 56.70689570000013
-0.3396511392253885 0.19109773550848708 125.08762739110796 56.77105349999965
-0.3396511392253885 0.19109773550848708 125.08762739110796 56.8359774999999
1.4777780684697248 -0.5604462215149875 124.99836602844239 56.89998649999961
1.9855395889232526 -0.6742295258436806 124.81617243828619 56.965540999999575
2.451516337964833 -0.8611898458209233 124.62768810106905 57.030720400000064
2.796743653187967 -0.9940579207068154 124.74320194159215 57.095454500000415
4.096796011785791 -1.4634550456804913 124.64779896971463 57.160339699999895
4.3811308535638815 -1.6023389897823985 124.57997451305995 57.22579130000031
5.538576804391241 -1.995337462845685 124.23343750715506 57.28979640000034
5.724188134340785 -2.0178298535636277 124.22983275503614 57.35461810000015
5.936887381080844 -2.08607458256606 123.35204888645185 57.420182300000306
5.876197649745912 -2.3494429318353793 124.41320315681322 57.485942299999806
6.015188417228096 -2.2228479823025418 123.86579399639567 57.550181700000394
6.015188417228096 -2.2228479823025418 123.86579399639567 57.61517939999976
5.876197649745912 -2.3494429318353793 124.41320315681322 57.67926710000029
6.032650036985544 -2.231719793895856 123.45167223265572 57.744575099999565
5.554036386245244 -2.165250781602353 124.15604945355489 57.81012780000037
5.307805805970048 -2.2311478789839714 124.24469517629136 57.875930600000174
3.8716134077149675 -1.7451212518599586 124.28027443376145 57.94057580000026
3.3180808956110965 -1.6420391770335987 124.57528808118983 58.006224400000065
2.9288946594613563 -1.494648791204238 124.05099310974963 58.07179030000043
1.1547770238052308 -0.9498025823637279 124.81701405087414 58.136938999999984
0.7587334831973394 -0.7136144238720529 124.19670474221553 58.202218899999934
0.18773308102136355 -0.5912851196728927 124.98318009592103 58.267715699999826
-1.2320439753476506 0.06863856670102997 124.09288488493301 58.333115200000066
-1.7527536406517754 0.2263361074570114 124.81093492020659 58.39842899999985
-2.2139443813698136 0.378995434091123 124.92639444658965 58.463806300000215
-3.732672866898639 0.9759474842314306 124.7516100637668 58.529111300000295
-3.909403401969925 1.183377016888039 124.39506411562115 58.59333200000037
-4.49359678886384 1.31859480293762 125.06597539100736 58.65822490000028
-5.216645369905372 2.0136074561886215 124.21364336290826 58.72263810000004
-5.613065271807159 2.1719709143212342 124.93073673087865 58.78773050000018
-6.035246496712375 2.2306647400656563 125.81661314157114 58.85228120000011
-6.190667826287978 2.57215451690584 125.33542215726001 58.918036299999585
-5.937233450409565 2.614695729555123 124.72649237750237 58.98327439999957
-5.829060135351796 2.741075914334301 124.6296195218549 59.048725300000115
-5.7989690546218355 2.670167609464044 124.79533952070254 59.11270640000021
-5.792499764970316 2.438514509071265 125.65438657284844 59.176984800000355
-5.711455237196695 2.3100032819394847 125.4715961103856 59.24238349999996
-5.566217551198363 2.1948764886701904 125.34185724091546 59.30735800000002
-3.863983779471191 1.7679257627516056 124.96025418782217 59.37268310000036
-3.573476344957051 1.7086516209609461 125.10742683831403 59.43854850000025
-3.4351797153464005 1.3615649672940655 125.45907840535148 59.504105699999855
-1.637954185080531 0.622709681556864 124.94094146939872 59.56889560000036
-1.1555133499173138 0.7091765766740101 124.97156465995407 59.63443600000028
-0.9022394870288721 0.311813415452373 124.30104750192488 59.69992000000002
1.0103102239596566 -0.5345313860988664 125.09769906553248 59.76468939999995
1.6674420760978563 -0.43257080644291135 124.21685401032899 59.83012099999996
2.1411087534850353 -0.682534679907263 124.03911445149195 59.89393589999963
3.160619234123317 -1.1816329415649172 124.70145625605105 59.96072079999976
3.5460920905429134 -1.2744241529524574 124.59406872794763 60.02490260000013
3.9830369899586344 -1.5397994104009516 124.31553499722492 60.0900144999996
4.336046994734048 -1.593073366629059 124.3824388510779 60.155071500000304
5.4173932821300355 -1.9509314373761346 124.21449925092482 60.220858800000315
5.680703348728201 -1.9442508060469033 123.54289388696712 60.28539220000039
5.845519595719317 -2.3692561196770443 124.08508061653838 60.35202459999982
5.919042520246748 -2.3059444285409247 124.03901247686596 60.413954399999966
5.824785709658748 -2.352974906200724 124.45267061696056 60.47948890000043
5.845519595719317 -2.3692561196770443 124.08508061653838 60.54454629999964
6.106115288724084 -2.2884708121402055 123.22510760692454 60.60997640000005
5.788594280752648 -2.269433801597655 124.31101902234617 60.67486370000006
5.750478793465071 -2.2636366991976966 124.06425516676812 60.74022119999972
4.297775108901391 -1.914680634007444 124.2145891693273 60.80573980000008
4.104424992638144 -1.780144045665696 123.4750228426596 60.869749200000115
3.3693402459974706 -1.6020137205763527 124.76155629233298 60.936133000000154
1.9723642278142606 -1.078273994310528 124.45513020697996 61.000383200000215
1.6517410422410137 -1.0131836025816414 123.79546228235284 61.06445749999966
1.0894903496806734 -0.7442576345345596 123.99216182522467 61.12853489999998
0.3748429008721885 -0.62393455386747 124.5263533058646 61.19379579999986
-1.1297777303577874 0.05375781198705727 124.1830782703189 61.259374500000376
-1.3681446765946248 0.27402459621835296 123.80588857389411 61.32467639999959
-3.3003032031729305 0.8276598938749797 124.83463090619452 61.38972029999968
-3.526784280393173 1.0635108205240666 124.4269291393338 61.45391980000022
-3.5977851904844513 1.2312790625657906 123.82088911754276 61.51957349999975
-4.28020006928417 1.3405138295811274 124.8526106712851 61.5849017999999
-5.294161348567982 1.9417683446514997 124.72800950916053 61.64923970000018
-5.468624217878819 2.0374211635514308 124.6783485175578 61.714283799999976
-5.903794703377507 2.2697735068415836 125.43256785712828 61.780222700000195
-6.190667826287978 2.57215451690584 125.33542215726001 61.846371499999805
-6.043251959148449 2.588288264912598 124.96362924093248 61.911801500000365
-6.085029339972657 2.7232396120824482 125.0972259098423 61.976855500000056
-6.049996924472254 2.536104656117156 125.06651727412851 62.04363269999976
-5.643934592889501 2.4628474133339453 124.19953137789227 62.10839159999978
-6.040378078705764 2.29796130007036 125.7578619837838 62.17455890000019
-4.589518812646595 1.900208476816589 125.11011061744485 62.240543900000375
-4.145806835351593 1.669513998634185 125.58387456185058 62.30628760000036
-3.623554984681256 1.7407802270263966 125.38952245100444 62.370724899999914
-2.3798845897566423 0.9616947801187041 125.6947848155521 62.435341600000356
-1.8515370959792747 0.694358244503285 125.1269538724361 62.50207339999997
-1.2290530169806857 0.5738485446457132 124.98555060254992 62.566991400000006
-0.12908208022432888 0.05498423268134919 125.31033263651214 62.63223790000029
0.7724505513043454 -0.33534468817125307 124.60089591343927 62.697276099999726
1.154373032689982 -0.4364551689953978 125.03190526013918 62.76281780000045
1.7795218130076478 -0.5851880961686343 124.56138598301118 62.82782539999971
3.2470074216565408 -1.1244781915909654 124.77393107787039 62.892948499999875
4.266931096786884 -1.5430743165336132 124.69538736406318 62.95774220000021
4.754428621561686 -1.7256196690745491 124.66219744850159 63.03848459999972
5.03724357029035 -1.8949053851584723 124.32996612754711 63.101483700000244
5.572821977330719 -1.8819324632019545 123.56781156672172 63.166214500000024
5.8899649257686875 -2.2228363818367094 123.87174176917604 63.23103480000009
5.961833495329124 -2.3399419048305803 123.67402605840718 63.295573200000035
5.961833495329124 -2.3399419048305803 123.67402605840718 63.36105090000001
5.868376198395737 -2.3877087225016327 124.078012847843 63.42693539999982
5.845519595719317 -2.3692561196770443 124.08508061653838 63.49237809999977
6.03323447502639 -2.253858412323339 123.42330189616584 63.556961799999954
6.030305065444665 -2.270094670562977 123.34479157637249 63.6244241000004
5.066076699783338 -1.9073843731570266 123.2477395571428 63.687419099999715
4.369818905231774 -1.8693364550403122 124.61309628388477 63.7517598000004
4.369818905231774 -1.8693364550403122 124.61309628388477 63.817044200000055
2.3625339636562614 -1.263414300901702 124.0293777750543 63.88121659999979
2.019200144295894 -1.103387658363917 124.03834798329966 63.946132099999886
1.3937679003731134 -0.9367931983962603 124.77152941908898 64.01110439999957
-0.4382695979419253 -0.3202202594313037 124.26366986723696 64.07724830000006
-0.4382695979419253 -0.3202202594313037 124.26366986723696 64.14194800000041
-0.6279225519765461 -0.15647390806491143 123.96018215980332 64.20714990000033
-2.665973330755598 0.5956350539402108 124.52950113874537 64.27203060000011
-3.3014727082178936 0.753958134047482 125.174942306746 64.33649859999969
-3.7099671780417083 0.8772963358548029 125.06582357005452 64.40166059999956
-3.8340649425125406 1.489181391501064 122.90146786435673 64.46725160000005
-4.465889069821067 1.6635426277318024 123.89981811255886 64.53366360000018
-5.075574753241455 1.7714536664516918 125.07853622632503 64.59912179999992
-5.087130011164675 1.8952930467620848 124.16155392637371 64.6650823
-5.96158101392583 2.492680790547501 124.65671147534603 64.73025549999966
-6.10585492874926 2.539843028272913 124.97437153430577 64.79483940000046
-5.994458655308691 2.7057051229866276 124.85531255809624 64.85987269999987
-6.161985788339599 2.7088108413247034 125.18176478990806 64.92536579999978
-5.926372500128217 2.737725285679187 124.58972418391818 64.99114399999962
-6.094301663002561 2.6026678027682686 124.98709312667262 65.05618429999959
-4.772131601027709 1.9896839562361162 125.37582899237614 65.12124609999955
-4.427324143940162 2.0041782534163453 125.22630167947796 65.18699910000032
-3.7580010109742616 1.5477604185136344 125.62887535730832 65.25192069999957
-2.9185134096303855 1.364270894150327 124.45954907069455 65.3174312000001
-2.678990166585656 1.196505101279518 125.10118393280509 65.38247450000017
-2.187360877476877 0.9747613249001905 124.73057310370235 65.44888540000011
-0.3084439052346326 0.15940015462976587 125.50231180768535 65.51378579999982
-0.3084439052346326 0.15940015462976587 125.50231180768535 65.57932939999955
1.4536060255178 -0.6443310597833559 125.08142142029722 65.64475969999967
2.429372909789784 -0.7544425598003636 123.69641985207997 65.71038580000004
2.5518234620320968 -0.7206862668053235 124.64780130061796 65.77603389999967
2.9586817572279216 -1.0576262504653473 124.02932951845746 65.8407086999996
4.072483225015461 -1.55216005992383 124.79461969527452 65.90490779999982
4.911716525495066 -1.4552469869813833 123.17315900133357 65.96991749999961
4.85304679207762 -1.6848730307758115 124.46912987783921 66.0348428999996
5.475443206854912 -2.153271941883339 124.21796006185443 66.10039140000026
5.975386482556502 -2.15548128185837 123.1360986027487 66.16686140000002
5.868002604624849 -2.19671057933567 124.36903599793085 66.23099170000023
6.002480084707344 -2.2151599182894626 123.73929274090133 66.29575870000008
5.888559350844503 -2.3471473316612093 123.87907907120982 66.36037790000046
6.097259849377878 -2.270095471183067 123.17026744508637 66.42526999999973
5.806707184288541 -2.2638120308828595 123.98243562883029 66.49203920000036
5.578045054063558 -2.263783588432957 123.9123736554622 66.55652089999967
5.22654723072791 -2.107236440920454 123.37609283852805 66.62164010000015
3.725626955655997 -1.7161360021782088 123.88044525212369 66.68579399999999
3.2356083483278155 -1.580717008412936 124.3828198906437 66.75141689999964
2.745220780848939 -1.5156880371412853 124.70587212001962 66.81673899999987
1.2489901879977836 -0.9018567838951255 123.94205317824897 66.88158339999973
0.7042658740478629 -0.6435024044769293 124.41076393684983 66.94677669999965
0.18651334386194662 -0.4982931842418258 124.61011929652699 67.01216699999986
-0.3112119344987079 -0.4417252855365673 124.84887295004862 67.07597710000027
-1.8717927878466298 0.3372397993127424 124.70101405463356 67.14285430000018
-2.3019108493134013 0.4577032309555831 124.75729094751642 67.20838420000018
-2.730123508249868 0.5851191773021097 124.80631685229714 67.27398670000002
-4.146625161683943 1.3146654522439076 125.1958997347649 67.33907739999995
-4.557812687593028 1.446893724087748 125.25881768430386 67.4046859
-4.578247636821757 1.6234735747221658 124.5510606568441 67.47145160000036
-5.79333573585658 2.2073190874198203 125.20562036497451 67.53596089999974
-5.573858056497386 2.3381353466754193 124.25260927692952 67.60097459999997
-5.781501060467704 2.3778593109039123 124.56742481178158 67.66706140000042
-6.043251959148449 2.588288264912598 124.96362924093248 67.73389490000045
-5.842634177103868 2.7510074651057552 124.48561936363274 67.79891469999984
-6.106850454569646 2.5890144513750206 125.23343290623242 67.86486270000023
-5.751786918015519 2.368904699117926 124.65928507871226 67.93059480000011
-5.920777576841907 2.2416732632104774 125.66120425698277 67.99524060000022
-5.539119797072935 2.16235321485904 125.68839035284005 68.06047500000022
-3.7556337801807445 1.746591673043928 125.49145122467792 68.12542240000039
-3.528218934782309 1.5752074761861936 125.15999632526395 68.1908413000001
-3.287358806152639 1.3755003955441623 125.31659472586324 68.25570040000002
-1.4954246432380245 0.7124506582722482 124.75549235740844 68.31936029999997
-1.1910662660534683 0.6311644453737049 125.08178739890703 68.38447110000016
-0.9225564562525008 0.1436992408450268 124.80116243782062 68.45002039999963
-0.13838763332807957 0.11449377268375735 123.8175692976114 68.51436459999968
1.4730821291438971 -0.4562213700293658 125.08856095030121 68.58006320000004
1.9672090536769673 -0.8259678933290556 124.95423403689337 68.64459879999959
2.5031862553677158 -0.7034864825785817 124.60781386787448 68.70986710000034
3.658592571339682 -1.395022187599539 124.3707213030113 68.7752074
3.8640459549604884 -1.5776009737966543 124.87203378875239 68.84111490000032
4.593247841596394 -1.6187330797705393 124.20347095711367 68.90634250000039
5.786800215297966 -1.8357781168814409 123.27308673112518 68.97201649999988
5.819265576004142 -1.9649763068910757 123.56741610914894 69.03749849999986
5.949946464948731 -2.1574979909763803 123.00001490376025 69.10285339999973
5.883040581248451 -2.3628179505475386 123.80990843647966 69.1671153999996
5.790604601063855 -2.4115524543186733 124.21209277099331 69.23235860000023
6.04779396085997 -2.2941579938828505 123.36588040338802 69.2987793000002
5.943240926862472 -2.3370322740865057 123.57004515043836 69.36338710000018
5.988490795989634 -2.205392199803853 123.41536620970658 69.42785350000031
5.554036386245244 -2.165250781602353 124.15604945355489 69.49413670000013
4.004073907211435 -1.8531136170784188 124.71961272182192 69.55936509999992
3.846659000912993 -1.7918597676713683 123.72385506598549 69.6246258000001
3.304736263858409 -1.6000429970733743 124.30115919235237 69.69057909999992
2.917641401977235 -1.4911872019638888 124.60244764651408 69.7559712000002
1.2266162444282216 -0.9250197486362552 124.32021477694445 69.82189800000015
0.829775963495166 -0.6026836563809822 124.24007533857976 69.88644550000026
-1.1010575740554316 -0.027326523556109955 124.70239328325546 69.95123010000043
-1.3640347818834542 0.07043432769594504 124.74515937149383 70.01627499999995
-1.8263923016355932 0.30589092526557304 125.106155320716 70.08088229999976
-2.2279202598428753 0.47374460140799424 124.7201477198822 70.14568589999999
-3.675715948323557 1.0621902286027798 124.52835104323339 70.21165430000019
-4.228907288483718 1.2579759427823023 125.21115494750539 70.2762058999997
-4.367973133342204 1.419403167515839 124.94266554195242 70.34220379999988
-5.153897326422957 2.0092465260568524 124.28458518496146 70.40569640000012
-5.649915792781236 2.1525303416109387 125.04092946780638 70.46988169999986
-5.897976964398417 2.205314133673645 125.28721364350385 70.53596639999978
-6.190667826287978 2.57215451690584 125.33542215726001 70.60117040000023
-5.902488642513276 2.627047241363802 124.55501902709315 70.66726759999983
-6.104858617615527 2.649276558070143 125.42065614854633 70.73168689999966
-5.7814432710341634 2.7104671615461102 124.78117038863246 70.79585729999962
-5.431997110197457 2.444767297294342 125.3113279658713 70.86212570000043
-5.3784175715237765 2.3154784516370355 125.41314304354174 70.92697700000008
-4.4008881355647205 1.8954641361471458 125.18062071087091 70.99169549999988
-3.979163636875626 1.7291392339854914 124.75885377694152 71.05739540000013
-3.7942221357701627 1.6470090347053623 125.08992092302255 71.12240279999969
-3.2615077461260427 1.442272627081587 125.07591610750399 71.1877615000003
-0.687990147917013 0.7862655866467828 123.84173507799419 71.2527226000002
-1.1263656894794636 0.7329610463443158 125.51306772817387 71.31778730000042
-0.7852612671686074 0.19706090856261604 124.98577169567977 71.38348299999961
0.9453723308040054 -0.2812483585372675 124.73948538647744 71.44750569999997
1.4547589138595427 -0.5187759592539537 125.0760502011934 71.51380020000033
2.113188778150594 -0.682651364567459 124.25500157412843 71.57885389999956
3.286002204759896 -1.1616685358129923 124.51192363698378 71.64548509999986
3.4654982373518095 -1.3706052896417082 124.72790235068126 71.71004090000042
5.012688304632675 -1.7145896707456596 123.66897984301501 71.77611570000045
5.22065589875961 -1.866533586665108 124.18152295217341 71.84180130000004
5.488266948441975 -1.9564006143951453 124.26723206897525 71.90720440000041
5.412380451687248 -2.1445927892172207 124.32344057918961 71.9716282999998
5.943218142894125 -2.3412131133732124 123.81779448564144 72.03768899999977
5.761192070254808 -2.2240791679815626 124.63172340701995 72.10231440000007
5.761192070254808 -2.2240791679815626 124.63172340701995 72.16789530000005
6.043695137746582 -2.3563291025632322 123.22620765051573 72.23289010000008
5.788594280752648 -2.269433801597655 124.31101902234617 72.29753020000044
6.0346164270070375 -2.18587591817995 123.32731082327975 72.36314430000039
5.709805208734004 -2.2169979148332732 123.50880484652826 72.42847979999988
4.130739094222456 -1.8529814296274907 124.71190446127393 72.49198280000019
3.9408354927017726 -1.700710563784567 123.92086251231987 72.55660710000029
3.9408354927017726 -1.700710563784567 123.92086251231987 72.62217090000013
1.7406305365305599 -1.054953055664464 124.0911028550741 72.68688120000024
1.2032629509190542 -0.9079193892509316 124.32437524891414 72.7522439000004
0.8797452652196327 -0.6853634436879237 123.9139462543844 72.8163625999996
-0.9852605382359485 -0.1306983409660503 124.45274727914602 72.88100399999985
-0.9852605382359485 -0.1306983409660503 124.45274727914602 72.94656889999987
-1.1446454356729205 0.04653805535741867 123.93821547853914 73.01174329999958
-3.2471070201334626 0.7695316922499094 124.93132695929826 73.07650099999955
-3.809508845886967 1.0386542722165426 124.79540846289343 73.1412720999997
-4.628978317487359 1.4754535640582833 124.84919979917129 73.2056249999996
-4.665012417537362 1.7489419937042636 124.38085676931414 73.27036000000044
-5.2579652198013065 1.8165101890667399 125.29185916586106 73.33655660000022
-5.162070630209982 1.9990941792752215 124.38138277656813 73.40129689999958
-5.694331389747589 2.141523950214734 125.2407731594025 73.46692919999987
-6.003008695067692 2.6830529844888904 124.78748003596364 73.53078749999986
-5.885410322439604 2.7447541064448835 124.53995260082677 73.59562280000046
-5.977608391463626 2.7135991241513677 125.21912949400624 73.66116989999955
-5.613323312243459 2.7045212863953347 124.83283151383446 73.72619130000021
-5.7292742456950805 2.6137514817892176 125.71975745602468 73.79205399999955
-5.581609542633849 2.4349021455913054 125.45603365311342 73.85792849999962
-4.600272280373339 1.9172407638728923 125.7032127899646 73.92400980000002
-4.096957583559892 1.8225718752036704 125.2519318371392 73.98785520000001
-3.1225111494568623 1.2456401966688988 125.24083165287637 74.05288000000019
-2.157069510943508 1.1518548493746634 124.89785421157231 74.11747809999997
-1.7649482302081907 1.1229125832594222 124.41990123166887 74.18227050000041
-1.6546350460185764 0.5422179811054455 124.40555409791835 74.24961429999985
0.6558182675002726 -0.0021961446442989307 124.35759636431467 74.31514100000004
0.6558182675002726 -0.0021961446442989307 124.35759636431467 74.3798397999999
2.1640585338978084 -0.8110862236013439 124.8543874605482 74.44521850000001
2.77613270965184 -0.9598772648430416 123.85462655878064 74.51041170000008
2.9140041626454263 -0.9043256737639982 124.61945509772333 74.57593439999982
3.4477801549629135 -1.1881213484388704 124.11647814552228 74.6407978999996
4.756053056691158 -1.5943861753622257 123.77053476167191 74.70625610000025
4.8596866331356665 -1.7855599782892635 124.40321566900191 74.77254549999998
5.01009289736804 -1.8767259685408595 124.71447258223775 74.83755990000009
5.794317888803789 -2.1814023806809892 124.04052590564503 74.90205080000032
5.685185647242129 -2.3080073046648337 124.58850588521047 74.96703609999986
5.946720883549055 -2.2216558253702194 123.80398329881562 75.03244269999959
5.919042520246748 -2.3059444285409247 124.03901247686596 75.09784959999979
5.824785709658748 -2.352974906200724 124.45267061696056 75.1639253000003
5.919042520246748 -2.3059444285409247 124.03901247686596 75.23029399999996
5.26854092393539 -2.2090986234004837 124.49556479857084 75.29570160000003
5.2110746887419666 -2.0924355950284648 123.52809853023913 75.36188930000026
4.818005762020768 -1.9507270423108314 123.88163566002355 75.42720089999966
2.989820204185655 -1.497112381750539 124.64362997024271 75.49157819999982
2.6642342454144483 -1.4136743456536554 124.28642431161205 75.55838829999993
2.467913383113938 -1.2204062493618013 123.62734602547997 75.62104830000044
0.3524764115928747 -0.7155943080290106 124.62975273410959 75.68684920000032
-0.13649846708978686 -0.47799855689792414 124.65614941115945 75.75303249999979
-0.3709972058695925 -0.3101952366483868 123.95879714352445 75.8189081999999
-2.003893783861855 0.318500629649092 124.65024044882543 75.88571059999958
-2.354599888763971 0.4861324329200615 124.52815430616678 75.95161160000043
-2.71665886686921 0.6388571757018585 124.73753691424604 76.01583649999975
-4.3035625618685245 1.3331688963687598 125.0563583056358 76.08001679999961
-4.630463609458239 1.4571304972689774 125.030119526694 76.14583260000018
-4.747272573890484 1.6148175941652776 124.64238402384393 76.21196690000033
-4.6842948286903265 1.8998246496354634 124.03440438639907 76.27692209999987
-6.049214857268481 2.3096576431469478 125.47575225159748 76.34274960000039
-5.837391848700719 2.374129230017032 124.6216868361514 76.40768899999966
-5.951322259190377 2.544036904406359 124.62285742916886 76.47425000000021
-5.75722760917094 2.6469446588759826 124.04372773751102 76.55515259999993
-6.063306352139115 2.663517794282134 124.9620781936344 76.62135169999965
-6.2012782303892 2.301932796970438 125.82044889605504 76.68534720000025
-5.469758430881868 2.2934711323198163 125.46358889172026 76.7511725000004
-4.978023467043627 2.2083823002091783 126.03018743391364 76.81728250000015
-4.133943668058741 1.6685731492100055 125.76925321847463 76.88259079999989
-3.2376930878624393 1.5560712744413738 124.56741379366787 76.94897630000014
-3.042546838603748 1.502856379621623 125.42049181046234 77.01341049999974
-2.771914016055632 0.9999889625140274 125.15645645594937 77.07809429999998
-0.6163223850788597 0.5082902116681388 124.39931308853889 77.14403729999958
-0.6223874161609118 0.2806474158310842 125.56832169547141 77.2086319
0.07375490499772752 0.04049752494055821 124.57292729199543 77.27436229999967
1.605384733024259 -0.549752139880916 124.83552740086967 77.33876249999958
2.1288990564281676 -0.7546183219910867 124.97285819403326 77.40325219999977
2.8373786923637923 -0.8306491867887638 123.71137274162251 77.46925869999995
3.8634372897724134 -1.4822848268907647 124.37896999422374 77.53455599999961
4.455306481131245 -1.442827031638917 123.46212252006956 77.59924039999987
4.437773933179088 -1.568969612599015 124.7488702727071 77.66628060000039
5.447435006749934 -1.977922551751389 124.46493208608558 77.73076500000025
5.451745446502187 -2.2102537001634546 124.60218840646999 77.79655490000005
5.794317888803789 -2.1814023806809892 124.04052590564503 77.86208319999969
6.0089165213824245 -2.2386324619317213 123.79942439376168 77.92676759999995
5.994729352753687 -2.317255991039375 123.61407306736258 77.99419099999977
5.866657077933247 -2.3218403206058094 124.37570998723096 78.05737700000009
5.919042520246748 -2.3059444285409247 124.03901247686596 78.12304800000038
5.861879268231554 -2.2947631745394914 123.57694951432133 78.18761209999957
5.395713556966577 -2.2047762207125974 124.30923296062765 78.25321720000011
4.226003580556849 -1.7336671435045308 123.42906373934737 78.31818300000032
3.6871523909942496 -1.6809333498225945 124.08722502755319 78.38370419999956
3.0951656486013164 -1.554872082221994 124.63654341695631 78.44849259999955
2.9809294189480298 -1.441288945440546 123.41737899208445 78.51254289999997
1.0828649980268068 -0.7462088850051265 124.09561878199865 78.57850659999986
0.4423126857592621 -0.6782273544161681 124.75763640413352 78.6447062999996
0.14917193986718047 -0.4948336878184363 124.18614719488508 78.70893979999983
-1.4530049027037677 0.17426996764854072 124.5027844862769 78.77374469999995
-2.0230879488554407 0.3063145930479981 125.06523069815006 78.83888639999986
-2.4284296037494926 0.46025178882422857 124.98237542402207 78.9035942999999
-3.9173064402534052 1.105837452377666 124.90242875131308 78.96937160000016
-4.1394183567870755 1.2844571500235318 124.74803832872972 79.03492329999972
-4.366281964503074 1.4420348750952041 124.47370919243377 79.10028909999983
-5.367647103987977 2.125643867507992 124.56184247480431 79.16584260000036
-5.845225668891906 2.2498887068118463 125.62777023455993 79.23159820000001
-5.903927649144094 2.348305448887162 125.05165711077349 79.29741809999996
-6.190667826287978 2.57215451690584 125.33542215726001 79.36333240000022
-5.829060135351796 2.741075914334301 124.6296195218549 79.42800679999982
-6.060050181956136 2.696859513535695 125.31746248718501 79.49398279999969
-5.782182860767918 2.735202972003109 124.67283004890764 79.54573259999961
-5.8369256434324726 2.4274065418732005 124.84956339827218 79.61222670000006
-5.6667728269571 2.2069241913252204 125.20070164151912 79.67559660000006
-4.945950925822757 2.2795696879142566 124.76397241572379 79.74144460000025
-3.995383847313171 1.6845679794495714 125.51677090589943 79.80520559999968
-3.605236609845143 1.5084967284398645 125.34367383953918 79.87079300000005
-3.2855545296208106 1.431866228719772 125.52274481187648 79.93589909999992
-1.2914569780004967 0.7263351880468553 124.78171925059607 80.00084049999987
-0.8978055833771919 0.48420128489934233 124.50947509922689 80.06576060000043
-0.7886397570650772 0.26527473401960033 125.06959932126266 80.13093659999959
1.1658905570793365 -0.4287520183738186 124.91522480394872 80.19564530000025
1.650144567584661 -0.5415728629029356 124.57784849186845 80.26197059999959
2.0653910913830984 -0.7077890082727236 124.68574429914823 80.32759689999966
2.305040700405357 -0.8536483383111486 124.79845493809042 80.3930448000001
3.8652525081273623 -1.3822792587887427 124.28407845962457 80.45837200000005
4.1198924218018504 -1.4514085283847138 124.84716609110075 80.52394840000034
5.168441327173859 -1.7770695558398424 124.29028849269234 80.58850230000007
5.446874583613223 -2.073736884698342 123.66660975168355 80.65208929999972
5.637587187567405 -2.1146282555103046 123.56232985786974 80.71820939999998
5.736490208826503 -2.0571604510920225 124.11117954052077 80.78408010000021
5.7906969710830225 -2.2867723496495374 124.21023052551782 80.84817730000032
5.7218396578071875 -2.392368632881325 124.242981939776 80.91252919999988
5.777410589473057 -2.386392176256124 124.18243188636382 80.97773400000005
5.943670149897542 -2.254169827044737 123.57115710975212 81.04356459999963
5.821465715495485 -2.2217237815603434 123.81016719672984 81.10836860000018
5.505950550403277 -2.1823333982078625 124.1003077303303 81.1732718000003
4.278696100916562 -1.840504391708121 123.98487694350781 81.23907369999961
3.7591345129297693 -1.6822994081853764 123.95962702530076 81.30372309999984
3.7591345129297693 -1.6822994081853764 123.95962702530076 81.36982100000023
3.4764565635829427 -1.5783165351643718 123.68600812838172 81.43495020000046
1.3125719519203258 -0.8628454795266152 123.56181218816201 81.50014290000036
0.5694133029673338 -0.6653560854155455 124.58453599538801 81.56421549999959
-0.8894697046237354 -0.039038424631129165 124.20962094539574 81.62897330000033
-0.8894697046237354 -0.039038424631129165 124.20962094539574 81.69412699999975
-1.2009077237804462 0.1262378270452177 124.06777216723819 81.75870750000013
-1.9532286947544364 0.3060923300589544 125.11253123802906 81.82480620000024
-3.8516391234270984 1.0190070761727539 125.01379288078631 81.90516939999998
-4.090736043214271 1.2219616921335978 124.78896345748228 81.98711739999999
-5.133349568555559 1.6908182171725437 125.2944544319847 82.0524077
-5.193616861706886 1.8557587039236354 124.78519301876507 82.13370920000034
-5.838768111926001 2.3678518082359226 124.6626252852732 82.19742080000015
-5.977785680582464 2.4831680043076494 124.77525259532155 82.2632050000002
-5.73332375132015 2.620496304084825 124.26275742329578 82.34431440000026
-6.167838866174996 2.6906636021802433 125.64905245548316 82.42490149999958
-5.829060135351796 2.741075914334301 124.6296195218549 82.49055959999987
-5.955634959780568 2.304877958900985 125.69591506296862 82.5563232000004
-5.449545848716781 2.1825130906052985 125.54503721681148 82.62184379999962
-4.670807926030058 2.003633186087014 125.56138714817469 82.68806609999956
-3.632835533197799 1.5635954126381828 125.2918117840203 82.76928380000027
-3.3415882211107615 1.319817877037556 125.24036312709607 82.83600200000001
-2.832460797954333 1.180328349742316 125.32734294947892 82.90007520000017
-1.0439069310403895 0.646347221719607 124.93138256933102 82.9646186
-0.8445613462981711 0.31701105805783325 125.10462929350858 83.0300186000004
0.07172668638347801 0.14087236609202824 125.13464095894419 83.09528469999987
1.301517502378566 -0.3524675371409597 124.81482185730368 83.16092990000016
2.0795851289764045 -0.8001969844731244 124.77866901460783 83.22615490000044
2.856274661776851 -0.6890571667409069 124.2925092808654 83.29156469999998
3.668292064824726 -1.5069953837661028 124.6472081288469 83.35754499999985
4.349186066291686 -1.3915430854050237 123.94561909855913 83.42265580000003
4.637047036592001 -1.8074950863422778 123.92348369757457 83.48708629999965
5.160909635700406 -2.1445410232352273 124.3352942224768 83.55149809999966
5.707625143072939 -2.083515788317004 123.35844359147417 83.61677080000027
5.79286346684259 -2.011907910322659 123.85945174554837 83.68255320000026
5.957509765077383 -2.2363797305443547 123.9171302155876 83.74756909999996
5.961686417729091 -2.4181624399459127 123.48949306653249 83.81219520000013
6.068546669368935 -2.2542468755310505 123.56549074960361 83.87837209999998
6.068546669368935 -2.2542468755310505 123.56549074960361 83.94301770000038
5.853701134352399 -2.3852712381000822 123.9600521377258 84.00828340000044
5.740740868691965 -2.233669196380153 123.47109014316479 84.0744238999996
5.353980657957045 -2.0934988850868033 124.0440648722699 84.14064270000017
3.8523631967523713 -1.7276372849487136 124.07832344661814 84.20564730000024
3.5608199075179385 -1.611374279145405 123.46123921186495 84.2703462999998
3.1381668877840525 -1.463599773185004 123.9135805465086 84.33642349999991
1.2215275804134578 -0.9108735839787143 124.41861863681379 84.40148690000024
0.6585009298004678 -0.7458799322287348 124.80993799497782 84.46756230000028
0.3794171690196322 -0.5601852878315385 123.9325146856968 84.5305357999996
-1.277418864536017 0.04749328902621944 124.46406174686828 84.59551379999994
-1.7943116799578505 0.276942250686066 124.87679331663007 84.64699660000042
-2.08287322985705 0.3401879441212607 124.52877764595158 84.71266780000042
-2.5263626773559906 0.6000308863953757 124.75145670945628 84.7807714999999
-4.107845613361711 1.2131495540714525 124.82606008502809 84.84595730000001
-4.406061308129075 1.3408992819441967 124.85682250875858 84.91090770000028
-5.292023184929583 2.0663624086893213 124.72014596713613 84.97557680000045
-5.448647378538553 2.1129742802826414 124.61888070535231 85.04200620000029
-5.922298001973132 2.3092686940320024 125.47057147767768 85.10794119999991
-5.556187336074032 2.4083767371143314 124.0048431159925 85.17446540000037
-6.06480278811965 2.647571492299173 125.41781720390324 85.23886409999977
-5.895299008549472 2.7376248827282885 124.71430630154039 85.30567969999993
-6.060050181956136 2.696859513535695 125.31746248718501 85.37109049999981
-5.82385669218624 2.4760620970168916 124.72505352563611 85.4361031999997
-6.049623492726141 2.3137438546124804 125.67471348856071 85.5005113999996
-5.412445010368032 2.209025599757201 125.04489085662435 85.56671129999995
-3.9167981769691025 1.8241770689085464 124.2164449329944 85.63214489999973
-4.1417356395409115 1.5646623767082724 125.31957285183951 85.69801850000022
-3.629513198686574 1.3717504998467047 125.26128990159435 85.76386420000017
-1.5400350017966602 0.712217354936647 124.70274406139524 85.82917309999993
-1.2665915322480927 0.560502954691043 125.19082726138936 85.89270829999987
-0.8137895685179473 0.45287351120868713 125.07706778634595 85.95947530000012
0.7223859172664362 -0.18455943232231634 125.0157959388542 86.02253440000004
1.1365177719858224 -0.6603288382508643 125.0945245266288 86.08853929999987
1.9522434439453988 -0.5523622660717328 124.18004078943568 86.15483479999966
2.2525139295206174 -0.677069596529124 125.39378554483737 86.21952549999969
3.82717691201335 -1.243160406131815 123.87181950025214 86.28561199999967
3.93123843596247 -1.370552005420289 124.6997570264167 86.35078439999961
5.162985778389164 -1.8949392138374428 124.32402046161972 86.41558270000041
5.246928946094293 -1.9740151256370564 124.43741015553996 86.48137000000042
5.539368587913664 -2.1616998628092032 124.22103094326916 86.54656989999967
5.601245593187514 -2.032083470190127 124.83486361831338 86.61170289999973
5.866516327908762 -2.2905989973669945 124.24081580965559 86.67755130000023
5.824785709658748 -2.352974906200724 124.45267061696056 86.74205580000034
5.904497800843771 -2.261303722781982 124.16926509737766 86.8075603999996
5.866516327908762 -2.2905989973669945 124.24081580965559 86.87235549999968
6.049834518094592 -2.1703546745415014 123.35580168464085 86.93692259999989
5.774586822961965 -2.215893075505111 123.77187113335101 87.0013398000001
4.251736610377719 -1.8715522113705578 124.58600551125302 87.06655070000033
4.0975379271520325 -1.7928169326341805 123.70950514840322 87.13109770000028
3.359428643200431 -1.6191443130401924 124.66244428904686 87.19500419999986
3.057654506234165 -1.554823915678705 124.12300513263642 87.26015999999981
1.3595460536634576 -0.8881441276464261 124.06989987941633 87.3254737999996
0.8166654998150591 -0.749190269741443 124.58363920866063 87.39173829999982
-0.911013625273867 -0.15743456485791388 124.48457649900627 87.45659940000041
-1.2140119688865596 -0.005189885962690183 124.3145920468059 87.52219650000006
-1.621127651465052 0.21188276489829294 124.69638688296051 87.58810660000017
-2.1317770751141225 0.321503567747068 124.8842398819273 87.65262020000046
-3.6767504484883347 0.9537482361967241 124.84255270084972 87.71743590000005
-4.010503571592494 1.1488037180978223 124.83741683881152 87.78330900000037
-4.167717102832739 1.3243134163498556 124.43879196678263 87.84883210000044
-5.323296533483436 1.9700682201894748 124.8714132910159 87.9142211999997
-5.752410678698141 2.240872668384726 125.65460334011772 87.97934030000033
-5.54910786481522 2.305307923805516 124.61261615529939 88.0445249000004
-6.212913569639269 2.5622448003221314 125.47130734514792 88.10934499999985
-6.0102857623143535 2.6041845184375396 124.9921472763948 88.17576300000019
-5.829060135351796 2.741075914334301 124.6296195218549 88.24034879999999
-5.819803180797344 2.600508085346362 124.71160277042564 88.30501819999972
-5.863746426864324 2.5047872081342435 124.74925622591225 88.37033530000008
-5.5028366782191185 2.456011884887957 124.09947366861248 88.4356845000002
-4.099171788552184 1.9522154745522584 125.11303636825217 88.5020899000001
-3.7879996212002567 1.8969372765897257 125.06755343182843 88.56639629999972
-3.9282701749029982 1.6628382033022544 125.9249048528366 88.6309183000003
-3.5923034392715323 1.4456956412161965 125.24170402769292 88.69672449999962
-1.752699509667643 0.772792105495186 124.93486828436619 88.76231430000007
-1.4715417502584813 0.5919447284746681 125.44453061016308 88.82827110000017
0.49262796431295186 -0.03859469387061687 124.87376848063339 88.8925976999999
0.7437195774083349 -0.24804250138550213 125.01704194465974 88.95761849999963
1.093947184027897 -0.6046468063846457 125.2631173962315 89.02259279999998
1.093947184027897 -0.6046468063846457 125.2631173962315 89.08916849999969
3.2785974447184927 -1.1603258723337817 124.31039178918279 89.15377309999985
3.4206984887827403 -1.4129862872410894 124.4136563241237 89.21919080000043
3.83531265248822 -1.4111881490862732 124.58706292666066 89.28476359999968
5.2789283319266715 -1.7434104652999336 123.79352175349749 89.35026899999957
5.2789283319266715 -1.7434104652999336 123.79352175349749 89.41550319999988
5.238570143102486 -1.915728633687685 124.26541140868255 89.48022120000041
6.10872541701162 -2.179575854746473 122.9435647488936 89.5454638000001
5.883730452861613 -2.2385143190000263 123.80548733335144 89.61098450000009
5.820267897700724 -2.3460386549422343 123.81645645388699 89.67653989999963
5.992266452152556 -2.3076352056618186 123.19830620320133 89.74197920000006
5.780737215357384 -2.3681529056263555 124.00679653471273 89.80775890000041
5.76891326441082 -2.3074071874411755 124.15572669296738 89.87421480000012
5.091065762865512 -2.0161435832400874 122.91307192715527 89.93853680000029
4.387465196255938 -1.8942801438904042 124.62279742928703 90.00377039999967
3.1691224323934435 -1.577347896077066 124.5862420689093 90.07023709999976
2.7792277046867113 -1.352916383428819 124.23307785022433 90.13462369999979
2.4876558621632867 -1.2636950298465073 124.02464701571985 90.1997964000002
2.0598924953343527 -1.1505828136521716 124.00455887144841 90.26404759999969
0.9247374188376085 -0.8681367748286564 124.28349521075037 90.32973130000028
-0.7999792828530872 -0.14218894706527666 124.45328755844493 90.39418469999964
-1.161189756480134 -0.005251234641252406 124.49153467829933 90.46025680000002
-2.4299033649959583 0.47362079908822796 124.69707398565463 90.52558070000032
-2.70932858601374 0.6221931730602654 124.54437188902342 90.5921429
-3.252659042993045 0.8136498605820017 125.0023789356495 90.65749719999985
-3.854874838422475 1.1133662593439406 124.55161454309226 90.72441849999996
-4.866321344971041 1.8057240617788466 124.55239139967523 90.79003759999978
-5.061769590447064 2.0008282439331317 124.30745846484079 90.85503410000001
-5.647496796142079 2.4390966086779304 124.463476298609 90.91905719999977
-5.85188349798527 2.482740046803683 124.77088465809213 90.98438879999958
-6.170447978919469 2.5607145272605583 125.4612319041124 91.0493677000004
-6.161985788339599 2.7088108413247034 125.18176478990806 91.11525009999968
-6.104010410441894 2.7140166500754077 125.2236145667967 91.1813774000002
-6.104010410441894 2.7140166500754077 125.2236145667967 91.24528550000014
-5.536726094814746 2.2644690329676918 125.3798113263459 91.31093299999975
-5.029873617534065 2.243179446958377 125.47848933653302 91.37581010000031
-4.513841633288813 2.1403813913244267 125.39331200865014 91.44053520000034
-4.438622695131855 1.8322613016491665 125.2245319801513 91.50561639999978
-3.3106818279256203 1.33560374339829 124.85516357075961 91.5709495000001
-2.8606956275446507 1.1412099115230254 124.94138117519975 91.63537509999969
-2.254453287435801 0.941013819611899 125.14014888091546 91.70092870000008
-0.6831029525501222 0.41140095295308166 124.85188627318922 91.76589549999971
-0.27621507778327015 -0.08308412143951882 124.59205467692412 91.8309148999997
0.618820776334573 -0.1729722096432257 125.02153555991563 91.89632040000015
1.962110733726945 -0.6469211469883512 125.1400404448931 91.96109650000017
2.4696021771779613 -0.9319805203624854 124.79834396628131 92.02636789999997
2.9759609916879057 -0.9602239451001069 123.88194486940606 92.09070299999985
4.129099413465788 -1.3754838879338107 124.7411307174468 92.15502680000009
4.48586920907848 -1.8104321372191419 124.728320394498 92.21997139999985
5.112099086038434 -1.7756029481296143 124.36475866630511 92.28459930000008
5.5024949005288875 -2.0628374827102967 124.6540269091368 92.3507182000003
5.72072214988556 -2.2446675815191357 124.0867070037725 92.41478689999985
5.958386506999396 -2.1158062667863367 123.59965989708417 92.48024090000035
6.0089165213824245 -2.2386324619317213 123.79942439376168 92.54551170000013
5.876197649745912 -2.3494429318353793 124.41320315681322 92.61053249999986
6.0089165213824245 -2.2386324619317213 123.79942439376168 92.67618980000043
6.0089165213824245 -2.2386324619317213 123.79942439376168 92.74131599999964
5.505950550403277 -2.1823333982078625 124.1003077303303 92.80625779999991
5.157257041505979 -2.1201937385683056 124.3222258439482 92.87150060000022
5.027012835767209 -1.997985752237346 123.4542821228836 92.93698550000045
3.1667477072639443 -1.5391435066820631 124.2649378202352 93.00118039999961
2.7897853319779458 -1.4138845310285844 124.28105488263162 93.06562109999959
2.538400665674722 -1.288805209682788 124.2915225571698 93.1301395999999
0.7230722142418884 -0.6742782816544531 124.34276106349499 93.19557760000043
0.1612512106850943 -0.459187748545303 124.5935220745029 93.26044939999974
-0.3746718357721832 -0.427212592211753 124.85352057016856 93.3237822000001
-2.0098016328038923 0.3009868567205478 125.16752416009177 93.39013100000011
-2.3001865236671506 0.4642082200365091 124.75031585142065 93.4546505999997
-2.4481912774782657 0.5491059514020431 124.09420983310733 93.52079810000032
-4.3878931538285 1.3052331903620018 125.36111109967652 93.58637980000003
-4.561055451668828 1.4020000988425643 124.87619315316968 93.65173919999961
-4.780226751914242 1.5917061121470641 124.85601016382282 93.7161759999999
-4.615937863778278 1.847497033273905 123.97301781841564 93.78269350000028
-5.632154207633896 2.428654138220863 124.60307472379272 93.84839439999996
-5.944918946599479 2.4753640342383956 125.05676929491172 93.91326779999963
-5.940470557934873 2.5384360725124915 124.96891891300943 93.9794222999999
-5.846511132361201 2.7318511837143507 124.75212111305603 94.04452930000025
-6.014374764438756 2.706202169812161 125.25606383893376 94.11006220000036
-5.725898342788511 2.6987040315272908 124.39945224191806 94.1749676999998
-5.872427410099611 2.4104179654412783 125.81724219045631 94.24077140000009
-5.015167233976925 2.3262206438793283 125.36992595259103 94.30653789999997
-4.726945257124747 2.2385660370699854 125.58373856265129 94.37159030000021
-3.6388416173281968 1.5686018273916469 125.16611624032207 94.4366355000002
-2.973179301216746 1.5573582768568122 124.64604066537285 94.50102289999995
-2.96164574639009 1.3351004536285014 125.23975700000983 94.56695180000042
-1.3204471982699175 0.39841980652449693 125.51842119916701 94.63303759999962
-0.7873113776430714 0.4191138925672744 125.33917859814508 94.6981624
-0.2514853890990949 0.15255438350806674 124.61489729319356 94.76402870000038
1.436611246586665 -0.49506586025643196 125.180553209468 94.83057110000027
1.9245007606514335 -0.6787921477608428 124.8829011904077 94.89509460000045
2.229248103846352 -0.8332510340281081 125.0688506337343 94.95965390000038
3.6255342455819815 -1.471770534544511 125.02277004511144 95.02450430000044
4.159365039258553 -1.498262274414613 124.27771556880737 95.08941059999961
4.377905101463668 -1.4758930689947183 124.66891745203692 95.15383610000026
5.3138987539808795 -2.065827111924283 124.74692153562049 95.21934950000013
5.627706453539048 -2.091141480504804 123.75291968615797 95.28500390000045
5.5659365408710215 -2.191133454308277 124.73791064645648 95.3504640000001
5.882623680083768 -2.186176266686423 123.31774514688163 95.41477349999968
5.888559350844503 -2.3471473316612093 123.87907907120982 95.48143330000039
5.853701134352399 -2.3852712381000822 123.9600521377258 95.54672370000026
5.943240926862472 -2.3370322740865057 123.57004515043836 95.61172559999977
5.853701134352399 -2.3852712381000822 123.9600521377258 95.67731730000014
5.575317414728531 -2.26335494410538 124.09941942010201 95.74252340000021
5.305663667100887 -2.1385987540780236 124.00293480542058 95.8082357000003
3.812810547375328 -1.6812442840212494 124.08061522672129 95.87387860000035
3.4307235543299086 -1.515077977726008 123.88672976964821 95.93889029999991
3.000097389416972 -1.4491279095248844 124.05050405325211 96.00354150000021
1.0687634428455013 -0.8745218349154356 124.57294665232641 96.0686840999997
0.8184622991010926 -0.7327478699485853 123.95988091417256 96.13406200000009
0.48832224341150976 -0.5514109695693162 123.63613641529783 96.20066399999996
-1.2013209205004713 0.0020957731313317185 124.07057549376087 96.26463380000041
-1.7128150111960139 0.28298126869658513 124.68514804587123 96.33046470000045
-2.399154693701938 0.37326454602869485 124.99487978808273 96.39717029999974
-3.7085059650989933 0.998429454062736 124.55745865967579 96.46104230000037
-4.149584684487074 1.175154921419806 125.27845067677235 96.52668679999988
-4.706090358239791 1.3644132388518784 125.51824069057201 96.59241120000024
-5.110542248806311 2.096700696861847 123.97090689618531 96.67380179999964
-5.638344469113413 2.2841772230672754 125.0732992226001 96.7392946
-5.7554726774419365 2.3363604426279636 124.96667519159998 96.80427820000023
-5.73332375132015 2.620496304084825 124.26275742329578 96.86986909999996
-5.932905623590187 2.787789538028964 124.94363150629538 96.93436399999973
-6.12933679197242 2.753712782013029 125.60388226053057 97.00085370000033
-5.405320997983985 2.5813352295042433 125.16138704591509 97.06690720000006
-5.205800296750077 2.526621431027562 125.08019249930749 97.1322124999997
-4.805734345282886 2.4058215129577785 123.9786880625826 97.19819869999992
-4.614061463443342 1.9624583193044063 125.8901143697976 97.26365019999957
-4.138115278786948 1.6991524458849139 125.26015229350665 97.32892999999967
-3.7600724842381155 1.5638563217467478 125.29885225575151 97.39491710000038
-3.1144944713253793 1.5124498334529755 124.2946618313323 97.46065939999971
-1.8286817683113554 0.5252237595643536 125.53943785623851 97.52628410000034
-1.1893235307232786 0.5997262827121735 124.7206645873573 97.59195949999958
-0.889423812580695 0.47211200921063445 124.68786126695962 97.65657730000021
1.1418926175220392 -0.4791435292226722 124.69223606191514 97.72202079999988
1.3911430714580462 -0.45910131425012335 124.97000871832603 97.78757159999986
1.9370394449049755 -0.6442325704591062 125.02707545108399 97.85400879999997
3.4651580534213124 -1.1220202483462207 124.23727118849618 97.91943520000041
3.823297729729596 -1.3125761932224416 124.1039584980819 97.98458140000002
3.9396431754796595 -1.4796315941721556 124.75496452918624 98.05078630000025
5.026031764130465 -1.8875982170939176 124.20258803605621 98.11639490000016
5.180811588375043 -1.9323631825199707 124.60880586418534 98.18149119999998
5.180811588375043 -1.9323631825199707 124.60880586418534 98.24689599999965
5.811717956180416 -2.3077611162972937 124.58085113443434 98.31293679999999
5.831304894943514 -2.3360296924026436 124.57966917475933 98.37779070000033
5.91683615460672 -2.3252940741954276 124.20802618532379 98.44265710000036
5.876197649745912 -2.3494429318353793 124.41320315681322 98.50859070000024
5.876197649745912 -2.3494429318353793 124.41320315681322 98.5730825999999
6.0089165213824245 -2.2386324619317213 123.79942439376168 98.63752459999978
4.694988202147236 -1.9323559980886684 124.0258303723481 98.70197910000024
4.130739094222456 -1.8529814296274907 124.71190446127393 98.7689234999998
4.008841333165179 -1.7784174291363024 123.63887171015506 98.83477820000007
2.7113001713503238 -1.314409474249666 123.86028495410365 98.89806260000023
2.3373647472448766 -1.2238503825139886 124.18247003495465 98.96436369999992
1.7966959345749771 -1.053309989483409 124.19612005063999 99.02873920000002
1.2404429837044404 -0.8485432229739015 124.48070870727938 99.09299470000042
-1.0483817259369204 -0.16291252608571896 124.73297214105035 99.15801939999983
-1.0490257893187547 0.028039047700365555 123.85180580552014 99.22360159999971
-2.454334516365158 0.4838189255505503 124.5992970064547 99.28816339999958
-2.9436720557499356 0.6998792867584905 124.95762116604938 99.35303899999963
-3.3834773824174107 0.8271621974716663 125.08806344631371 99.4189150000002
-3.794479000151874 1.01138190559817 125.14881223794677 99.48313839999992
-5.209501308109502 1.814489707512772 125.26438108511547 99.54910980000022
-5.161448360235603 2.0102985391332866 124.39278342821312 99.61185089999981
-5.501857339868401 2.356287487804966 123.84472546849892 99.67783750000035
-5.601936467692134 2.5376961854199984 123.95753043089915 99.74226819999967
-6.011111538993973 2.5349648701045813 125.06607100459274 99.80764759999965
-5.679312165017549 2.704138117659044 124.23013315295444 99.87328669999988
-5.767480377153888 2.6524859031324386 124.8118912740945 99.93913470000007
-6.035919453159288 2.6182178719879285 125.62636876243127 100.00310009999976
-6.035919453159288 2.6182178719879285 125.62636876243127 100.06789570000001
-4.982262125860338 2.243657271587026 125.45763137117747 100.13301919999958
-4.752230887259536 2.0834617399611366 125.97732100203879 100.19997320000039
-4.014252474491286 1.9688264780210771 124.78783941262866 100.26391340000009
-4.079799590656293 1.5530614093530901 125.46482885491345 100.32919479999964
-2.8727698110633 1.1700258829910093 125.60980190096896 100.39393099999961
-2.3762492563143667 0.8587439942805073 125.32921174765166 100.45878189999985
-0.42410399449637737 0.29040408084006203 124.58545760310204 100.52278719999958
-0.4769685862138644 -0.07643947202537793 125.20902570055655 100.58901309999965
0.5247675684629698 -0.0742154245887652 124.23840306857207 100.65310810000028
2.222774335612769 -0.5611661120810838 124.49113854483255 100.71808369999962
2.5629082209809724 -0.9553968107114676 124.94204405840375 100.78318519999993
2.858539730525699 -1.0212356948974535 124.48723315427965 100.84826799999973
4.779240186978178 -1.2840120439831015 123.7612467508267 100.91332070000044
4.795986154717319 -1.7309102728308077 123.28696749995734 100.97966739999993
5.029782717160948 -1.8067546247929605 123.49101704188602 101.04617320000034
5.240029930884226 -1.6831431324530817 124.1825100140944 101.11005159999968
5.828699510844089 -2.1040045499801203 124.6903800778217 101.1748964999997
6.002480084707344 -2.2151599182894626 123.73929274090133 101.24103300000024
5.848342618015302 -2.267400971275371 124.23251064609379 101.30657859999974
5.848342618015302 -2.267400971275371 124.23251064609379 101.37078850000034
6.068546669368935 -2.2542468755310505 123.56549074960361 101.43576310000026
6.0089165213824245 -2.2386324619317213 123.79942439376168 101.50128169999971
5.419103029551323 -2.1595942111752615 124.02421962533823 101.56689590000042
5.200050023054146 -2.1533824915720188 123.84026891537796 101.63262709999981
4.723712414209054 -1.9108928042297264 124.1642773163378 101.6964810999998
2.989820204185655 -1.497112381750539 124.64362997024271 101.76189439999962
2.7366903342864646 -1.4277723306930445 124.24876550104582 101.82631620000029
2.384938490397225 -1.2129282909013097 123.95074740976386 101.89118289999988
0.620170609594183 -0.6514311185447418 123.97538522808405 101.95702429999983
0.1247453642527745 -0.43516976754266423 124.21357539450881 102.02203350000036
-0.5083848024978224 -0.3389983259720363 124.93812326495888 102.08720879999964
-2.205587788149444 0.42639525167682235 125.12104787476508 102.15271370000028
-2.4797084278277097 0.45961133050877523 124.80295815035122 102.21868600000016
-2.5779565357700065 0.6356020803760308 124.32520255011661 102.28516860000036
-4.330311073732005 1.3106321083495667 125.2568659875051 102.34949890000007
-4.454543237622623 1.4986122885407558 124.5540472571832 102.41595899999993
-4.655049656514116 1.6830115133184562 124.3939811710634 102.48095900000044
-5.925127596404245 2.183916453846346 125.48042159770354 102.54714049999984
-5.781501060467704 2.3778593109039123 124.56742481178158 102.61235730000044
-6.004397551343466 2.4661557752748218 125.15893929791034 102.67764879999959
-6.006345764127808 2.558513011306822 124.7987777720934 102.74212910000006
-5.932905623590187 2.787789538028964 124.94363150629538 102.80702349999956
-5.741765117387928 2.742033632139332 124.62526796329884 102.87499240000034
-5.729786474137626 2.6797573381863633 124.85812453693237 102.93829710000045
-5.63090568667586 2.2150386469682455 125.16503443752126 103.0029857999998
-5.360154564392076 2.1702290216422684 125.72177562319773 103.0682482000002
-4.912480003128351 2.05559464204508 125.44740989415112 103.1335482000004
-3.4468616657597195 1.537934306282973 124.83163649765774 103.19794550000006
-3.286242446726419 1.356951199993844 125.43983312262716 103.26421329999994
-2.48555749764634 1.247308367718876 124.3878608252282 103.32957799999986
-1.0233924385796556 0.4845193635738513 124.5141379606574 103.39445030000024
-0.6402513220474333 0.14894240735332817 124.66295042279029 103.46038899999985
-0.09489702675195133 0.19868728637410374 124.87636782393672 103.52646650000042
1.8851243844940555 -0.5628741897716952 124.33191417934061 103.59208659999967
2.180509452359658 -0.7284488517128214 124.79640164551249 103.65731179999966
2.235865349474622 -0.8106481858061098 124.96947617214117 103.7220897999996
3.0206284233889207 -1.0286462548534254 124.53589849398385 103.78707699999995
4.596151076197714 -1.3309778637698941 123.19167767594207 103.85148360000039
4.622262086805485 -1.4572544324896461 124.52880874736933 103.91726339999968
5.42797670126032 -2.0653980239453333 124.50024207926397 103.98150580000038
5.640946735333628 -2.0984941807251127 123.87618722609791 104.0466333000004
5.636761861576332 -2.2288157424598345 124.54619260243362 104.11193670000011
5.784386401415226 -2.2176343046356988 124.01962915289612 104.17613559999972
6.14982707100944 -2.2748894280311047 122.78526482520644 104.2419547999998
5.853701134352399 -2.3852712381000822 123.9600521377258 104.30669860000035
5.750212733594907 -2.3493718743595573 124.41943020592574 104.3720602000003
5.651638497889067 -2.271789829455508 124.55204257357013 104.43617150000046
5.531872799491374 -2.134990960489615 123.63162292154223 104.5021442999996
5.208263587372819 -2.1175826019081847 124.16430747263499 104.56598719999965
3.734397101922873 -1.6385875370429754 123.73589309016698 104.63047600000027
3.315371861358045 -1.5271208406791332 123.94336481484278 104.69672549999996
2.9308225154421663 -1.4299760813397675 124.13247115605789 104.76162050000039
2.4128492591018684 -1.2885868939971965 124.29684381985196 104.8264194000003
0.7647606298344485 -0.6697933950160588 123.70108289438778 104.89174670000011
-0.039777701281266786 -0.5165966820098163 125.06323175627695 104.95696130000033
-1.3628769858864942 0.17337267661886047 124.31769020854668 105.02387350000026
-1.950022925900896 0.2885230180868118 125.17468225410927 105.08769740000025
-2.369018479999532 0.4479008271021758 124.77186858562949 105.15309059999981
-2.5944708619909065 0.597970173750577 124.57393172223924 105.2190800999997
-4.17137902467325 1.3513175400072976 124.77283616893232 105.2839512999999
-4.452242192998533 1.3978287039370654 124.850391284604 105.34915000000001
-4.51639054456097 1.6410067967160638 124.19687082839023 105.41509159999987
-5.462630268212443 2.297754357720539 124.6529969811657 105.48084680000011
-5.712720208164356 2.367456034294436 124.65752192935656 105.54533580000043
-5.788315709737738 2.4862648742256543 124.69390109978606 105.61178649999965
-6.014374764438756 2.706202169812161 125.25606383893376 105.67612819999977
-6.0874585142686755 2.7525014229448974 125.5968120965267 105.7402032
-6.018563597093241 2.755865720764668 125.50629610352648 105.80660979999993
-5.940186979399755 2.4462669862603525 125.33564126899152 105.8711500999998
-5.897990085045286 2.3605257724325908 125.75994710220523 105.93571609999981
-5.320434230207319 2.280323220929142 125.7126472498957 106.00172999999995
-3.9635811058331853 1.746798892991381 125.4853252986283 106.06661859999986
-3.617948670655494 1.5545812128499694 125.29765945155208 106.1314110000003
-3.2949314495615383 1.3196843548611008 125.65585997129952 106.19684909999978
-2.8121157423013656 1.289597621465228 124.8776671908686 106.26223800000025
-0.990472601327312 0.39884452590077024 124.73951570891883 106.32759970000006
-0.7790885850460256 0.379148590145589 125.2516143349455 106.39287890000014
-0.2550843832062881 0.08609815615581747 125.37978313497125 106.4582935999997
1.4177763291026366 -0.5539151852590478 124.90856747311138 106.52375570000004
1.8622449441198867 -0.6307059590127136 125.04836185093728 106.58838660000038
2.3882493049457167 -0.8485609534088137 124.52850634407228 106.65386370000033
3.760714923476641 -1.294846715879548 124.71935324313411 106.71835589999955
4.17940572529816 -1.457013578360064 124.36551615414407 106.7833354000004
4.439326636889241 -1.7077485377556676 124.65950859680565 106.84874589999981
5.34685475247592 -2.0181323892454186 124.24866053321111 106.9146082999996
5.538121383718099 -2.144607017871019 124.31745887010842 106.98021919999974
5.538121383718099 -2.144607017871019 124.31745887010842 107.04603959999986
5.967612815957878 -2.3540206557288594 123.56059216106507 107.11105950000001
5.790604601063855 -2.4115524543186733 124.21209277099331 107.17620809999971
5.888559350844503 -2.3471473316612093 123.87907907120982 107.24140400000033
5.885982388129641 -2.306156089216425 123.88424856412674 107.30757230000017
5.885982388129641 -2.306156089216425 123.88424856412674 107.37223819999963
5.883730452861613 -2.2385143190000263 123.80548733335144 107.43842899999981
4.314328301207702 -1.8424479953495299 123.64983311360017 107.50374490000013
3.6540848747816597 -1.7263253253939588 124.39145129965385 107.5678195999999
3.188830885028139 -1.584304001733342 124.40629880321008 107.63417860000027
2.0359414017324298 -1.1632514097033984 124.31230549287135 107.69847690000006
1.8033895117175476 -0.9755043222187951 123.65394743109398 107.76399299999957
1.103593194555316 -0.8862379898257864 124.77874663250462 107.82960569999977
0.7048665811692842 -0.7248711482316126 124.4046197434842 107.89563160000034
-1.2085727148894563 0.1332113918028996 124.09293732298978 107.95906000000014
-1.8100671901257783 0.31961565231389155 124.70149354974137 108.02616409999973
-2.976193993400017 0.7477787846995122 124.93566124135076 108.09088929999962
-3.7144248676310028 0.9001298913026298 125.74831310560913 108.15523060000032
-3.475066874583902 1.041096799786676 123.89841783378296 108.22098490000008
-4.18476636095879 1.3398216958168012 125.00498128648016 108.28748910000013
-5.363555157538215 2.0464158555003897 124.93136764861521 108.35278350000044
-5.599950590614618 2.1676323018455594 124.80888272137229 108.41909719999967
-6.050416932536002 2.5280888041562917 125.11066917668737 108.48436570000013
-6.06708663224363 2.5388253248204564 124.97468556367691 108.55011439999998
-5.725460386021311 2.5889524450284203 123.95400435464954 108.61438139999973
-6.18708235579475 2.697253448464065 125.32340178491036 108.67878999999994
-6.21589166370412 2.436947403820114 125.4815484759029 108.74445410000044
-5.9831817444792605 2.4147525653576816 124.98165494174748 108.81111179999971
-5.9831817444792605 2.4147525653576816 124.98165494174748 108.8757900999999
-4.1118309546954706 2.0213897988919958 124.25961592883509 108.94170149999991
-4.294336710927411 1.8982648452322237 125.09035385182816 109.00561240000025
-4.199180022336797 1.625493815031642 125.30405094888467 109.0715068999998
-2.101211337092117 0.9264678762964961 125.40661816326646 109.1363537999996
-2.101211337092117 0.9264678762964961 125.40661816326646 109.20175579999977
-1.5269078490174763 0.7301820096396529 124.810977663478 109.26598959999956
0.26196491366866326 0.021447939504324776 124.8785731145955 109.33169859999998
0.6388313917297239 -0.12436566388594253 124.84336660639867 109.39721180000015
1.027615418085837 -0.42849255109315 124.89944005639369 109.46247370000037
2.768703859999505 -0.8896024763923636 124.2774553582358 109.52882200000022
2.9744006501443394 -1.201185393887282 124.69588485197994 109.59450500000003
3.2462766333841984 -1.2496900518607685 124.77805790625746 109.6595497999997
4.646402245191531 -1.7073266202805768 124.31243362263199 109.72616319999997
4.99526987205477 -1.848825149693956 124.4469838917771 109.79023880000022
5.195951477100827 -1.852807560168778 124.47385704492591 109.8551625
6.073225043906447 -2.0972715625704828 123.79125847288326 109.92072300000018
5.824732018498892 -2.228033744762059 124.45169199274403 109.98532189999969
5.866516327908762 -2.2905989973669945 124.24081580965559 110.05077489999985
5.866516327908762 -2.2905989973669945 124.24081580965559 110.11592709999968
6.068546669368935 -2.2542468755310505 123.56549074960361 110.18106030000035
5.848342618015302 -2.267400971275371 124.23251064609379 110.24522940000043
5.808823682672788 -2.202885902525513 124.44159867615824 110.31034160000036
5.1172398459980855 -2.1084410450411024 123.49727893493167 110.37680269999964
4.694988202147236 -1.9323559980886684 124.0258303723481 110.4427826000001
4.17669864017774 -1.8101953571364673 124.63350550803185 110.50819620000038
2.7084647379810036 -1.362953845810508 123.58866461781831 110.5740053999998
2.2088142751311537 -1.159186674479985 124.28154472269243 110.63791399999991
1.6989442746389614 -1.017669872487972 124.25277551551022 110.70252569999957
-0.15137494812223906 -0.3965046760637282 124.51672366933569 110.76738579999983
-0.6787759162780631 -0.30766490535017543 124.66931207767419 110.8330447999997
-0.8439900397415485 -0.1023298889658874 124.04031411655586 110.89842659999977
-2.3759681794273178 0.5048179416297948 124.13937688513717 110.96462510000038
-2.9238254236970747 0.7015926260435419 124.82645511372777 111.03017189999991
-3.345314701674738 0.8904339131991885 124.75491798187413 111.09461170000031
-4.626635616960819 1.4606724984357253 124.81323782314827 111.16090110000005
-5.002528226356411 1.7147308374429708 125.019080329486 111.22673209999994
-4.995217498433561 1.875548901058254 124.56538040310525 111.29010279999966
-5.747551406706712 2.4845738251129226 124.68762452459013 111.35529099999985
-5.960840628093003 2.420285370625776 124.99272802231216 111.42079550000017
-6.190667826287978 2.57215451690584 125.33542215726001 111.48632420000013
-6.156358721414968 2.67500173682016 125.72517321613444 111.55180519999976
-5.769073936989884 2.6335263166439162 125.26676514320282 111.6164375999997
-5.581976897762935 2.652684231731465 125.08458988121596 111.68175919999976
-5.458741145544138 2.5274193914282717 125.09057133254589 111.74629960000038
-5.315685624935064 2.069001762578668 125.34184794376871 111.81175019999955
-4.702808610635287 2.0157196362552816 125.2448719929469 111.87718219999988
-4.2929306000674075 1.8783857906753925 125.32686492898668 111.94112339999992
-2.8365434660475515 1.3228569628535394 125.00591436735192 112.00681789999999
-2.258778288584196 1.233576553768962 124.7549769541436 112.07260399999996
-2.0501499303659614 1.0687633208471943 125.3291379591902 112.1370023999998
0.2178309820962525 0.17846053531390296 124.28964092153414 112.20229010000003
0.5810624805895586 0.029367316206204946 123.94844975528596 112.26667199999974
0.5929214429382412 -0.04079823330698945 124.64966669102168 112.33246659999986
2.2415762270804365 -0.8436872974620512 124.53188789041316 112.39698469999985
2.490223858713044 -0.810362552419614 124.95264755094256 112.46272919999956
3.032305242067835 -1.1449366187541385 124.38718359655186 112.52770020000025
4.170534039111892 -1.557249509379728 124.65677945233335 112.59273339999982
4.617735401724346 -1.6574109438019924 124.6222641738885 112.65716119999979
5.0508527573971875 -1.676250032127852 124.10589596332855 112.72206360000018
5.663866038167967 -2.144613286680223 124.31143999360742 112.78607860000011
5.6827419193212165 -2.2031365505154215 124.44769641009151 112.85134720000042
5.788594280752648 -2.269433801597655 124.31101902234617 112.91663919999974
5.9144650988863745 -2.3850444641712327 124.05708295397156 112.98190630000045
5.807872667563146 -2.3279665548299056 124.44650707062769 113.04674570000043
5.824785709658748 -2.352974906200724 124.45267061696056 113.11218590000044
6.097259849377878 -2.270095471183067 123.17026744508637 113.17537019999963
5.450571903869438 -2.1540807188784097 123.82803469828492 113.24233829999957
5.097005398293447 -2.075249655026747 123.81640413214025 113.30732329999955
4.821810578498258 -1.9040592618842087 123.86534964232075 113.37325489999967
3.245283671026158 -1.4848686054696754 123.57508111571174 113.43816830000014
2.6874226818103395 -1.3326998539505575 124.09362461876786 113.50339559999975
2.3740299395174986 -1.199039363633065 124.07270697122962 113.5681526999997
0.31463581146746833 -0.5914833558169259 124.97590764656316 113.6337438999999
-0.24339410305233855 -0.45428912153295886 125.11698324544582 113.69809830000031
-0.4284439950381653 -0.30824317664346856 124.02185239710036 113.76298680000036
-2.017426479394203 0.2871846440896514 125.11687633977483 113.82860939999955
-2.537737829738127 0.5078488486750236 125.12867732006244 113.89473890000045
-2.9024412212522037 0.665738158474713 125.14765347951342 113.9597346999999
-3.3496600118516966 0.880152735150745 125.20001142375892 114.02610910000021
-4.530219790776584 1.466106890940768 124.85435401093207 114.09047250000003
-4.74724506608284 1.658857875189094 125.02849079042416 114.15656240000044
-5.54910786481522 2.305307923805516 124.61261615529939 114.22018449999996
-5.988605140789247 2.387269751399656 125.49234250483116 114.2854483000001
-6.004397551343466 2.4661557752748218 125.15893929791034 114.35078479999993
-5.895817517771874 2.5640472171300233 124.46225654018711 114.41590449999967
-6.124737995849941 2.716452335346836 125.1427200216794 114.48137870000028
-5.9551089017019905 2.741485204225705 124.63476717503329 114.54530270000032
-5.898015451192258 2.731260961910487 124.64611347142021 114.61133679999966
-5.395072662105591 2.3190609084070384 125.31264557231212 114.67629680000027
-4.940666180712967 2.2500994334110067 125.4023301137756 114.74241720000009
-4.435127053018228 2.070381852359855 125.18061955711873 114.80837049999991
-3.5752423982168366 1.4907503742169272 125.59320974868079 114.87268810000023
-3.0814406984176657 1.3686362210856275 125.47265276801619 114.9388300999999
-2.441856692425972 1.2298174242619504 124.59564165386391 115.00466030000007
-1.2885723240740603 0.4073103320409752 125.63552754558249 115.06925469999987
-0.6737573635697771 0.16132959375857633 125.45174522946067 115.13501569999971
-0.016704063842240657 0.135216006161666 124.89992020592526 115.20074759999989
1.803157124207388 -0.5622552849714444 125.02630931177467 115.26555110000027
2.180509452359658 -0.7284488517128214 124.79640164551249 115.32980719999978
2.2895331626032274 -0.9364711526477059 124.85301036775542 115.39504649999981
2.4797889084865403 -1.0422116148886718 124.84505226727401 115.45980520000012
4.318332003178355 -1.6358850291296954 124.32744106587833 115.5263103999996
4.86841664202403 -1.4507622721334947 123.99619746364678 115.59180339999966
5.095904324834208 -1.6785004125082397 124.01505446988543 115.65639310000006
5.539368587913664 -2.1616998628092032 124.22103094326916 115.72258390000025
5.6285226551537235 -2.188069283599853 124.64954116932395 115.78631320000022
5.6285226551537235 -2.188069283599853 124.64954116932395 115.85164439999971
5.897251563780934 -2.340672284352786 123.59317764811415 115.9226233999998
5.853701134352399 -2.3852712381000822 123.9600521377258 115.98679960000027
5.722578323542756 -2.267516693595236 124.23876999527675 116.05145319999974
5.689067690330127 -2.221736994250018 124.32550348475635 116.1169388999997
5.689067690330127 -2.221736994250018 124.32550348475635 116.18094810000002
5.639929224818836 -2.1400435000776485 123.30855516186561 116.2472230000003
3.56529425869207 -1.5822081173863916 124.05633830967416 116.31165990000045
3.1203949757727187 -1.4754754143387563 124.4713980550249 116.37650899999971
2.7366903342864646 -1.4277723306930445 124.24876550104582 116.44278759999997
1.4077602788118782 -0.9127272558268456 124.3371573057028 116.50744469999972
0.9859630874608953 -0.8427487920290133 124.59125727232481 116.57251410000026
0.4385574769616767 -0.6236712859931436 124.59990820945814 116.63850770000045
-1.3712427720043863 0.18892659633957362 123.98983013876045 116.72056319999956
-2.0230879488554407 0.3063145930479981 125.06523069815006 116.78463699999975
-3.1976569706832976 0.8062030451405513 125.23754921054605 116.84892860000036
-3.624637777715428 0.9512080010263021 124.80128502958262 116.91443450000043
-3.5271028354251044 1.1761916669731145 123.66481044534775 116.9795694000004
-4.203847601200323 1.2803621759379673 125.01549326720193 117.04571550000037
-5.447179908820239 2.0952538826002383 124.86810484905034 117.10979700000007
-5.718108509479059 2.2784390815184943 125.1228583436626 117.1765618999998
-5.917152956046898 2.332809301949068 125.2008917917243 117.2413716000001
-5.968359986391796 2.630936136233736 124.49376412837569 117.30730980000044
-6.003008695067692 2.6830529844888904 124.78748003596364 117.37246859999959
-6.18708235579475 2.697253448464065 125.32340178491036 117.43694080000023
-5.96158101392583 2.492680790547501 124.65671147534603 117.50172250000014
-6.1716703709642005 2.414825643680121 125.70127497245834 117.56695180000042
-5.619441742376225 2.3078269414263106 125.55534964349013 117.63321879999967
-3.766077128700381 2.0374630085796652 124.78144390553472 117.69853289999992
-3.213687136200278 1.9560799739598482 124.23419590165359 117.76220840000042
-3.6644213394076885 1.7523400380501823 125.40806131202653 117.82792969999991
-3.482639675221172 1.5418719169354203 124.90012290410752 117.89215349999995
-1.103925945687486 0.6800935733362001 124.4196841881306 117.95630509999955
-1.103925945687486 0.6800935733362001 124.4196841881306 118.0208074000002
0.24596957558981813 -0.1283707029757126 124.92075854149039 118.08609909999996
0.6716874219180653 -0.2267128531058649 124.83656719350253 118.15069649999987
1.163050151843258 -0.3497028224025971 124.70648699321377 118.2152146999997
1.5560942429196416 -0.4971769851846034 124.94146844805478 118.2805257
3.1207985595755474 -1.1243701143688254 124.77967954669634 118.34672229999978
3.427994210976898 -1.3302994604838456 124.71125607483737 118.41060319999997
3.909223352845487 -1.373755522722122 124.28285745780543 118.47589739999967
5.058818794723372 -1.788556602150108 124.69186275763282 118.54087660000005
5.39340445492288 -1.8498632915795754 123.87312603210917 118.60505130000001
5.913176565605369 -2.098659484059287 123.07854070764377 118.66982009999992
5.805232918959341 -2.2094237099519844 123.45068627049284 118.73562709999987
5.805232918959341 -2.2094237099519844 123.45068627049284 118.80087519999961
5.758544918917465 -2.238390647971969 123.8115215810539 118.86544870000034
5.624232172476361 -2.3492928253048144 124.42561563266628 118.93224399999963
5.596818471372785 -2.267620819071376 124.24499144415512 118.99589920000017
5.85456254338046 -2.1695599338206546 123.31053342389919 119.0608613000004
4.693253124821361 -1.9998005875241796 124.650236632071 119.12723100000039
4.8125161354731105 -1.8963528751178003 123.14801664654112 119.19092910000018
4.169456543094519 -1.7291948932031647 124.15098394833579 119.2562495000002
2.4526720164897426 -1.2668679754082 124.22245821295482 119.32060639999963
2.1238809167584165 -1.1984105918576489 124.08157930702082 119.38572099999965
1.6147457153839397 -0.9717891376736305 124.42896980411733 119.45094690000042
0.9536966131717293 -0.83036528050225 125.00807420184232 119.51634819999981
-0.8689811744949054 -0.1641121200551857 124.68175118457967 119.58115819999966
-0.8926385654586184 0.01694565899785505 124.07276547650656 119.64666639999996
-2.769476124509552 0.6304651443127555 124.97814975099764 119.71287709999979
-3.098236168927258 0.7665824517087294 125.0002666983697 119.77788799999962
-3.744911796241013 0.9882204035658176 125.59907370983689 119.84310800000003
-3.8992384745465642 1.1398606584605964 125.03973455116932 119.90714169999956
-4.899160089153291 1.7749305165279827 125.03801508898881 119.9722799000001
-5.273769550255601 2.0133979278373375 125.22172611041601 120.03693879999992
-5.54718657659437 2.0574166261987683 125.47458704910986 120.10254720000012
-6.133630979797871 2.568179397075999 125.42412540782851 120.16682930000024
-6.09102540766898 2.5294587876182955 125.11564590257926 120.23344170000018
-5.67569928662293 2.656344372368468 123.98977116385974 120.29934409999987
-5.829060135351796 2.741075914334301 124.6296195218549 120.36464030000025
-6.239410837303026 2.615228119078188 125.74467891294242 120.42985729999964
-5.964576299171149 2.5290458456271723 125.11073140835343 120.49486849999994
-4.99799403437509 2.2131833245560726 125.13874285251967 120.56014770000002
-4.639702483558416 1.999658646300128 125.51167897535362 120.62593490000017
-4.106655799440233 2.045004138840797 124.75218319663394 120.69143919999988
-2.7388944995672873 1.2074891698087655 124.96615940516864 120.75781610000013
-2.6212950620657836 1.1436859785839784 125.06319431226751 120.82186209999963
-2.2292611307881813 0.8120690764937937 125.77385216811487 120.88702809999995
-0.9976024050066385 0.799746781852186 124.27959836459085 120.95214730000043
0.4838988209804427 0.13797566211216478 124.01764013661213 121.01823650000006
0.5963319207120037 -0.43199665916401697 124.96028823773891 121.08262699999977
1.1041171205427034 -0.18866961401379537 124.40489511336115 121.14828969999962
2.540621316882657 -0.9573845594497712 124.99421838690841 121.2128517000001
3.032305242067835 -1.1449366187541385 124.38718359655186 121.27740340000037
3.2555350131538816 -1.2304323799637773 124.82541033055328 121.34205970000039
4.493118931539698 -1.6877761038569157 124.6977739796525 121.40634119999959
5.148609206066105 -1.9338731520049168 124.13756172021698 121.47229179999977
5.486221614256458 -1.7652261235441788 123.95005517992915 121.53668610000022
5.822694548183819 -2.0974189841990736 123.80376011385775 121.60100210000019
5.665068884836458 -2.325351108360711 124.22197712327822 121.66817410000021
5.819274540698942 -2.3220786247381144 123.6627421735729 121.73178769999959
5.736416132444802 -2.1811043994282353 124.18979773216402 121.79756799999996
5.757857713732655 -2.3626920487955063 123.81592284673569 121.86295109999992
5.818472969742338 -2.336831805162397 123.57530141527226 121.92851710000014
5.267513614788911 -2.0838286259599808 124.49872824058022 121.99189019999994
4.97747597894557 -2.056562632743019 123.98527446510393 122.05718720000004
4.548868792592991 -1.9149675506809105 124.20323753174199 122.12453259999984
4.225204544370946 -1.7733975375799462 124.25937327688949 122.18921310000042
2.5456608890202403 -1.2837817142988388 124.81355005388562 122.25495460000002
2.141755346237197 -1.1436510763766956 124.30306326163922 122.32151280000016
1.6358890874481844 -0.9132973191548159 124.4777382951412 122.38618729999962
-0.15846097557398764 -0.408787896076543 124.4620598938948 122.45187400000032
-0.5837523758215042 -0.24207053942063486 124.53801457153712 122.51874959999986
-1.051272293725546 -0.1416851185950644 124.46305975374942 122.5828475999997
-2.289401024061064 0.6158707122448269 123.78956007964031 122.64775809999992
-3.089276461415487 0.8040479069405438 125.14702913590067 122.71213989999978
-3.5933239528666476 0.9111047781002001 125.42377961688211 122.77742810000018
-4.4232080192781 1.5184756479444628 124.14430704722052 122.84283750000031
-4.8384200075179535 1.7661678719463383 125.15679852353132 122.9071098000004
-5.1819399845588165 1.9495447622908686 125.25110664913214 122.97149739999986
-5.556187336074032 2.4083767371143314 124.0048431159925 123.03654300000017
-6.011111538993973 2.5349648701045813 125.06607100459274 123.10053059999973
-6.143282919072071 2.5815350087838502 125.26922133829451 123.16647250000005
-5.9981742767086175 2.716050480492198 125.13764041784445 123.2302980000004
-5.977483755895591 2.7629855171304647 125.45489376697236 123.2956279
-5.806282169410068 2.7873936806333983 124.93773331927648 123.3621492000002
-5.287202972956997 2.2672808025191227 125.24136078102643 123.42717859999993
-5.0269734335232314 2.2392768248232806 125.61180297672631 123.49242330000015
-4.611051506452867 1.9925410527563332 125.48213022165383 123.55770099999972
-4.244568984399734 1.96110631056893 125.12763348133016 123.62158189999991
-3.0866272056602995 1.262909993417297 126.03871377564627 123.68704460000026
-2.321322990970451 1.135958399295545 125.0072175385629 123.7539496999998
-0.9169200448841934 0.6461954978993615 124.92362136363867 123.81902960000025
-0.35013303090216397 0.07232603739254896 124.97346795307097 123.88450699999976
0.1963171804819268 0.04655502301534277 124.67174723692497 123.95002459999978
0.5905601124308006 0.03315305050326797 124.6602499646117 124.01409760000024
2.1884820761023107 -0.9053063800779637 124.99968782631181 124.0800935999996
2.992402538259924 -0.8178573474659707 123.73828280273425 124.1454305999996
2.8699322358116106 -0.8737364704382558 124.78257957687667 124.21118079999997
4.5245106448807775 -1.6382422807856245 124.21896980945405 124.2758616000001
4.662196932512359 -1.645201960963328 124.33612049012096 124.34149609999986
4.987450923832782 -1.7906957326088322 124.27511043420117 124.40727830000014
5.685747913651063 -2.18247470558591 124.58529958447114 124.47192410000025
6.004067426645328 -2.09082241819225 123.73131146708275 124.53775219999989
5.850634474109782 -2.2857745070761024 124.06887011141232 124.6036194999997
5.850634474109782 -2.2857745070761024 124.06887011141232 124.66670059999979
5.944038628651647 -2.3221791719963694 123.65784187854896 124.7325909000001
6.08725051581267 -2.2851618805361733 123.12142642943803 124.7980123999996
5.702371782667363 -2.2788772720494785 123.811866563884 124.86274560000038
5.305663667100887 -2.1385987540780236 124.00293480542058 124.92870440000024
5.305663667100887 -2.1385987540780236 124.00293480542058 124.99271409999983
5.054609588153319 -2.07864087465035 123.82582589279156 125.05727579999984
3.1888343164827617 -1.4507455541964376 123.95363236294601 125.12304159999985
2.6441066418624644 -1.2684994376712235 124.2833921871304 125.18833799999993
2.287042963129508 -1.1637093513943915 124.30178267384953 125.25310300000001
0.8797452652196327 -0.6853634436879237 123.9139462543844 125.31842190000043
0.529536609493853 -0.576331694658957 123.91811247639791 125.38256920000003
-0.1684112173206458 -0.4206324894955482 124.7067773771165 125.44807729999957
-2.0392656945400915 0.34443057567399615 124.51385242527942 125.5136851999996
-2.3815319071326044 0.5591325068863907 124.49072212012824 125.57835570000043
-3.6793057386656614 0.9670535069963975 124.77724934413166 125.64523819999977
-3.909403401969925 1.183377016888039 124.39506411562115 125.70863199999985
-4.37350365216507 1.3258824433266596 125.19685579039059 125.7737403000001
-4.298250962761642 1.5180662739536332 124.14062918228136 125.83883770000011
-5.689566029905187 2.2351311718497358 124.97129373525819 125.90455649999967
-5.62104077658249 2.384829824527539 124.53219875081581 125.96866769999997
-5.628921312078404 2.5530194114510243 124.5920388472207 126.0333098000001
-5.840186216394287 2.7547792575102608 124.48047061051665 126.09930710000026
-5.885410322439604 2.7447541064448835 124.53995260082677 126.16482209999958
-5.885410322439604 2.7447541064448835 124.53995260082677 126.22957229999975
-5.934256216729878 2.7391528914705345 124.71628546170548 126.29370639999979
-5.536144858021508 2.2053479905936606 125.1819821659228 126.35933690000002
-5.536144858021508 2.2053479905936606 125.1819821659228 126.42448859999968
-3.94108965581826 1.840767529742858 124.83328979035754 126.48985730000004
-3.744130072372151 1.6008673684029773 125.01179907105328 126.55465619999995
-3.564766114005181 1.5161171791914483 125.28944766742106 126.61917199999971
-2.947646466049484 1.3477707620600377 124.98591531307237 126.68431599999985
-1.1529378704044717 0.6752072653151072 124.58731214511046 126.74799939999957
-0.968884490400562 0.4424585350718234 125.10130844793294 126.81246540000029
1.3322039046693632 -0.28481118287578355 124.53937951749927 126.8782586999996
1.6330117668051258 -0.29783805345917613 124.96854507951157 126.94416340000043
2.1648388055891132 -0.6858638502731547 124.85015008795556 127.00911619999988
3.2849120391141327 -1.0204772574270473 124.37006125269427 127.07437500000015
3.466362235948509 -1.3767623284330175 124.61969791685381 127.13853860000017
3.9691611697131535 -1.4916663049994865 124.20708720876198 127.2038392000004
4.246365746970319 -1.3680172073225692 124.60410087841545 127.26996710000003
5.509636449955536 -1.9895439409625122 123.81442241532659 127.33360489999995
5.413414640068773 -2.0197843032282465 124.31779137359182 127.39962709999963
5.539368587913664 -2.1616998628092032 124.22103094326916 127.46399010000005
5.9822674203369886 -2.2737080319563177 123.37869507765933 127.52893690000019
5.815136893486262 -2.4312047064547597 124.20112014327952 127.59308070000043
5.853701134352399 -2.3852712381000822 123.9600521377258 127.65799810000044
5.961833495329124 -2.3399419048305803 123.67402605840718 127.72317389999989
5.788594280752648 -2.269433801597655 124.31101902234617 127.78863280000041
5.775205850641633 -2.2800121641679008 123.67190596329792 127.8540409999996
4.402330193222561 -1.7668010945528396 124.21285401688371 127.91999440000018
4.02078841802674 -1.8091427366381758 124.07813318419606 127.98365639999975
3.669690316510703 -1.6367946774377151 123.83530044211534 128.04885529999956
2.0017666408585555 -1.0284050293858003 123.9055079208538 128.1127379999998
1.3083268445854443 -0.8898156537274382 124.74658983503492 128.17904180000005
1.0309410434877222 -0.7872954948491256 124.35172751297218 128.24433039999985
0.5686064782541962 -0.6369297985222895 124.027175774476 128.30893110000034
-1.2292896403931408 -0.015227268458684579 124.50957281717943 128.37390419999974
-1.3214525060676934 0.2004691301591351 123.7776572002048 128.43846310000026
-2.1124344885602753 0.3650620254092991 125.16886560806029 128.50388010000006
-3.4883727953748433 0.9315900537172095 124.36552438053859 128.56817279999996
-3.763411763118725 1.1434782893893043 124.11014288129236 128.6332021999997
-4.117530358091287 1.3168958657280445 124.47364141939364 128.69773429999987
-5.143517161046091 1.980462328052832 124.63680335485795 128.76303999999982
-5.386594358628734 2.1790962874937545 124.61480746478051 128.82611129999987
-5.4806565138654975 2.3088510779703917 124.52012322593498 128.8915132000002
-6.0413528582052365 2.5924702502305017 125.15160499079694 128.9589993999998
-5.89503924830764 2.6733382447429377 124.90689665149348 129.02222429999983
-5.717901925466897 2.8065762764337836 124.48145642416603 129.0870203000004
-5.678919736703854 2.695694297608244 125.29927507597557 129.1521187999997
-5.638273835333777 2.5743829101118427 125.49726191481264 129.21801739999955
-5.48576307074768 2.491198817468193 125.60156028131128 129.28296769999997
-5.01555359828096 2.3453679320128535 124.80138213795084 129.34821939999983
-4.386448752304126 1.925331336827613 125.62887035436468 129.41283509999994
-3.9498236723888667 1.6181147626910026 125.35614480416365 129.47846459999982
-3.544135438769395 1.5213919558770808 125.08959487176108 129.54325900000003
-1.7652800893060672 0.6582971211894258 125.38032125558915 129.60866879999958
-1.0178121247607805 0.7951874539856071 124.86982998602048 129.67455969999992
-0.813680185351636 0.505293853002501 125.07329353534332 129.73950989999958
0.9697787017934871 -0.29152791087070906 124.02565400265651 129.80406849999963
1.2645247465188163 -0.28936023952654877 124.90406219598808 129.8684817000003
1.6571870261423243 -0.576427307135973 125.02080757327455 129.9331191000001
3.4421022947340205 -1.1668869420708323 124.1696128960622 129.99785749999955
3.6494293638562496 -1.1032802476735752 123.90942856716414 130.06374210000013
4.0359836251093455 -1.569007476158147 123.30104348792132 130.1290683999996
4.971529308849533 -1.811471705127543 124.38824707687455 130.19458639999993
5.340695771678114 -1.7583344172470774 124.10123430857135 130.2584751000004
5.353367730276332 -2.019034066246705 124.5953798584099 130.32375330000013
5.756449640914589 -2.3888793527133494 124.13454197256912 130.38983850000022
6.100927893160318 -2.1257487867409877 123.06561654531178 130.45521929999995
6.0698249912471525 -2.1077255702851607 123.47250859362408 130.519945
5.7218396578071875 -2.392368632881325 124.242981939776 130.58487929999956
5.943240926862472 -2.3370322740865057 123.57004515043836 130.64947940000002
5.694944902267821 -2.2478600268142643 124.63637578803777 130.71460250000018
5.780911369795696 -2.2436561169916147 124.00490792515878 130.7798654999997
4.546833537669102 -1.9287942318125246 124.12979299163017 130.84570110000004
4.223208359876658 -1.7821393099059393 123.77676257761156 130.90980190000028
3.8451588191991632 -1.6986770476220123 123.87132871391422 130.97640339999998
1.928907737868741 -1.2191289490533896 124.64399472778214 131.04203450000023
1.53233586631751 -0.9556687982397554 124.34146530623309 131.10713510000005
1.0933455825791825 -0.7885941987795326 124.2696232545213 131.17303869999978
-0.7092032005946365 -0.19261463564907863 124.43687136961037 131.23801209999965
-1.061649794800985 -0.06377425254917962 124.27170090044159 131.3029987
-1.158001752899807 0.1621308107298907 123.44777329488001 131.36940460000005
-3.000581247376523 0.8417428209369916 124.94000241680821 131.4339971999998
-3.575770648061095 0.9325347929333417 125.24636545611249 131.49871710000025
-3.7711823902139656 1.1032395241906527 124.63071447264247 131.56455670000014
-5.025076382586988 1.7753641368252604 125.04166105823106 131.62912599999981
-5.075674402987907 1.9498190802278779 124.4333938088712 131.69456749999972
-5.213576873040246 2.1376318292469008 124.20301866946191 131.76023650000025
-5.826413415138816 2.568103276862435 124.70864558206982 131.8249539999997
-6.023763053055788 2.5449022291463144 124.91872604603644 131.89014680000037
-5.7015871868348995 2.643335947004738 124.13531645987922 131.95518379999976
-5.932905623590187 2.787789538028964 124.94363150629538 132.01953010000034
-6.005463535295668 2.6278943368840975 125.60961689325146 132.08460399999967
-5.975841243859563 2.5639534964886264 125.36852086380723 132.14950409999983
-5.940186979399755 2.4462669862603525 125.33564126899152 132.21600430000035
-4.683901890656159 1.9421235532499912 125.32278555584995 132.27931119999994
-4.321234853326089 1.889433497999234 125.09825154746088 132.34492750000027
-4.006145841928131 1.799185163889822 125.61758804692136 132.4101999000004
-2.102446911814077 1.0970435068323592 124.62920126617288 132.47582859999966
-2.1254538093055686 0.8289208768373427 125.83056687111144 132.54134280000017
-1.163760881730191 0.6456214714862569 124.75622233564171 132.6072463999999
0.15165200585062877 0.020790821636914578 124.73047250574353 132.6737132999997
0.6196389474595776 -0.2263686217383755 124.87677304718797 132.73935210000036
0.8761745908807228 -0.35871905249863134 125.52098312892318 132.80381190000026
2.861113815385224 -0.8963799614804946 124.4761489517773 132.86938949999967
3.034107051765254 -1.181645538406226 124.70839767696492 132.9349232000004
3.4070437620796596 -1.24934872825607 124.3017715978402 133.00002500000028
3.7425069819936567 -1.3691093024829575 124.61071141518296 133.06491579999965
4.928387422291912 -1.8072722238416707 124.6201599300232 133.13032680000015
5.343939761350576 -1.8454387528991576 123.76789890565063 133.1955224000003
5.750387452277515 -2.2243554499947735 124.41739475901397 133.26033420000022
5.845997161803602 -2.2447608687111966 124.08169658450561 133.3252222000001
5.885982388129641 -2.306156089216425 123.88424856412674 133.39089429999967
5.885982388129641 -2.306156089216425 123.88424856412674 133.4563793999996
5.691727176343406 -2.316457125533569 124.73493061193302 133.5216687000002
5.762242571260735 -2.353918484436585 124.54384493370411 133.58695410000018
5.7906969710830225 -2.2867723496495374 124.21023052551782 133.65122969999993
5.182745994247526 -2.147703892604049 124.30062396268387 133.7165597000003
5.119574022123096 -1.9483751777556568 123.37763620310699 133.78284950000034
4.726718812590519 -1.9190852966238765 123.66658780568973 133.84750220000024
2.602238087195147 -1.2894954215048884 124.20069456735166 133.9125842000003
2.2646067721582526 -1.1534737390450462 123.76932336871872 133.97869609999998
0.6418483705872475 -0.6716533646874513 124.62642219914798 134.04273740000008
0.28713689688598265 -0.5498707653883362 124.50504596657737 134.10801770000035
-0.2074450210415435 -0.34587912906474383 124.41858996292832 134.17287680000027
-0.6514117124972358 -0.22060037130062213 124.60192688672007 134.23803529999986
-2.601649740467195 0.6047977138699621 124.52291704732906 134.30230550000033
-3.0292376777424437 0.7325490428289131 124.57264479063574 134.36689550000028
-3.9992632730246243 1.2385968620503454 124.63919911315212 134.4309149999999
-4.4804567789696605 1.4648713213447204 125.07048637601024 134.49498870000025
-4.545143264664674 1.5514681390363498 124.5965963651966 134.56083599999965
-4.864494471910106 1.7953203612895225 124.93241814780107 134.6270396
-5.174523440444922 1.9059317653407624 125.0713225572147 134.6918224000001
-6.011111538993973 2.5349648701045813 125.06607100459274 134.75614779999978
-6.190667826287978 2.57215451690584 125.33542215726001 134.82194809999964
-5.92916910739568 2.72285964834359 124.80853052624106 134.88719779999974
-5.867749965877628 2.7424554986692486 124.63032832387034 134.95247819999986
-5.867749965877628 2.7424554986692486 124.63032832387034 135.0182888999998
-6.19487206500478 2.6088864047224423 125.79582033776695 135.08258810000007
-4.8874561926586395 2.192404522774161 125.29903882345289 135.14796339999975
-4.8874561926586395 2.192404522774161 125.29903882345289 135.2136873999998
-3.328517522448273 1.6707607338661328 124.44276733493803 135.27960919999987
-3.3789258414334427 1.4782170097609169 125.83441955518909 135.34450579999975
-2.957260013792535 1.2429137092046991 125.4775678522936 135.40888989999985
-2.452843643134443 1.0609374184223894 125.2507927145155 135.4742468000004
-0.5393047061193244 0.5207805760363262 124.9130285448332 135.53888069999994
-0.2236704133867562 0.16089520711949074 123.67708818555784 135.60415379999995
0.28502730628682116 -0.17953052180857534 124.1881011764645 135.6701393000003
1.969443627997066 -0.5163085591642349 124.400707636557 135.73447589999978
2.3149211951811353 -0.8417542279871345 125.31848439790888 135.79934810000032
2.982195132253075 -0.8572436688771949 124.00247110178776 135.86404570000013
4.007764531490658 -1.3092404712253989 124.88740992992885 135.9304215000002
4.417461972613886 -1.5365111675549448 124.4699413884955 135.99633340000037
4.553637105919584 -1.6644060625862116 124.71459258876902 136.06130190000022
5.679415821435704 -1.9227801233188884 123.35558591472495 136.1259884000001
5.560744877458156 -2.163192419113044 124.68439771604893 136.19092060000003
5.698969626559169 -2.2279606917072083 124.45691842712826 136.25681390000045
5.983262027349312 -2.2589657727098014 123.46659027693224 136.32138769999983
5.845519595719317 -2.3692561196770443 124.08508061653838 136.38687050000044
5.883560840017822 -2.40241448118296 123.9261245205637 136.45094510000035
5.883730452861613 -2.2385143190000263 123.80548733335144 136.51693609999984
5.606680399650024 -2.2287351273463885 124.19285136967557 136.5818889000002
5.3253105760566655 -2.153732761059287 123.83416684389822 136.64680829999998
4.014842701623849 -1.779109954451303 123.78478056885209 136.72680889999992
3.4178530599748598 -1.5395192622532032 124.2539889639439 136.79274710000027
3.190139214671312 -1.5267362312970003 123.94886167933846 136.85796800000026
1.3518875568088191 -0.8754409338929197 123.93898572610095 136.92326719999983
0.8721014189658334 -0.6979252122609327 124.12304722380604 136.98886459999994
0.264638312751444 -0.5464012811875257 124.63899851406539 137.05416799999966
-1.0552359513230698 0.017054573902716544 123.79547561286286 137.11860840000008
-1.4559109797151493 0.2409925853422703 124.23327740344645 137.18317229999957
-2.1180056961566933 0.3222854934744837 124.76641556506249 137.24768980000044
-3.5047322223013495 0.9974366485024847 124.37014681021564 137.31283150000036
-3.901328464298608 1.2270714215340959 124.76442623888403 137.37779899999987
-4.499195736164573 1.4264363531037931 125.45979159528336 137.4436142000004
-4.573631088573855 1.543566574259699 124.92814006984533 137.5078999999996
-5.3360562881417195 2.2620385201839355 124.19750382254853 137.57222319999983
-5.7690907874110735 2.330033154496845 125.27405700798938 137.63709070000004
-5.709485922583511 2.491879470074306 124.64649210175982 137.70320869999978
-5.70673174162004 2.707459090138728 124.27185622305171 137.76798679999956
-5.829060135351796 2.741075914334301 124.6296195218549 137.83376320000025
-5.9981742767086175 2.716050480492198 125.13764041784445 137.89940680000018
-5.3475225836377405 2.5644600659786843 123.45314782939566 137.96461629999976
-5.997362999266024 2.426616249654842 125.50208913919886 138.0292218000004
-5.396244687602277 2.2525486219863207 125.52408679011481 138.09356949999983
-4.099614210274872 1.9019804882238478 124.99194117805041 138.16010000000006
-3.8421085411307416 1.5963251316233558 124.97494317341193 138.22462989999985
-3.5879232063697373 1.4950785284171628 125.48859587979466 138.28990599999997
-1.6611452058385368 0.8255954064151511 125.04571514067955 138.35517049999999
-1.1682623455756413 0.5682470772802192 125.06771466733565 138.41926590000003
-0.7098718978876732 0.4739282385529038 124.86736351079021 138.48594270000012
-0.5659632858569026 0.20224708226066052 125.08631477747426 138.55130430000008
1.3600242545612033 -0.5117646894796265 125.22350299261464 138.61525679999977
1.823286908156085 -0.5765492216675034 125.13198255609953 138.6806643
2.290819104964548 -0.8271779400725445 124.7638916495122 138.74588969999968
3.458961016052683 -1.3548124480590575 124.56838534862527 138.8119012999996
4.063069207678772 -1.4211069127559752 124.28023773948321 138.87677239999994
4.309523151937235 -1.4959529144071115 124.68444876626786 138.9423579000004
5.346474720294381 -1.8709022282955523 124.09100175114773 139.00735170000007
5.51695242633086 -2.0763708298631975 123.79273225042816 139.07244030000038
5.654832959684754 -2.011828233277702 124.17204074308974 139.13732419999997
5.866516327908762 -2.2905989973669945 124.24081580965559 139.20375440000043
6.002480084707344 -2.2151599182894626 123.73929274090133 139.2687808999999
6.106115288724084 -2.2884708121402055 123.22510760692454 139.33353110000007
5.866516327908762 -2.2905989973669945 124.24081580965559 139.39908410000044
5.808823682672788 -2.202885902525513 124.44159867615824 139.46393890000036
5.750478793465071 -2.2636366991976966 124.06425516676812 139.52872819999993
5.496171094382049 -2.1392566582863184 123.89197183609724 139.59451739999986
4.126327616081362 -1.736220399629673 123.77232309946223 139.65974900000037
3.5737878566356756 -1.6820757084395017 124.21661570483784 139.72511200000008
1.7748429838971376 -1.0620162024034632 124.4969568387785 139.7909540999999
1.4077602788118782 -0.9127272558268456 124.3371573057028 139.8561020999996
0.8280798372362455 -0.7655841486532909 124.46071303833476 139.92169589999958
0.5454631843777662 -0.6233746453676958 124.0266739943029 139.98672270000043
-1.0276288514261722 -0.060653905662864244 124.1090358026555 140.05154130000028
-1.5376329579352586 0.21830089805288155 124.49928444776673 140.1165960999997
-2.188748987324928 0.2960658812330267 125.2139782717373 140.18298839999989
-3.6351295200347593 0.9934439689519561 124.59641406454355 140.2475383000001
-3.6780309713810055 1.143867752187601 124.14035200853576 140.3123254000002
-4.433738629079471 1.3082670333153403 125.33458632436098 140.37758620000022
-5.273912830626294 1.9828630999281749 124.96668762516973 140.44186979999995
-5.386594358628734 2.1790962874937545 124.61480746478051 140.50787729999956
-5.777238992389208 2.2693863906313667 125.42841373038222 140.57331439999962
-5.67569928662293 2.656344372368468 123.98977116385974 140.63802140000007
-5.90632399231913 2.617647009221584 124.63814837330452 140.70216299999993
-6.004320932850376 2.784543294306133 125.04314028606487 140.76748820000012
-6.19487206500478 2.6088864047224423 125.79582033776695 140.83245689999967
-6.167746786869394 2.4932152599975628 125.64703116406487 140.89793699999973
-6.171168997007854 2.477581901225925 125.9717950961621 140.96328389999962
-4.406375762408878 1.9529655889714845 125.16857278592494 141.0278546999998
-4.204079893253237 1.835165859495881 125.12627955975466 141.0916344999996
-3.8590678893306887 1.700176765207557 125.14636401406001 141.15718050000032
-3.665499644916217 1.539264584203048 125.65946142444167 141.22357720000036
-1.7865715556835369 0.6993747044779828 125.04178626862164 141.2889795000001
-1.3141956264053505 0.6920050706447767 125.062543964019 141.35447120000026
-0.9882451042247453 0.5157136783391557 125.03427607617681 141.41975290000028
0.7867385290914086 -0.3035997354332406 124.93055964913825 141.48521249999976
1.1842182231335627 -0.2827246666928669 124.79140725512256 141.54969859999983
1.5795090689735574 -0.6612684301979644 124.99353558599519 141.6145574000002
3.5266223494193696 -1.0841042202543836 123.82430430407177 141.67984119999983
3.547094728925998 -1.1649473399725563 124.74217028779128 141.7450560999996
3.908917834679251 -1.5199776251690786 124.365110308302 141.81101430000035
4.932078646991286 -1.8989665246477023 124.54104292950234 141.87680600000022
5.477879036271993 -1.9082427965139508 124.44674049202482 141.94143069999973
5.993499436744976 -1.9616442288345035 123.52487011714867 142.0053471000001
5.848342618015302 -2.267400971275371 124.23251064609379 142.07133799999974
6.002480084707344 -2.2151599182894626 123.73929274090133 142.1359421999996
6.002480084707344 -2.2151599182894626 123.73929274090133 142.20117519999985
6.002480084707344 -2.2151599182894626 123.73929274090133 142.2675978999996
5.876197649745912 -2.3494429318353793 124.41320315681322 142.33223550000002
5.959343617199707 -2.2431616219659274 123.83836368277365 142.39786209999966
4.911959535110171 -1.9520765744882733 123.7215849078071 142.46385060000011
4.911959535110171 -1.9520765744882733 123.7215849078071 142.52919440000005
4.387465196255938 -1.8942801438904042 124.62279742928703 142.59481789999973
4.117309685274755 -1.764155949432553 123.95477121590685 142.66045750000012
1.8610177075956145 -1.1383071294835307 124.74617905669527 142.7258536999998
1.465013314812225 -0.8995860575763381 124.35680114029036 142.7916210000003
0.15174665186745528 -0.41139007137116756 124.3838656037786 142.85708859999977
-0.49914610742805365 -0.3434756367258849 125.05712562039665 142.9222775999997
-0.6868514388928375 -0.19373852184020166 124.2322033420741 142.98806299999978
-0.9408186832313845 -0.03803959191527084 124.02808104433124 143.0527579999998
-3.1003088080307464 0.7805173857788955 124.93377179953607 143.1167916000004
-3.6071713024679184 0.9620390133417585 124.82031116270963 143.1828518000002
-4.326150657602682 1.4863832855209593 124.61355687307605 143.24838389999968
-4.620709097392286 1.7499134052049214 124.56111866162838 143.31399890000012
-4.9026372249644155 1.8417006314949274 124.84681416663872 143.3788596000004
-5.152617050713445 1.9672978206130345 124.84836128172981 143.4430824000001
-6.065913193888861 2.5180354844420516 125.22709330546003 143.5090025999998
-6.127850232829516 2.5915108092855736 125.1533423064951 143.57425750000039
-5.786330430777248 2.7023995025833747 124.32188794459573 143.63942430000043
-6.140774367408788 2.7066324766620475 125.26037368939527 143.70526880000034
-5.974984167765314 2.7811947845310643 124.99691514094593 143.76934830000027
-6.08780329298807 2.6543344929398343 125.10468085308418 143.83450679999987
-6.325885537862213 2.4836950856205373 125.81357793514614 143.8999147000004
-4.232834461489425 2.030718549611861 124.87302437785573 143.96496879999995
-4.232834461489425 2.030718549611861 124.87302437785573 144.02996220000023
-3.1897204065226106 1.4213040787875444 125.54381417357169 144.0957472
-2.6864353339977143 1.225379107581788 124.73276028281964 144.16087880000032
-2.5427104940651404 0.9755027359636835 125.39584352794009 144.2249856999997
-1.4592457567479613 0.8756748345988316 124.059466545092 144.29080069999964
-0.20665999937907742 0.32981056052178703 124.99216487020054 144.35673169999973
0.22691544911089068 -0.2082075278733805 125.23244528740743 144.42138820000037
1.9276768356228757 -0.6876363078913283 125.0291805746432 144.4856375999998
2.3824431997310427 -0.8791691081019986 124.96110100012397 144.55203900000015
2.724522298068898 -1.0342572333846545 124.70339842834204 144.61771229999977
4.068012751229183 -1.4275502779007074 124.82449617048235 144.6840589000003
4.5364584906694105 -1.6451416733143993 124.34199174165443 144.74935490000007
4.786839305423904 -1.770031134827319 124.33603803423073 144.8146082000003
5.470675506125637 -2.11997497503826 124.0932151667465 144.88020469999992
5.597590127478149 -2.142778482554972 124.2406542244616 144.94585290000032
5.828607777116517 -2.2289949894458663 123.4438371378088 145.01219409999976
5.8765716512055235 -2.321689734025764 123.59145158061837 145.07711159999963
5.7938097418091985 -2.305853731120318 124.04403515230112 145.14221929999985
5.820267897700724 -2.3460386549422343 123.81645645388699 145.2070405000004
5.819274540698942 -2.3220786247381144 123.6627421735729 145.27113439999994
5.530802636195638 -2.1857278017544903 123.98964344680735 145.33590360000017
5.146002874602594 -2.1458614248323333 124.5809757998828 145.40086669999982
4.866092516723789 -2.03946666428552 124.08659843052901 145.46521870000015
3.3649955456590703 -1.5141388951612171 123.98798943004732 145.5308304
2.8636531170428654 -1.4547405933925364 124.64152350210233 145.59597500000018
2.4596738838468184 -1.269109326470915 124.35759051627738 145.66213030000017
0.6630349073620323 -0.676375935500742 124.25498206635432 145.72826970000006
0.15186654935141775 -0.5360356814038716 124.38478525715682 145.79321470000014
-0.2839712635081213 -0.40845441595685694 124.4666231980616 145.8566893999996
-1.953177357345318 0.30061850084495867 125.11384328151767 145.92211169999973
-2.3458626364732424 0.3891504467820149 124.99110640472196 145.98962120000033
-2.5286335343542845 0.6131904507471575 124.56114860834114 146.05461430000014
-4.046636668492347 1.3007502482336382 124.59440389230522 146.12031509999997
-4.529230927423271 1.373181987571932 125.3167484892507 146.18541910000022
-4.654368402216569 1.5913096368538948 124.85186288601832 146.25055429999975
-4.997089546444101 1.7845996369128114 125.02849501047966 146.3171529000001
-5.850700214445702 2.341193273304442 125.07797279320901 146.3827736000003
-5.698038850637417 2.5069533932772705 124.16547884333058 146.4484295000002
-5.885410322439604 2.7447541064448835 124.53995260082677 146.51252509999995
-5.932905623590187 2.787789538028964 124.94363150629538 146.57955519999996
-5.829060135351796 2.741075914334301 124.6296195218549 146.6434024
-5.829060135351796 2.741075914334301 124.6296195218549 146.7098649999998
-6.044416160111787 2.282206291868229 126.08815188803315 146.77560950000043
-5.410078314375646 2.240285399327295 125.63340270769305 146.83982089999972
-4.899747442011147 2.203716992465578 125.14554189853719 146.90579040000011
-3.7600724842381155 1.5638563217467478 125.29885225575151 146.97087889999966
-3.339280056746901 1.4450404091018152 125.23160623101232 147.03618069999993
-2.9487219482898652 1.3321359773946542 125.10957991364572 147.1020496000001
-0.8539051082154145 0.49482446064055396 124.25899033172198 147.16755180000018
-0.7346185865126884 0.5154048063703489 125.02049437871551 147.23300319999998
-0.20596882032215547 -0.006034359530216443 124.48744233521815 147.29735450000044
1.3652437261458132 -0.5059993695300316 125.0198856103976 147.3634019000001
2.0157961592944176 -0.6396958882094576 124.30392426952352 147.4276933000001
2.394020445765598 -0.8756864798908826 124.58517139299472 147.49250539999957
3.668260210949825 -1.4031147604444252 124.60110199883788 147.5564760999996
4.1571726162390945 -1.4299376837083757 124.34013566713095 147.6222299000001
4.595416556187274 -1.4365670556595918 123.49253517520656 147.6877668999996
4.710086156362273 -1.7250305326043853 124.07360469518201 147.75345410000045
5.372192193855803 -2.082049993932474 124.5256695327863 147.81736830000045
5.57693800029795 -2.207248233588306 124.42368370169955 147.88311590000012
5.72669299828101 -2.1612970808884535 124.06685114224642 147.94780939999964
5.853701134352399 -2.3852712381000822 123.9600521377258 148.01389039999958
5.925221011686311 -2.3564465804992656 123.56909518956242 148.07776579999972
5.740962862522146 -2.290453439710714 124.24647044288135 148.14338829999997
5.722578323542756 -2.267516693595236 124.23876999527675 148.20788429999993
5.577331357798364 -2.1833133094644683 123.9679661547774 148.27324239999962
5.293918475387905 -2.056544173829502 124.05691129062085 148.33809490000021
3.7806180718814133 -1.72672201852673 124.38283558849172 148.40364860000045
3.292299898194777 -1.5393342741400744 124.2594749993009 148.4690141000001
2.967711965951608 -1.409170001697782 124.06329862630594 148.53575480000018
1.1399957557469378 -0.8896688630388987 124.53924883043435 148.6003681000002
0.6552625279452116 -0.6486501958699 124.44313978547977 148.66679740000018
0.18651334386194662 -0.4982931842418258 124.61011929652699 148.73211269999956
-1.0688240414594432 0.10734545371166196 123.76354094823286 148.7961978000003
-1.7612201430031362 0.25677297333428517 124.74436667595684 148.8617875
-2.1095889612935252 0.494090162415735 124.46764599035002 148.92534929999965
-3.713647210997827 1.0757663868291145 124.45227879474353 148.9899408000001
-4.156031453110444 1.2153054390269706 124.855043612361 149.05595540000013
-4.0946138312990215 1.3957566374966701 124.15984192934467 149.12062510000032
-4.463919753242578 1.5643096704600796 124.53697049710223 149.1864687999996
-5.571057015890489 2.220433835341584 124.86478482459273 149.25137809999978
-5.687348216980148 2.355884423778196 124.76747772175601 149.31553600000007
-5.90209221435758 2.4732526126990457 125.04479353152165 149.38048780000008
-5.91437872895407 2.7478163222118277 124.58690365857441 149.44550139999956
-5.932905623590187 2.787789538028964 124.94363150629538 149.5102512000003
-5.806282169410068 2.7873936806333983 124.93773331927648 149.57620990000032
-5.505025765562948 2.5334328570638287 125.04476505891685 149.6418106000001
-5.46196754255012 2.402541541203773 125.10169465011786 149.7056831
-5.529605040957577 2.277831043574094 125.38988081168098 149.7718691
-3.4756901632724464 1.8466786366825756 124.638074291295 149.8365173000002
-3.3833289091809178 1.7821544670593346 124.90319563499946 149.90231229999972
-3.4438100226111814 1.4369849488390254 125.43402875779616 149.9668290999998
-1.060310585261206 0.8286949651206802 123.69375122491314 150.03321090000009
-1.1980657088086204 0.810736398087302 125.33160927848547 150.09706360000018
0.0718234007643801 0.09600306860047733 125.23439925166147 150.1625901999996
0.670558916424369 -0.3381281745028514 125.35773794723417 150.2368403999999
1.522351871568496 -0.4449356197790526 125.00406349538007 150.30173389999982
2.045020065220811 -0.5561821702132775 124.90651025863536 150.36752510000042
3.2487984653169732 -1.060029125932164 124.92107785372966 150.43217550000008
3.5492846892029206 -1.4555645850904713 124.96110972146329 150.4967440999999
4.270183923760612 -1.6418996692987993 125.12845512315482 150.56184420000045
5.3255269253602435 -1.6620272149344697 124.08927501337122 150.63898580000023
5.4154608287105575 -1.891068838581634 123.78689782345108 150.7030676000004
5.445161114324563 -2.092563875497357 123.82728463067176 150.76793980000002
5.788594280752648 -2.269433801597655 124.31101902234617 150.83204839999962
5.765830286437364 -2.2525137249569362 124.68796467979264 150.89822970000023
5.883560840017822 -2.40241448118296 123.9261245205637 150.96257229999992
5.883560840017822 -2.40241448118296 123.9261245205637 151.0280813999998
6.104383675087192 -2.1694125558621717 123.29651419089575 151.09269810000023
5.8899649257686875 -2.2228363818367094 123.87174176917604 151.15754860000015
5.890004252733178 -2.169950782527642 123.1550961407154 151.22238019999986
4.2973943254338 -1.7900087617507645 124.21484501244657 151.28882020000037
4.2973943254338 -1.7900087617507645 124.21484501244657 151.35343100000046
3.9778538040440807 -1.7596173616271833 124.19950576765247 151.41952409999976
1.7541598939723784 -1.0565870817599623 124.20398261875162 151.4844922000002
1.2983518866508703 -0.8736423360169503 124.23031010678142 151.54993279999962
0.9541358108880544 -0.7389233092698926 124.16297091387092 151.61598589999994
-0.47600521828078257 -0.2852287870132799 124.40683787319578 151.68163149999964
-0.9019687431173438 -0.07798530119434216 124.45560328319094 151.74710229999982
-1.113739882398022 0.08399964395897991 124.25905129883303 151.81076639999992
-3.2716518667150325 0.887774349897049 125.02980740827796 151.87734470000032
-3.8020638999918077 0.9910354843469751 125.24643026898697 151.94325200000003
-4.4204966056876245 1.5622098121360788 124.52200015372505 152.00825900000018
-4.886515650751271 1.7739301372703713 125.11543019004718 152.07396280000012
-4.633757358214162 1.9312919080957105 123.57609655808511 152.13859890000003
-5.394145924468788 2.0086871934145134 125.27757995427055 152.20277460000034
-5.68368916987162 2.201408400119918 125.25392124687052 152.26823369999966
-6.010526755241862 2.669198465308122 124.79858269362877 152.33385089999956
-6.175849955395776 2.7600621542070978 125.55844477504729 152.39883939999982
-5.932905623590187 2.787789538028964 124.94363150629538 152.46418300000005
-5.771449672025568 2.730861861219502 124.63942807804524 152.52913669999998
-5.9551823074173456 2.691092053995717 125.64479290201392 152.59507610000037
-5.682514545558334 2.5706137784132546 125.3114468461706 152.66000590000021
-4.640080972044302 1.941445456672456 125.30997209064613 152.7252338999997
-4.10333574177109 1.8851952106969063 125.33204915248805 152.78900169999997
-2.9153366318254186 1.4392862324238032 124.89926901875839 152.85416780000014
-2.6636161449244966 1.1918899231809563 125.19815123656358 152.9190735000002
-2.2751933242647056 0.9209387316201221 125.41549562400145 152.9849167000002
-1.7221974975061585 0.8193788925995452 125.11073053825247 153.05048480000005
0.5028407715676622 -0.02696545927441807 124.69209378026949 153.11657959999957
0.5028407715676622 -0.02696545927441807 124.69209378026949 153.18134949999967
2.2034748902356043 -0.7297552390184335 124.60252982443609 153.24623690000044
2.4138104832630276 -0.9574367524814054 125.00122155318105 153.31074530000024
3.00129545382638 -1.0079739700583685 124.5296632348316 153.37626480000017
3.283730758589229 -1.1451993483481526 124.37599723084786 153.44104960000004
4.7000575951987855 -1.5952347718392321 123.83204721494657 153.50661310000032
4.705119293236393 -1.8008912219528805 124.76404716257618 153.57259319999957
5.058818794723372 -1.788556602150108 124.69186275763282 153.63788529999965
5.663866038167967 -2.144613286680223 124.31143999360742 153.70283689999997
5.883730452861613 -2.2385143190000263 123.80548733335144 153.7688189999999
5.7906969710830225 -2.2867723496495374 124.21023052551782 153.83382770000026
5.679090252687068 -2.3156680611106335 124.49373448562372 153.8991500000002
5.694145988398546 -2.3732556150758928 124.6410416589354 153.96595069999967
5.670022051670806 -2.289588595800529 124.44861811079178 154.0302542999998
5.604217745539557 -2.1576539389832385 123.69535772288283 154.0965057000003
4.9973901276788695 -2.063443783850209 124.67915099317918 154.16188210000018
5.011850350574548 -1.997982191211236 123.33685504664396 154.22671759999957
3.1667477072639443 -1.5391435066820631 124.2649378202352 154.29267270000037
2.8492796540238388 -1.3288714223467915 123.72010428037692 154.35806390000016
2.380889777240533 -1.1846775979074315 123.85685703934548 154.42415040000014
0.5900369964919818 -0.6188878458779732 124.00704625398896 154.4900405999997
0.2508957943538306 -0.4856126174446411 123.6863899002846 154.5552988999998
-0.552803394146089 -0.3079294039961895 124.66395756550979 154.62079360000007
-1.963623263382999 0.4085078398877161 124.69018777898134 154.6853861999998
-2.2365381655898275 0.5207762400603044 124.20507997283107 154.7504812999996
-2.8029409520360815 0.8363274802692686 124.97943703944439 154.81529789999968
-4.432177803857421 1.4401843985245155 125.30787478952773 154.87946509999983
-4.495885681940145 1.486621209191234 124.7507656748063 154.94557780000014
-4.74724506608284 1.658857875189094 125.02849079042416 155.0111122999997
-4.78884396314001 1.7524338661114849 124.57764879034913 155.07644590000018
-5.5445971902375675 2.3216887366453225 124.49122237201259 155.14154210000015
-5.8929918397112 2.4555740009984532 125.26950215904229 155.20619890000035
-6.069236449768319 2.462451376673974 125.2382296494447 155.27169979999962
-5.6775260148826945 2.6884270194660753 124.43574930959439 155.3371973000003
-5.860362559107713 2.7678055621358326 125.0949418995639 155.40278219999982
-5.93997501369757 2.608091112494629 125.78417993844957 155.46911009999985
-5.338724339487392 2.277250966232469 125.10771322319516 155.53346950000014
-5.426705856361281 2.2564441859086006 125.57165932273132 155.59794630000033
-5.14584981238059 2.095945674489498 125.83500053233857 155.6626137000003
-3.2568059787185817 1.6754711414714527 124.5656069882719 155.7266268000003
-3.058776724529025 1.3824659021322696 124.97060487447335 155.79262730000028
-2.667416769121317 1.2515043314897432 125.42474489034075 155.85783139999967
-0.8913363254115083 0.5473850640492209 125.25488305902016 155.92252889999963
-0.5438218623664142 0.30838665860348385 124.93495971390139 155.98955769999975
-0.1744974887492532 0.13587822073603364 124.9362372486987 156.05291670000042
0.3800355344000863 0.08747851405662095 124.75696659545618 156.11903020000045
2.1648388055891132 -0.6858638502731547 124.85015008795556 156.18429190000006
2.5972335646417477 -0.7867334353889125 124.71694983351072 156.24959349999972
3.026528501716207 -0.8542049965276992 123.92270212129507 156.31480230000034
4.068012751229183 -1.4275502779007074 124.82449617048235 156.38056369999958
4.439326636889241 -1.7077485377556676 124.65950859680565 156.44474900000023
4.786839305423904 -1.770031134827319 124.33603803423073 156.50986759999978
5.538121383718099 -2.144607017871019 124.31745887010842 156.57451649999985
5.820212933575505 -2.1980691080128034 123.65735532009793 156.6397366000001
5.722578323542756 -2.267516693595236 124.23876999527675 156.7065746999997
5.883560840017822 -2.40241448118296 123.9261245205637 156.78828179999982
5.853701134352399 -2.3852712381000822 123.9600521377258 156.85203869999987
5.853701134352399 -2.3852712381000822 123.9600521377258 156.9192968999996
5.730157674213302 -2.2859597703033763 124.11251233961787 156.9851566999996
5.419103029551323 -2.1595942111752615 124.02421962533823 157.0485005999999
5.200050023054146 -2.1533824915720188 123.84026891537796 157.11355960000037
3.768434006337422 -1.684114314534251 124.09428669739037 157.17760290000024
3.3649955456590703 -1.5141388951612171 123.98798943004732 157.24250959999972
2.9308225154421663 -1.4299760813397675 124.13247115605789 157.3069827999998
1.220116260535221 -0.8286853861963419 123.80053000456681 157.37129079999977
0.514907100345873 -0.5606681582978051 124.55166225657887 157.43726010000046
-7.693095730587629e-05 -0.4476534751217752 124.98853133434652 157.50257820000024
-1.4121377930617953 0.21793728388428923 124.49495411511751 157.56629669999984
-1.894603656330112 0.3988545012889936 124.70025468939076 157.6319854000003
-2.2290116817319685 0.4858034030561674 124.52368847722336 157.69740449999972
-3.5357932146845314 1.1511791757778556 123.8944290009263 157.76257729999998
-4.12445609402014 1.356719939533188 124.64167423805517 157.82836380000026
-4.44534978298514 1.4794878879481632 124.78437238227974 157.89269729999978
-4.702346444972115 1.6567779776660778 125.01040605721973 157.9592663000003
-5.728526446912554 2.2030519407905196 125.27076300550738 158.0250116999996
-5.944552257421542 2.267453627567374 125.24050542335125 158.08981889999995
-5.838768111926001 2.3678518082359226 124.6626252852732 158.15532299999995
-6.159395176554497 2.7439440188528215 125.61935559601493 158.2204614000002
-5.9981742767086175 2.716050480492198 125.13764041784445 158.28587570000036
-6.0488039894998025 2.7596778665074484 125.55319167877724 158.35171739999987
-5.873003427889039 2.393353634149531 125.13681812654399 158.4171935000004
-5.771581716325798 2.2048980027434983 125.28293188648973 158.48362579999957
-5.1930660268009134 2.260058799521985 125.21761624524655 158.54692950000026
-4.077867546509019 1.743039653718146 125.59465238344319 158.6129388999998
-3.603279641841418 1.5260539252804297 125.00384142244856 158.67765830000008
-3.3789258414334427 1.4782170097609169 125.83441955518909 158.74275000000034
-1.4711244108389394 0.6937260964636972 125.10770325099527 158.8071385000003
-0.9741967313569049 0.5786249955928585 124.98065109781714 158.87267619999966
-0.6831029525501222 0.41140095295308166 124.85188627318922 158.9372671000001
0.814365181760806 0.04163544182252718 124.69515007327678 159.00382210000043
1.5581244550914022 -0.4573240046076764 124.63623806311374 159.0678601999998
1.9312524445086652 -0.6218211827332257 124.87343048603145 159.13425220000045
3.4655554655434244 -1.2696973927373432 124.31170833126164 159.2000822
3.8459460969142327 -1.3214497889927719 124.19738344564328 159.26589590000003
4.787939494026091 -1.6452551251606773 124.3302118506235 159.33105270000033
5.03724357029035 -1.8949053851584723 124.32996612754711 159.39643590000014
5.5726142730323005 -1.9498577256147835 123.65623231228308 159.4626115000001
5.642488296046622 -2.076214703361042 123.78540319141388 159.52857980000044
5.833468561214815 -2.115800255880815 123.60539308834745 159.59424169999966
5.824785709658748 -2.352974906200724 124.45267061696056 159.65883250000024
5.845519595719317 -2.3692561196770443 124.08508061653838 159.72457120000036
5.845519595719317 -2.3692561196770443 124.08508061653838 159.79040170000007
5.845519595719317 -2.3692561196770443 124.08508061653838 159.85441699999956
5.780911369795696 -2.2436561169916147 124.00490792515878 159.92059489999974
5.428500838809967 -2.1651568530468155 124.16189748142156 159.98593170000004
4.050477513901292 -1.8104116801762606 124.63946421796183 160.0520677000004
3.812810547375328 -1.6812442840212494 124.08061522672129 160.1168362999997
2.538400665674722 -1.288805209682788 124.2915225571698 160.18261979999988
2.1614913259708004 -1.1634829640731426 124.30705664404199 160.24769790000028
1.3084186210670552 -0.8332905626429096 124.14692352844963 160.31320179999966
0.7467195750564386 -0.6802122697163399 124.2556904734438 160.37938010000016
-1.1129397980256286 -0.05513866295188283 124.73917298816572 160.44401019999987
-1.1129397980256286 -0.05513866295188283 124.73917298816572 160.51070999999956
-2.5283270398267987 0.6065250710982528 124.56123182706473 160.57382320000033
-2.897283009882976 0.8326137213203937 124.54705333474969 160.63895649999995
-3.5448937638081475 1.0694731141099647 124.31797612727478 160.70381240000006
-4.0227274473636285 1.2842880476599683 124.96004074215836 160.76897019999979
-4.792838038526 1.8122111087060369 124.5186776343159 160.8327817999998
-5.202568431677356 1.908236093693121 125.01195463810741 160.89891329999955
-5.048568878863499 2.0517948359854667 123.86196433586741 160.96418249999988
-5.494731838602924 2.160996025961238 125.02082434616429 161.02964669999983
-6.118730601795463 2.64378751047882 125.12234352213025 161.09369210000023
-6.032527749126288 2.7332596577087473 125.01577330495402 161.15834129999985
-6.104010410441894 2.7140166500754077 125.2236145667967 161.22459890000027
-5.889747616855388 2.6607193151267317 124.76425035874037 161.2902385999996
-6.09102540766898 2.5294587876182955 125.11564590257926 161.35559600000033
-6.155990299578001 2.3885590478371603 125.50037219552438 161.41993660000026
-3.6467961637366386 1.9612604745502666 124.15722470082598 161.4858481000001
-4.024537760965458 1.7693644162624567 125.17609319757887 161.55183860000034
-2.835496343603438 1.3185573660720993 125.21977415352586 161.61732940000002
-2.613573875215529 0.9886868492282377 125.36135395560704 161.68142270000044
-2.085958615901596 0.9564863353268401 124.92770377029485 161.74693670000033
-1.4333952007781434 0.7873600735462524 124.85654793520064 161.81322199999977
0.47749476556367654 -0.13156498557117483 125.06119768500626 161.87873089999994
0.8737326940953309 -0.21833829374664052 125.36496440001899 161.9446912000003
0.8737326940953309 -0.21833829374664052 125.36496440001899 162.01072180000028
2.7276282141017774 -0.9362590455206612 124.76638772011184 162.07527070000015
3.0830148964274358 -1.1048277057854738 124.5754488578193 162.14189439999973
3.6338634730014903 -1.0973972050639678 123.8002725888154 162.20748689999982
5.056676564140162 -1.824078175907892 124.2076483292622 162.2727777
5.056676564140162 -1.824078175907892 124.2076483292622 162.3388802999998
5.181294056735126 -1.810653293260049 124.25313792566844 162.4047375
5.717731973714457 -2.2640818893121613 124.25802026099024 162.4688845999999
5.944980286655941 -2.198168631243563 123.65242852412302 162.53498909999962
5.831304894943514 -2.3360296924026436 124.57966917475933 162.5987065999998
5.824785709658748 -2.352974906200724 124.45267061696056 162.6640510999996
5.876197649745912 -2.3494429318353793 124.41320315681322 162.72911579999982
5.765330509344373 -2.377828626855996 124.69126910684736 162.79528589999973
5.29230256868523 -2.1356017650930044 123.88184455921434 162.86069729999963
5.074052539624887 -2.047365217993174 123.69707631563963 162.92635299999984
4.743748804311721 -1.8895274176409091 123.92745654978724 162.99220220000007
2.9768277302184813 -1.4320455150122366 124.6105505404205 163.05665380000028
2.7113001713503238 -1.314409474249666 123.86028495410365 163.12208139999984
2.350794450940576 -1.1822366654339336 124.07840911746602 163.18780349999997
0.19259259914703364 -0.5746131474726947 125.04552575526878 163.25227619999987
-0.026590327845532613 -0.4537411294521839 124.43879616413217 163.31762330000038
-0.24844235332250264 -0.2363753791827727 123.70372028394829 163.38278509999964
-0.9205382109781297 -0.0382481773061768 124.72003480398972 163.44827369999985
-2.438154713285357 0.5517183684709767 124.59646488542798 163.5140604999997
-2.7716803521217273 0.7075262280616097 124.54399440610818 163.57952529999966
-3.4662088207692463 0.9108642839757628 125.41763376503489 163.64390439999988
-4.345236866777469 1.582892605389215 124.29517193441913 163.71070409999993
-4.82650373280066 1.7821151176128205 125.00735613399853 163.77624670000023
-5.026758041631929 1.9668889336186433 124.84425721378072 163.84238350000032
-5.813301064950714 2.3562922621345352 124.77197150397353 163.90786089999983
-6.069236449768319 2.462451376673974 125.2382296494447 163.97247770000013
-6.1229440775926065 2.518958958614973 125.13622869465415 164.03590050000003
-6.244275447154898 2.6778657007393805 125.48893536929707 164.1022149999999
-6.244275447154898 2.6778657007393805 125.48893536929707 164.16815080000015
-6.212913569639269 2.5622448003221314 125.47130734514792 164.23414700000012
-5.366190174531532 2.263754764556335 125.36385617679748 164.29844630000025
-4.931612443670538 2.258754542297525 125.44731949475762 164.36268240000027
-4.280205066015803 2.125701728349874 124.18457225764249 164.4285915999999
-3.527076741691957 1.5504592774536874 125.42469316815588 164.49356439999974
-3.1601265869332806 1.2872910968834312 125.65121533062529 164.5588085999998
-2.580384698077367 1.2375216032805827 125.39818301155817 164.62443729999995
-0.8614360159867047 0.5155567647529623 125.02741605108241 164.68957599999976
-0.6710505442181045 0.10892298293266897 125.28772927629528 164.75442509999993
0.19718430838972978 0.12008356090609575 124.37029716235449 164.8201197999997
0.4333904578426626 -0.0030459624488992088 125.08814878075006 164.88488890000008
2.5514335778523716 -0.7647852633501746 124.38595378544755 164.95121130000007
2.5681825016782156 -0.7469587640873688 124.8953226933439 165.01608490000035
2.9049245756976205 -1.226883082033175 124.395516669075 165.08136139999988
4.386434310448699 -1.5315793475937831 124.0326382248561 165.14707850000013
4.626967472455199 -1.5758737716014417 124.81832715134095 165.21198110000023
4.845949657536231 -1.745945966474336 124.10708033112752 165.27753500000017
5.427150485351206 -2.289747682028756 124.35155985651724 165.34182340000007
5.652517556411908 -2.261627190444944 124.18403220238322 165.40668470000037
5.765830286437364 -2.2525137249569362 124.68796467979264 165.47184560000005
5.888559350844503 -2.3471473316612093 123.87907907120982 165.53662189999977
5.888559350844503 -2.3471473316612093 123.87907907120982 165.60230950000005
5.961833495329124 -2.3399419048305803 123.67402605840718 165.6677652999997
5.689067690330127 -2.221736994250018 124.32550348475635 165.73384780000015
5.199117650150427 -2.209876019362963 124.61618222949993 165.80025019999994
5.315406064371778 -2.0802120973815006 123.20182291190477 165.8648573999999
3.5161047798913287 -1.5590623026625339 124.11014312890421 165.93064159999994
3.1460729484034786 -1.5997660869334527 124.43125906571036 165.99546370000007
2.6536533500980113 -1.3527599965100519 124.23862647267049 166.06054210000002
0.9519740612656094 -0.7827161592222276 124.33380046206673 166.12626089999958
0.39553856126886444 -0.5584290300649597 124.69252772342153 166.1907554999998
-0.046229343595520334 -0.4895901327945097 124.79813694742646 166.2576041000002
-1.5376329579352586 0.21830089805288155 124.49928444776673 166.32287300000007
-2.1352299538665847 0.4266368568734543 125.16781389052883 166.3871661000003
-2.3032460045403838 0.5605074239815647 124.51266709807201 166.45233980000012
-2.7929067880800886 0.6942662103123106 124.80639502860042 166.51758770000015
-4.28020006928417 1.3405138295811274 124.8526106712851 166.58426620000046
-4.500684466270144 1.5520241656870541 124.77962103596455 166.64788510000017
-4.774139668787662 1.728278561076711 124.76431657308919 166.71292489999996
-5.803585029446488 2.277453804221011 125.12184044634323 166.77834499999972
-5.740050496064292 2.375734223759698 124.55818106183678 166.84362299999975
-6.004397551343466 2.4661557752748218 125.15893929791034 166.90913329999967
-5.867749965877628 2.7424554986692486 124.63032832387034 166.97264910000013
-6.170858616260091 2.6946111136574133 125.41779185099684 167.0370882999996
-6.170858616260091 2.6946111136574133 125.41779185099684 167.10231629999998
-6.053861997168326 2.318624599023766 125.44604516115604 167.1663808000003
-5.6146192449384955 2.288686850636854 125.65923035466808 167.23140220000005
-5.106757203425545 2.208659840652538 126.03899934581911 167.2976633999997
-3.45439243595888 1.6778596747629624 123.54395071888715 167.36264699999992
-3.7942221357701627 1.6470090347053623 125.08992092302255 167.42692050000005
-3.1462863855199714 1.2297875912465572 125.38722968890178 167.49325020000015
-2.3272870919659923 1.3240539314885122 124.22885378175393 167.55795409999973
-0.7148365471143592 0.38956070362084944 125.35093416802839 167.6232871000002
-0.13719970515919044 0.27013398178894654 124.02347144754839 167.68889539999964
-0.16864592860717664 0.13895987954146674 124.83824670822914 167.75375600000007
1.2359336942617034 -0.44276012991829305 125.12517688152278 167.81853279999996
2.258021694683279 -0.684934332171844 124.84778173951675 167.88335619999998
2.6094989851411867 -0.833431546897138 125.04869272508701 167.9484491000003
4.4302346377060005 -1.3123075736512935 123.58526439046352 168.01383129999977
4.622369441303931 -1.3480864383391642 124.39675153828745 168.07930709999982
5.210527035679291 -1.7026071330073733 124.41832050156248 168.14389459999984
5.252479205371607 -1.8203148099591795 124.54040777107329 168.2094857000002
5.687557294335271 -2.0978961913717877 123.34950989641781 168.27549770000041
5.794856117180338 -2.0569530969484 124.03690246190465 168.3412472
6.046707965441875 -2.2724738641567326 123.46000234900941 168.40627680000034
5.944038628651647 -2.3221791719963694 123.65784187854896 168.47048069999983
5.888559350844503 -2.3471473316612093 123.87907907120982 168.53642779999973
6.049834518094592 -2.1703546745415014 123.35580168464085 168.6033034000002
5.794266147172458 -2.2606676471328844 123.85607092227745 168.6680497999996
5.545487756568001 -2.13734464680635 123.75618677036285 168.73329470000044
4.140104050363163 -1.7794605766475264 123.7785222211237 168.7994408000004
3.642953492123958 -1.6838077328735908 124.10026341047805 168.86488649999956
3.1667477072639443 -1.5391435066820631 124.2649378202352 168.93058910000036
2.019200144295894 -1.103387658363917 124.03834798329966 168.99589939999987
1.0382002266928794 -0.7511798647866692 124.11117929347088 169.06210740000006
0.7496760260107891 -0.6110188551575485 123.66919571032219 169.1282223999997
0.021896375367276733 -0.48932535269600463 124.8538080077897 169.1932893000003
-1.5484884044265215 0.20635436083397976 124.73787841850269 169.25841049999963
-1.5484884044265215 0.20635436083397976 124.73787841850269 169.32353280000007
-3.0282832121011225 0.857163295858214 124.56820621381956 169.39036639999995
-3.7938576244102578 1.230647927910199 124.67204730029752 169.45605220000016
-4.12839287439828 1.3411577895148163 124.74360332123996 169.51930960000027
-4.3740092996986775 1.364418953295357 124.64383993016229 169.58613609999975
-5.328521302412632 1.9086350459128105 125.01572960819182 169.64999979999993
-5.48219998913568 2.1077099967750574 124.78585220245292 169.71569069999987
-5.851327518310136 2.558578786586104 124.51178497654098 169.7796443999996
-5.80540418063876 2.6172813320192874 124.36588522465681 169.84502299999986
-6.18708235579475 2.697253448464065 125.32340178491036 169.90991779999968
-6.124737995849941 2.716452335346836 125.1427200216794 169.97473309999987
-6.212913569639269 2.5622448003221314 125.47130734514792 170.04054689999975
-6.194247346669954 2.447034082063407 125.34743027821493 170.10642600000028
-6.163619061994055 2.364645039989414 125.55515691876862 170.1713362999999
-4.331527599658763 1.8109161177603945 125.39797343716305 170.23709849999977
-3.6431194710571617 1.7435198580061886 124.53098578250194 170.30172130000028
-3.684739399343563 1.5410956236878464 125.45289958284256 170.36780590000035
-2.2345091940676554 1.0757312387799414 125.00316810656295 170.44863309999982
-2.0502944543591184 0.772864080400064 125.64594545152524 170.5137923000002
0.030910956772963516 0.0340561106108201 124.65441724033433 170.57873070000005
0.42418704516069283 0.11749244283661611 124.45428535113942 170.64468300000044
1.0359642108465152 -0.4668791635475661 124.70869769691409 170.71051700000044
1.5637382897829113 -0.4580648048799917 124.69445237869321 170.7763974999998
3.1512053897073855 -0.7964330355981978 123.3580336073022 170.8421017999999
3.0460924969102123 -1.1318007261607723 124.42093940238995 170.90708660000018
3.312634231907225 -1.3033475531843934 124.83369594970566 170.97102489999997
5.105800829413987 -1.7828623145259375 124.37277422434181 171.03803960000005
5.417812874924344 -1.8605034560777924 123.71865620060088 171.10431810000046
5.417812874924344 -1.8605034560777924 123.71865620060088 171.16927980000037
5.750387452277515 -2.2243554499947735 124.41739475901397 171.23451709999972
5.845997161803602 -2.2447608687111966 124.08169658450561 171.29977899999994
6.106825604149357 -2.191150860549887 123.3752469982609 171.36589900000035
5.848342618015302 -2.267400971275371 124.23251064609379 171.4319317999998
5.848342618015302 -2.267400971275371 124.23251064609379 171.49691220000022
5.848342618015302 -2.267400971275371 124.23251064609379 171.56152850000035
5.212069235436502 -2.1196324799892747 124.32098203832255 171.6261086000004
4.959418928826025 -1.994336680674429 124.33590447336017 171.6906637000002
4.455975927847284 -1.8938461626980114 124.5094452670607 171.7547268999997
2.9757433502542696 -1.4121642649275667 123.65625554493674 171.81874890000017
2.5499202610002243 -1.2623855292706934 124.107789871462 171.8833179000003
2.247159423750695 -1.1943326204342264 123.97927047037201 171.94850609999958
0.07615854190986227 -0.6114042774653983 125.01371985026061 172.0149024000002
-0.3773659762232313 -0.37124849585498665 124.70092681047718 172.08045949999996
-0.7842213310228558 -0.241983630365549 124.91300954364624 172.14533029999984
-0.9605758894152743 -0.11584300878328033 124.09413814671342 172.2102149000002
-2.6698835511367633 0.5133071238974893 124.95584990441851 172.2757246000001
-3.1064323734978245 0.7109626431759525 124.81416700431912 172.34041379999962
-3.5798229484337796 0.9420087700903849 125.19085426824941 172.4076788000002
-4.6709477676938675 1.610323829059005 124.6730974872677 172.4726168999996
-4.793844265491039 1.8156120987659843 124.7213168348343 172.5379350000003
-5.123919059434677 1.975892723672892 124.83457471242416 172.60282089999964
-6.004397551343466 2.4661557752748218 125.15893929791034 172.6671425000004
-6.109686453796762 2.463995814337154 125.24324462590702 172.73234609999963
-6.086372682447411 2.6499398239067746 125.3415501223149 172.79741749999994
-5.933012356610952 2.696468338827945 125.31146154448345 172.86277859999973
-5.5903720555391985 2.750203663898159 124.47384133779818 172.92828480000026
-5.510586752890035 2.7205198882733104 124.78882195188898 172.99336810000023
-5.484508863872286 2.201159604813354 125.28747275412735 173.05911110000034
-5.145534751359122 2.1551916460296923 125.68885370287117 173.12506159999975
-4.89061883600845 2.1019067555992694 125.77273808332859 173.19079239999974
-3.185217508343662 1.3540869001789193 124.94573878104632 173.2570837000003
-2.803901971666882 1.2739891104477212 124.97113369538019 173.32261879999987
-2.310879516755172 1.099764503331149 124.72634427742975 173.3876326999998
-0.7177165405260197 0.31684466279522105 125.09793870525604 173.45368210000015
-0.3197498238163661 0.20891549070467716 124.94591033011125 173.518779
0.04283404010041636 0.04642987597953513 125.19992740756756 173.58359689999997
2.210145164327507 -0.5455552665193901 124.0269610568209 173.64945309999985
2.1640585338978084 -0.8110862236013439 124.8543874605482 173.71538969999983
2.553249142051648 -1.054033475198986 124.87008146132337 173.78038149999975
3.1366424351706073 -0.9134861074347338 124.34354407811345 173.8456702000003
4.534731917355423 -1.5365530331553394 124.25898487647635 173.9113811999996
4.805551049696632 -1.6861600551153253 124.26417380222318 173.97674499999994
5.0727343086599035 -1.662550209642526 124.10775674668992 174.0415608000003
5.653649930753524 -2.136722103470339 124.17813571797058 174.1061964999999
5.871712359953271 -2.0529158299874455 123.41905611703075 174.17094480000014
5.626036718889381 -2.291624058943157 124.4992638289128 174.23668980000002
5.855485175771065 -2.279681622078807 123.79677398798229 174.30071789999965
5.855485175771065 -2.279681622078807 123.79677398798229 174.3663778
5.6818082653883835 -2.3282125926456274 124.45253593596065 174.43221499999981
5.621289145640041 -2.1394333925792086 123.88672403189226 174.49698790000002
5.123659143842481 -2.0633148090868425 124.67292051013509 174.5620812999996
5.020220450977426 -2.0299873850704198 123.7232773458317 174.62837000000036
3.4468429291784233 -1.6165982474533473 124.41291369580723 174.6935125
3.1440768873935383 -1.4496977121426362 123.69279422580532 174.75815169999987
2.6499311177915956 -1.28479704188689 124.17485932890557 174.82429320000028
2.141755346237197 -1.1436510763766956 124.30306326163922 174.89010679999956
0.27101041123258085 -0.5720279496418841 124.85235962394638 174.9549318999998
-0.2230819700396296 -0.36908744498070956 124.8376236932517 175.01899090000006
-0.6015293035052522 -0.2849138300230699 124.4115492955667 175.08425439999974
-2.332259451343454 0.4265695015447064 125.12673991636022 175.15015419999963
-2.507082047350252 0.5594321504052329 124.49521736639639 175.2156154000004
-2.980521354700919 0.7106361074089028 124.80958127316785 175.27995889999966
-4.28020006928417 1.3405138295811274 124.8526106712851 175.34623910000028
-4.676077266241201 1.5293760256681994 125.07683906750808 175.41174760000013
-4.735736420991735 1.8162972810605362 124.46041671609245 175.47720860000027
-5.611816706837352 2.313989779625252 124.47380296361715 175.54243810000025
-5.498470843643652 2.4798444599882012 123.83325308852872 175.60863169999993
-6.004397551343466 2.4661557752748218 125.15893929791034 175.67471240000032
-6.214507255219793 2.7528939888232897 125.60187708854647 175.7393288000003
-5.601697414720455 2.7549227999026322 124.13068211590523 175.80321989999993
-5.656189018256988 2.73477287541935 124.6679005367148 175.86839969999983
-4.892443903109253 2.420664514854084 124.89155333346945 175.9339189000002
-4.667426073554857 2.3025379185383934 124.57606758591884 175.99861340000007
-4.871396078792436 2.212821058163811 125.13332555583945 176.06298059999972
-3.6586552640899725 1.659450761575441 125.77917602220967 176.12828329999957
-3.1522768082410195 1.4843701979394213 124.70556789113367 176.19400740000037
-3.0546171242772004 1.2976432051167075 125.37329522180859 176.2589770000004
-2.0772776488856692 1.1488448854332718 124.00853942136766 176.32439880000038
-0.8541122299992878 0.5370646260102796 124.87128922519985 176.39050020000013
-0.5527798775787147 0.0017847394743793765 124.94393677140862 176.45445329999984
0.12717973557657558 0.1715704300410016 124.54342489195213 176.5204934000003
1.8912962545439385 -0.6026374771638098 124.98571808953548 176.58512659999997
1.8912962545439385 -0.6026374771638098 124.98571808953548 176.65158630000042
2.743726182641147 -0.8736109678623674 124.78827233186975 176.71553700000004
4.324620532799479 -1.3099692610603633 123.61552645610277 176.7804028999999
4.333435168977793 -1.4546174135586705 124.60155986145325 176.86099749999994
5.4200183847383485 -1.9012082945611186 124.27973983504602 176.92678710000018
5.4200183847383485 -1.9012082945611186 124.27973983504602 176.99214420000044
5.69868648120449 -1.973186037053075 123.80347653488444 177.05618760000016
5.662852574766482 -2.2694335148680382 124.31703676214472 177.12110930000017
5.9143395943085295 -2.2694258640394067 124.30496411500688 177.18654520000018
5.974111477835713 -2.2672733595007686 124.22621279751549 177.25090199999977
6.0314591687999055 -2.2436536570556793 123.99449422033045 177.31492640000033
5.9143395943085295 -2.2694258640394067 124.30496411500688 177.38041609999982
5.916427372894489 -2.286912209285626 124.20377603099736 177.44664759999978
5.442334532584965 -2.111876998985523 123.61296978110298 177.51116829999955
3.8596398096271756 -1.6648019320289777 124.13951223830676 177.5755718999999
3.3259107147799796 -1.6260413569294825 124.6871446836702 177.6411261000003
2.9896206035971673 -1.5133633047963142 124.00258562678444 177.70581810000022
1.7792588243243301 -1.1027297251624535 124.09259020445968 177.77105389999997
1.282215231845747 -0.9124702591692349 124.34225809337957 177.83649950000017
0.2526135928189248 -0.573151430879287 124.97945256373752 177.90131910000036
-1.093812783439816 -0.0024215959187612324 124.26928273026395 177.96700839999994
-1.5376329579352586 0.21830089805288155 124.49928444776673 178.03302069999972
-2.205587788149444 0.42639525167682235 125.12104787476508 178.09684930000003
-3.3003032031729305 0.8276598938749797 124.83463090619452 178.1609397000002
-3.8535971051245568 1.0065769361390393 125.21218304121082 178.2268968999997
-4.1959008111730896 1.354075672514063 124.78395321284992 178.29263730000002
-4.460293443177385 1.4290500625777425 124.44378305347026 178.3567892000001
-5.705992655665966 2.0754152230154435 125.34801886970165 178.42170309999983
-5.705992655665966 2.0754152230154435 125.34801886970165 178.4873295999996
-6.165254107020523 2.5849474443142966 125.27160440689252 178.55162959999961
-5.8173040749451985 2.6913059722270023 124.33939401458042 178.61633849999998
-5.716112725983315 2.7693656420220747 124.03342840175843 178.68035520000012
-5.9551089017019905 2.741485204225705 124.63476717503329 178.74661860000015
-6.297881953114967 2.565558096753006 125.66424073483584 178.81240230000003
-6.365118461606869 2.420718013026765 125.8607812817811 178.87823459999981
-4.5174039583925065 2.0467932441932852 125.56557407978362 178.94291429999976
-4.052869113111335 1.9980368374346575 125.36901047999638 179.00915199999963
-3.5722870862244136 1.6162926986570074 125.5823978821646 179.07429450000018
-2.4811039305302387 1.1180282501906822 124.52276590022187 179.1401966000003
-2.3468308341299533 1.045650196672367 125.3843090268729 179.2054876000002
-1.8462742459230341 0.6684175784850137 125.38817295636373 179.27137380000022
-1.2667340408348977 0.6621733483647176 124.76966351324828 179.33498400000008
0.34362668915537853 -0.0591874269117052 125.0288433931501 179.4006743
1.438444414597356 -0.38814233026247 124.53429629813715 179.46488390000013
1.7526309848695973 -0.4643988906739187 124.76850923213922 179.5298284999999
2.9380147748681154 -0.9619374502994802 124.61771709876312 179.59606019999956
3.356330566558597 -1.1648525509196892 124.10998852916303 179.66081269999995
3.4950251820271347 -1.2267792376808964 124.70454530864927 179.7257411999999
4.931493974270957 -1.686103584700023 124.25720102041257 179.79066559999956
5.105800829413987 -1.7828623145259375 124.37277422434181 179.8559925999998
5.452728435089497 -1.9573047036736155 124.12469536463895 179.9212633999996
6.098848655411423 -2.1465514419756007 123.16205148227128 179.9865060000002
5.845997161803602 -2.2447608687111966 124.08169658450561 180.05193940000026
5.868376198395737 -2.3877087225016327 124.078012847843 180.11756239999977
5.868376198395737 -2.3877087225016327 124.078012847843 180.18272129999968
5.7545871193804885 -2.3133036138899676 124.6448602435196 180.24823780000042
6.106115288724084 -2.2884708121402055 123.22510760692454 180.31293730000016
5.944980286655941 -2.198168631243563 123.65242852412302 180.37751039999966
4.991170955378976 -1.8607329112133306 123.50525046233524 180.44236480000018
4.257401646370127 -1.8528305013069442 124.70417642191626 180.50791779999963
4.140104050363163 -1.7794605766475264 123.7785222211237 180.57211199999983
2.359093647862494 -1.3021234144270517 124.267329549587 180.63749499999994
1.7748429838971376 -1.0620162024034632 124.4969568387785 180.7017082000002
1.3886110658496236 -0.893795610021324 124.33006064896503 180.76598639999975
-0.27176309881152605 -0.37508617199910654 123.98979407679741 180.8307281999996
-0.7443616390711796 -0.1431577543670197 124.39948482913888 180.89555579999978
-1.161189756480134 -0.005251234641252406 124.49153467829933 180.9610835000003
-2.5433630041812023 0.6250579161211837 124.15597753856946 181.0250976999996
-3.2145376467308537 0.8099983882859277 125.14652259339255 181.09019629999966
-3.6071713024679184 0.9620390133417585 124.82031116270963 181.15556780000043
-4.433320580005201 1.6619181166771797 123.94759975394412 181.22044280000046
-4.941694208080101 1.8549928439273795 124.7759455747567 181.28593960000035
-5.382565323895697 1.9421960519442814 125.28922292931018 181.3512082999996
-5.285250550322871 2.1237458202855026 124.37752415357502 181.41722180000033
-6.262487254857234 2.5032806018654905 125.62996418708516 181.4810180000004
-5.97510339707204 2.607733978446314 124.76590197022325 181.54581080000025
-6.244275447154898 2.6778657007393805 125.48893536929707 181.6097049
-6.085029339972657 2.7232396120824482 125.0972259098423 181.6761630000001
-5.762545070816316 2.623454930246118 124.31221756611977 181.74257860000034
-6.109686453796762 2.463995814337154 125.24324462590702 181.80672310000045
-4.413452316602516 2.1290993215295186 125.3100536347258 181.87137520000033
-3.967811004299733 1.9861127917750256 125.56412893615732 181.93702570000005
-3.737834014522228 1.8685309803121932 125.58011634636627 182.00203390000024
-2.704295590227048 1.1865171887965626 125.254050383925 182.06555690000005
-1.8982719703624298 1.1596293776721909 123.98806099983513 182.12992649999978
-1.720563919462009 0.7717012496478269 124.83312857236467 182.19573149999997
-0.26627379589515954 0.06584159843860919 125.1264423927762 182.26045820000036
0.15597723311230283 -0.05307455572555364 124.95119999378713 182.32510269999966
0.7444676574490998 -0.16344208100881655 124.86729283503166 182.3906963999998
2.6962670953728107 -0.669551896064545 124.1688995222023 182.45511439999973
2.8110564379301195 -0.9988096521343746 124.85273256009607 182.52161510000042
3.0598816124527772 -1.104181606366224 124.77648472595214 182.5858642000003
3.252366162325117 -1.1954742098379814 125.07118318497746 182.65109380000013
4.871218570577199 -1.6661855059480228 124.52408385961307 182.7166146999998
4.9428777393776855 -1.8334652266981064 124.89163556441326 182.7806668000003
5.180811588375043 -1.9323631825199707 124.60880586418534 182.84629849999965
5.799303849832306 -2.173436166422088 124.09672548829315 182.91053100000045
5.944980286655941 -2.198168631243563 123.65242852412302 182.97613160000037
5.8899649257686875 -2.2228363818367094 123.87174176917604 183.04111850000027
5.883730452861613 -2.2385143190000263 123.80548733335144 183.1051776000004
5.883730452861613 -2.2385143190000263 123.80548733335144 183.16907640000045
5.8899649257686875 -2.2228363818367094 123.87174176917604 183.23470569999972
5.156777409084427 -2.1192924064103127 124.20156189535332 183.30017109999972
5.136420451334068 -1.9495951113039953 122.98554991389076 183.3656774000001
4.330026304884903 -1.8402870889937573 124.88128226892812 183.43167650000032
2.6753497391564025 -1.373692721916832 124.73463486047739 183.49678459999996
2.306063713221647 -1.264945036451314 124.63168081169822 183.5616624000004
2.0023080315555006 -1.2211493138093374 124.51897077084273 183.62828869999976
0.09412111237413967 -0.5082670223644211 124.81878300277793 183.6938852000003
-0.3759912514786592 -0.3498208134584495 124.43585895080058 183.76049570000032
-0.6571723517541272 -0.19769420790530381 124.03487611628483 183.82415750000018
-2.354046970020377 0.47396873137683815 124.72567922216294 183.88861050000014
-2.653793500664399 0.6068712148352486 124.5652276950636 183.95402259999992
-3.154108085594153 0.837850251714954 124.84036567392214 184.01982150000003
-3.5096686211050567 0.9931003116407653 124.59257195647253 184.08459990000028
-4.465950092859266 1.6450921736323432 124.15722244126518 184.14983490000031
-4.792838038526 1.8122111087060369 124.5186776343159 184.2153029000001
-5.008755157183906 1.9598657638607877 124.3075777662182 184.28138279999985
-6.014503001918428 2.410145884117765 125.0775329050842 184.34631509999963
-5.856365156166426 2.519024041066938 124.42155842152256 184.41128519999984
-5.958346532613724 2.617092449125389 124.64574132177269 184.47649730000012
-5.9981742767086175 2.716050480492198 125.13764041784445 184.54309660000035
-5.829060135351796 2.741075914334301 124.6296195218549 184.60728310000013
-6.047838849945798 2.6575204640183507 125.29753823588707 184.67254390000016
-5.152706516843857 2.2704818504835016 125.28993184355397 184.73845849999998
-4.894478497742796 2.1692584278595564 125.7088943919234 184.80351940000037
-3.995598533632652 2.062093293462878 124.2461301628249 184.8690571999996
-3.1992416569916386 1.4577257985612289 125.110958072152 184.93365129999984
-3.0575898685663887 1.2576934517625529 125.20666670401609 184.99889220000023
-2.247989524526737 0.9443092711993835 125.11652347507277 185.06425620000027
-1.712298875173623 1.0315292589265799 124.87469261332757 185.1301837000001
0.7456298150888117 0.12553765045913642 123.46726232138147 185.19472270000006
1.0207555307465483 -0.19745989254961885 123.63714520227494 185.26017460000003
2.201512177182863 -0.4724166022355283 124.50162838797362 185.32403129999966
2.661879973006762 -0.8124232595607375 124.59875653842975 185.38923499999964
2.661879973006762 -0.8124232595607375 124.59875653842975 185.4552309999999
3.2861216153169295 -0.8957643292242883 124.36402620692782 185.52011570000013
4.549568793521523 -1.620402641155216 124.19544554355494 185.58548770000016
4.619792374767343 -1.7071903612128572 124.54143510955463 185.6506816000001
4.932701358632954 -1.6443617832741393 124.55855752022478 185.71580090000043
5.489767731453334 -2.165448594231341 124.25667952806693 185.78191080000033
5.766169252684584 -2.0985190370707 123.87026855974425 185.84654940000019
5.774734351329855 -2.330979502457698 124.27876792305705 185.9105470000004
5.936382605671895 -2.35932337384045 123.8036338926435 185.97474859999966
5.824785709658748 -2.352974906200724 124.45267061696056 186.04025230000025
5.885982388129641 -2.306156089216425 123.88424856412674 186.1056841999998
5.780911369795696 -2.2436561169916147 124.00490792515878 186.1721668
5.428500838809967 -2.1651568530468155 124.16189748142156 186.23703699999987
5.1164707710760595 -1.9847504815561567 123.49887908122673 186.30111550000038
3.3906233219029076 -1.55875069190414 124.11604482225975 186.36621319999995
2.915337527152424 -1.4140892527940099 124.27566222192071 186.43263490000027
2.538400665674722 -1.288805209682788 124.2915225571698 186.49835520000033
1.1719551615027726 -0.8477901107295015 124.3755454254643 186.56416499999978
0.6230178513202134 -0.608986130341409 124.6128771842271 186.62947929999973
-0.2839712635081213 -0.40845441595685694 124.4666231980616 186.69482599999992
-0.49671020837773483 -0.22403670357963432 123.78677753356394 186.76077749999968
-2.2278621680122512 0.4590021247124766 124.79349058543418 186.82571389999976
-2.2278621680122512 0.4590021247124766 124.79349058543418 186.89029389999996
-3.675715948323557 1.0621902286027798 124.52835104323339 186.95657459999984
-4.276158325216805 1.2594631256770386 125.23535317404597 187.02108860000044
-4.45400113794792 1.4060865629525992 125.01644665610942 187.08514240000022
-4.835801500728778 1.8143164451159985 124.53229300259154 187.15062370000032
-5.444028278476409 2.3236991506303166 124.4174502921367 187.21698469999956
-5.922298001973132 2.3092686940320024 125.47057147767768 187.27966410000045
-5.766174706407249 2.6360418564742436 124.44823108073088 187.34422639999957
-5.961352436523526 2.6539181869050275 125.09973368331906 187.40917979999995
-5.7216040058884445 2.6823800174948844 124.4938701650839 187.47385020000002
-5.833767452263778 2.552035929263798 124.83872244147825 187.53825059999963
-5.787689945136933 2.4852530622778195 124.54842210527408 187.6032339000003
-5.902906251629645 2.3279258821393385 125.29871106646404 187.6684341
-5.245151392537686 2.2799813168629064 124.79528054397028 187.73273789999985
-3.9026381419130516 1.8264579625359496 125.15664864467729 187.79900879999968
-3.4751766923644496 1.4008182260757347 124.86363442857444 187.8642190999999
-2.5683383452997646 1.3044880171808373 124.46364104317016 187.9278518000001
-1.5042261988835435 0.7818100876010824 124.65352189688217 187.99354610000046
-1.1088604717737311 0.7394617591390602 125.14109133698109 188.05771079999977
-0.6093660854550862 0.3621868656553315 125.21714997527064 188.12237519999962
0.9520398154615535 -0.11003673994839072 124.9469582626301 188.18684829999984
1.9227972598925192 -0.7137197346140636 124.57691031593804 188.25228009999955
2.238244361804618 -0.6852536970472307 124.95934488186481 188.31693509999968
3.456361100184708 -1.115697262553578 123.93676880770316 188.38147019999997
3.427378892343235 -1.4211660363648675 124.94069586865892 188.44601429999966
4.24896137146704 -1.4293422944290928 124.20948803244075 188.5106870999998
5.158285705899544 -1.7883724117347648 124.62939975004046 188.57635539999956
5.44932347298564 -1.957813358714207 124.8657175732827 188.64183119999961
5.448216974775001 -2.0835753274809883 124.87103783293185 188.7074408999997
5.665099988096237 -2.161847069971322 124.21463447725775 188.77339159999974
5.946720883549055 -2.2216558253702194 123.80398329881562 188.8387057
6.106825604149357 -2.191150860549887 123.3752469982609 188.9023814000002
5.824785709658748 -2.352974906200724 124.45267061696056 188.96854069999972
5.788594280752648 -2.269433801597655 124.31101902234617 189.03347899999972
5.883730452861613 -2.2385143190000263 123.80548733335144 189.09810670000024
5.554036386245244 -2.165250781602353 124.15604945355489 189.16367100000025
4.271744144228286 -1.8097353648005747 124.06595789093595 189.22852609999973
3.893913823961192 -1.6844173946590957 124.08828651866754 189.29472220000025
3.4823384149783863 -1.5397995161601785 124.15840937231407 189.35894550000012
1.6669732266384543 -0.9973762415177481 124.77209500435094 189.42375309999989
1.3099226309902292 -0.9286167732590986 124.32280678899407 189.48832419999962
0.7367414778029087 -0.5992848332653645 124.50009241409913 189.5533621000004
-1.0065511113456012 -0.19089648426303332 124.80361549510891 189.61849660000007
-1.1999660922573199 0.003151621634557872 124.28587805124397 189.68333939999957
-1.6527977322032825 0.23031249044014046 124.54594823314179 189.74910329999966
-2.101026528077 0.35427926772382845 124.51332474451286 189.8152438999996
-3.6793057386656614 0.9670535069963975 124.77724934413166 189.88062780000018
-3.68442526644602 1.2108488800364656 123.89619563326103 189.94595649999974
-4.35815949341076 1.338717320308082 124.82878273028138 190.0106966000003
-5.229958169714017 2.0560609171018704 124.43405336596244 190.07621139999992
-5.463846596493646 2.2422371075383745 124.65825101834947 190.14052420000007
-5.602753856858193 2.3573175983094443 124.77144222121532 190.20536840000022
-6.212913569639269 2.5622448003221314 125.47130734514792 190.27030159999958
-5.908173513307794 2.7356354102761733 124.6777109171658 190.33662660000027
-6.104654035593953 2.763371086137412 125.46077978206155 190.40064150000035
-6.120287911886827 2.5230515260319053 125.32350653266325 190.46522970000024
-6.112068799984108 2.512907268496457 125.4856767832273 190.53038449999985
-5.776482483888678 2.367737827837308 124.92947222132229 190.59447350000028
-4.326174030184333 1.9947002698750693 125.58458046405491 190.66011929999968
-3.8384641028277784 1.8854412754876844 124.16584367224606 190.72415720000026
-4.000631377710924 1.585386857663686 125.14962938759913 190.7885207999998
-2.3624348442739773 0.8396070046571451 125.6311989345611 190.85411190000013
-1.476346298211304 0.7771959853001889 124.83846761845636 190.9189263999997
-1.1525791061479609 0.6879749644177536 125.16397123137266 190.9851434000002
-0.6774495060748436 0.32508618824887503 124.88939941863526 191.05076720000034
0.8392422604371959 -0.19152537077464274 124.99618657657611 191.11583750000045
1.2023010759003654 -0.39316531263598964 125.08393338880411 191.18161690000034
2.860270213441801 -1.0845583535360694 125.04813288560595 191.24690889999965
3.223107018375103 -1.1784115847441934 124.62173452253711 191.31168359999992
3.6216184333114185 -1.2266295852099771 124.69733717777041 191.37699799999973
3.907948923839079 -1.366325183368036 124.62505804100233 191.4408231999996
5.296314593345649 -1.8412414442119545 123.83329246117164 191.50706730000002
5.437817906681346 -1.8606482666550224 123.76464335099855 191.5722896999996
5.376211366346887 -2.0630121710343072 124.66035880318228 191.63832739999998
5.868376198395737 -2.3877087225016327 124.078012847843 191.70256320000044
6.134779464410933 -2.2067761766262635 122.98782773663159 191.76784430000043
5.664033845756379 -2.2655412256721355 125.07211358254031 191.8324150999997
5.961833495329124 -2.3399419048305803 123.67402605840718 191.89790950000042
5.868376198395737 -2.3877087225016327 124.078012847843 191.96349110000028
5.8899649257686875 -2.2228363818367094 123.87174176917604 192.02742639999997
5.689067690330127 -2.221736994250018 124.32550348475635 192.09218560000045
4.324953375184585 -1.8312662865870517 124.4432243733429 192.15681459999996
4.175918129064954 -1.7951781321826281 123.55416726349839 192.22186650000003
2.374419705960129 -1.1798860999593677 124.29672725214787 192.28583780000008
1.7621852788126944 -0.9998527989623085 124.4589468778002 192.35189210000044
1.3522193557577111 -0.9254012573057928 124.3147877849504 192.4177668000002
0.8166654998150591 -0.749190269741443 124.58363920866063 192.48170289999962
-0.911013625273867 -0.15743456485791388 124.48457649900627 192.54741579999973
-1.0926462920158784 0.02238823682745808 124.04301835329615 192.61321229999976
-1.4491572052004358 0.25256019434516874 124.28727222768856 192.67832670000007
-3.443679527005372 0.921808343672425 125.4207577756776 192.74256719999994
-3.7271019145382596 1.006276079148491 125.20720940140932 192.80809380000028
-3.725821076227845 1.1939060500452652 124.13967732194905 192.87340029999996
-5.191775067972152 1.918816815343231 125.71824057439915 192.9390483999996
-5.317059179268895 1.9808012634686119 124.7807711190061 193.0043357000004
-5.197593734612944 2.1042107466346343 123.93448819573068 193.06900120000046
-6.212913569639269 2.5622448003221314 125.47130734514792 193.13393499999984
-6.020258553646805 2.5975668045334723 124.82519321131318 193.19942420000007
-5.904396355617308 2.663024302352005 124.66360775500073 193.26491220000025
-6.175849955395776 2.7600621542070978 125.55844477504729 193.33084679999956
-6.001289543036243 2.5911124530297873 125.1482979652688 193.3960065000001
-5.682184633416213 2.5130577201603717 124.45492048461783 193.46115480000026
-5.94713100742856 2.356908354787246 125.80845426139736 193.52615679999963
-4.479447249157552 1.9871805638602973 125.59637944501867 193.59059590000015
-3.9944894517484784 1.9568029679990395 124.92030227247741 193.6559659000004
-4.070140501949005 1.6946238164525922 125.31816594059106 193.72088669999994
-2.3665814529994975 0.9217593699624437 125.44692335591137 193.7858600999998
-1.8434670745851491 0.9264875002295594 125.38291247667324 193.85016950000045
-1.2663989232655197 0.7041613666891055 125.05417805792843 193.91447700000026
0.3176554219016836 -0.08970865800225095 124.84474109113664 193.97979099999975
0.6644241410461547 -0.048215399821001176 125.11449908085514 194.04539550000027
1.2082537960120163 -0.3700413863130806 124.99332415574317 194.10913640000035
2.7422438581568542 -0.935435039788296 124.94577608330358 194.17483040000025
2.7422438581568542 -0.935435039788296 124.94577608330358 194.23953900000015
3.3368079456587267 -1.2517430347851093 125.16891129045946 194.30555670000012
4.785822574056418 -1.747029803118946 124.25978505932156 194.36987020000015
5.030628279388125 -1.8464985376019185 124.4242628575005 194.43532799999957
5.495238749577986 -2.1865563768644796 124.68570353731508 194.50109340000017
6.021593137147711 -2.0294603478135524 123.74745748050677 194.56529890000002
5.765830286437364 -2.2525137249569362 124.68796467979264 194.6308981000002
6.106115288724084 -2.2884708121402055 123.22510760692454 194.6959151000001
6.0089165213824245 -2.2386324619317213 123.79942439376168 194.7617849999997
5.961833495329124 -2.3399419048305803 123.67402605840718 194.82554979999986
6.106115288724084 -2.2884708121402055 123.22510760692454 194.8902551000001
5.4516736306651055 -2.183036190535617 123.9751718296278 194.95544719999998
5.188328927302756 -2.034445358304754 123.82445660025782 195.02012749999994
4.307321937307734 -1.8213155856677534 124.77161096263083 195.08562849999998
4.261363192607753 -1.8132153554707626 123.28594250392084 195.15055550000034
2.3660475756748482 -1.2645725731423771 124.7231768992494 195.2155813999998
1.838771564441977 -1.0618630272507692 124.57239442312952 195.27991440000005
0.45423299164624353 -0.5597937903653234 124.62551638764371 195.3460212
0.028696146351002483 -0.49464337618681264 124.83033692528714 195.41034200000013
-0.2413350005781183 -0.2981098455072204 124.01818045407686 195.47498559999985
-1.1036806465964588 -0.015521954646535108 124.50489716883023 195.54167750000033
-2.720575676687865 0.6964656004574594 124.84911104048436 195.60545879999972
-2.720575676687865 0.6964656004574594 124.84911104048436 195.67054850000022
-3.071874413193399 0.9154933475451456 124.91569355979152 195.73536160000003
-4.338473121413813 1.5639135057172189 124.53299828413581 195.80072680000012
-4.88152068191588 1.9896303313711614 124.63958002859054 195.86713260000033
-5.402495965219288 1.8886375272305271 125.2346459043073 195.93199410000034
-6.049214857268481 2.3096576431469478 125.47575225159748 195.99774259999958
-5.900581982045047 2.423926085446522 124.92621338064647 196.0631854000003
-5.851327518310136 2.558578786586104 124.51178497654098 196.12848300000041
-6.104010410441894 2.7140166500754077 125.2236145667967 196.19350049999957
-6.104010410441894 2.7140166500754077 125.2236145667967 196.2599909999999
-6.239410837303026 2.615228119078188 125.74467891294242 196.32409199999984
-5.793114224072269 2.2413217011559894 125.65436060739805 196.3900789999998
-5.072270846857876 2.2897614146118555 124.84234506301945 196.4553963999997
-4.912480003128351 2.05559464204508 125.44740989415112 196.52025870000034
-3.4662046817137835 1.6628395485401744 124.75956588634332 196.5871728000002
-2.5260813414395002 1.2996509382557648 124.60477922884559 196.65205929999956
-2.2529681582523295 1.1545212899762125 124.7898327263954 196.71629790000043
-1.0328744340792966 0.6168187324006535 125.32180771852714 196.78204280000045
-0.7498955855312843 0.25095981713546806 125.38249086171795 196.84740460000012
-0.2847479821695984 0.11824490446246469 125.10101417827634 196.9129608000003
1.6562758980509997 -0.49528843756452967 124.9160990252702 196.9786098000004
2.2289480172790306 -0.6873955176530933 125.1065009693286 197.04330219999974
2.79639834955983 -1.1833223672719024 124.33084501553199 197.10749010000018
2.79639834955983 -1.1833223672719024 124.33084501553199 197.17236990000038
4.198601080093226 -1.5949806571125817 123.85806457159141 197.23836579999988
4.732266775595029 -1.4655197955193604 123.77772129122684 197.3021117999997
4.737392403312413 -1.5819896523766095 124.28539664394883 197.3686488000003
5.766169252684584 -2.0985190370707 123.87026855974425 197.43334229999982
5.814462518278212 -2.0534625883527067 123.59451541222242 197.4977558999999
5.834774693715026 -2.118787455358197 123.84031026478189 197.5639425999998
5.628324384528973 -2.3134913121968954 124.65117877238725 197.64504250000027
5.699028263555022 -2.352897124655478 124.45789014795311 197.7095261000004
5.74161062760988 -2.197018491763379 124.37668049698763 197.77432839999983
5.698969626559169 -2.2279606917072083 124.45691842712826 197.8390916999997
5.561004398931317 -2.231949289890346 124.22512357126196 197.90513089999968
5.221086694210349 -2.0182109942161843 124.25485744089086 197.97125770000002
3.812810547375328 -1.6812442840212494 124.08061522672129 198.03546019999976
3.321879442519723 -1.5569161229757076 124.2298304822572 198.10140190000038
3.044224207219635 -1.3870604517765293 123.86026172507562 198.16702189999978
1.1860169661750533 -0.8481495926093011 124.05882168400899 198.23318269999982
0.7191167838061929 -0.7032845212350818 123.82346648841944 198.29878759999974
0.07905430240836608 -0.5275901886970584 124.63940793185812 198.36491300000034
-1.2618479658896788 0.2103902605401204 124.20877342632933 198.42921399999977
-1.9191405653538425 0.3341777067612867 125.25706686778557 198.49343700000009
-2.3019108493134013 0.4577032309555831 124.75729094751642 198.56011209999997
-3.6012745573922444 1.0836767868834902 124.29981186487285 198.6245601999999
-3.7908330435475435 1.3488790095212857 124.16159183089488 198.6904881999999
-4.433667581218636 1.4145521767228988 124.79658059440078 198.7553195999999
-5.415754648337774 2.103400802920821 124.84674489721456 198.8196441
-5.563924571197397 2.2308640446171677 124.77191347377574 198.88516419999996
-5.687348216980148 2.355884423778196 124.76747772175601 198.95024029999968
-5.85188349798527 2.482740046803683 124.77088465809213 199.01566399999956
-6.18708235579475 2.697253448464065 125.32340178491036 199.08266170000024
-5.972416790384543 2.7322844373571478 124.75654399180374 199.14809859999968
-5.972416790384543 2.7322844373571478 124.75654399180374 199.21212860000014
-6.177427579252665 2.4442388670696173 125.44006062483248 199.2772887000001
-5.816728807931156 2.320758981393163 125.34176410230066 199.34190709999984
-5.3612498603710605 2.3298199089857614 125.14980771333941 199.40736899999956
-3.8474505431859995 1.751788933644782 125.25090676912635 199.4734258999997
-3.619920522242815 1.5592989187378958 125.39835991370349 199.53862519999984
-3.2845992269474706 1.413113577019023 125.64660028403188 199.60392330000013
-1.4871540343694392 0.8412708758910512 124.81394057622188 199.6691275000003
-0.9957287651546309 0.62777438155679 124.8844547021938 199.73544519999996
-0.7050266950161941 0.3001613781595731 125.35388325678385 199.8000149999998
1.0082842752151535 -0.2756181944316841 124.67163058559875 199.8660149999996
1.5024974816573504 -0.4435630108512878 124.6277056932913 199.93172820000018
1.857865606931206 -0.6745315754437724 124.82655128257186 199.99771109999983
3.41819892609179 -1.1533870628955265 124.60135311737724 200.06302520000008
3.750790526344197 -1.215335492818059 124.4944755528877 200.12813389999974
4.050294268108132 -1.4147525566615315 124.72870089208469 200.19401209999978
5.344026019806023 -1.8895636156241884 124.25759006197282 200.25933919999989
5.489370167414499 -1.8316496989400401 124.26130333301639 200.32475020000038
5.445810465939907 -1.9624011924492883 124.56368618643853 200.38967250000042
5.790832053137038 -2.161988522477101 124.2082061803781 200.45553519999976
6.044795242866613 -2.1815721560410144 124.03041361720226 200.52217529999962
5.821409637662825 -2.247800254093958 124.62898571047025 200.58743930000037
5.9786585988178516 -2.261104015629911 123.95437299145819 200.65284169999995
6.081465904869006 -2.1496428497221367 123.60073728576829 200.71898789999977
5.824732018498892 -2.228033744762059 124.45169199274403 200.78522450000037
5.643096988769351 -2.09949893464064 123.92371841765114 200.84943550000025
4.273139117836372 -1.868264085223272 124.25600078678421 200.91549469999973
3.893913823961192 -1.6844173946590957 124.08828651866754 200.9803406000001
3.3259107147799796 -1.6260413569294825 124.6871446836702 201.04616369999985
1.7541598939723784 -1.0565870817599623 124.20398261875162 201.1112936999998
1.4339786964779577 -0.7590192439985459 124.06133337670452 201.17615300000034
0.9993869757427305 -0.7355916616126287 123.66007767053088 201.2415060000003
-1.0029230343842457 -0.08079474506418707 124.53208175208034 201.3066589
-1.0313312730288757 0.09030194354168285 123.62234948696376 201.37293820000014
-1.6912210852851075 0.3390821308667973 124.87416108320079 201.43855410000015
-3.3091427149740653 0.9101137185545202 124.57908325971034 201.50493780000033
-3.7039196453107692 0.9860350783490175 124.6162706252398 201.57034060000024
-4.084280201798826 1.222672889075589 124.82705312135631 201.6355741999996
-4.837269684236411 1.8944235930372788 124.15452128409406 201.70063260000006
-5.315238752583404 2.089566886298075 124.88399057398539 201.7654596000002
-5.614800163107091 2.272800004392421 125.18996134162596 201.83100000000013
-5.9017942175348 2.3065904802011707 125.55251709294676 201.89635780000026
-6.118730601795463 2.64378751047882 125.12234352213025 201.9619075999999
-5.8514124443532225 2.6991314810434486 124.40377687882109 202.02677570000014
-6.016584741723456 2.722115560584958 124.81293340273395 202.09183620000022
-6.17414471780009 2.5694345968353294 125.42892830645619 202.1569172999998
-6.167746786869394 2.4932152599975628 125.64703116406487 202.2228954000002
-6.000781535673255 2.4107445499790696 125.8255562886225 202.2884022999997
-4.370875727671013 2.0163469261332003 125.13041064843478 202.35349889999998
-4.295188177341657 1.6901845807739795 125.2863889349465 202.41976559999966
-3.9495688581339152 1.6760535293671173 124.87514692829463 202.4838864000003
-1.809253070502315 0.9738930385486313 124.71425102142382 202.5494147999998
-1.4165111974334863 0.7844334849283412 124.70692083679631 202.61524850000023
-1.4165111974334863 0.7844334849283412 124.70692083679631 202.68053080000027
0.44155852326736067 0.019007499081587942 124.92281351087513 202.74604650000038
0.7395170749475568 -0.4579487692561133 124.92703580808664 202.81062569999995
1.7094210705680268 -0.3707616986079564 123.51615255811538 202.87646899999982
2.8352563871763437 -1.0226791617008368 124.79376672741085 202.9412314000001
2.8352563871763437 -1.0226791617008368 124.79376672741085 203.00632399999995
3.603688434047811 -1.1894816997793394 124.26046284104042 203.07243459999972
5.018045817592771 -1.6448307796727466 124.58943444403074 203.13695819999975
5.05712134585886 -1.9138921063128356 124.69982998296061 203.2023476000004
5.540765640656943 -1.8768049699720284 123.5956941291851 203.2677223999999
5.687145288422009 -2.225651822302971 124.50986293399738 203.33296260000043
6.106297181309415 -2.0456257625990104 123.2870899344098 203.39741440000034
5.9195551261140835 -2.181490627548496 124.0354823835054 203.46387789999972
5.918508303202493 -2.343608080119597 123.68792654798952 203.52930319999996
5.845997161803602 -2.2447608687111966 124.08169658450561 203.59478080000008
5.8899649257686875 -2.2228363818367094 123.87174176917604 203.65958190000038
5.27201511885707 -2.102998302845309 124.63651112521887 203.72526469999957
5.051451983620083 -2.040150714454867 124.17988234184237 203.7893879000003
4.762317317696443 -1.7631124645776022 123.98262444682727 203.85400599999957
4.251722149096864 -1.746162996814446 124.58548761349336 203.92019679999976
2.3974516116733042 -1.2010387620561118 124.15199526300582 203.98520139999982
1.8796396635773363 -1.056935660813302 124.19849718219294 204.05019900000025
0.3937745063632718 -0.5727241792069139 124.61943686799833 204.11518929999966
0.04147071283946957 -0.4428956573149867 124.42025522212802 204.18113340000036
-0.45281664642168806 -0.287693314860197 124.4832036395577 204.24650629999996
-0.8103129323196896 -0.06420438954808097 124.26022592197593 204.31126370000038
-2.8447046463505075 0.7234265222550649 124.5781598465923 204.37712589999956
-3.3506961798127435 0.9061287100679148 124.93573260743315 204.44256680000035
-3.3506961798127435 0.9061287100679148 124.93573260743315 204.50788699999976
-4.500684466270144 1.5520241656870541 124.77962103596455 204.57209590000002
-4.821001876647209 1.793932310919501 124.9195272960384 204.63717129999986
-4.9214882914559865 2.0574983163787075 123.58548439951609 204.70248509999965
-5.897813057626422 2.5486402482676005 124.91655954856942 204.76779220000026
-5.897813057626422 2.5486402482676005 124.91655954856942 204.8322817999997
-6.179145009499585 2.6347295851529084 125.56963021813225 204.89804699999968
-6.104654035593953 2.763371086137412 125.46077978206155 204.9643047999998
-6.104654035593953 2.763371086137412 125.46077978206155 205.0281785999996
-5.829060135351796 2.741075914334301 124.6296195218549 205.09407829999964
-5.350906164646233 2.349660955084007 125.00251310190072 205.15982150000036
-5.011129241694974 2.317870641035142 125.29356757122065 205.22419230000014
-4.763015899785863 2.101580598780803 125.76623225808653 205.2890193000003
-3.3029708871948102 1.6338152136644135 125.18854330859932 205.35503479999988
-3.367873687800092 1.2235791175935802 125.5912752943648 205.42064029999983
-2.127597076413828 1.2260218534421232 125.49198628082644 205.48565409999992
-1.0280418867400343 0.5624807850358938 125.16664791521842 205.55119999999988
-0.6543309565540554 0.1859616490889836 125.17449997517267 205.61643280000044
-0.19579237255523907 0.08376671919453046 124.95021097042617 205.68275300000005
1.893169626982747 -0.5566750450909153 124.51515777530784 205.74774770000022
2.3232875840975993 -0.6899307006882512 124.144315685638 205.81339110000044
2.9022806135683297 -0.9638744064889433 124.561013427455 205.8794151000002
3.364889218085395 -1.0207654885589756 124.45373636528065 205.94535689999975
4.291022146456548 -1.415975125116465 124.48086527630835 206.01061190000019
4.658439989100955 -1.7001969235064347 123.92534801379152 206.07648659999995
5.758034633858472 -1.9387208493936274 123.32026299394192 206.1411850000004
5.7547588927766 -1.9667241020874422 123.73777200362944 206.20653479999964
5.740879826526523 -2.1657502969141706 124.24543032275857 206.27319989999978
5.973341102298647 -2.131954347257294 123.69186123444996 206.3378174999998
5.761192070254808 -2.2240791679815626 124.63172340701995 206.40343120000034
5.788594280752648 -2.269433801597655 124.31101902234617 206.46855500000038
6.049834518094592 -2.1703546745415014 123.35580168464085 206.53416449999986
5.754597944977803 -2.2004723906258037 123.9439923152087 206.5997940999996
5.341357869422211 -2.0910447606931752 124.35477722933577 206.6647111000002
5.082539075339561 -2.0592785161476814 124.14063637201262 206.73010880000038
3.5590774907647074 -1.6206448487251006 124.01120932996618 206.79549010000028
3.196401423408332 -1.5565781068705216 124.23528865002025 206.85973430000013
2.856595890463126 -1.3684091503933975 124.17517094078345 206.92485690000012
1.1282687710598083 -0.7653179215038515 123.93468478079795 206.98981120000008
0.5105357531461081 -0.5188829921342829 124.35786383564835 207.0542091999996
0.21375912172500477 -0.4891868655904553 123.68031815258497 207.11947320000036
-1.3253866350108012 0.25073955523552083 124.06892825634449 207.18531410000014
-2.1459892203969773 0.40660662981873885 125.33195089869092 207.24950040000022
-2.354599888763971 0.4861324329200615 124.52815430616678 207.3151558999998
-2.803327848412003 0.7086056478967919 124.76622339294573 207.3810838999998
-4.330311073732005 1.3106321083495667 125.2568659875051 207.44566459999987
-4.650883739624597 1.5109081868346679 125.23248126980141 207.5101697
-4.669026448814336 1.6764044045223252 124.59413082556205 207.57565849999992
-5.6704809973970995 2.337538950794681 124.96966558845118 207.64151930000025
-5.725978590674217 2.4823144969050164 124.76647255798356 207.70683310000004
-5.779259123656281 2.502240046394688 124.55935131244664 207.77218850000008
-5.9551089017019905 2.741485204225705 124.63476717503329 207.8373056999999
-5.885410322439604 2.7447541064448835 124.53995260082677 207.90233910000006
-5.767116176465166 2.820695369124916 124.2620047224999 207.96803029999955
-5.998886745129219 2.4341510426338355 125.56427649078486 208.0337787999997
-5.365424764641887 2.37567171323101 125.42760767957536 208.09963869999956
-4.933994107518878 2.3514598213032074 125.64199386108213 208.16505620000044
-3.5010325139645957 1.745994728775783 125.47828343412188 208.2299847000004
-3.2878192517802773 1.6457619368833147 125.06659786818061 208.2955533000004
-3.3958508701763392 1.263439093475519 126.08918146401885 208.36092009999993
-1.0338646000293465 0.5861096054180494 123.75276100878891 208.42636870000024
-0.4364509752318355 0.7399479584602024 123.63256169730631 208.49135149999984
-0.5735944410383524 0.3541142046969513 124.54332235573634 208.5560174000002
1.4813451761829555 -0.4623904328936712 123.91499925451333 208.62096910000037
1.5249306322624108 -0.44663319658299105 124.89454601941027 208.6867874999998
2.0452636910628073 -0.8673234579730156 125.23579263747287 208.75245650000033
3.513656078782745 -1.130680546765426 124.3199549597049 208.81760589999976
3.815240199801572 -1.303202038330371 124.83433140205271 208.88334329999998
4.1926356650626815 -1.4795156084469543 124.74112834577718 208.9474478000002
4.434952569539213 -1.6212780045357087 124.68287149498856 209.01204700000017
5.533625857494805 -1.9287322652742906 123.4521539728915 209.07910679999986
5.642391060882041 -1.9742072994985311 123.86875322754531 209.14249399999972
5.513888523695769 -2.127269480428824 124.69700332185523 209.20820319999984
5.823523031835826 -2.3624300632019 123.89103044574755 209.27350540000043
6.100565257207073 -2.2018436596411277 123.06604981747262 209.33896600000026
5.883730452861613 -2.2385143190000263 123.80548733335144 209.40352350000012
5.780911369795696 -2.2436561169916147 124.00490792515878 209.4690154
5.8875348161267596 -2.1144932405559254 123.55037316403448 209.53451380000024
5.502412248732902 -2.1675882653624368 124.39036291525437 209.60074650000024
4.0763746024315 -1.7682184367901634 124.5325891598234 209.6651353999996
3.642953492123958 -1.6838077328735908 124.10026341047805 209.72981859999982
3.313900797900466 -1.4483859639478114 124.12081269941119 209.79436480000004
1.5333074379254086 -0.9129794461745628 124.33203027065063 209.85999079999965
0.826940302008424 -0.8304053254586193 125.01462566916194 209.92552710000018
0.9673472710819695 -0.6241055757724328 123.0972808120471 209.99215079999976
0.10632732647739829 -0.4822681770553836 124.69799671725941 210.05748959999983
-1.4513772937196165 0.12958391778366674 124.67423921509717 210.1231617000003
-1.8911256836264343 0.25832302172195526 125.00834427450059 210.18881820000024
-3.5714748339728786 0.9476158543475132 125.16204735884153 210.25364179999997
-3.779089905913878 1.1085846964019541 124.58242767796291 210.31930420000026
-4.2775493670558475 1.3237594608318088 125.37722835743017 210.3846362000004
-4.427924739427148 1.468393564112006 124.77738088357152 210.44868330000008
-5.227226576876092 2.127591281982992 124.31576567551339 210.51392289999967
-5.8877496215135565 2.251164305017397 125.63668285947422 210.57974279999962
-5.738599547983 2.3104744540393845 124.74935051290466 210.6439889000003
-5.9551089017019905 2.741485204225705 124.63476717503329 210.70866289999958
-5.999909703969863 2.719605242357467 124.90694764096895 210.7747648000004
-5.999909703969863 2.719605242357467 124.90694764096895 210.84064690000014
-6.049996924472254 2.536104656117156 125.06651727412851 210.90596089999963
-6.067220039090643 2.446649103307027 125.34156647667002 210.97128450000037
-5.689686575980879 2.320387098113489 125.33575466486246 211.03638239999964
-4.345538629813838 1.8358582850119631 125.05915827297551 211.10287510000035
-4.189845498539327 1.671264560200384 125.67523812998238 211.1674847000004
-3.7322620279800915 1.542728495509631 125.4776332903392 211.23214300000018
-2.005429080574949 0.9178774432484698 125.42939443066015 211.29728549999982
-1.5204759236180436 0.6826370013013597 125.34998507836987 211.36189099999956
-1.034147837490778 0.588474808511583 124.90440526616251 211.4280557000002
-1.034147837490778 0.588474808511583 124.90440526616251 211.4927821000001
1.0357005116023785 -0.5809473964975823 125.16893044389718 211.5585828000003
1.857419185999106 -0.4245024512961165 124.31156209463342 211.6248531000001
2.105323564356155 -0.5821838097212451 125.06234370758295 211.68908869999996
3.437399935011527 -1.2293585436447618 124.76502909524973 211.7549495000003
3.437399935011527 -1.2293585436447618 124.76502909524973 211.82000880000032
3.6651472779266285 -1.4321814107238005 124.68155721652104 211.88488330000018
5.128034078116926 -1.7126854260797286 124.59135134743796 211.9500054
5.596478058277 -1.995592175538126 124.08466272127335 212.01622190000035
5.665275249490065 -2.03706438759498 124.21245553899534 212.08508299999994
5.783503514414342 -2.158974470001824 124.00319148899963 212.1492447999999
5.909809749115517 -2.1600806900627094 123.88076998327898 212.21501420000004
5.788594280752648 -2.269433801597655 124.31101902234617 212.2797883000003
6.049834518094592 -2.1703546745415014 123.35580168464085 212.3446412000003
6.088217407123437 -2.1616135724869485 123.11573405712069 212.41089649999958
5.224724662395801 -2.073584187432 124.15634052973192 212.47741810000025
5.1379541400413515 -2.062898259316846 123.22964301078223 212.5415095999997
4.627404934083543 -1.825527795708552 123.98934709762895 212.60671280000042
4.18371753739887 -1.7647670312074792 123.84846125668739 212.67251980000037
2.1614913259708004 -1.1634829640731426 124.30705664404199 212.7376003999998
1.5259237285243756 -0.9346854593533194 124.74999467650994 212.80191589999959
0.29764912305014946 -0.5924011328186857 124.5223365508791 212.86846200000036
-0.15846097557398764 -0.408787896076543 124.4620598938948 212.93296250000003
-0.5204592428340575 -0.249239314647364 124.2187114201537 212.9977300999999
-0.8807590324232564 -0.12052882240460364 124.11252279183859 213.06337689999964
-1.0728982647410064 0.08612424536194926 123.63355968246788 213.1283199999998
-3.308071326890669 0.9361617406447238 124.30925471301197 213.19448339999963
-3.348792491323323 1.0647833241885485 123.42404988785634 213.25923770000009
-4.702346444972115 1.6567779776660778 125.01040605721973 213.32418859999962
-4.923160198723878 1.7911571992971547 124.99460822868403 213.3888694999996
-5.200211871774123 1.8969161743310237 125.07679016711593 213.45503410000038
-5.240215055804292 2.059467343948009 124.7503786344534 213.52076279999983
-6.152362347480967 2.6079307522148802 125.78724046008367 213.58717799999977
-6.152362347480967 2.6079307522148802 125.78724046008367 213.65370359999997
-6.256306132621837 2.7541265656538956 125.60877246594093 213.7179397
-5.829060135351796 2.741075914334301 124.6296195218549 213.78322389999994
-5.9981742767086175 2.716050480492198 125.13764041784445 213.8484773
-5.82385669218624 2.4760620970168916 124.72505352563611 213.91368729999976
-5.1067964177103065 2.1749628018345013 125.44904418842853 213.97920280000017
-4.28531296741405 2.2231143510196207 125.2352693777424 214.04472609999993
-3.0819398003394056 1.4287405558949196 125.32647473088862 214.11031230000026
-2.9765813875173137 1.2747443881402538 124.99642297322039 214.1760433999998
-2.5921673656087805 1.0977339177491758 125.3578650722011 214.24173410000003
-0.9502315863757218 0.5597797000809193 125.3428531132715 214.3068543999998
-0.24905108089613037 0.08947593739915438 125.20081817640644 214.3725961
1.3600744944777148 0.2078706474777562 122.7281271776997 214.43779749999976
1.3015984612224116 -0.016577162502927595 125.02823058410934 214.5040538000003
2.305040700405357 -0.8536483383111486 124.79845493809042 214.5680255999996
2.747662584184269 -0.7913493165652854 124.13460060049948 214.63462150000032
3.1598404392072297 -1.306967298632098 124.70559049478624 214.6998112000001
4.233826670677978 -1.6850128817205312 124.73718675085405 214.76413990000037
4.7246429207520535 -1.6153526538554739 124.16727407179908 214.8288166000002
4.972098947661529 -1.643918356529025 124.25334397621437 214.89433530000042
5.640209654677619 -2.197553292439004 123.72506093736347 214.96018749999985
5.935046400241816 -2.14810086424836 123.23381455235099 215.02575400000023
5.864487367292156 -2.0560978416932034 124.17261319037695 215.0915183999996
5.848342618015302 -2.267400971275371 124.23251064609379 215.15658429999985
5.888559350844503 -2.3471473316612093 123.87907907120982 215.22286559999975
5.765830286437364 -2.2525137249569362 124.68796467979264 215.28844389999995
5.687606213030293 -2.2323502949109884 124.2152326496182 215.35214489999998
5.238657012056059 -2.165124564999368 124.26783899611208 215.41848690000006
5.2255334968577145 -1.9835445059087893 123.37876579741861 215.48321860000033
4.609308390011321 -1.8141846849114405 124.4490802948058 215.5476305000002
2.971395433766588 -1.4778233535993308 124.12609264001503 215.6131292
2.6454863750906057 -1.3697762596495289 123.8807374703528 215.67839559999993
0.8299524152296058 -0.6436858849040565 124.40550464766869 215.7430592999999
0.24030352180172088 -0.5478771856832794 125.15134403443709 215.8082930999999
-0.07510454057839411 -0.4585856531375575 124.470595524196 215.87240250000013
-0.22207821396587235 -0.21388065092791567 123.55372919748521 215.93853479999962
-2.049991678150846 0.4571684781720593 124.74744408646214 216.00373880000006
-2.4991550816704873 0.5882526875655217 124.7153279186876 216.06910229999994
-2.9200747670954144 0.7641633754660997 124.95570482833728 216.13510510000015
-4.146880902404348 1.5022570327035365 124.48953567466458 216.20103350000045
-4.599572175345031 1.5029936603611307 125.265524036137 216.2666191999997
-4.851627125515911 1.7724598055211516 125.01229481209263 216.33195960000012
-5.922298001973132 2.3092686940320024 125.47057147767768 216.3963163999997
-6.019389192305219 2.4559971185055507 125.2737982951101 216.46163390000038
-6.112068799984108 2.512907268496457 125.4856767832273 216.52735550000034
-6.100438317402059 2.6979320154967956 125.32138259051281 216.59092500000042
-6.0440089215909865 2.6942007636947687 125.41255139650798 216.65637330000027
-5.514904465940312 2.7532103845443463 124.36071508799857 216.72193779999998
-5.179451007736574 2.491105140605557 124.34939242867901 216.7864768999998
-5.308618694100538 2.358761989525025 124.94892386571044 216.8515795000003
-5.456217750286072 2.1509804348659602 125.88603908467536 216.91764559999956
-4.8237527202680965 2.11725836483958 125.49204044716078 216.98291590000008
-3.5535001547275726 1.5412612345119288 125.79037026787293 217.0475161000004
-2.8737680771472185 1.3551756348302677 124.6572465328025 217.11218649999955
-2.4531214357016538 1.1751128370167827 124.63581848256835 217.17800979999993
-0.8115433227739786 0.5161197596213882 124.99669710027129 217.24311690000013
-0.46651588231541297 0.19124469928294857 125.0944523400662 217.30788810000013
-0.007821048882348691 0.0978769647602925 124.8895663528311 217.3734875
1.8473581595533943 -0.5419642550717385 124.61857842844749 217.43874500000038
2.288053939594775 -0.7695580437642614 124.63493662300438 217.5047923000002
2.413433904710125 -0.9533092758597266 124.99983540719495 217.56833600000027
3.9584953327922037 -1.598962350617984 124.32568827353779 217.6333211000001
4.519726952170075 -1.4095758877372981 124.13382010168174 217.6992618000004
4.802993137919906 -1.5159989178793702 124.02410463119575 217.76489690000017
5.533433800200498 -2.0941099453658247 123.84401230845727 217.82904570000028
5.536623400685521 -2.1201240262884795 124.24275795046007 217.89493820000007
5.878608708903151 -2.0909385013481545 123.73856756059465 217.96031260000018
5.7906969710830225 -2.2867723496495374 124.21023052551782 218.02616899999975
6.202758749605586 -2.223559812792156 122.71759986578599 218.09162840000045
5.788594280752648 -2.269433801597655 124.31101902234617 218.15686370000003
5.953462439715501 -2.2293216783370777 123.43772594523769 218.22214019999956
5.702371782667363 -2.2788772720494785 123.811866563884 218.2867054999997
5.430800768761586 -2.138828695526096 123.99800279079538 218.35177870000007
4.96418323731735 -2.0868679072367007 124.54931863958551 218.41787870000007
3.530811584027248 -1.5350623078202736 124.12959609565543 218.4987275000003
3.1802851097842293 -1.4952488560243111 124.03732981808287 218.56384119999984
1.3470585246851101 -0.911166825450235 124.4137699030633 218.62945860000036
0.8924021831076132 -0.726570023376058 124.31951949674804 218.69381619999967
0.31463581146746833 -0.5914833558169259 124.97590764656316 218.75979709999956
-0.11511212243395619 -0.41503860427537964 124.65945269602648 218.82543139999962
-1.5273177597026546 0.22999445478405406 124.54177957026249 218.89046990000043
-1.9209075423857698 0.3523383930645906 124.45862514545985 218.95580619999964
-3.6071713024679184 0.9620390133417585 124.82031116270963 219.02144239999961
-3.699716677401831 1.1342170470528914 124.13397907668634 219.0874119
-4.325717005623417 1.2969765794063333 125.31454832518834 219.15337350000027
-4.631162760087783 1.4386392147400302 125.2905562296825 219.21989519999988
-5.611636020565761 2.256925812422704 125.29092622400526 219.2851268000004
-5.744540181827233 2.2867393984972115 125.02065222352569 219.35051349999958
-5.4336646894858305 2.404085604336973 123.81677195039339 219.41533170000002
-6.140774367408788 2.7066324766620475 125.26037368939527 219.48013400000036
-6.0354224808238115 2.7083963562319835 125.17686399752442 219.54420740000023
-6.19128888283965 2.734453593548643 125.78373880994678 219.6094364999999
-5.725306129781465 2.558162084020519 124.50628978057885 219.67285939999965
-6.109970491774881 2.41997229170153 125.8490147430607 219.73870950000037
-5.573230891088727 2.308144917701932 125.53858371200468 219.80378399999972
-4.917817960629641 2.2748354281458605 125.08501208906931 219.8688419
-4.030411042906572 1.6804267805673787 125.64188446197191 219.93495100000018
-3.8105761006622885 1.601179621468592 125.66083374741183 219.9998975999997
-1.7746527701195944 0.7179749408217774 125.65834028863814 220.06506069999978
-1.012115766842804 0.6619933524704544 124.75110549958539 220.12977339999998
-0.5737420419374715 0.6175028643494123 124.46394651948647 220.1955865
-0.47359123522872437 0.1743864730920724 125.19445827700353 220.26127220000035
1.3300910008889986 -0.4152728736091841 124.73354969652607 220.3260097000002
1.990855261733202 -0.4372111783917838 124.50577524975711 220.3913677999999
2.408563022685854 -0.6453547117220447 124.39114494508576 220.4569259
3.5773371193857173 -1.2218134161007406 123.86395401401064 220.52270659999976
3.6649156473739097 -1.3843555988218403 125.04646096697752 220.58783820000008
3.6649156473739097 -1.3843555988218403 125.04646096697752 220.65403270000024
5.448705240789202 -1.8439624612999699 123.80967760638354 220.7177029000004
5.471200064581232 -1.9954904285253394 124.08966467542814 220.7830481000001
5.539368587913664 -2.1616998628092032 124.22103094326916 220.8487451000001
5.764744111588193 -2.222817983101165 123.87765522626995 220.91451830000005
5.764744111588193 -2.222817983101165 123.87765522626995 220.97983039999963
5.676881252467695 -2.3091835104153215 124.2646700360122 221.0445351999997
5.657575994864644 -2.349528742939977 124.1541178793817 221.11206519999996
5.758544918917465 -2.238390647971969 123.8115215810539 221.17593709999983
5.758544918917465 -2.238390647971969 123.8115215810539 221.24129340000036
4.914501760806374 -2.0913141236556965 123.92255439499259 221.3086059999996
4.545565546181265 -1.8280005959104324 123.97365644189581 221.37369099999978
4.046294242049605 -1.7897040472962003 124.22610800713188 221.4392888000002
2.15702700511504 -1.077200258250304 123.85001717198547 221.50385840000035
1.5936447448335258 -0.9524675407735443 124.47535951883279 221.56868769999983
0.18068033793221616 -0.4369375162673832 124.15543196519306 221.63282619999973
-0.5452529653310307 -0.29511318811419196 124.71744513508233 221.6980497000004
-0.8689811744949054 -0.1641121200551857 124.68175118457967 221.7632679999997
-0.9675271220496668 0.02209459104528147 124.03828471232256 221.82824379999965
-1.3124644147433457 0.23380035839879654 124.16666293761374 221.89355479999995
-3.600600739451373 1.0059791787954733 125.20218841865197 221.95875160000014
-3.9471255066882662 1.1988799789184994 125.16209102176151 222.02468990000034
-4.5397048442556525 1.6351635029309723 124.39212569440824 222.09033519999957
-5.049223750959108 1.7618688827181368 125.24762820639235 222.15585999999985
-5.246247052602435 1.8763510458067183 124.57316692484423 222.22076780000043
-5.2103187844777 2.019746148900777 124.15837896871632 222.28470319999997
-6.063306352139115 2.663517794282134 124.9620781936344 222.35037069999998
-6.063306352139115 2.663517794282134 124.9620781936344 222.4165221000003
-6.209927565800626 2.6875243737779466 125.46104833316643 222.48086609999973
-6.104010410441894 2.7140166500754077 125.2236145667967 222.5455806
-5.762545070816316 2.623454930246118 124.31221756611977 222.6105067999997
-6.112068799984108 2.512907268496457 125.4856767832273 222.67619120000018
-4.371188044528758 1.9614463066220114 125.13323912127858 222.74353489999976
-4.371188044528758 1.9614463066220114 125.13323912127858 222.80848810000043
-4.1558921773890845 1.8271496487774186 125.1676791458429 222.87408810000034
-2.2170472757676905 1.2716627057193843 124.52846752952982 222.93869280000035
-1.7049748814630306 1.2811572748285616 124.84759928162005 223.00427200000013
-1.2971182536194945 0.9273334034361009 125.14955672251918 223.06970439999986
-0.1925025690401796 0.20888105419237862 124.93738997842061 223.13706639999964
0.3100023038728068 0.15579906519237682 124.69277355652586 223.2021990000003
0.5890306696125052 -0.20433618245368138 125.11974276719535 223.26591050000025
2.235865349474622 -0.8106481858061098 124.96947617214117 223.33175409999967
2.7345448386467552 -0.8964710926157582 124.4843930017148 223.3967300000004
3.0996331402680397 -1.1831118117694621 124.77686907491604 223.4624947000002
4.883790418427843 -1.4091654793441726 124.03943187677035 223.52758840000024
4.913686209766851 -1.6453010450084293 124.3242653951243 223.59360840000045
4.871146494584863 -1.916112248369331 124.5268518450845 223.65800760000002
5.9292758952798295 -2.062474541994607 123.20671148320898 223.7237653000002
5.868073960246534 -2.13898386686807 124.07622095238678 223.78956319999998
5.788594280752648 -2.269433801597655 124.31101902234617 223.85463270000037
5.943240926862472 -2.3370322740865057 123.57004515043836 223.9204749999999
5.761192070254808 -2.2240791679815626 124.63172340701995 223.98546309999983
5.9449409995132925 -2.2168732150492345 123.80905569300045 224.05142400000022
5.428500838809967 -2.1651568530468155 124.16189748142156 224.11591299999964
5.070163422391829 -2.102559064420525 124.48158162188123 224.18108670000038
5.033841228124636 -1.9817024960720824 123.49713926513537 224.24614099999962
4.61348635746964 -1.7899597882880842 124.10278624126067 224.3129239
2.862320558138528 -1.4281266637367251 124.24290660606299 224.3776681999998
2.4876558621632867 -1.2636950298465073 124.02464701571985 224.4425924999996
2.107166234945126 -1.1768159961588989 124.27977877236532 224.50689799999964
0.07139233729564154 -0.47018732459786194 124.95101875758806 224.57220979999965
-0.14021103705192672 -0.3824962560409646 124.04306707786802 224.63801599999988
-0.7960907994235242 -0.16976712233088107 124.72271558831844 224.70359559999997
-2.2907047976935644 0.44298580270390087 124.79507706689603 224.7674466999997
-2.533716655205623 0.7449980573314241 124.50386583606716 224.8341319000001
-2.88895453790618 0.8439597436966114 124.59471209303997 224.89901420000024
-4.524456757565659 1.5105505313901075 125.22780446860529 224.96291920000021
-4.654368402216569 1.5913096368538948 124.85186288601832 225.02857140000015
-5.010166856644879 1.8992663943743588 125.11045370283733 225.09334500000023
-5.687348216980148 2.355884423778196 124.76747772175601 225.15796450000016
-5.900581982045047 2.423926085446522 124.92621338064647 225.2236186
-6.006691634051201 2.470328528852979 124.92980698015533 225.29003319999993
-6.190667826287978 2.57215451690584 125.33542215726001 225.35453330000018
-6.098907990371032 2.694028983613795 125.55870346713117 225.41994880000038
-5.6331160904254745 2.7439384137754828 124.52851621920155 225.48441860000003
-5.2497435773840095 2.374670501025147 125.60081560987183 225.54940999999963
-4.967843464646393 2.259452560090368 125.43937733615421 225.61506389999977
-4.9697458475418514 2.2007246724697906 125.24336224592334 225.67971599999964
-4.76528467483832 1.951383206504204 125.26525878018735 225.74449639999966
-3.3941359542460816 1.533233134240985 124.93747841268097 225.80961169999955
-2.9510387964399527 1.2974451600432215 125.3150340098303 225.87406290000035
-1.7613679096276584 1.108644489701368 124.30454786703949 225.9396440999999
-0.8828233861640911 0.3227323691404833 125.43799403797054 226.00689899999998
-0.3487088716151092 0.048725887154767666 125.19616304606757 226.0710011000001
0.05872920408349103 0.08373015187384428 124.93303026421623 226.13704419999976
1.7320131695122356 -0.5602978876999992 124.98229047247455 226.20292849999987
2.221315108963637 -0.8258488925887507 124.9381941353783 226.26786090000041
2.7829359502376647 -0.8754855403025454 124.30911628219359 226.33344279999983
4.007576540728742 -1.479074098022128 125.1596568972125 226.39830220000022
4.525772131463391 -1.5134235092970034 124.21267975882498 226.46394659999987
4.687864399185074 -1.6213019672926041 124.66871431363349 226.52836000000025
5.472627597865127 -2.0180428407408493 124.24242452811674 226.5935214000001
5.720397438548389 -2.0524258420408215 124.00105546971147 226.65871340000012
5.723361274576021 -2.1426701729050146 124.23438656926153 226.72431899999992
5.788594280752648 -2.269433801597655 124.31101902234617 226.78924410000036
5.9449409995132925 -2.2168732150492345 123.80905569300045 226.85387549999996
6.002480084707344 -2.2151599182894626 123.73929274090133 226.91919710000002
6.002480084707344 -2.2151599182894626 123.73929274090133 226.98376970000027
5.709532953895305 -2.0931411887957867 123.5085840334735 227.0486423000002
5.305663667100887 -2.1385987540780236 124.00293480542058 227.11412430000019
5.215223028960615 -2.0165077358718952 122.90734991679729 227.17969360000006
3.397419565634152 -1.5179218343437 124.25470641728243 227.24561249999988
3.017701134174935 -1.474382038061986 124.44526391890336 227.31132909999997
2.5355698875391752 -1.274621514805692 124.38761597739257 227.37601639999957
0.8299436663249224 -0.6963813522475335 124.62715769721545 227.44106759999977
0.4796693681771558 -0.513694053863188 123.87818846906617 227.50516900000002
-0.032947984362344584 -0.4091179135294172 124.45746935114073 227.5697694999999
-1.769255493805808 0.30605942779331463 125.05189755781495 227.63433449999957
-2.27027221989362 0.4132514163605102 125.12556351457152 227.69976709999992
-2.4991550816704873 0.5882526875655217 124.7153279186876 227.76423109999996
-3.9226352462152505 1.3118340455257913 124.52110147694015 227.8306002999998
-4.431287652049093 1.4465652465681231 125.2539986756121 227.8937321000003
-4.5059981179556985 1.6186994698353683 124.59314014707682 227.96059010000045
-4.818243252777357 1.729953156821071 124.7803348272064 228.02639050000016
-5.728659811265139 2.3577381406324336 124.77587047399233 228.09124820000034
-5.811097417161662 2.465222249109594 124.87264258805462 228.1561429000003
-5.842634177103868 2.7510074651057552 124.48561936363274 228.22161680000045
-6.104010410441894 2.7140166500754077 125.2236145667967 228.28707349999968
-5.867749965877628 2.7424554986692486 124.63032832387034 228.35157729999992
-5.867749965877628 2.7424554986692486 124.63032832387034 228.4169141000002
-5.994899651697942 2.370908679608586 125.49855811317704 228.4817353999997
-5.424058745212136 2.280328051794959 125.30597312801723 228.54563359999975
-5.114281994689762 2.2498977414784505 125.42656575069425 228.61138109999956
-3.856336266055415 1.6342345876385753 125.34500827702982 228.6754831999997
-3.406354044056549 1.4578880362763258 125.10328253341157 228.74078869999994
-3.057796696811245 1.3282753317605909 125.20763457109152 228.80613580000045
-1.1483445438703583 0.5544691958204663 125.12833095299573 228.87012640000012
-0.7114569487935469 0.4620591689943305 124.71444204804014 228.93610489999992
-0.5587814357661003 0.1651548882802448 125.40851048476561 229.00096620000022
0.08081870932615942 0.02775673504133261 124.77794011132106 229.06591449999996
1.5639943384137212 -0.6822836771411485 125.7838109701428 229.1323940000002
2.1765230013654673 -0.8038384130510203 124.87556556511402 229.19778529999985
3.636667508485857 -1.2005169306367294 124.56994972192172 229.26183130000027
3.9828147096789763 -1.434250463956053 124.74053667045182 229.3266553000003
4.41150982736432 -1.4980164514489651 124.2633104775122 229.39220750000004
4.41150982736432 -1.4980164514489651 124.2633104775122 229.45704490000026
5.190463879670602 -2.024834474338736 125.11821840060075 229.52266500000042
5.538121383718099 -2.144607017871019 124.31745887010842 229.58787370000027
5.878608708903151 -2.0909385013481545 123.73856756059465 229.65278839999974
5.788594280752648 -2.269433801597655 124.31101902234617 229.71849629999997
5.788594280752648 -2.269433801597655 124.31101902234617 229.78412899999967
5.788594280752648 -2.269433801597655 124.31101902234617 229.84967680000045
5.845997161803602 -2.2447608687111966 124.08169658450561 229.91631919999963
5.73145421098684 -2.217773890856099 123.77963771095843 229.9809524000002
5.337926747206417 -2.1198895365284156 124.3147204593483 230.0467295999997
4.295182312863361 -1.8129081349948815 124.3744145504322 230.11046369999985
3.937913495604114 -1.7460070727172803 123.98441394204792 230.17674369999986
3.530811584027248 -1.5350623078202736 124.12959609565543 230.24164480000036
1.3667871521051893 -0.9690392605676168 124.56550726969029 230.30775150000045
0.9838442870574156 -0.758418162965668 124.00990355894038 230.3716432000001
-0.4070110303407404 -0.3226438130053063 124.02690122586925 230.4371097000003
-0.7527850723759855 -0.0816210468649031 124.27412201864902 230.5043813000002
-1.2111117710266797 0.03195611067146978 124.6746461710874 230.56858620000003
-1.5376329579352586 0.21830089805288155 124.49928444776673 230.6350093000001
-3.7271019145382596 1.006276079148491 125.20720940140932 230.70154550000007
-3.774661266969524 1.258678621022418 124.30449328621668 230.76555540000027
-4.119499817770496 1.3823769307499911 124.36466987221766 230.83031719999963
-4.780190866613388 1.8839653183423304 124.28000658959454 230.89444670000012
-5.167515966004153 2.05528845337246 124.79144716995884 230.95900580000034
-5.312006869468561 2.2300668069702336 124.76275570942379 231.02500390000023
-5.859347159752858 2.355323872853604 125.784180084771 231.09025699999984
-5.91437872895407 2.7478163222118277 124.58690365857441 231.1551884999999
-6.077370090182406 2.7100237355037007 125.1852117999652 231.22130519999973
-5.479090336289808 2.7666467060463438 125.07416431442451 231.28550559999985
-5.497527913709696 2.6262889998684398 125.58946489807971 231.3497739000004
-5.428403626234889 2.569860380780239 125.29909113417767 231.41550050000023
-5.135725429033386 2.4937958055919927 124.5296426302776 231.4807135000001
-4.234716115227336 1.7951280547269184 125.48054300048322 231.54611289999957
-4.234716115227336 1.7951280547269184 125.48054300048322 231.61234669999976
-3.852422191461798 1.7018191449232472 125.12509576844435 231.67630110000027
-2.32539800481738 1.0607893049631991 125.24285011222116 231.74199359999966
-1.6465617510063524 0.859932259206126 124.51700962254286 231.80692939999972
-1.4781653477483516 0.5931977589878417 125.48004152517181 231.87324720000015
0.6538398932019547 -0.008280392994934882 123.77454781850884 231.93950740000037
1.0100245641387033 -0.123723763990881 124.63329696141153 232.00502789999973
1.4702559798521904 -0.4511946792596434 125.17253405840329 232.07015620000038
2.9857321965612726 -0.8125742069209043 124.24777730051028 232.1370826000002
3.0447631455709327 -1.2044855048652672 124.97703126982802 232.20067720000043
3.3768960031261415 -1.2965266497825663 124.75478372414557 232.26531429999977
4.637305484543212 -1.6838324713579604 124.87219287424443 232.33142060000046
5.320140059328111 -1.7985635062452658 123.90081403996375 232.39590039999985
5.262580304589328 -1.8767193326947802 124.7021251051867 232.46016679999957
5.7906969710830225 -2.2867723496495374 124.21023052551782 232.52565820000018
5.747957359192483 -2.3319274560527234 124.52026892567606 232.59146130000045
5.9256551667752575 -2.1731118543100503 124.08759735946035 232.65671159999965
5.762242571260735 -2.353918484436585 124.54384493370411 232.72285480000028
5.812043845738934 -2.3709790633001666 124.11611914472897 232.7887664
5.788594280752648 -2.269433801597655 124.31101902234617 232.85444600000028
5.051451983620083 -2.040150714454867 124.17988234184237 232.92080629999964
5.053165134517322 -1.9517888741478573 123.16607251465891 232.9857761000003
4.573908678851822 -1.7248208452621667 123.84544191489151 233.0515631999997
4.140104050363163 -1.7794605766475264 123.7785222211237 233.1167746000001
2.4141120868316293 -1.2205485189909393 124.47342136512111 233.1808084000004
1.9008400313991984 -1.0621181689764025 124.49086134238155 233.24439259999963
0.307971857942988 -0.4764070465442728 123.70112616509523 233.30970059999981
-0.34713663164794895 -0.27283150474729534 124.46966207488401 233.37396809999973
-0.657418517760739 -0.11900213046931282 124.03706078653337 233.44021030000022
-1.1036806465964588 -0.015521954646535108 124.50489716883023 233.50465540000005
-2.464799436041382 0.7157185552851164 124.0422226023313 233.5694970000004
-3.223153247214441 0.8659248629081783 125.26811996214806 233.6341714
-3.64585995250318 0.9373833117020601 125.19703496764726 233.69955610000034
-4.5397048442556525 1.6351635029309723 124.39212569440824 233.76422379999985
-4.941115177081052 1.8888881309301488 125.23211372622328 233.82914580000033
-5.273769550255601 2.0133979278373375 125.22172611041601 233.89369700000043
-5.897813057626422 2.5486402482676005 124.91655954856942 233.95895660000042
-5.765892138188654 2.6877902805683687 124.44366811143206 234.0240987999996
-5.660737587718117 2.701972392790077 124.31711346887015 234.09093219999977
-5.857731506891064 2.7908319435731057 124.83274751175256 234.15469010000015
-5.829060135351796 2.741075914334301 124.6296195218549 234.21940900000027
-5.89503924830764 2.6733382447429377 124.90689665149348 234.28521180000007
-4.902335494382953 2.295828145015555 124.777119025256 234.35101659999964
-4.847557053260438 2.2588121720797063 125.45047656848423 234.4157441999996
-4.750998539601781 1.9968037110621404 125.61262436667664 234.47956720000002
-4.341612463243941 1.9099490952593514 125.60611443962478 234.54352519999975
-2.903582940039591 1.28702837579839 125.63316207636308 234.60807690000001
-2.649253532277541 1.0467876614263674 125.42373745200638 234.67376119999972
-2.031476780886699 0.7849693251181327 125.37294082605644 234.73845429999983
0.1743313701963558 0.3371829419789547 123.63475666574979 234.80478820000008
0.34314428179878576 -0.05684303689387346 124.73163671493845 234.87073899999996
0.7510980605392064 -0.3673593078980386 124.67147426177712 234.93600929999957
2.279519931527446 -0.7278242997415026 124.8091144934159 235.00148379999973
2.7937231567173555 -1.0622765670964773 124.83480116157114 235.06665090000024
3.3457946490870825 -1.021052503571313 123.98631254308212 235.13132080000014
4.635701767877023 -1.6156775888987862 123.84170421897885 235.19509370000014
4.474242297474625 -1.7436401696610124 125.07364108549748 235.25957310000013
4.95625966247615 -1.841274149133825 123.83785826080462 235.32517139999982
5.81897395616474 -2.0889289910559747 123.570145783731 235.3894737999999
5.845997161803602 -2.2447608687111966 124.08169658450561 235.4546290999997
6.016622556519074 -2.0985485733649893 123.85832717922762 235.51974950000022
5.892072406370474 -2.252468946328951 124.68167453303042 235.58356389999972
6.069749796785793 -2.198262457679386 123.64747850691454 235.64924900000005
6.035283118433924 -2.2182118322582522 124.00800923757386 235.71584340000027
6.159964854751507 -2.20208539839847 123.28057575822183 235.7800741000001
5.226445854912356 -2.1353544765675214 123.9882088532599 235.84497920000013
5.255427302785549 -1.8834621389611717 122.63126291537782 235.90939379999963
4.4172843832871465 -1.8812400346721212 124.64343974221268 235.97400050000033
2.7861521200458697 -1.3995696737762253 124.38090970656378 236.03933729999972
2.4847176659890806 -1.3024845437905275 124.26158078960312 236.10578270000042
2.0806639018139492 -1.1019278370646817 124.1242104919181 236.1702707000004
0.15186654935141775 -0.5360356814038716 124.38478525715682 236.2353202000004
-0.39017880750061806 -0.3837404586723586 124.92283208397521 236.30230910000046
-0.8927654461335379 -0.1401203280323047 125.1217684811085 236.3678388999997
-2.35010162265138 0.5228311265692642 124.93131957221891 236.43410440000025
-2.448183537396318 0.6265336846745524 124.09542785604394 236.4988169999997
-3.0753321587002844 0.9021952855234991 124.99974118160421 236.5636112000002
-4.400772282849651 1.477836958618284 124.76693690096833 236.6294224000003
-4.720530376262623 1.5507723480901308 124.83586452196747 236.69450620000043
-4.871751340258442 1.750696257114954 124.569082305638 236.76009140000042
-5.1664071787748185 1.9779009548122077 124.84691668572974 236.82440750000023
-5.581001235316961 2.5108247481740147 124.1864905890004 236.8896219999997
-6.069236449768319 2.462451376673974 125.2382296494447 236.9550952999998
-6.212913569639269 2.5622448003221314 125.47130734514792 237.01900810000006
-5.972416790384543 2.7322844373571478 124.75654399180374 237.08419010000034
-5.9551089017019905 2.741485204225705 124.63476717503329 237.14984819999972
-6.106850454569646 2.5890144513750206 125.23343290623242 237.21572949999972
-5.101993437036732 2.25949627177478 125.4629877930323 237.28115789999993
-4.944635072995901 2.152595965737153 125.93739713199537 237.3482001000002
-4.259312209407774 1.9706736513144603 124.7788855007503 237.41164709999975
-3.119184652620625 1.5197728293549957 125.0550987866734 237.47618479999983
-2.8762465275720146 1.3117033125235937 125.2734974800662 237.54257099999995
-2.665747439705356 1.0666287138133426 125.20642568218862 237.60682439999982
-0.6610907563778881 0.2443949241263397 124.30986242370804 237.67156630000045
-0.11922001128161241 0.4144649326218468 124.64434604567721 237.73742839999977
0.47886780058881584 -0.023859475837698735 124.48076575158122 237.8017573999996
1.0923070845637355 -0.1539283432594389 124.05937071776592 237.86792309999964
2.122367480963497 -0.7700217584990199 125.08338544777817 237.93325650000043
2.466539747638926 -1.1112296308262637 124.71826665282572 237.9981299000001
4.1909995886899765 -1.4206246205422977 124.26630979078476 238.0627924999999
4.76871072010254 -1.4401073649390388 123.65742786697794 238.12945469999977
4.8270983490175965 -1.707736513137505 124.1443803614238 238.19397449999997
4.8270983490175965 -1.707736513137505 124.1443803614238 238.2589369999996
5.694204171134977 -2.0887277777713624 123.57539334511819 238.3238240999999
5.539368587913664 -2.1616998628092032 124.22103094326916 238.3895118999999
5.662852574766482 -2.2694335148680382 124.31703676214472 238.45415239999966
5.7938097418091985 -2.305853731120318 124.04403515230112 238.51887970000007
5.7938097418091985 -2.305853731120318 124.04403515230112 238.58334970000033
5.740962862522146 -2.290453439710714 124.24647044288135 238.64920110000003
5.554036386245244 -2.165250781602353 124.15604945355489 238.71543829999973
5.4450071105090885 -1.9893395232060116 123.73627406983758 238.78086859999985
4.957061482871971 -2.0589783273316176 124.14649656572631 238.84691469999962
3.8570134963674008 -1.7282547746654382 124.40620154519395 238.9109722000003
3.2143879027046793 -1.5831604669302748 125.14368666891882 238.97619849999955
3.2199961675729227 -1.4416680377116282 123.34482272353334 239.0419480999999
0.7123638084055912 -0.649400097269452 124.38149616161205 239.10608039999988
0.2563339963507829 -0.553358463974168 124.82858900517026 239.1704050999997
-1.0365123170201826 -0.15708227184450466 124.48899147459049 239.2352162999996
-1.1191902165263414 0.025554653050439774 123.80180901766668 239.31681229999958
-1.8808693975970527 0.319090622643112 125.0845920309799 239.38210030000027
-2.2926779757208493 0.38721857511549734 124.94699481919169 239.44720940000025
-4.048959781627985 1.296733120077193 124.80593060012146 239.5103283999997
-4.497649175788887 1.4514059948810947 125.19304132410258 239.57479049999984
-4.582081406820336 1.5983594548759683 124.8225950583282 239.64123730000028
-5.482472562811353 2.0658165382790736 125.35525307371772 239.70719519999966
-5.614800163107091 2.272800004392421 125.18996134162596 239.7719748999998
-5.497634503630458 2.3804538690771566 124.34168828552542 239.83673389999967
-6.023887087485825 2.7754080015207516 125.17161990480366 239.90158530000008
-5.958124678981875 2.7787715217848996 125.08872995305073 239.96719680000024
-5.958124678981875 2.7787715217848996 125.08872995305073 240.03214690000004
-6.022886774102382 2.6343365865047814 125.27844353181477 240.09636109999974
-5.897813057626422 2.5486402482676005 124.91655954856942 240.16160010000021
-5.9381366377261955 2.418960864406716 125.83033361746604 240.2275636000004
-5.277465215744925 2.2994906707498943 125.58697002081759 240.29290349999974
-3.685947892533086 1.9296318248635946 124.46966148775 240.35909720000018
-3.887910249078395 1.5353045856001566 125.71151538484945 240.4250136999999
-1.8749954714236239 0.9600417532641558 124.99479647788957 240.4900189
-1.5892845917644323 0.7935316630608902 125.36432153096858 240.5535259999997
-1.0153418353302186 0.578789771856493 125.05097435177929 240.61856100000023
0.3846762980184195 -0.14830838192786175 125.27721084662689 240.6841069000002
1.1027287165072224 -0.27269946566877856 124.5326159596743 240.7489475000002
1.3786697789114726 -0.29797755539196114 124.98516869567385 240.81303039999966
3.0460924969102123 -1.1318007261607723 124.42093940238995 240.87802740000006
3.171743274227609 -1.2044738483320607 124.96911123212281 240.9434484000003
3.7170750436441296 -1.2697656263744224 124.299859546083 241.00881240000035
4.871756940909428 -1.7071781781988398 124.53011067118602 241.07371719999992
5.036821290020683 -1.9115250265451844 124.24185067196389 241.13950320000004
5.351259986321956 -2.03652777369385 124.31682832169828 241.20405649999975
5.717415623684786 -1.9057628326495162 123.81299364734275 241.26908269999967
6.051024260513614 -2.190480679909258 123.44223528971624 241.33477779999976
5.961833495329124 -2.3399419048305803 123.67402605840718 241.40154170000005
6.002480084707344 -2.2151599182894626 123.73929274090133 241.46612559999994
5.8899649257686875 -2.2228363818367094 123.87174176917604 241.5306717000003
5.8899649257686875 -2.2228363818367094 123.87174176917604 241.59576689999994
5.883730452861613 -2.2385143190000263 123.80548733335144 241.66057920000003
4.747034811680855 -1.871280580822551 124.0618704621278 241.7262265999998
4.231324299323234 -1.814076948703351 124.46838810290633 241.79027479999968
3.907154192738844 -1.7271175206961504 124.37415862294762 241.8554855000002
2.3003312256196224 -1.179236462279594 124.16933819712239 241.92131429999972
1.66807101087646 -0.979039514192978 124.90002252835528 241.98484129999997
1.240493337163656 -0.8769236542238525 124.81343339280612 242.04988239999966
-0.5347546142910673 -0.28312436167358235 124.47345362563067 242.11568689999967
-0.8103129323196896 -0.06420438954808097 124.26022592197593 242.18110679999972
-0.968548850275802 0.012968119571188236 123.78977292548907 242.24768940000013
-1.6633105891811582 0.2605391475243384 124.92872366289285 242.3127475000001
-3.2203618687383795 0.8493066771929616 124.58609796747034 242.3772809000002
-3.774938636527999 1.0076818922458317 125.23326170984502 242.4422267
-3.9583702035205306 1.222340052724762 124.8225825501844 242.5069381000003
-5.054368209824268 1.8359231824435434 125.05755089340192 242.57185169999957
-5.207660478601589 2.0643132612682162 124.5275490433499 242.6369953000003
-5.718176580213608 2.2495181636322754 125.62269427544487 242.70159839999997
-6.17414471780009 2.5694345968353294 125.42892830645619 242.7665010999999
-6.153344319194105 2.6553148641435094 125.38076141213833 242.83231220000016
-5.908173513307794 2.7356354102761733 124.6777109171658 242.89652980000028
-6.063821271588637 2.712528747917279 125.21938601384788 242.9622215999998
-6.1083643990344925 2.6381503740492502 125.47323445486764 243.02642990000004
-5.940470557934873 2.5384360725124915 124.96891891300943 243.09166809999988
-4.731078761696224 2.113164510748182 125.59788876577291 243.15629650000028
-4.237465930146449 2.0320079903207233 124.98994330181405 243.22143830000005
-4.1790927900634856 1.8156614616122182 125.30923467051863 243.2870155999999
-3.9536967218132375 1.617195482015401 125.59967889855444 243.35287030000018
-1.8859065808384017 1.0499998417948593 124.5577257620737 243.41962189999958
-2.0297452267540663 0.7771861720456905 125.50199196523728 243.48407409999982
0.17863516303840044 -0.1375185096599418 124.33407723677534 243.54846569999972
0.6255589138530766 0.07938745980736069 124.3415520556835 243.61412819999987
1.1355738203154928 -0.2489256454819719 124.63056293032412 243.67762610000045
1.4352214836988253 -0.45469281240895076 125.14558895557437 243.74245650000012
2.7276871754497023 -0.8686003447307653 124.92578970115488 243.8073830000003
3.245783813118294 -1.3051218410447396 124.46253643580323 243.8725003999998
3.4401819267101956 -1.303045059247753 124.82330853717224 243.93721470000037
4.745702330337082 -1.6875711443548773 124.68533280701504 244.00260059999982
5.268181705795598 -1.8498189992118224 123.87901989391771 244.0691294999997
5.2950476669149396 -1.8076706047330453 124.0495047539537 244.13500060000024
5.788594280752648 -2.269433801597655 124.31101902234617 244.20042139999987
6.134779464410933 -2.2067761766262635 122.98782773663159 244.26476939999975
5.821409637662825 -2.247800254093958 124.62898571047025 244.3299890999997
5.77054423438836 -2.309215384370809 124.32421504901411 244.39426850000018
5.881996862678939 -2.342482628976308 123.83447571667614 244.45997410000018
5.848342618015302 -2.267400971275371 124.23251064609379 244.52523389999988
5.101075023553058 -2.035975273780524 124.1452151084274 244.59036819999983
4.8781833196145925 -1.902676469328357 123.97848524719112 244.65603060000012
4.348453911064034 -1.7715171606527351 124.43329691314483 244.7204466000003
4.053975015498679 -1.7041817712913305 123.86683277977377 244.7852272
2.3505210255604183 -1.1645086921483985 124.21297617552185 244.85122320000028
1.9223344418204817 -1.0536584160537825 124.19012827500178 244.91617750000023
1.3725073407075143 -0.8693562177067988 124.52060638731763 244.98151159999998
-0.48612132574206157 -0.3196453435498098 124.8811968243592 245.04679790000046
-0.8536885784029238 -0.1407515016895999 124.50107149665764 245.11225250000007
-1.161189756480134 -0.005251234641252406 124.49153467829933 245.17872220000027
-2.889902436732349 0.6959991321421894 125.11228757632436 245.24324160000015
-3.347614055195777 0.8678709802122492 125.24301691520209 245.30799509999997
-3.834673137670933 1.0027395664281284 125.0643215645945 245.37442350000038
-4.8670323692474255 1.770414850687099 125.19988039616256 245.43957709999995
-5.131515007789524 1.8161078460883118 125.28744680036358 245.50508780000018
-5.153223197682678 2.0437153232586063 124.73381573570175 245.56944250000015
-5.779259123656281 2.502240046394688 124.55935131244664 245.63349910000034
-6.212913569639269 2.5622448003221314 125.47130734514792 245.69866850000017
-6.010526755241862 2.669198465308122 124.79858269362877 245.7631905999997
-6.175849955395776 2.7600621542070978 125.55844477504729 245.82841780000035
-5.932905623590187 2.787789538028964 124.94363150629538 245.89260579999973
-5.7439305339937405 2.7087169478784396 124.26862868751058 245.95749539999997
-6.089253388891699 2.5247381580705612 125.3515552537914 246.02310849999958
-4.658558593487008 2.054887846787184 125.43615929908411 246.08870269999989
-4.117871129734809 2.015592228392641 125.11981315259175 246.15409929999987
-3.774921552508225 1.4730770956577757 125.81539390738017 246.2182941000001
-2.5165736913012964 1.2973629287464057 125.3962750728467 246.28365010000016
-2.3614437793472334 0.9309544854897226 125.23162546149 246.34872929999983
-1.3122947835575545 0.7861620928614579 123.77851540063095 246.41392890000043
-0.40098716386768274 0.18562372453957382 125.16260817728977 246.47824409999976
0.38864155896791885 -0.19339421066618337 124.43984879733846 246.54420140000002
1.8075713058038687 -0.04637140148561891 122.45870184304128 246.6101864000002
3.218599254316686 -0.553923974370833 123.77848975930983 246.67410000000018
2.9578006776852206 -1.2079037186812966 124.43297771658348 246.74040539999987
3.095440558834774 -1.1213539415873466 124.15494466964734 246.80528049999975
4.638110806663164 -1.558973655769423 123.91631951321192 246.8715419
4.892530570125025 -1.8496485499400326 123.89649728356655 246.93616209999982
5.102639257823206 -1.6858781535051284 124.36055799620831 247.00131469999997
5.102639257823206 -1.6858781535051284 124.36055799620831 247.06674870000006
5.639592520354043 -2.2525479806289512 124.6942150074026 247.13225880000027
5.9449409995132925 -2.2168732150492345 123.80905569300045 247.1974183000002
5.906183992963612 -2.2436595883765 123.99971205800918 247.2618097000004
5.9319465400518965 -2.3277806914545343 124.08083852008978 247.32587719999992
5.9319465400518965 -2.3277806914545343 124.08083852008978 247.39035859999967
5.876197649745912 -2.3494429318353793 124.41320315681322 247.45467860000008
5.212069235436502 -2.1196324799892747 124.32098203832255 247.52007159999994
4.991924126440004 -1.9844332925898094 123.50371777881762 247.5846732
3.7652458766319867 -1.5896430682957026 123.88311624166472 247.64953510000032
3.4411445075118365 -1.4880217045697626 123.70281521142695 247.71418650000032
2.853314507849099 -1.2898013270222601 124.1895683801968 247.7801314999997
2.4292986948874287 -1.2109955448730416 124.40531151832883 247.8439572999996
-7.693095730587629e-05 -0.4476534751217752 124.98853133434652 247.90831470000012
-0.2227941990835305 -0.3134493294843953 124.03103547273054 247.97467049999977
-1.4269896954777366 0.16381296434330797 124.32290315367922 248.04120539999985
-1.925214151360585 0.3320103491582507 124.74770557592541 248.10517429999982
-2.2856712098360603 0.4953154042114932 124.50778589237011 248.1712174000004
-2.7555387340836504 0.6460223101672508 124.81173757338033 248.23448160000044
-3.1466376644278 0.7623168506372563 125.03024252399139 248.29936629999975
-4.519354264837872 1.6513940173586061 124.13237423930659 248.366035
-5.103187195974016 1.8255683254311004 125.27344834348739 248.4299173999998
-5.368628633781398 2.28009482261391 124.07331334789018 248.49506079999992
-5.625668509773774 2.4888710490597687 124.45949228830898 248.56254189999981
-5.835535382845649 2.4922788208977247 124.65162763247713 248.6420638999998
-6.023887087485825 2.7754080015207516 125.17161990480366 248.70728419999978
-5.940347540936351 2.8038552441069378 124.85712832252078 248.77133479999975
-5.940347540936351 2.8038552441069378 124.85712832252078 248.8372029000002
-6.089043797243136 2.436533076808928 125.47654901018346 248.90195010000025
-5.689686575980879 2.320387098113489 125.33575466486246 248.96827479999956
-5.440864162995602 2.229777512203956 125.79703889407126 249.0335981999997
-5.050836499320809 2.1653180552199336 125.80822017734796 249.0982414
-3.7600724842381155 1.5638563217467478 125.29885225575151 249.16371770000023
-3.2953720557047603 1.4265358939954433 125.4795278666391 249.23031710000032
-1.5577612506761938 0.7206723306977701 125.54590846322478 249.29548989999967
-1.0501439085815605 0.42535657767409596 125.16474282124568 249.36122220000016
-0.5253412395925565 0.3220431653592716 125.0017860874531 249.42652160000034
0.9224106574104525 -0.339967995808271 125.47743067172625 249.49151340000026
1.54650241522274 -0.518379659514654 125.16472383890523 249.55799480000042
1.980087568261176 -0.5556377361436361 124.91309105997495 249.62337839999964
3.5340099466951074 -1.270170075395589 124.3705710431305 249.68839949999983
3.8838994922222483 -1.3057141393453768 124.02265053266682 249.75374519999968
4.225755111599987 -1.4091383671103215 124.40661462091055 249.81942179999987
5.288731941860576 -1.8949654476263653 124.31803725877715 249.88595749999968
5.4687246028416965 -1.8728335476567208 124.0627981994001 249.94946660000005
5.427401611631495 -2.1650262138385536 124.34897250194786 250.0142721000002
6.03323447502639 -2.253858412323339 123.42330189616584 250.08031180000035
5.821409637662825 -2.247800254093958 124.62898571047025 250.14727049999965
5.691727176343406 -2.316457125533569 124.73493061193302 250.21250150000014
6.03323447502639 -2.253858412323339 123.42330189616584 250.27678000000014
5.808823682672788 -2.202885902525513 124.44159867615824 250.3424613999996
5.806707184288541 -2.2638120308828595 123.98243562883029 250.40919479999957
5.741635922197602 -2.0726368143557368 123.35489133867928 250.47513479999998
4.1718441909829025 -1.78985956400413 124.22048698712923 250.5419576000004
3.9344777396251445 -1.6123583960685912 123.4462194990012 250.60568270000022
3.2476158900866494 -1.543726267076044 124.2753174728338 250.67027159999998
1.5011470874151485 -1.0171513923382594 124.6903595320394 250.73547739999958
1.0740255451204206 -0.8037429823955022 124.72888298871896 250.80107279999993
0.7444510975488612 -0.5704184694940462 124.17122195724411 250.8661288000003
-1.1000561471550085 -0.04312976713790542 124.77382177962923 250.93167240000002
-1.2009077237804462 0.1262378270452177 124.06777216723819 250.99612960000013
-1.8514910887674318 0.33323010411577053 124.7851166479446 251.06202080000003
-3.6310116330506617 0.9425488477150742 125.22588455268604 251.12688369999978
-3.586085094793461 1.030550633759135 123.93450595753745 251.19269129999975
-4.06612453831103 1.2867794603085325 124.78617807652789 251.25797779999994
-5.152617050713445 1.9672978206130345 124.84836128172981 251.3230979
-5.4271041474859345 2.15137257853121 125.11713607184579 251.38867010000013
-5.858358327353386 2.2387245209325903 125.73746907278365 251.45474569999988
-6.049996924472254 2.536104656117156 125.06651727412851 251.52006919999985
-5.7015871868348995 2.643335947004738 124.13531645987922 251.5862078
-6.104654035593953 2.763371086137412 125.46077978206155 251.65066099999967
-5.980450452199811 2.5885998007597935 125.22897758678975 251.71544699999959
-5.964047689089007 2.533166642370905 125.30454492668633 251.78015090000008
-5.940186979399755 2.4462669862603525 125.33564126899152 251.84576319999996
-5.695041671165953 2.3495805210221783 125.05699525100744 251.91063930000018
-4.236069218868849 1.8968747989785637 125.15975694697518 251.97603040000013
-3.91545620359701 1.8059831175201106 125.31705738306306 252.04073049999988
-3.2418347121164786 1.621359389617512 124.52265491277267 252.10599850000017
-2.1083679918863965 0.9303185707212359 125.22116019338661 252.17133600000034
-1.6669676649493468 0.6634251894693414 125.322453530973 252.23492160000023
-1.1120728591099436 0.640971208028448 125.02961908752094 252.3002378000001
0.6718896071665696 -0.13207823814759664 124.45959766188598 252.36592070000006
0.8970385609515432 -0.37306409689407205 125.06203342297084 252.42961300000024
1.544295091793117 -0.3898756708953657 124.61908564431049 252.4950031999997
3.2147635135964805 -0.9976701622546673 124.24348168414733 252.56045449999965
3.4817140657847716 -1.1649589414930526 124.10465306663649 252.62520640000002
3.706169975905105 -1.3444403492180272 124.41081592856858 252.69020459999956
4.939790425862846 -1.746614819116482 124.65977898300785 252.75612739999997
5.170662044279666 -1.790003887445896 124.45029577114722 252.8214469000004
5.4173932821300355 -1.9509314373761346 124.21449925092482 252.8876540000001
5.38821799069531 -2.001993220559535 124.69963842331933 252.95209729999988
5.8899649257686875 -2.2228363818367094 123.87174176917604 253.01791609999964
5.761192070254808 -2.2240791679815626 124.63172340701995 253.08328489999985
5.863254578172004 -2.205939876159295 124.26063342430535 253.14873009999974
6.049834518094592 -2.1703546745415014 123.35580168464085 253.21482209999976
5.9449409995132925 -2.2168732150492345 123.80905569300045 253.2800341000002
5.85334123683289 -2.260886497003397 123.96010141641722 253.34546239999963
4.577419483412243 -1.8313256484309381 124.42888464037071 253.41164490000028
4.255282018397082 -1.8323157520715991 124.56127309733196 253.47729119999985
3.9713562066482524 -1.6574365152178065 123.79337166529773 253.5430647000003
2.1466770791660608 -1.1594899557067555 124.1997463737478 253.60746240000026
1.751304928720053 -1.0276240005102935 123.91657607373298 253.67372390000037
1.1568077210048884 -0.7741197680322488 124.42769829452428 253.7387958999998
-0.6122884953154468 -0.31929684225851684 124.88632166888945 253.80457380000007
-0.9322867824384105 -0.07941882745362738 124.32961313007932 253.87010290000035
-0.9178288507701993 0.06543088826276934 123.4078589072332 253.93652889999976
-2.9200747670954144 0.7641633754660997 124.95570482833728 254.00216799999998
-3.449232368580489 0.9322102870317941 125.24138984641803 254.0671527000004
-3.8493711921704232 0.9995812640289153 125.26960311644777 254.13215649999984
-4.766174910797041 1.8039673971394228 124.62185200037051 254.1984610999998
-5.121005208262538 1.9099313409499152 125.02471458366706 254.2638490999998
-5.4271041474859345 2.15137257853121 125.11713607184579 254.32962140000018
-5.614800163107091 2.272800004392421 125.18996134162596 254.3945364000001
-5.742704698326079 2.6368883189061054 124.18415701076732 254.45931250000012
-5.9551089017019905 2.741485204225705 124.63476717503329 254.52360500000032
-6.085029339972657 2.7232396120824482 125.0972259098423 254.5898414000003
-6.175849955395776 2.7600621542070978 125.55844477504729 254.6539690999998
-6.212913569639269 2.5622448003221314 125.47130734514792 254.7179229000003
-6.152208206384294 2.513798444296346 125.48769715415925 254.78416800000014
-4.6803205430810095 2.0672777995808524 125.31036526659545 254.8503928
-4.346035176960932 2.0069647798291737 125.45066682412656 254.91471180000008
-3.527374631296972 1.4820329811824668 125.6376769599483 254.98089679999975
-2.447303648680567 1.242079030464455 125.44851977550705 255.04607579999993
-2.0042563772244435 1.003424445828232 125.16134903487384 255.11064129999977
-1.6470718699860143 0.694584259194747 125.14339191452977 255.17536970000037
-0.14230729525047536 0.08120277584364566 124.76724451452206 255.24242539999977
0.1644692920048385 -0.2045422538024443 125.21460341227231 255.3074085999997
1.9610427093080744 -0.582931276719667 124.50422756340652 255.37176809999983
2.4307948448687355 -0.9383709297350731 125.01926301623281 255.43728439999995
3.1871870810642804 -0.8809717608836347 123.62007089412333 255.50184220000028
3.046207567210402 -1.0625215109627906 124.82346054158148 255.5677923000003
4.7764971249556964 -1.6380951826058765 124.2046350778517 255.6331756999998
4.913907713129369 -1.622120056744662 124.24309610815054 255.69844449999982
5.197593133300948 -1.8341421455596034 124.61844306912712 255.7634767999998
5.197593133300948 -1.8341421455596034 124.61844306912712 255.82937690000017
5.678249926404554 -2.2901569922132725 124.34098241548874 255.89520059999995
6.015188417228096 -2.2228479823025418 123.86579399639567 255.96125269999993
6.015188417228096 -2.2228479823025418 123.86579399639567 256.02658359999987
5.919356848103014 -2.3540862755592054 124.27753531127043 256.09252300000026
5.919356848103014 -2.3540862755592054 124.27753531127043 256.1588880999998
6.107843135492061 -2.259088636223205 123.46138068899802 256.22313459999987
5.24101683023796 -1.9850648305892897 123.49402646340302 256.28783079999994
4.5984758208436745 -1.8763353845787232 124.40237384341019 256.35357550000026
4.2973943254338 -1.7900087617507645 124.21484501244657 256.41832689999956
3.0310870416243745 -1.477911572510101 124.22032701481827 256.48463660000016
2.6918450120237125 -1.387750707369881 123.9611239224865 256.5502150000002
0.9541358108880544 -0.7389233092698926 124.16297091387092 256.6155381999997
0.04589320246562778 -0.38529803848810573 124.19026813956562 256.68109019999974
-0.3949195830612737 -0.26192630943897743 124.13485899647783 256.7457611
-1.559966068792626 0.278961493757954 124.52230348930566 256.81045770000037
-2.1828736732345604 0.4896896519059146 125.12041199086902 256.8759422000003
-2.37401646393824 0.6306840422291498 124.34283517755297 256.9421990000001
-2.7039593178440455 0.7318404189379855 124.389825612409 257.02229179999995
-4.491461971962373 1.5445958907589257 124.93775407534385 257.0871324999998
-4.545089920245935 1.766985066948249 124.13574842340829 257.15198859999964
-5.614800163107091 2.272800004392421 125.18996134162596 257.21685179999986
-5.754373691013399 2.340405706573764 125.15945510926807 257.2813193000002
-5.8107662097267365 2.4808975703123592 124.76303730922645 257.3456600999998
-6.029563348463739 2.525497047334264 125.19126704946227 257.41093920000003
-5.908173513307794 2.7356354102761733 124.6777109171658 257.47735060000014
-6.140774367408788 2.7066324766620475 125.26037368939527 257.54186370000025
-6.145435267685357 2.703706843702835 125.27249660767507 257.60753250000016
-6.1218642886422 2.431024891559617 125.69695744829357 257.67278689999966
-5.404979197665419 2.405777927956844 125.10536736924175 257.7373385000001
-5.017780323180851 2.3380314995603317 125.88428471378846 257.80256310000004
-4.4645980806946355 2.1681489353173653 125.66868522791655 257.86861659999977
-3.316720084426173 1.2716357203959978 125.81985942198226 257.9336795999998
-3.316720084426173 1.2716357203959978 125.81985942198226 257.99951950000013
-0.960719611012415 0.7053893733488684 123.9877193318124 258.06499540000004
-0.7039642843272702 0.6505631993935501 124.84232857648948 258.1300976000002
-0.7044749885249502 0.18657145885784016 125.20816066349474 258.1947855999997
-0.11174010688127112 0.14076220904891137 124.86964995419227 258.2599220000002
1.9403694788101618 -0.37291542832304425 124.28219914204546 258.3239874000001
2.1723009073203627 -0.8334654891917851 125.12863685356237 258.38902400000006
3.459677026727917 -1.3331953601359072 124.41641229459843 258.4538177000004
3.9454209150689934 -1.281193032239513 124.63398094769974 258.5194746999996
4.286101423206006 -1.520237286942862 124.3478290071923 258.5848040000001
5.354630595769592 -1.9790754471310499 124.2058677124315 258.64880989999983
5.5726142730323005 -1.9498577256147835 123.65623231228308 258.7146009999997
5.596907160162999 -2.076313575775093 123.79506799013124 258.7793799000001
5.871023508619238 -2.19312517362618 123.61310711078642 258.8438336999998
5.808823682672788 -2.202885902525513 124.44159867615824 258.90835810000044
5.9449409995132925 -2.2168732150492345 123.80905569300045 258.97306800000024
5.944038628651647 -2.3221791719963694 123.65784187854896 259.03847010000027
6.04760833762095 -2.152022363219795 123.21123257835688 259.1029950000002
5.687606213030293 -2.2323502949109884 124.2152326496182 259.1676116999997
5.380293620532171 -2.1820265012793496 124.10696568694674 259.2331415999997
4.0659211792768915 -1.7009407046619633 123.91585350078842 259.2993685000001
3.550038536535915 -1.4902694253149353 124.5669948204502 259.36364570000023
2.9568746188399118 -1.5184647060755865 125.08345890566208 259.4289226000001
1.3886110658496236 -0.893795610021324 124.33006064896503 259.4944951999996
1.2224364745530636 -0.7519114658714112 123.52479832868045 259.5602908999999
0.7765184396738007 -0.6023505575358362 124.00393672147004 259.6264176000004
-0.8823881393578716 0.03167602184644917 123.83581835719059 259.6918052000001
-1.3523817539330523 0.2343525044097089 124.50296130388848 259.75718810000035
-1.9484166954830542 0.39334508229174325 124.74702910438347 259.8219165999999
-3.453423813674533 0.9829774073011953 124.40428238078093 259.8872653999997
-3.8204545328754946 1.22832604755462 124.77858399358034 259.95219149999957
-4.173891380533632 1.323047773593468 124.83642976111135 260.01765369999976
-5.469953522438274 1.9977765852843343 125.63305149139373 260.0829997999999
-5.312006869468561 2.2300668069702336 124.76275570942379 260.16368200000034
-5.774804755165739 2.3946926172841527 125.41970175101514 260.22880559999976
-6.212913569639269 2.5622448003221314 125.47130734514792 260.2937486000001
-6.104010410441894 2.7140166500754077 125.2236145667967 260.3580641999997
-5.934256216729878 2.7391528914705345 124.71628546170548 260.4227897999999
-6.132434706458099 2.628302284505332 125.61452372614859 260.4885750000003
-6.163572959402153 2.618592262159341 125.63319650478138 260.5542492000004
-6.237548198971588 2.4203436054028495 125.85493071182086 260.6197744000001
-4.013378666312136 2.033729167241853 124.91953312043182 260.6847133000001
-3.848080693210342 2.0059921799065568 125.10406072157565 260.75036480000017
-3.7911150407670533 1.7719831513889828 125.07874694879895 260.81561070000043
-3.6672871049894624 1.5548003428830026 125.32592883657509 260.8816740000002
-1.8824912297251188 0.932105052797843 125.2273992320935 260.94792679999955
-1.5085226248084211 0.7333899679787421 125.53380405190146 261.01291760000004
-1.0154076728064396 0.43145508755875706 125.3390191049267 261.07891259999997
0.6949825572669468 -0.11497835967184314 124.97044263403912 261.1439055000001
1.1734921847818356 -0.27730453331818306 124.83043563786747 261.20788580000044
1.6260997495545908 -0.4644195746764994 124.77524619205165 261.27462579999974
3.126923461277485 -1.0467642483668549 124.75343128360723 261.33976470000016
3.5009384129384884 -1.1849648096096477 124.91361535072524 261.4043769
4.026301361423563 -1.2081562959610728 123.80672867605149 261.4698877000001
5.093578987904394 -1.764735499817251 124.26417557783161 261.53491719999965
5.222777732220251 -1.768579378002797 124.24563789394534 261.5994123999999
5.436274673347853 -2.0525251106666857 123.85979511861336 261.66490090000025
5.891393089562278 -2.2001196217125614 123.78104399200078 261.7298225000004
5.876377286140418 -2.2244209346315578 124.41115482059236 261.79541169999993
5.918183382139148 -2.2004586378521807 124.2009098643058 261.8609429999997
5.868376198395737 -2.3877087225016327 124.078012847843 261.92554219999965
5.8899649257686875 -2.2228363818367094 123.87174176917604 261.9913362999996
5.808823682672788 -2.202885902525513 124.44159867615824 262.0562837999996
5.754597944977803 -2.2004723906258037 123.9439923152087 262.1218693999999
4.530058088585562 -1.8104236025696088 124.29911105486495 262.1869915999996
4.229963508715123 -1.7604921634490924 124.18454061618108 262.2525720000003
3.569310879400156 -1.6073031878866058 124.79227082206059 262.3177869000001
2.0023080315555006 -1.2211493138093374 124.51897077084273 262.38351729999977
1.610436432750717 -1.0130602557330417 124.05972638829385 262.44735409999976
0.9574535788998872 -0.8105927490127635 124.60812656086692 262.5129949000002
-0.8043111430697678 -0.18244588343513976 124.67181361734248 262.5792442000002
-1.1036806465964588 -0.015521954646535108 124.50489716883023 262.64371759999995
-1.3910423116211987 0.15814718053035992 124.50421397244581 262.70806410000023
-3.204118764194682 0.8761983765997814 125.04412992628951 262.77435669999977
-3.6198377326560447 1.0133835971171672 125.33359179082382 262.83871100000033
-3.598320737346114 1.1460131637997473 124.15866723975708 262.90379740000026
-4.9966533285964445 1.828271047096845 125.18674638741534 262.96926110000004
-5.254980968988946 1.9079877699068413 124.8254541121943 263.03354450000006
-5.154355646231771 2.147546040659306 124.1012835001871 263.09999590000007
-5.845225668891906 2.2498887068118463 125.62777023455993 263.16481829999975
-6.06708663224363 2.5388253248204564 124.97468556367691 263.22973850000017
-5.8111378766327775 2.7055025863849753 124.35723149462116 263.2956247000002
-5.851203068539959 2.713184109293047 125.2145984734325 263.36016800000016
-5.493128481382712 2.61684742841907 124.62639514990522 263.4252256
-5.494996626361576 2.5895465414772065 125.1275804884106 263.4910748000002
-5.371533532234416 2.4642229638585675 125.13308698524511 263.5548955000004
-4.721539215152305 1.9340177132471836 125.3648750323687 263.6206137999998
-4.3521197109271625 1.8781607699314542 125.26489845147789 263.6845070999998
-4.1708383130220525 1.717550056030974 126.02024695073064 263.7501199999997
-2.8378055296684366 1.1933282938578136 125.22863334752834 263.8151813000004
-1.8707799579697095 0.9706453937919983 124.91629584723006 263.8816146999998
-1.2752699507125982 0.7539814889523497 124.2455000178223 263.94745760000023
0.11442140067494222 0.0030128424268747733 125.03208553132225 264.0134025999996
0.5341372496467116 -0.20376467804216705 125.17056645763103 264.0795645999997
1.7320131695122356 -0.5602978876999992 124.98229047247455 264.14495590000024
2.235865349474622 -0.8106481858061098 124.96947617214117 264.2098229000003
3.102276743477823 -1.0426768662092931 124.58485127228299 264.27480620000006
3.2979860181450036 -1.187992280998212 124.81607243098772 264.3388986
4.675994020408353 -1.6821578117620732 124.63125474487957 264.4044276000004
4.939790425862846 -1.746614819116482 124.65977898300785 264.47012189999987
5.66893948154727 -2.109096621416537 123.706032121163 264.5347125999997
5.766169252684584 -2.0985190370707 123.87026855974425 264.59941809999964
5.740879826526523 -2.1657502969141706 124.24543032275857 264.6656135000003
6.03323447502639 -2.253858412323339 123.42330189616584 264.7303909000002
6.002480084707344 -2.2151599182894626 123.73929274090133 264.7957672000002
5.961833495329124 -2.3399419048305803 123.67402605840718 264.8607771999996
5.868376198395737 -2.3877087225016327 124.078012847843 264.9263490000003
5.656951901579902 -2.1352236088057723 123.62526340078551 264.9909424999996
5.123659143842481 -2.0633148090868425 124.67292051013509 265.0556181000002
4.61348635746964 -1.7899597882880842 124.10278624126067 265.12116100000003
4.1718441909829025 -1.78985956400413 124.22048698712923 265.1858865000004
2.4922647256922303 -1.2648400431475422 124.7171609130147 265.2510576000004
2.4922647256922303 -1.2648400431475422 124.7171609130147 265.3164005999997
0.6776597268623235 -0.6020980578015401 124.5633192159295 265.3817118999996
0.08687244616206158 -0.5167183491593323 125.05708778180977 265.4463402000001
-0.7960907994235242 -0.16976712233088107 124.72271558831844 265.5125693
-0.9279350152131727 -0.05858311204514596 124.0346990073182 265.57698600000003
-2.1949777873770486 0.46197710675771764 124.6660323634409 265.6423053999997
-2.453148170258558 0.6084381453667557 124.5940125801161 265.70779049999965
-2.8629859525076284 0.8171220452305612 124.75550705287901 265.77225569999973
-4.181695563788985 1.5128195573491472 124.20237273953494 265.8374665000001
-4.9435936294177765 1.7637598811772324 125.24111336559346 265.90173479999976
-5.691841412784882 2.266620142065288 125.23188829967638 265.9660482999998
-5.88093841474663 2.3407916831028572 125.16453625390417 266.0319572999997
-5.900581982045047 2.423926085446522 124.92621338064647 266.09779849999995
-5.964576299171149 2.5290458456271723 125.11073140835343 266.1639366999998
-6.212913569639269 2.5622448003221314 125.47130734514792 266.22995230000015
-6.044608088799251 2.782591898831448 125.28650892648979 266.2959112999997
-5.601697414720455 2.7549227999026322 124.13068211590523 266.3610047000002
-5.895488896499657 2.330451477705764 125.27836849114315 266.42673250000007
-5.3238624154685965 2.2705975406682 125.30740568968967 266.4925728999997
-4.814071498283091 2.269327390867301 125.27797211184962 266.5566009000004
-4.382182333282387 2.0660081693752943 125.28424701072463 266.6214186999996
-3.0470618297958296 1.316022300115668 125.89492690737347 266.68785839999964
-2.4147115528938983 1.257122309519722 125.27172153362146 266.75353650000034
-1.0362936153465796 0.7262772033507214 124.76180175761188 266.8183234999997
-1.0785985113887477 0.48649341146052605 125.43345556351251 266.8836971999999
-0.38338904373610205 0.06984388176589185 124.84815434923831 266.9493574999997
0.3993681836650964 0.26244548112535426 124.32859980371995 267.0137734
2.3039641994463764 -0.8036684034996225 124.86587050133292 267.07991630000015
2.3039641994463764 -0.8036684034996225 124.86587050133292 267.14540940000006
2.6174263842571577 -0.8102031393143722 124.94409356434369 267.2095760000002
4.147202430328818 -1.352159214892215 123.90149354094696 267.2751625000001
4.213041885718958 -1.6131986470644337 125.16433458870527 267.3404022000004
4.9707634016658915 -1.5212083194973265 123.73856981026388 267.4050993000001
5.606174889017581 -1.907025817270478 123.79988797907623 267.47056429999975
5.559203149411232 -2.182714291266632 124.59296136731997 267.5360004000004
5.72072214988556 -2.2446675815191357 124.0867070037725 267.60234390000005
5.788594280752648 -2.269433801597655 124.31101902234617 267.6675433999999
5.868376198395737 -2.3877087225016327 124.078012847843 267.7330909000002
5.868376198395737 -2.3877087225016327 124.078012847843 267.7986801999996
5.7906969710830225 -2.2867723496495374 124.21023052551782 267.86268839999957
5.608797097935323 -2.231377647124961 124.38006027587133 267.9278844999999
5.282815608401094 -2.0349445008512217 124.02030877249727 267.99429359999976
3.942703976668973 -1.6531877148968992 123.91244536929229 268.0603302999998
3.4322451945974066 -1.4991100116123066 124.70197897935344 268.12515619999976
3.105049380665207 -1.4147492191304212 124.17695336221149 268.18916679999984
1.2974430935548895 -0.8480838201455903 124.37069706056715 268.25363560000005
0.8417286613703325 -0.6634961674146739 124.28077824440922 268.3191829999996
0.40478796272282125 -0.5235529867245828 124.4490735408308 268.3837682000003
-0.9926032838936578 0.042662916940426426 123.8691151285371 268.4488766000004
-1.6843117506794272 0.32153467565908855 124.92146141464295 268.51479279999967
-2.1470133856497924 0.39924820087453994 124.71167208659139 268.57993689999967
-2.454334516365158 0.4838189255505503 124.5992970064547 268.6466585999997
-4.003860317143193 1.2241251814883558 124.84349792765629 268.7122220000001
-4.18112679610946 1.4206001286499443 124.66434320713542 268.77810000000045
-4.734303770567983 1.4974976570371934 125.54732602273491 268.8433396999999
-5.21050406582183 2.261637903641911 124.19238691834515 268.9081428999998
-5.901196694935052 2.320255563385073 125.3382003216414 268.97369789999993
-5.638180557390598 2.4593543928202553 124.10218381891173 269.03876630000013
-5.867749965877628 2.7424554986692486 124.63032832387034 269.1031192999999
-5.873504811204739 2.80716996058667 124.77118194419954 269.1676156000003
-5.932905623590187 2.787789538028964 124.94363150629538 269.2332468000004
-6.037315278783829 2.4836219058826905 125.03277376015836 269.2979008000002
-5.986122268341745 2.3385516331438816 125.24865354534248 269.36155599999984
-5.414815442057957 2.267609034376467 125.2492047582239 269.4274631999997
-4.182576792215983 1.9205457152288177 125.43850343037352 269.4940110999996
-3.8429999135938218 1.5715803963718902 125.24296626198156 269.5584848999997
-3.5522919927617593 1.5037848855333753 125.44918582949164 269.6226373999998
-2.752172265947337 1.447519482182553 124.18522009973135 269.6891228000004
-1.2160474538101553 0.5701705094664351 125.32262843337516 269.7546341999996
-0.9362002468606434 0.4870428353348586 125.43038305608012 269.8192423999999
-0.5606630577169653 0.3078040225028817 125.20231156759657 269.88485000000037
1.3188832122946792 -0.4164346433491821 124.89537028889241 269.94908140000007
1.8051173999286618 -0.4779814673905932 124.79844630595157 270.01346269999976
2.2970122408355422 -0.7572101156611737 124.42992590595605 270.07879179999964
3.2518727714711417 -1.3693233779248413 125.32393043323997 270.14387760000045
3.963696710308106 -1.4105100513592852 124.57282395972679 270.2090281999999
4.41351298279821 -1.3733099364710446 124.25405042656976 270.27349369999956
5.5186300773260015 -1.8499011829763898 123.86719755238056 270.33881199999996
5.5726142730323005 -1.9498577256147835 123.65623231228308 270.4046896
5.759324553658907 -2.088003085311062 123.65219085953065 270.4696646000002
5.765830286437364 -2.2525137249569362 124.68796467979264 270.5357590000003
5.761192070254808 -2.2240791679815626 124.63172340701995 270.60029849999955
5.868376198395737 -2.3877087225016327 124.078012847843 270.6656105000002
6.051024260513614 -2.190480679909258 123.44223528971624 270.7310687999998
5.845997161803602 -2.2447608687111966 124.08169658450561 270.7967998000004
5.716498719109296 -2.2454105645733318 124.29289325230023 270.8620141000001
4.3158480702760045 -1.847873123762603 124.63685980613623 270.92701099999977
4.102491406532955 -1.7036256396354432 123.65406205395752 270.99218569999994
3.534103006648131 -1.6031386658490963 124.19598635912234 271.05713709999964
2.0971678903292243 -1.079012793989673 123.75842859114577 271.12072910000006
1.4937037492245224 -0.8336893719241345 124.06837296786337 271.18584960000044
0.9835699322799201 -0.7628927583968591 124.08435172041195 271.2508637000001
0.43069658889381657 -0.5830797992433295 124.18071767937504 271.31611020000037
-1.0744793507492645 0.12717113056455417 124.27937595047004 271.38266360000034
-1.3047110456247282 0.26561524469366343 123.80123518121675 271.44615630000044
-2.2023270994151716 0.4062729691666923 125.3834090919772 271.51116490000004
-3.5208225495278924 1.070531448170321 124.50679938241014 271.57597739999983
-3.776686649191433 1.2372988729935512 124.36780237285515 271.6417499999998
-4.400313188219194 1.3850104878777534 125.23158702173987 271.7083429000004
-5.006949787798931 2.0840217513183146 124.3006987505079 271.7723683000004
-5.611636020565761 2.256925812422704 125.29092622400526 271.8373223999997
-5.818198624023125 2.267035608116465 125.23621917766131 271.9027084999998
-5.719813380640531 2.6456233218383782 124.04577480137317 271.96719200000007
-6.212913569639269 2.5622448003221314 125.47130734514792 272.0317772999997
-5.898015451192258 2.731260961910487 124.64611347142021 272.09789739999997
-5.550629412873995 2.6559054644613043 123.98550496173709 272.1624318000004
-5.748446850046946 2.493300392285749 124.64794200833781 272.2266188000003
-5.873003427889039 2.393353634149531 125.13681812654399 272.29135620000034
-5.699952683194468 2.3042247198991284 125.6815488731607 272.35584930000005
-4.198020282005466 1.9260635138153894 125.55544755811826 272.4204171000001
-3.713250374358651 1.8654863384498936 125.41002617340888 272.4858696000001
-3.396085067813196 1.687629903124158 125.55222059370274 272.5503182000002
-2.649253532277541 1.0467876614263674 125.42373745200638 272.61623990000044
-1.2979933670680168 0.7778834363035426 124.79640631453658 272.68232290000014
-1.029530121034007 0.5469228621292443 125.24693738689923 272.74735390000023
0.9880261194208231 -0.1669900533367039 124.14658234903472 272.8137190999996
0.789975985824519 -0.34948479405628907 125.5394247825723 272.8784840999997
3.2840177724512074 -0.7233218900784887 124.71425376241481 272.9437576999999
3.6164624744092464 -1.0795875499045313 124.78792569184296 273.00899000000027
4.001816791298751 -1.280706609294822 123.66332895467929 273.0746839000003
3.6762764538889954 -1.4555164391729682 124.95303236660106 273.13856920000035
5.114964715684323 -1.8330951691176758 123.72433631422427 273.20493970000007
5.348567953597943 -1.7684941111922308 124.23934692450918 273.2697920999999
5.909315132962618 -2.021577252571856 123.7790178660155 273.33457519999956
5.99035374193533 -2.098651833309894 124.15506940724964 273.3999838999998
5.969654247224618 -2.3015950394853166 123.99886196314353 273.46379009999964
6.015188417228096 -2.2228479823025418 123.86579399639567 273.5285365
5.824785709658748 -2.352974906200724 124.45267061696056 273.5939410000001
6.106115288724084 -2.2884708121402055 123.22510760692454 273.65963809999994
5.821409637662825 -2.247800254093958 124.62898571047025 273.72376129999975
5.181573008829005 -2.1203338978833255 124.15476792393864 273.78881439999986
4.9005368789941315 -1.9355770173585425 124.03068623371159 273.8547322000004
4.180311012545658 -1.7941777325359847 123.70801081528965 273.91933400000016
3.6221452369012113 -1.5810615920011304 124.59990665389887 273.9837864000001
1.9008400313991984 -1.0621181689764025 124.49086134238155 274.0488124000003
1.9008400313991984 -1.0621181689764025 124.49086134238155 274.1146606000002
0.13343614480933752 -0.5184454287214249 124.37383421163568 274.1795737000002
-0.7271340479159392 -0.15995308555584867 124.41516700389434 274.2443553000003
-1.1526752902773154 -0.02022089459718479 124.53800193802108 274.31099819999963
-1.5484884044265215 0.20635436083397976 124.73787841850269 274.37547280000035
-2.3123161016933764 0.6686583825854961 123.65093585865957 274.44045019999976
-3.09710818762359 0.8225435857534386 124.85748982195982 274.50550719999956
-3.6286318823072037 0.9279085752349788 125.28944949463592 274.5705987000001
-4.754636521923409 1.656837198112603 124.82137794371856 274.6348375999996
-5.118677367061387 2.000395310065305 124.56167156409037 274.70121709999967
-5.928108928800931 2.321858460611226 125.3040791037337 274.76656960000037
-5.620412081778952 2.5125230443308357 124.19012087665519 274.8310723000004
-6.133630979797871 2.568179397075999 125.42412540782851 274.89724039999965
-6.106850454569646 2.5890144513750206 125.23343290623242 274.9609515000002
-5.92916910739568 2.72285964834359 124.80853052624106 275.02565400000003
-5.804273155917045 2.71454067518165 124.84952855643645 275.09172209999997
-5.771805393458479 2.5482213648529894 124.9123483391537 275.1573446000002
-5.201199239876949 2.2473199450493846 125.35490294112195 275.2229864000001
-4.847557053260438 2.2588121720797063 125.45047656848423 275.2886758000004
-4.497801710048499 1.9617893981257335 125.13879232640315 275.35382839999966
-4.385686615794739 1.9408448201819888 125.29648731266637 275.4201436000003
-2.3475931250846216 0.9723038829542007 125.43700248296474 275.48586239999986
-1.5919819101045931 0.9243167656507902 124.53949308079494 275.5500364999998
-0.010968783273284544 0.5415620895496283 123.86961357825683 275.61387399999967
0.022634101422113417 0.3261898906302542 124.25885498944432 275.67942070000026
0.2568873243529026 -0.24861721857434618 124.36702865663243 275.74485079999977
0.7728014434869905 0.01386193734851085 124.32898836003157 275.81000349999977
3.229547355345076 -0.9500848346318007 124.4510317315553 275.8749866999997
3.229547355345076 -0.9500848346318007 124.4510317315553 275.9413575999997
3.410636585274972 -1.020599187780552 124.3643795971259 276.00571779999973
4.640695782271116 -1.5742443818755425 123.81767046680008 276.0719876000003
4.832346479909312 -1.6972231634058565 123.71595778957514 276.13893029999963
5.0589569860458425 -1.721753460115739 124.3542455487184 276.20455610000045
5.944037850426312 -1.9651713798124821 123.56213764652622 276.27047630000015
5.943744610727677 -2.0891258454726542 123.56487586120461 276.3366861000004
5.788594280752648 -2.269433801597655 124.31101902234617 276.4018495
5.824732018498892 -2.228033744762059 124.45169199274403 276.4682690999998
5.842365573131744 -2.2456545634867098 124.28645584601367 276.5334253000001
5.943478976683849 -2.2130796207207433 123.56751164531464 276.5997924000003
5.542341393557464 -2.122636707241807 124.3236856557601 276.66496579999966
5.123659143842481 -2.0633148090868425 124.67292051013509 276.73047250000036
5.2193016108848695 -1.9521410691810663 122.98567106987247 276.79660369999965
3.3202447952737515 -1.4915092995696098 124.4202251958475 276.86184159999993
2.860005094186249 -1.3412031864554925 124.6391940531544 276.9279550000001
2.567189949268794 -1.3058399477576716 124.2661656052262 276.99282589999984
0.6630349073620323 -0.676375935500742 124.25498206635432 277.05689600000005
0.21786727637440606 -0.5344245500114626 124.45039536155247 277.1228963000003
-0.12396608342081095 -0.2640937840800047 124.1689403660301 277.18886289999955
-1.8234282174231708 0.2881921197840098 125.16917467878905 277.2535699
-2.388484869693123 0.42710705282817507 125.17883740445174 277.3181980999998
-2.604471185364531 0.6114168383613098 124.53138354575465 277.3836884000002
-3.098236168927258 0.7665824517087294 125.0002666983697 277.44906509999964
-4.404358467190775 1.4657173199918738 124.85015506620279 277.5143442999997
-4.591138389439365 1.674524518748772 124.50292636565689 277.57860660000006
-4.815727455220767 1.8546141510641267 124.77125519222082 277.6443177000001
-5.841344801091012 2.4037474147178304 125.11679050829052 277.7090724999998
-5.719870454069415 2.5057610326035404 124.4947256104151 277.77492299999994
-6.133630979797871 2.568179397075999 125.42412540782851 277.83909479999966
-6.175849955395776 2.7600621542070978 125.55844477504729 277.9050957999998
-6.140774367408788 2.7066324766620475 125.26037368939527 277.9704859000003
-6.004320932850376 2.784543294306133 125.04314028606487 278.0365404000004
-5.786178465512052 2.4138318693625562 125.67398299493695 278.10096479999993
-5.2305201201312315 2.355821231021209 125.51706583631284 278.1653249000001
-4.66032137963812 2.288262131959837 125.55276069353793 278.2313055000004
-4.084494959000956 1.6207203091186375 126.18879509755149 278.29718760000014
-3.0195618249007907 1.5374488781838653 124.78941227172952 278.3622191000004
-2.6838463822151652 1.4229581153501039 125.53738197911757 278.42816849999963
-1.061559670033958 0.703466715482999 125.06780116972719 278.49374179999995
-0.81674656681664 0.32770695604224354 125.08856545540891 278.55792159999964
-0.28649633130763874 0.22709012372457504 124.76073911009057 278.6218091999999
1.2915024139701359 -0.3884370452337318 125.13984213335772 278.68592050000007
1.9245007606514335 -0.6787921477608428 124.8829011904077 278.75171560000035
2.313892834996075 -0.747245965385552 124.91234702018366 278.8167776
2.669734349935119 -0.953171183157286 124.74670809987094 278.8821147999997
4.161348096644154 -1.3735520729892308 124.26858764900356 278.94726189999983
4.469874070818456 -1.519302026055821 124.273236299443 279.01323090000005
4.787798715129483 -1.6222912766578488 124.25054332437132 279.0794136000004
5.481442969205702 -2.0605234446155904 124.44738915247797 279.14301160000014
5.663866038167967 -2.144613286680223 124.31143999360742 279.20831739999994
5.946691374435879 -2.0925490135028615 123.80021334644069 279.2736170999997
5.8899649257686875 -2.2228363818367094 123.87174176917604 279.3394621999996
5.868376198395737 -2.3877087225016327 124.078012847843 279.4055903999997
5.885982388129641 -2.306156089216425 123.88424856412674 279.4711249000002
5.7906969710830225 -2.2867723496495374 124.21023052551782 279.53701960000035
5.554036386245244 -2.165250781602353 124.15604945355489 279.6024607999998
5.307267959829922 -2.120645262828991 124.14816447727709 279.6679581999997
4.059029249809363 -1.6126803206940532 123.44118056566546 279.7331912999998
3.3693648636032094 -1.5093941487475975 124.77714895239515 279.79762329999994
3.0340975089970073 -1.4516486941687974 123.80990928686082 279.86156409999967
1.08046180683111 -0.8303129230644949 125.00147075758663 279.9261335000001
0.6956689008092667 -0.658981761632636 124.87154536574013 279.9912827999997
0.4029365454579832 -0.5366167748123462 124.37501648442502 280.0563652999999
-0.07658833969649947 -0.41334323154484565 124.47184329736773 280.12167769999996
-1.5990436094500566 0.35308706699037656 124.49633980242899 280.18617470000027
-2.1949777873770486 0.46197710675771764 124.6660323634409 280.2509331000001
-2.6042054898973532 0.5848043964208834 124.80164708250743 280.31621950000044
-3.8235234547319763 1.3020545055533368 124.5256294299058 280.3800959
-4.19486468196186 1.4187194862702306 124.79722131033911 280.44566920000034
-4.528506950260031 1.5909159296083553 124.847677192794 280.5118011000004
-5.279355482287187 2.1479858486514773 124.1050801968597 280.57610399999976
-5.687348216980148 2.355884423778196 124.76747772175601 280.64199610000014
-6.021883353992216 2.3308723497444284 125.28263500769832 280.7074805000002
-5.867749965877628 2.7424554986692486 124.63032832387034 280.7716725
-6.104010410441894 2.7140166500754077 125.2236145667967 280.8368475999996
-6.104010410441894 2.7140166500754077 125.2236145667967 280.90237849999994
-6.182433619764616 2.509377353304882 125.58080169410587 280.9837630000002
-6.113474187842627 2.3295621879439756 126.09120391712588 281.04888910000045
-5.458375061703791 2.2441948381226053 125.516465064761 281.1140105000004
-4.223649257811296 1.98663932435266 125.58041557058189 281.1791868
-4.062691507549708 1.6709305506802068 125.66979551282037 281.24368570000024
-3.5112874316707376 1.5683903642998844 125.1577960401781 281.3129434000002
-1.7195149363925069 0.8560404661844616 125.6907716507325 281.37737259999994
-1.7195149363925069 0.8560404661844616 125.6907716507325 281.4432759000001
-0.7346185865126884 0.5154048063703489 125.02049437871551 281.5072274000004
0.9062573655302018 -0.14638130767593685 124.49167185508068 281.5711387000001
1.3794899627109203 -0.33456525131081405 124.18966400573694 281.63570640000034
1.8909055665758672 -0.5949071693768327 124.55082525158782 281.70119030000023
3.033476010606769 -1.0202154481822683 124.38131522945491 281.76752000000033
3.2738248715988263 -1.1028819360817284 123.92625875038507 281.83241689999977
4.198837505470266 -1.2785299654396671 123.96069745937692 281.89722079999956
4.359365222926293 -1.4178451863004122 124.54023575269599 281.9627909999999
5.444954495964737 -1.9643648622355427 123.58311610042075 282.0278798999998
5.5620969421549376 -1.9851146425937682 123.76385366501351 282.0936984
5.788594280752648 -2.269433801597655 124.31101902234617 282.1591324000001
6.019817365842634 -2.1537297134468076 123.75641891546007 282.2252950000002
5.948681199885691 -2.362601559963876 123.88534974331898 282.2888506999998
5.831304894943514 -2.3360296924026436 124.57966917475933 282.35536390000016
5.866516327908762 -2.2905989973669945 124.24081580965559 282.4196431999999
5.788594280752648 -2.269433801597655 124.31101902234617 282.48473019999983
5.310656881429736 -2.020968031629917 123.12443399372017 282.5505188999996
4.804193194144041 -1.8890039672144705 124.0234080944612 282.6167451000001
4.108013505901425 -1.717738870141321 123.83229134258859 282.68080740000005
3.4761885737542073 -1.602297830066503 124.43545368207673 282.7456923
1.9618898923620236 -1.03126813928095 123.90350409956682 282.8109760999996
1.2888687183860839 -0.871813583104688 124.78585007879076 282.8755006000001
1.2888687183860839 -0.871813583104688 124.78585007879076 282.9403788999998
-0.3679998530825799 -0.2683999173457201 124.38767536949209 283.0050680000004
-1.0421506413754358 0.07748008715969006 124.07961515095604 283.0694298999997
-1.176506567704891 0.30263878328972105 123.36972145893355 283.1337448000004
-3.2964963179763345 0.870781122763009 125.22786322956186 283.2004215999996
-3.2964963179763345 0.870781122763009 125.22786322956186 283.2659196000004
-3.5502235393600756 1.061832863716956 124.52417778146497 283.3300455999997
-4.589442612305859 1.655997137177405 124.08337162611008 283.3960115
-5.186152478538062 1.81199628232596 125.33602979661893 283.4605308
-5.620645717316471 2.1614197965872135 125.02448222798978 283.5265637000002
-6.21589166370412 2.436947403820114 125.4815484759029 283.59100339999986
-6.023817433817122 2.549061580690789 124.92072673519236 283.6556539000003
-5.7439305339937405 2.7087169478784396 124.26862868751058 283.72150859999965
-5.831906742029098 2.7224534686053343 125.0866497325335 283.7878834000003
-5.570583282518051 2.652899104431233 125.16557170386736 283.8537114999999
-5.288308264613356 2.4610688036664565 124.94312296555864 283.91773699999976
-4.873158187470331 2.2417052284959484 124.63469528328876 283.9823786999996
-5.181335651313027 2.032602301673448 125.89067236998852 284.04831600000034
-4.34600239870575 1.933791547272117 125.35556907105696 284.1141561000004
-3.127306705618359 1.4373873988556103 125.27556923439964 284.1793982999998
-2.56041410303218 1.2250677264075394 124.72745938566872 284.24507859999994
-1.7056486460336515 0.8151681011922384 125.0453851189878 284.31366960000014
-1.1694845296502265 0.7903645580030143 124.57871392691585 284.3784287999997
-0.17338405622814435 0.3169869135198793 125.0101566075007 284.44540270000016
0.5426503191541912 -0.186786800354754 124.11034083411134 284.5121495000003
2.2276177155821344 -0.7689792819739171 124.45412555520245 284.57566450000013
2.490223858713044 -0.810362552419614 124.95264755094256 284.64104080000016
3.1580158842659003 -1.1450709460803237 124.38160823765577 284.70701160000044
3.1580158842659003 -1.1450709460803237 124.38160823765577 284.7722782000001
4.5356129507992975 -1.622601810525373 124.26522399351869 284.8385387999997
4.758240149678265 -1.7514270733349424 124.72291137403 284.9042132000004
5.19982545962521 -1.8098627035659112 124.05892895380856 284.9686284999998
5.3430204350625345 -1.8728841493715147 124.06989559315197 285.0331236000002
5.784386401415226 -2.2176343046356988 124.01962915289612 285.09982109999964
5.877030425863488 -2.2152750828866825 123.74649066897916 285.16428369999994
5.679090252687068 -2.3156680611106335 124.49373448562372 285.22831810000025
5.740962862522146 -2.290453439710714 124.24647044288135 285.2925484999996
5.750212733594907 -2.3493718743595573 124.41943020592574 285.3585284999999
5.594629964331332 -2.0625551632264196 123.50138683121504 285.4225875000002
5.209216804001947 -2.058323941145033 124.2373533902763 285.48841679999987
4.878016821713786 -1.9503030885737695 123.97938684631973 285.5538273000002
3.1169849319854777 -1.5803412337646436 124.62666644280179 285.6194564999996
2.863749512798293 -1.3888082564937803 124.00892250745856 285.68440869999995
2.4847176659890806 -1.3024845437905275 124.26158078960312 285.7480108999998
1.977710855198687 -1.0776277306895634 124.69004470528138 285.81352739999966
0.08149426058690779 -0.44777366563779963 124.7816540707439 285.88069319999977
-0.562145632978428 -0.34086259554351916 125.22554863977398 285.94552790000034
-0.5338900445436607 -0.15864263694801986 123.61022761411624 286.01116829999955
-2.3519179239898023 0.5987714696441765 124.71739401544974 286.0765846000004
-2.5433630041812023 0.6250579161211837 124.15597753856946 286.1420357999996
-3.104990745341574 0.8358309448624569 124.80817534448981 286.20642130000033
-4.503111098078271 1.4750835378717053 124.84492885620868 286.27055180000025
-4.803695212873215 1.7100270493220104 125.05547291237585 286.3355750999999
-5.098878913235261 1.8803142570092781 125.25978328587951 286.40140340000016
-5.747551406706712 2.4845738251129226 124.68762452459013 286.4662178999997
-5.7943230731645485 2.5548263629535857 124.60001149441273 286.5328244000002
-6.239410837303026 2.615228119078188 125.74467891294242 286.5977270000003
-5.698152388011593 2.767155113915008 124.12375490548312 286.6621019000004
-5.9981742767086175 2.716050480492198 125.13764041784445 286.7264879000004
-5.831906742029098 2.7224534686053343 125.0866497325335 286.79131640000014
-5.22549007372502 2.3850994264815304 125.4564426823356 286.85708650000015
-5.038723944227094 2.335527448440055 124.94323794132065 286.9233124000002
-5.154682718784812 2.239609930509943 125.61907428216928 286.9887298000003
-4.770598590498437 2.043355023042263 125.71515585893172 287.05404389999967
-3.16140499919117 1.428428028504175 125.30924110143435 287.1200600000002
-2.663779001818064 1.3768664650026343 125.41148716020275 287.18438549999973
-0.9315098197398299 0.6442163131993078 125.2126126000355 287.24949620000007
-0.5824325152020009 0.29033735702826946 125.34974848266467 287.3159864999998
0.04162688060812059 0.23286003392380078 124.46235303246272 287.3813504
0.10369300875331078 0.05967752718124272 125.14691702751959 287.4473017
1.9245007606514335 -0.6787921477608428 124.8829011904077 287.51304960000016
2.264704494265807 -0.778065189187286 125.27262728644878 287.57835259999956
2.73365033618299 -1.038736717658762 124.59820981280926 287.6437996000004
4.266373397412011 -1.282944601728066 124.01396411929792 287.7089675999996
4.48585372171231 -1.5257488330270965 124.38132171218643 287.77313890000005
4.786839305423904 -1.770031134827319 124.33603803423073 287.83933049999996
5.321344272829862 -2.083941588027351 124.87882879050979 287.9050752000003
5.578060787385027 -2.2104344212217435 124.59513316055302 287.96907569999985
5.6285226551537235 -2.188069283599853 124.64954116932395 288.0349729999998
5.740962862522146 -2.290453439710714 124.24647044288135 288.0996756000004
5.722578323542756 -2.267516693595236 124.23876999527675 288.1648259000003
5.679090252687068 -2.3156680611106335 124.49373448562372 288.2302090000003
5.784386401415226 -2.2176343046356988 124.01962915289612 288.2962669999997
5.615267485914899 -2.2006789409577543 123.90304521547675 288.3602355000003
5.169197335415895 -2.024176558116915 124.299497128193 288.42659710000044
5.092679369814753 -1.9670392194286115 123.68311179964475 288.4918225000001
3.179820733455095 -1.4990857819214776 124.71379408496149 288.5570110999997
2.816435756385374 -1.4722140538816622 124.58726049817909 288.6219712000002
1.1128313824397367 -0.7919949855744056 124.35966297087046 288.68629820000024
0.676792202429894 -0.5847662286162212 124.44823985488934 288.75146529999984
0.06888424334576371 -0.45380178912044244 125.04157020581889 288.8172811000004
-0.26684428989668163 -0.3673017652848928 124.59487657800271 288.8822014999996
-1.5818467548958068 0.3641540651036657 124.02088332726973 288.9484759999996
-2.176978488324089 0.48402722891449845 124.48241613332601 289.01354580000043
-2.5115994159720856 0.6202901285406713 124.31179141029469 289.0787221999999
-3.9732703753402774 1.3332864166608527 124.29753916034595 289.1440313000003
-4.400772282849651 1.477836958618284 124.76693690096833 289.20948940000017
-4.541819961515515 1.624279739018269 124.38468944568977 289.27553050000006
-5.358099520464208 2.3249538411311597 124.41668556621732 289.34112710000045
-5.728659811265139 2.3577381406324336 124.77587047399233 289.40639310000006
-5.6853550518207 2.4401854331883497 124.46182862070503 289.47226599999976
-5.657453165729926 2.82601390450823 124.30593549162795 289.53811959999985
-5.73679360721119 2.7950797412822506 124.46347763112794 289.60320930000034
-5.9981742767086175 2.716050480492198 125.13764041784445 289.6680372000001
-5.390495492539557 2.480133307640662 125.76213779561596 289.7339192999998
-5.0106248649036615 2.3275772654198974 125.24725515554572 289.79827860000023
-4.706863517554524 2.295314118510655 124.62261328170064 289.8637490000001
-4.836048427712548 2.1508040278288334 125.09810784742211 289.92956669999967
-3.6040166129359577 1.6034027366189778 124.75395402205417 289.9932841
-3.372309017118816 1.4405034425930476 125.25801456037233 290.0576381000001
-2.864943081551651 1.347179614699083 125.51193848764514 290.12270739999985
-0.6905666300538655 0.6799941756507046 125.0835124995193 290.18797970000014
-0.6905666300538655 0.6799941756507046 125.0835124995193 290.25379390000035
0.18862799316764267 0.26227869112839497 124.0960372747205 290.31994959999975
1.3899815817860883 -0.6607839872197718 125.08152997090438 290.3830275
1.9552531826322763 -0.5591461110926318 124.12561159081719 290.4483088999996
2.218456055016233 -0.7359500055598057 124.71052170940959 290.51371990000007
3.480340368207422 -1.2021998376312895 124.6674562327188 290.5799342
3.8223952913125174 -1.3485577066000105 124.10238545350263 290.6432598000001
4.4448652331314165 -1.4826787481489365 124.7348761616061 290.7084728
5.1357384073579055 -2.0020107345398084 124.71199754199381 290.77366770000026
5.287671030300338 -2.0197641140817737 124.32377381801903 290.83959419999974
5.6230629415952365 -2.206960493717086 124.52012578007387 290.9048823000003
5.722578323542756 -2.267516693595236 124.23876999527675 290.96967510000013
5.9256551667752575 -2.1731118543100503 124.08759735946035 291.03593920000003
5.929731377461202 -2.3415371676258885 123.80967637715874 291.09975459999987
5.866516327908762 -2.2905989973669945 124.24081580965559 291.1653075000004
5.842365573131744 -2.2456545634867098 124.28645584601367 291.23127999999997
5.615267485914899 -2.2006789409577543 123.90304521547675 291.2976821000002
4.661533888839514 -1.7789078193293941 124.3279070897808 291.3622766999997
4.211894417935746 -1.8129812512625971 123.80079336484549 291.4269254999999
3.245972623157087 -1.5210402598654145 124.93193432559603 291.4918895999999
2.949746566502661 -1.4168953175184766 124.03195908889685 291.55660329999955
1.2820313960880867 -0.7878199394336642 124.34159694118814 291.6225467000004
0.719120879494227 -0.6204393540752668 124.73724231199837 291.6867295000002
-0.5782495992231418 -0.16272108285337114 124.48610243265288 291.75191819999964
-0.9732843400757503 -0.020621335178686723 124.71219431876919 291.8165141999998
-1.3327086863824107 0.13565627430415228 124.69384184081751 291.8817927
-2.205221980928357 0.4319213262933611 125.1183237084674 291.9478425999996
-3.7591345590842877 1.1183545329577305 124.59429171903315 292.01195949999965
-3.7591345590842877 1.1183545329577305 124.59429171903315 292.0760999000004
-4.952464210598457 1.7825043690397497 125.01122079693805 292.14218549999987
-5.123919059434677 1.975892723672892 124.83457471242416 292.2073062999998
-5.484378216111814 2.2963482415700893 124.91712353520323 292.2720859000001
-5.560801051851051 2.368229622563227 124.3788409740144 292.3366325999996
-6.026606312460572 2.5380296251758274 124.97078849080022 292.4017451999998
-6.212913569639269 2.5622448003221314 125.47130734514792 292.4668289000001
-5.70673174162004 2.707459090138728 124.27185622305171 292.53266619999977
-6.103009370906555 2.67129038242533 125.82542673640657 292.5983556000001
-5.838123321658749 2.528635429469395 125.10576651778129 292.66314690000036
-5.9433140812064735 2.308449252001629 125.56089136284263 292.72760519999974
-4.65664692822245 2.1254808748799463 125.43173871229696 292.7924253000001
-4.218128568410528 1.9638542660676777 125.25609300023926 292.8585125999998
-4.055994479797221 1.8896852793390215 125.40495487274633 292.92442570000003
-1.978728688807223 1.2421234464873772 125.19417103401184 292.9897152000003
-1.7034722068284438 0.940258584873856 125.19828561608917 293.0553841000001
-1.2405274113599987 0.6899035428083579 125.09430196724635 293.1203250999997
0.05872920408349103 0.08373015187384428 124.93303026421623 293.18437859999995
0.5480317600652143 -0.007290052728241347 124.4569491194083 293.24959949999993
0.8175507921023097 -0.3817359686570445 124.96177210810733 293.31385580000006
2.796655276817077 -0.6848169956333747 124.10999263650314 293.3785234999996
3.5561400906138374 -1.0443581188082558 123.66251606372383 293.4442498999997
3.5561400906138374 -1.0443581188082558 123.66251606372383 293.5087003999997
3.630886657649903 -1.2089582828449825 124.72975566280023 293.5736366000001
4.821652182924325 -1.8082570420632442 123.83862554905907 293.6400991999999
5.498756690762136 -1.8607544139493535 123.52322360675709 293.70590019999963
5.707989214857463 -1.6552069460484613 123.67448174102918 293.7707085000002
5.769735177880484 -2.234843035602616 124.82391210945093 293.83679500000017
5.935778148041415 -2.3017098623028165 123.84462310019005 293.9022825000002
5.825953053640838 -2.2163918814917323 124.5334868123902 293.96842730000026
5.765830286437364 -2.2525137249569362 124.68796467979264 294.0331476000001
5.885982388129641 -2.306156089216425 123.88424856412674 294.0971676999998
5.788594280752648 -2.269433801597655 124.31101902234617 294.1624394999999
5.166787955662755 -2.0923271109209827 123.90415374324206 294.2280804000002
4.779297034049797 -1.9061591434253713 123.87134614514966 294.2928330000004
4.251862985591586 -1.7944298097877922 124.23360867702618 294.3586756000004
2.756124702914093 -1.2790114694947985 123.86326092272527 294.4227127000004
2.1292946659243484 -1.1199920947549433 124.48415325487657 294.48791530000017
1.7846107591464389 -1.0381233629654754 124.32226758580545 294.5523862
1.1993346666324953 -0.790490390800976 124.5577516032992 294.6180473000004
-0.42340749229356334 -0.23867747752527416 124.80669145161933 294.68273690000024
-1.0469092355567469 -0.044406973161826374 124.72787805797637 294.74856550000004
-1.0405986116130777 0.10482153719177585 123.82439772818324 294.8130713999999
-2.5726231675110185 0.7510581081739947 124.096337464568 294.8782349000003
-3.158672676381066 0.8760559609613295 124.99355943095613 294.9442001999996
-3.7174198905896247 1.0203889542711133 125.10594729055566 295.0098588999999
-4.818243252777357 1.729953156821071 124.7803348272064 295.07471030000033
-4.810836416654638 2.000016177219455 124.29825963177571 295.1400715
-5.512444741580836 2.0439759309452814 125.55898315538298 295.2046344999999
-5.563439878887976 2.5231223994790524 124.09690121806142 295.27017030000025
-5.980450452199811 2.5885998007597935 125.22897758678975 295.3377567999996
-5.815748355666919 2.724929923370971 124.69815377957349 295.40039179999985
-5.831668309192821 2.7783542239914727 125.0836995869113 295.46679829999994
-5.8879715733086115 2.7057743217846215 125.25170831396282 295.5311690999997
-5.803597609607735 2.6310265086474804 125.17232808268905 295.59654070000033
-4.987742153473199 2.273421229387995 125.16222889900844 295.6629816000004
-4.8908350478501035 2.212319814219717 126.0999692486242 295.7280154
-4.244568984399734 1.96110631056893 125.12763348133016 295.79389939999965
-3.0385017135947763 1.4262360937143426 125.45927734048342 295.8588590999998
-2.7507148027675754 1.1643894647151307 125.62050468529593 295.92482420000033
-2.197009015198155 0.9554355477586189 125.10491555297251 295.99133340000026
-0.5174271502685173 0.336103995741908 124.9100864186498 296.0559245000004
-0.016369487236381985 0.08094164719680041 124.76212919663296 296.12172929999997
0.3725521896966484 -0.10331929882323687 124.61342051810772 296.1876288000003
0.8486758433706285 -0.21576092447797993 124.80059244100781 296.25201500000003
2.5597994879137858 -0.8732301639705558 124.85802303523965 296.3174095000004
2.985158502876459 -1.0391377482094595 124.588801186992 296.38145319999967
3.283730758589229 -1.1451993483481526 124.37599723084786 296.4461541999999
4.702597209384159 -1.5830662600064211 124.14491286734577 296.51168469999993
4.871756940909428 -1.7071781781988398 124.53011067118602 296.57731239999976
5.16414885560701 -1.7464778659819558 124.23744125745432 296.6440461000002
5.5659365408710215 -2.191133454308277 124.73791064645648 296.7077293000002
5.822694548183819 -2.0974189841990736 123.80376011385775 296.77345239999977
5.764744111588193 -2.222817983101165 123.87765522626995 296.83865069999956
5.877030425863488 -2.2152750828866825 123.74649066897916 296.90284640000027
5.722578323542756 -2.267516693595236 124.23876999527675 296.9688262999998
5.722578323542756 -2.267516693595236 124.23876999527675 297.03446799999983
5.416927042175125 -2.0114116529147785 123.8774463369997 297.0996457000001
5.051451983620083 -2.040150714454867 124.17988234184237 297.1652057000001
4.839570798346259 -1.8842654539020742 123.77092159368577 297.22999230000005
3.2744948916067784 -1.5295509386780133 123.94443996003986 297.2949859999999
2.76984831006574 -1.2685009354514598 124.27757689159158 297.3607714
2.3911594857308813 -1.2423076335986512 124.23118608887876 297.42636239999956
0.5900369964919818 -0.6188878458779732 124.00704625398896 297.49121959999957
0.1293490954568952 -0.3112756201575472 123.93938491143722 297.55650330000026
-0.4875364212563653 -0.2597100753620092 125.02087581403629 297.62182120000034
-0.848567169412263 -0.14715327175134316 124.48406640767669 297.68677190000017
-2.1537944598478376 0.5060283100017514 124.06920563312471 297.75184030000037
-2.5113729561424094 0.7446457103851342 124.3096155353684 297.8169912000003
-3.2625156482334887 0.789573188446496 125.2448802990423 297.8813137999996
-4.475100528033309 1.47039823503851 124.80245353128484 297.94684620000044
-4.54007193964479 1.6322047350176823 124.19548123284875 298.01302510000005
-4.8131956900376025 1.8758228546967037 124.30683460591655 298.0768478
-5.942059119622783 2.392539424570782 125.23165920996279 298.1412897
-5.7943230731645485 2.5548263629535857 124.60001149441273 298.20608919999995
-5.920261119108005 2.555243942503182 124.60500588328918 298.27204770000026
-6.256306132621837 2.7541265656538956 125.60877246594093 298.33747760000006
-6.140774367408788 2.7066324766620475 125.26037368939527 298.4024540999999
-5.7587248358339735 2.747430122151053 124.29952110907813 298.46725330000027
-5.607875876309187 2.326552931699512 125.28121401425454 298.5322962
-5.186268052748623 2.2593866095264543 125.46027053106701 298.59761809999964
-4.80506605041635 2.1025949844981002 125.54409022482666 298.66319870000007
-4.1026767421003 2.042734730532879 124.8856040353376 298.7295716999997
-3.1743699345837513 1.4517818491233327 125.08691333205161 298.79387979999956
-2.436992161806785 1.2502796353783145 124.45752512001236 298.85946969999986
-2.407078295655289 1.0509897239899162 125.30027365296434 298.9250242999997
-0.3955938959123628 0.35424878605272414 124.78219759521625 298.9902195000004
-0.3955938959123628 0.35424878605272414 124.78219759521625 299.0545027999997
0.06354521289493675 -0.14139607670528417 125.13112718248298 299.1197339999999
2.4568145079752597 -0.5094643531777878 123.82845308846215 299.1841973999999
2.6587484862137885 -0.7703655017536395 124.38610192310999 299.2495934999997
2.80416410528332 -1.0229212757473307 124.53679455509553 299.31473540000025
3.6632164175418254 -1.5161432704886768 124.92228468197091 299.3788373999996
4.283199000375717 -1.3624187200385076 124.11413702987517 299.44419879999987
5.116310074430444 -1.792629317884511 123.23963712647713 299.50853050000023
5.606215067992501 -2.1039964543365977 124.19360578246362 299.5721684
5.790832053137038 -2.161988522477101 124.2082061803781 299.6377577000003
5.918183382139148 -2.2004586378521807 124.2009098643058 299.7029971000002
5.765830286437364 -2.2525137249569362 124.68796467979264 299.76841630000035
6.0089165213824245 -2.2386324619317213 123.79942439376168 299.8335742999998
5.866516327908762 -2.2905989973669945 124.24081580965559 299.8976537999997
5.848342618015302 -2.267400971275371 124.23251064609379 299.9642270000004
5.573398637992426 -2.138954684791804 124.10600579961748 300.03020639999977
5.090247548462692 -2.0869872161925382 124.5430594009768 300.0930906000003
4.100254053938471 -1.7461835342006022 124.28173344110226 300.15916389999984
3.6871523909942496 -1.6809333498225945 124.08722502755319 300.222761
3.301379599099114 -1.5128262658332672 124.0806522629432 300.2872422999999
2.4765522600848016 -1.287643596486624 124.37466728673178 300.35218239999995
0.5303105620236366 -0.5237688255471085 124.4444478477969 300.41721510000025
0.5303105620236366 -0.5237688255471085 124.4444478477969 300.4814655
-0.967156328658632 0.03678125960267553 123.96131217679842 300.5472866
-1.2207600273903836 0.12161024664903289 124.05708225607913 300.61186050000015
-2.103263899460778 0.3551883190748913 125.34256297922653 300.67805729999964
-2.677376478278191 0.7083172793144117 124.76141711191906 300.7432619000001
-3.73627047817552 1.181026199664745 124.36236281971931 300.80847079999967
-4.1185064399403615 1.2911820656059914 124.73904105521285 300.8734897000004
-4.372545468002819 1.4889837018148038 124.63788955719424 300.9383878999997
-5.368814950412421 2.1605747206066956 125.01712856439903 301.0043579000003
-5.815702563343088 2.3921191616851583 125.22734313317704 301.0686595999996
-6.05782362796986 2.666153509495443 124.94884063910202 301.13347090000025
-6.05782362796986 2.666153509495443 124.94884063910202 301.19862850000027
-6.104010410441894 2.7140166500754077 125.2236145667967 301.2648299000002
-5.932905623590187 2.787789538028964 124.94363150629538 301.32949800000006
-5.809561428911181 2.5709947314236192 125.31753279591513 301.39616279999973
-5.5393927319719864 2.3609296010934173 124.69470046557238 301.4611795999999
-5.413849310718966 2.244110020152214 125.50351160206874 301.5278507000003
-4.018142619070915 1.868887298341461 124.53724218947009 301.5920887000002
-4.007960955662149 1.863025690730362 125.3354162074153 301.6581433000001
-3.6152005594818846 1.5932182276983737 125.62573385994268 301.7226647999996
-1.88694119170151 0.8586280480542846 125.1381011764382 301.78703640000003
-0.6825064047868707 0.7714192121868415 124.92119317825843 301.85317769999983
-0.10263298537631727 0.18442197731603913 124.24572527509577 301.91809250000006
0.7796575199940676 -0.14410295786229785 124.43665540532727 301.9829767000001
0.7866020178948787 -0.19083085799252478 125.08888926270315 302.0492763000002
1.4473153977525115 -0.6044409394120686 124.63549484911744 302.1123166999996
3.136929930888982 -0.9676192835408708 124.6915916046161 302.1767753000004
3.468819007824912 -1.183477450922205 124.52567449739698 302.24265540000033
3.62582666033898 -1.3101427043479896 124.91507356083136 302.3076662000003
4.107555709995651 -1.449365812004837 124.43081782701606 302.3729923000001
5.238576840257188 -1.7910246506369276 124.26401396951356 302.4382687999996
5.3138987539808795 -2.065827111924283 124.74692153562049 302.5043899000002
5.788594280752648 -2.269433801597655 124.31101902234617 302.5845710000003
5.765830286437364 -2.2525137249569362 124.68796467979264 302.64979459999995
5.691727176343406 -2.316457125533569 124.73493061193302 302.7143956
5.788594280752648 -2.269433801597655 124.31101902234617 302.7792755999999
5.788594280752648 -2.269433801597655 124.31101902234617 302.84520669999984
5.788594280752648 -2.269433801597655 124.31101902234617 302.91108239999994
5.158531022529644 -1.982024971087459 123.49181813458817 302.97766390000015
4.569670528126402 -1.8473794804342247 124.61882206140568 303.0432864000004
4.3482883544785835 -1.7824759251941356 123.77105343681826 303.1088784000003
3.9842882383546225 -1.6391469268110037 123.72500568704915 303.17374290000043
2.1422206376741 -1.1394336664381854 124.35112560810647 303.2392897999998
1.596074934416741 -0.9140882743300789 124.24758398519694 303.30403490000026
1.0205489024565253 -0.8480925971332668 124.98695114176344 303.37217640000017
-0.583900552908581 -0.2326975761820673 124.58407017073046 303.43457899999976
-0.9498779767577545 0.002472924086577233 124.2786384017706 303.5000977999998
-1.2085727148894563 0.1332113918028996 124.09293732298978 303.5658056000002
-2.9280607827328993 0.8337772285014933 124.76576556327642 303.6315241000002
-3.423003542358842 0.9900259754923831 125.23304703953056 303.6968071000001
-3.7027051718184865 1.1106311320743512 124.61103636136434 303.7620012999996
-4.74417587202128 1.874757423298366 124.55744016171113 303.8272674
-5.13380864344925 2.024594236743401 125.10547085863428 303.89116170000034
-5.145499614641935 2.1160529475605814 124.56910875258609 303.95621519999986
-6.135524360552893 2.502873137093273 125.62514613379308 304.0209784999997
-5.897813057626422 2.5486402482676005 124.91655954856942 304.0866477999998
-6.06480278811965 2.647571492299173 125.41781720390324 304.15244319999965
-5.89503924830764 2.6733382447429377 124.90689665149348 304.2171631000001
-6.06480278811965 2.647571492299173 125.41781720390324 304.28181099999983
-6.0636380647015145 2.571765108160165 125.32952053512847 304.34718710000016
-5.766505924758036 2.495759698422505 124.55859727108003 304.41282070000034
-4.718270341324327 2.059285971685664 125.35340418936802 304.4771916999998
-4.291223764108608 2.0232137266523047 125.07929468118778 304.5428234000001
-3.990977759105583 1.8724479388629072 124.53271426628254 304.6084241999997
-2.6714396474156814 1.2271478620241054 125.56741270544508 304.6735263999999
-2.0584779550710692 0.803547825892845 125.19011479074373 304.7383828000002
-1.5014724177679355 0.8404689584717435 124.84992125797677 304.80282629999965
0.06951402522556549 -0.06555638568777414 124.21868456750575 304.86847940000007
0.464336160201114 -0.10680753320333286 124.8141291869609 304.9333237000001
1.0323606159908252 -0.27043669903725864 125.20636687945589 304.99898759999996
2.7832456715416996 -0.8952186760467034 124.38652693161458 305.0647133000002
2.9352985888483474 -0.9790030457927743 124.7745632707824 305.1297609000003
2.983837440368802 -1.167558025842982 124.82759404284329 305.1955306
3.4863304071547887 -1.3704286309711162 124.63669115816646 305.2595236999996
4.9119205205414715 -1.7468568483966738 124.25240896935188 305.3260145000004
5.259703183695983 -1.825420495421825 124.78672399820177 305.3915613999998
5.864311586138086 -2.0811663199883057 124.25483822169687 305.4570700000004
5.76251507100028 -2.2289742070680973 124.54125275725445 305.5226435000004
5.788594280752648 -2.269433801597655 124.31101902234617 305.58909649999987
6.069788645137365 -2.13024295399795 123.5587389260415 305.6544186000001
5.803800895000521 -2.2903551237350785 124.33566018554421 305.7199330000003
5.788594280752648 -2.269433801597655 124.31101902234617 305.7844858999997
6.069788645137365 -2.13024295399795 123.5587389260415 305.8508829000002
4.957061482871971 -2.0589783273316176 124.14649656572631 305.9137823000001
4.624536514507028 -1.9310707107741543 124.15048143070013 305.9784450999996
4.395422052132588 -1.7448523642798928 123.8137449524545 306.0447787000003
2.756124702914093 -1.2790114694947985 123.86326092272527 306.10838179999973
2.2255631405231853 -1.1624495560321055 124.38296774605294 306.1728261999997
1.8765347480847723 -1.0280158255551186 123.91105726689102 306.23765939999976
-0.09931970532628043 -0.4107947333498809 124.39353398725387 306.301461
-0.4304678271172051 -0.26141956594631255 124.05606030521446 306.3667972000003
-1.1156723906563215 -0.09439387848432546 125.17965224494709 306.4320767999998
-2.5223349453403543 0.530392118020917 124.95438614897455 306.49698030000036
-2.778312768763783 0.7318398531067251 124.56476508510012 306.56189059999997
-3.3963771689958335 0.9308105822777464 125.2002263029104 306.62711469999977
-3.7034929537483237 1.0289295316144613 125.01336071808427 306.69323239999994
-4.746231741176729 1.7503034752116267 124.56511939250679 306.75779859999966
-4.919130373886027 1.8569031684444832 124.47302125016067 306.82300849999956
-5.477941267127726 2.077093379854773 125.27022187588047 306.8886355000004
-5.85188349798527 2.482740046803683 124.77088465809213 306.95233780000035
-6.212913569639269 2.5622448003221314 125.47130734514792 307.0181075999999
-5.97510339707204 2.607733978446314 124.76590197022325 307.08262099999956
-6.085029339972657 2.7232396120824482 125.0972259098423 307.14740600000005
-6.342476153426865 2.6692557241867605 125.93213063994563 307.2130573000004
-6.212913569639269 2.5622448003221314 125.47130734514792 307.2789509000004
-5.103591503489014 2.2554823892917044 125.26621176018126 307.34390449999955
-4.912480003128351 2.05559464204508 125.44740989415112 307.4088769
-4.556352112767634 2.055347270504899 125.49768555841506 307.4743846000001
-3.0809660842009734 1.3554442762583483 125.45287635148824 307.53859120000016
-2.4978561195072047 1.185825440441663 125.26380226147657 307.6034585999996
-2.1055465290558715 1.0391682340827806 124.8841255099454 307.66986160000033
-0.1582290891515541 0.12694631343350699 124.81955583490009 307.7346797
0.28160847462896754 0.026017474626740256 124.80151492486928 307.80053599999974
0.28160847462896754 0.026017474626740256 124.80151492486928 307.86758649999956
0.9544560276062342 -0.33181202530107945 124.4781178172381 307.9327112000001
2.8955152304065592 -0.788235334365984 123.40155893393502 307.99750330000006
2.810739013029817 -0.853830820494852 124.77258369174103 308.06108380000023
3.850729130901648 -1.2451514416187035 124.65345570363333 308.1257122999996
4.372603120574979 -1.5765215264213772 124.83660314598278 308.1912946000002
4.972177182382055 -1.469487837226516 123.22318216953923 308.2560387000003
4.758240149678265 -1.7514270733349424 124.72291137403 308.32193650000045
5.834774693715026 -2.118787455358197 123.84031026478189 308.3875588000001
5.944644543550837 -2.1078474842751325 123.47961594072125 308.4529972
5.793765759843282 -2.3539414366602296 124.28319370881123 308.5190097000004
6.208338380841781 -2.2411669712224893 122.78710271018257 308.5842298999996
5.9449409995132925 -2.2168732150492345 123.80905569300045 308.64943219999986
5.81538208366571 -2.2898029764387826 124.39892819718017 308.71464749999996
5.203751033845158 -2.106802635514435 124.7502268430732 308.7802797000004
5.051451983620083 -2.040150714454867 124.17988234184237 308.84593179999956
4.046286617601844 -1.7186931903602967 123.74625536368868 308.9097350000002
3.4746957032002967 -1.554315705352752 124.61538722443905 308.9758787999999
3.034992534695 -1.4377942130465675 124.43735269165775 309.04111079999984
2.287042963129508 -1.1637093513943915 124.30178267384953 309.106186
0.4538272238190615 -0.5184314767721524 124.41659052204497 309.17227639999965
0.013463279381369375 -0.4212160370703901 124.64586124922332 309.2364859999998
0.013463279381369375 -0.4212160370703901 124.64586124922332 309.30204890000005
-1.5167014426614287 0.20454483100959014 124.50689802579659 309.3677964999997
-2.0395761531150143 0.31736160251866 124.78922456843156 309.43269359999977
-2.8546065627384465 0.7103131507143012 124.80495834274933 309.49748180000006
-3.2309023116059663 0.8361619665733713 124.81275041090989 309.5621110000002
-4.28020006928417 1.3405138295811274 124.8526106712851 309.6279026000002
-4.493704886366906 1.507980934295599 124.36995764752255 309.6926493000001
-5.420371637769954 2.176843938508505 124.51879597786579 309.7585332999997
-5.711391563065156 2.2946531665084926 124.99371986310332 309.82386039999983
-5.779259123656281 2.502240046394688 124.55935131244664 309.8894661000004
-6.085029339972657 2.7232396120824482 125.0972259098423 309.95329260000017
-6.2157525291047975 2.7610472097410104 125.56031983105062 310.01880079999955
-5.867749965877628 2.7424554986692486 124.63032832387034 310.0828453000004
-5.770986695232104 2.5126148775533363 125.47074216411086 310.1476351000001
-5.350405717797223 2.4970213591816357 124.30706745359554 310.21320939999987
-5.410578534118777 2.1620520910046426 125.67900339249155 310.27770320000036
-3.901099856433632 1.813106545334373 124.44303450075009 310.34312560000035
-3.891058492423575 1.751000707205926 125.38014383180563 310.40802710000025
-3.432496458209961 1.4870376337724585 125.44917777780057 310.4734785999999
-2.7342144440231237 1.4840196128837544 124.45729947059513 310.5377833000002
-1.151147527858221 0.6208225326138281 124.99661751549809 310.6034364999996
-0.5561114718885989 0.4445234478433677 125.20963112931133 310.66875040000014
-0.2205983162548364 -0.10620523155517025 124.82315657538082 310.7331548000002
1.2896713301698597 -0.5407251441929674 124.69030192122025 310.7987272999999
1.6092223039329312 -0.3516358561188111 124.75300636434952 310.8644426000001
2.235847005202757 -0.6783367768482594 124.51145383294053 310.9294620999999
3.432226283648724 -1.3044310033857496 124.54862135232192 310.9960909000001
3.8276066573096514 -1.4148428904499954 125.1305270612949 311.0616122000001
4.297865877660826 -1.431744760481291 124.64530763464 311.1257975999997
5.39340445492288 -1.8498632915795754 123.87312603210917 311.19166550000045
5.3426332756747215 -2.014404177478896 124.26477771480216 311.2560046999997
5.802193093260293 -2.046563390004955 123.35903262789347 311.32011599999987
5.8899649257686875 -2.2228363818367094 123.87174176917604 311.38628289999997
5.788594280752648 -2.269433801597655 124.31101902234617 311.4513095000002
5.853701134352399 -2.3852712381000822 123.9600521377258 311.5160728000001
5.891393089562278 -2.2001196217125614 123.78104399200078 311.58167049999975
5.7906969710830225 -2.2867723496495374 124.21023052551782 311.64612599999964
5.689067690330127 -2.221736994250018 124.32550348475635 311.71293330000026
4.589578385426734 -1.7441566478140202 123.96772832692389 311.77781609999965
4.16986438071217 -1.7620747702137491 123.81478193797642 311.84357309999996
3.6676331409078813 -1.6072921794937414 124.06762125378127 311.909893
3.2024222130194318 -1.520050663913461 124.7060346509739 311.9743196999998
1.5618241555236807 -0.8684949727957849 124.43106665115003 312.0390324
0.963075455247953 -0.9044948901954484 124.59701549441453 312.1041636
0.7375074084098188 -0.5521989899382478 123.6272998215185 312.16866649999974
-1.0920450260694992 -0.029961047026615534 124.54269103219309 312.23401639999975
-1.329834521073721 0.22794143742590015 124.15075851250413 312.29752050000025
-2.0085914798632842 0.42641015836223095 125.1622270703468 312.36178819999986
-3.6511381452749703 1.0255037603216846 125.02004014866438 312.4272449
-3.717867822823777 1.1887104324318865 124.53779413518133 312.493418
-4.015584608646769 1.346313779926581 124.61571239685092 312.5590222000001
-5.404803533350396 2.002435026392377 125.31187656862596 312.6239450000003
-5.369273247265163 2.1596615564920634 124.59042501242027 312.68956049999997
-5.689566029905187 2.2351311718497358 124.97129373525819 312.75432759999967
-6.029563348463739 2.525497047334264 125.19126704946227 312.8184345999998
-6.1083643990344925 2.6381503740492502 125.47323445486764 312.8838955000001
-6.20920618204655 2.691912096245256 125.65461339608949 312.9487349000001
-5.9981742767086175 2.716050480492198 125.13764041784445 313.0154014
-5.944918946599479 2.4753640342383956 125.05676929491172 313.08139420000043
-5.746520286283278 2.385249274601228 124.53610247308589 313.14538600000014
-5.820355752846339 2.2547643122753955 125.54972105187915 313.2100344999999
-3.8203294159845456 2.0134561829604958 125.09352277519697 313.2749511000002
-3.7760023321950413 1.8261169205222951 125.15105510971209 313.3395859000002
-3.699070238774951 1.5520382010680416 125.44784323574228 313.4044835000004
-2.287283914563659 0.7768655854138125 125.59204199613097 313.47055699999964
-1.1557972667450542 0.7914546613421979 124.6775615838277 313.53713419999985
-1.139434079224337 0.7295456122849824 125.48055931886014 313.60063009999976
0.8368951034065475 -0.36677749150929295 124.97391718136575 313.6652144999998
1.3912677548369317 -0.14538172016386727 124.56088944956055 313.7302755999999
1.7245117935901817 -0.4133513971697371 124.39037741668237 313.7958582000001
3.2267591684608163 -1.167713610239305 124.58613996029283 313.86199250000027
3.43926006365745 -1.1041843867695535 124.75643001100445 313.9288118000004
3.867417456087317 -1.4308622485021403 124.19490696262581 313.9928590999998
4.150049700794611 -1.447519353785326 124.50024391301136 314.0584808000003
5.3800138155978345 -1.8426841254592734 123.75127524143593 314.1247867000002
5.488266948441975 -1.9564006143951453 124.26723206897525 314.1898226000003
5.883730452861613 -2.2385143190000263 123.80548733335144 314.2555615000001
5.8899649257686875 -2.2228363818367094 123.87174176917604 314.32010040000023
5.8899649257686875 -2.2228363818367094 123.87174176917604 314.3863855999998
5.7906969710830225 -2.2867723496495374 124.21023052551782 314.4511652000001
5.788594280752648 -2.269433801597655 124.31101902234617 314.51627329999974
6.049834518094592 -2.1703546745415014 123.35580168464085 314.58147869999993
5.698969626559169 -2.2279606917072083 124.45691842712826 314.6464483999998
4.464663011823681 -1.8975815925289141 124.64616823384925 314.71152509999956
4.191047241987199 -1.806668971324584 124.05697927098261 314.7759576999997
3.7099507219684043 -1.5562034684277821 124.09112208475241 314.8405855000001
2.2646067721582526 -1.1534737390450462 123.76932336871872 314.9059361999998
1.7178155017234005 -0.965416520735316 123.9778520877184 314.9717472000002
1.3859655470048295 -0.8027179360213349 123.67981825417374 315.03681250000045
-0.7960907994235242 -0.16976712233088107 124.72271558831844 315.10187620000033
-1.0271904648385544 -0.020524181759810634 124.53376241969026 315.1678670000001
-1.0043025648019892 0.16124171141638788 123.50121477155356 315.23299529999986
-3.06662727230092 0.8214205867043792 125.14693808662197 315.29797020000024
-3.4812667344709425 0.9616966080156443 124.81582314466205 315.3645454999996
-3.5530687386058446 1.1434768098376369 124.13654689514635 315.4298435999999
-4.212325978053826 1.2949129995008823 125.39544883160977 315.4959693999999
-5.32021588497652 1.8900755987910958 125.24549039973884 315.56209990000025
-5.491729678247886 2.08150622470285 125.39552278347435 315.6285052000003
-5.771581716325798 2.2048980027434983 125.28293188648973 315.6918800000003
-5.958346532613724 2.617092449125389 124.64574132177269 315.75668339999993
-5.7766274589292195 2.625907102835997 124.21026762506733 315.82274080000025
-6.104010410441894 2.7140166500754077 125.2236145667967 315.88855650000005
-5.665026045355532 2.628066262186124 125.59813655240548 315.9545570999999
-5.368410778818095 2.5891619849503096 125.12226665639245 316.01983070000006
-5.222150755126826 2.529290039232225 124.98593922707286 316.0855190000002
-4.779882129981239 1.9878136314506922 125.62560468464817 316.1505281999998
-4.372303535140617 1.936987222040784 125.40046180401204 316.2158781999997
-4.372303535140617 1.936987222040784 125.40046180401204 316.2819652999997
-2.3083600579073433 1.2244548054101607 124.71673233037588 316.34738709999965
-2.2065398229019877 0.7775353269783697 125.37165316258813 316.4123050999997
-1.2931402160842609 0.8047188195147335 124.51024933901802 316.47685400000046
0.42418704516069283 0.11749244283661611 124.45428535113942 316.54222539999955
0.42418704516069283 0.11749244283661611 124.45428535113942 316.60795340000004
0.5410947555216978 -0.18566589913648016 125.06911975539562 316.67327659999955
2.6801991442575144 -0.9428935683030928 125.0513797285136 316.7375370999998
3.033476010606769 -1.0202154481822683 124.38131522945491 316.80346519999966
3.3008327452341035 -1.201536287526819 124.96747019146123 316.86889410000003
4.335249629494349 -1.6475119191226024 125.19532739193737 316.9339765000004
4.691433472190511 -1.7188000319881829 124.57894276213717 316.9998433999999
5.0426062812387045 -1.7013658539230259 124.22057962401604 317.06489899999997
5.446920076721703 -1.9682553103386655 123.81852934249973 317.12982310000007
6.049834518094592 -2.1703546745415014 123.35580168464085 317.1954420000002
5.793765759843282 -2.3539414366602296 124.28319370881123 317.2607409000002
5.868376198395737 -2.3877087225016327 124.078012847843 317.3257507999997
6.002480084707344 -2.2151599182894626 123.73929274090133 317.39124530000026
6.03323447502639 -2.253858412323339 123.42330189616584 317.45666429999983
5.793765759843282 -2.3539414366602296 124.28319370881123 317.5216067000001
5.091912511611405 -2.1393819102902465 123.75643218148713 317.58257179999964
4.620046733911579 -1.968845954055297 124.28513007583926 317.6468461000004
3.5570093999532304 -1.6395474268166694 123.87816098971128 317.7130208999997
3.108344382078613 -1.5243300759267209 123.94458454460946 317.77221069999996
2.701905875897303 -1.323008505747407 123.81360307206864 317.83856209999976
1.6394474381618807 -1.018683363247007 124.32229201544104 317.90564879999965
-0.15815527277234054 -0.38246197803069626 124.82788433931745 317.97316930000034
-0.6888460207591791 -0.2895598031778083 124.62981115597124 318.03873639999983
-0.6888460207591791 -0.2895598031778083 124.62981115597124 318.1049172000003
-2.316185691808279 0.4279498740502863 125.21992455159115 318.1716386999997
-2.2272805975149623 0.6720582859824961 123.48702418625736 318.2372048999996
-3.373469737976734 0.8551217117245934 124.65278525143749 318.2627967999997
-3.684911683625934 0.9371029269649208 124.32457814768246 318.2903243999999
-3.723801422506355 1.107921686213094 123.83033197133322 318.3617357000003
-4.584907477324528 1.9038541299154428 124.06673957858968 318.43555709999964
-4.8181276555062595 2.0099210968795345 124.27789494436979 318.4941531000004
-5.249467609544006 2.0904104543499074 124.90872514101794 318.56886029999987
-6.043251959148449 2.588288264912598 124.96362924093248 318.64090750000014
-6.145435267685357 2.703706843702835 125.27249660767507 318.70584750000035
-6.1083643990344925 2.6381503740492502 125.47323445486764 318.76971070000036
-5.8100667125031435 2.662732820603449 124.95041322865856 318.8348861000004
-5.809561428911181 2.5709947314236192 125.31753279591513 318.8997468999996
-5.6259240056060875 2.5666447924280256 125.40233715278923 318.9656427
-5.391429999026535 2.471055202525411 124.80750745484409 319.03101270000025
-4.245326279267687 1.9366613601873426 125.39451637534543 319.09756689999995
-3.6479921051314648 1.847113971838015 124.6637912219195 319.16081250000025
-2.891118318503871 1.3303239005212708 124.9735323483503 319.22704669999985
-2.5441224898927715 1.248242008550462 125.21158081440092 319.29185719999987
-2.2933818975752303 0.8934212378502716 125.08691438694767 319.3573005999997
-0.5434508397331257 0.10890251846696353 125.27921129218822 319.4228572000002
0.45106406462216597 -0.08434971852934822 124.55998371443752 319.48758309999994
0.45106406462216597 -0.08434971852934822 124.55998371443752 319.55116309999994
2.2738422150863897 -0.9273151670707316 124.74980298218469 319.61658760000046
2.7402955210658533 -0.9646338549567923 124.56206662536935 319.6833944
3.0929506344841045 -1.035158184450053 124.45482574912349 319.7480122999996
4.545511221302796 -1.4336404248209502 124.06751457701847 319.8114536000003
4.621000126303208 -1.5183208073769816 124.41154112460751 319.87714719999985
4.860965199711316 -1.775470373342324 124.3750428335573 319.94236790000014
5.2295420208842955 -1.7878924260028928 124.06623888041136 320.0082994000004
5.6958007368170485 -2.122470715113438 124.63148569789723 320.0737503999999
5.9449409995132925 -2.2168732150492345 123.80905569300045 320.1384159999998
5.788594280752648 -2.269433801597655 124.31101902234617 320.2043842000003
5.885982388129641 -2.306156089216425 123.88424856412674 320.27146770000036
5.788594280752648 -2.269433801597655 124.31101902234617 320.33666429999994
5.9449409995132925 -2.2168732150492345 123.80905569300045 320.4026303999999
5.28790887122085 -2.161388554519712 124.23372473374775 320.46787380000023
5.210817104653728 -1.9685820374217453 123.52778515120907 320.5340560000004
4.738994758347921 -1.7900094219608838 124.09693594166072 320.6005742999996
3.1802851097842293 -1.4952488560243111 124.03732981808287 320.66512500000044
2.649208932685589 -1.3905289875980922 124.31548201922129 320.73035849999997
2.5826354490093095 -1.3745803855634597 123.34791532390796 320.7975816999997