5.677588095057423 0.17736990143249398 125.0601499308522 0.6664404000002833
5.696872676666544 0.0073400284637085145 125.33254768609758 0.6907896000002438
5.809357786744435 -0.18087266382914446 125.01068019977143 0.6995301999995718
5.618079552789162 -0.45726572483252403 125.757532385241 0.7288001999995686
5.78694241300461 -0.413168976086695 125.19788590674075 0.7600007000000915
5.670663905917415 -0.614337322992037 125.55029823101829 0.7929291999998895
5.726748173954391 -0.8707070306786384 125.21918703880044 0.8243701999999757
5.939787417177335 -0.9033307845060843 124.4797124152742 0.8542115999998714
5.807544300530502 -1.0934078369136262 124.89278350600064 0.887666900000113
5.973534944683337 -1.2336043520550257 124.3356814156117 0.9212883999998667
5.732429169949938 -1.3514805888987977 124.99929098085566 0.954546300000402
5.596268120018841 -1.4654330733378687 124.62748673969031 0.9835192999998981
5.3082664163398405 -1.5914369821929486 124.72253139035257 1.0166393999998036
4.806882005498238 -1.7470897018220906 125.05502066850777 1.0485814000003302
4.6728869502831785 -1.8209784369620277 124.58138694177248 1.0966343999998571
4.18018346206275 -1.9945838370137539 124.89414482841406 1.1266532999998162
3.7420478097902503 -1.9739310467047484 125.06758187245757 1.1596958000000086
3.297084901021009 -2.148592034070045 125.0724649663141 1.1911458000004131
2.9991383852473703 -2.20625234794148 124.3918577008973 1.2240755000002537
2.490593905793453 -2.176385652991772 124.91170070603985 1.2562176999999792
2.191154840523261 -2.3158298151830965 124.54338269329166 1.2892209999999977
1.4760245164952224 -2.351008750546665 125.28280865336941 1.3200981999998476
1.2285736689567557 -2.4378095729657074 124.73582777670538 1.3522739000000001
0.7986926002962065 -2.297809449610897 124.85779472963549 1.382835299999897
0.23802873330989627 -2.371962557497771 125.36446094014725 1.4161887000000206
-0.13187933939294538 -2.4676187983940276 125.21477070840845 1.463817900000322
-0.5871723514119935 -2.4196506413966365 124.90861034546367 1.4962570999996387
-0.9688132712599611 -2.376456669153677 124.88429333395642 1.5274020999995628
-0.9210446462168349 -2.3796638290477192 123.96436394613904 1.561106000000109
-1.513029524058588 -2.302484463154938 124.87966190522675 1.593254600000364
-2.1028086741540903 -2.2905361611495656 124.97132211420569 1.6242750000001251
-2.40126181852839 -2.191792212350804 124.58953247467554 1.6564139000001887
-2.8914030683004412 -2.0486487255721557 125.04605960396609 1.6883154999995895
-3.2797890405095345 -1.9861215799484953 124.86947641301339 1.7216185999996014
-3.255624697608866 -1.8157947869002222 123.84005750333533 1.7517845000002126
-3.255624697608866 -1.8157947869002222 123.84005750333533 1.769459299999653
-4.26790401155646 -1.6559468468617657 125.24862456753297 1.8332485000000815
-4.520687342429312 -1.5298135104023372 125.25589917401891 1.864531100000022
-4.77342343330676 -1.4036651793601367 125.2629162909343 1.896356299999752
-4.69374671210889 -1.231469272203483 124.14116755002304 1.928472800000236
-4.8484420025074755 -0.9823871956899373 124.08893438100101 1.9612346000003527
-5.479794963642632 -0.9635849338621414 125.31293488764234 1.993381500000396
-5.668072619857654 -0.8353180455313436 125.38405173793588 2.024703000000045
-5.767241139309419 -0.6339731846523053 125.22192973516164 2.0557103999999526
-5.76439748630942 -0.4305872047469288 125.21271892474842 2.0869746999997005
-5.583924807227014 -0.24569275323260897 124.48984178166783 2.1192754000003333
-5.583924807227014 -0.24569275323260897 124.48984178166783 2.137823500000195
-5.916700623436412 -0.1972752261309011 125.44131873400596 2.155749999999898
-5.871860195037385 0.18270834426427585 125.41976173491159 2.232781900000191
-5.715717524688181 0.34750756653429266 124.94845558200514 2.264011500000379
-5.968090259999677 0.5175876783301275 125.82670869640403 2.296636299999591
-5.7000186121006635 0.6457752928529292 125.3467093756148 2.3292756999999256
-5.712630278816022 0.8259247593395292 126.06364783171655 2.3607068999999683
-5.159836195595027 1.0847672372651531 125.06738140881698 2.392356600000312
-5.146364426150967 1.2827448610610401 125.6452638472955 2.4246150999997553
-5.087005869025113 1.4324873994608627 126.18561684502691 2.457885499999975
-4.89614160338315 1.5559057070706783 126.46095470758686 2.487441199999921
-4.89614160338315 1.5559057070706783 126.46095470758686 2.4983943999995972
-4.566895929579545 1.8101040956874246 126.13164253910428 2.5198200000004363
-4.308080115021525 1.9357682468800987 126.10878515119859 2.5683601999999155
-3.803677540706275 2.2302821038552993 125.71939265628023 2.598283199999969
-3.582127299265231 2.3253260371829847 126.75301104937017 2.6632509000000937
-2.914338343830238 2.555271243241121 126.15635806011721 2.6965142999997624
-2.682579721715456 2.76127387447628 127.01676244341029 2.727032599999802
-2.5411350790485727 2.714488284690331 127.68285359529804 2.760860899999898
-1.844190560547105 2.7227060281714817 126.64180467834713 2.7951647999998386
-1.1833286670797492 2.8652784924200505 127.05964291044786 2.822535600000265
-0.8375907758095948 2.8963172264933745 127.27680204283348 2.8553867000000537
-0.8375907758095948 2.8963172264933745 127.27680204283348 2.874320699999771
-0.22424752554646687 2.8389471155813175 126.207153644273 2.8915675999996893
-0.1143616110938126 2.872573090955462 126.58133419410552 2.9384964000000764
0.028600549061700065 2.6586371688234984 126.66998498921747 2.9677703999996083
0.9101062256453218 2.615658328942227 126.20102588424706 2.9994974000001093
2.0391327128781924 2.4377154389157303 126.3985796117621 3.0639813999996477
2.3661342853627616 2.3292711457523074 126.044977957713 3.0955565000003844
2.3837995194707062 2.404330757688358 127.00870729261379 3.1285760999999184
2.906034381546114 2.1647426478089935 126.58969759001101 3.1612773999995625
3.1433383820579976 2.049777613932068 126.0420140506571 3.1925702999997156
3.531258748524138 1.7580342263371862 125.93854734180879 3.224975699999959
3.531258748524138 1.7580342263371862 125.93854734180879 3.2431845000000976
3.4378572481011958 1.7349161698538786 126.9221825983636 3.2607225000001563
4.478359703081814 1.5915072138483168 125.68049142167081 3.304328799999894
4.846076327349792 1.4031536481809384 125.65320621000009 3.337021199999981
4.795298746470358 1.28721330044489 125.51637626037821 3.369061100000181
4.967520285168824 0.6395890791938651 126.01398160368198 3.400598799999898
5.418876215204818 0.826066877219793 126.36349826665769 3.4643658000004507
5.4879859081766185 0.13418492602213794 125.3406672061623 3.4958526000000347
5.644686115453823 0.3453265478201048 125.08904717802419 3.528801999999814
5.759916549551079 0.0927076811491041 125.61518302427923 3.5622063000000708
5.6347064746192075 -0.23704503865965298 126.19967379935609 3.5938247000003685
5.6347064746192075 -0.23704503865965298 126.19967379935609 3.6115399000000252
5.7711523903023405 -0.3308581696907944 125.44782681049594 3.640905500000372
5.821049673502465 -0.4785313484372693 125.32153651905853 3.6728071999996246
5.947327745725609 -0.5508298014558881 124.90313957797945 3.70653829999992
6.006647101823226 -0.7992102874770846 124.56763079650459 3.736522199999854
6.168920981122504 -0.8324306660378555 124.04413813276517 3.769224800000302
5.81442068265504 -1.1241411475572236 125.19842508925002 3.8004135000001042
5.857287441647593 -1.2811811550279777 124.65599007022612 3.866771300000437
5.505194084016459 -1.434091352617541 125.01271404951663 3.896822300000167
5.260995728051938 -1.5524873770402676 124.81617924088631 3.9270098999995753
5.051349923496353 -1.6983461246364775 124.7326574448164 3.960525499999676
5.051349923496353 -1.6983461246364775 124.7326574448164 3.9782788000002256
4.5498855010774335 -1.754197741075437 125.50128479499517 4.008505800000421
4.342345928764253 -1.9604632253877843 124.4958118087062 4.039030900000398
3.9340938478195966 -2.0243504580164684 124.5449405590893 4.073370899999645
3.26679368155591 -2.117179558454632 125.41774737954228 4.104003200000079
2.8613769497724775 -2.2245213290005807 125.08803145213598 4.136716899999556
2.624459736848756 -2.2072362432425443 124.39323928470229 4.168302600000061
2.28374990714687 -2.315880405734938 124.83325268807215 4.199665299999651
1.272140781594942 -2.3617451674048824 125.03462575856646 4.264993800000411
0.9221598319249011 -2.3765593015832573 124.96342554835975 4.296299200000249
0.4875012024826333 -2.401896363599179 124.58469003185186 4.328992099999596
0.4875012024826333 -2.401896363599179 124.58469003185186 4.3468973999997615
0.12452335490857536 -2.3588611211307264 124.33740732582979 4.376420599999619
-0.5773198991109538 -2.2792997265444863 125.09313167979366 4.408971799999563
-0.8309233098079076 -2.3659347192638953 124.75220983395269 4.441886499999782
-1.02980300847031 -2.336495627051283 124.45654548559611 4.472170699999879
-1.5631500139036802 -2.350821387866828 125.3404366461903 4.504508300000452
-2.07473738042615 -2.2606774830801557 125.20382354659351 4.537734100000307
-2.2978645686712014 -2.1826436267500053 124.73111175222463 4.568357799999831
-2.7304138199838945 -2.0473230988246316 125.05928888329454 4.601130199999716
-3.574241733362733 -1.865995197951638 124.96930110977223 4.666357799999787
-3.818263009674837 -1.7540936641388152 124.89820975585279 4.696471600000223
-3.818263009674837 -1.7540936641388152 124.89820975585279 4.714902400000028
-4.262032570106655 -1.639940477459831 125.28450327788742 4.7438813999997365
-4.500671622197871 -1.5531522005525584 125.0781650690131 4.775682100000267
-4.780761395173592 -1.393487473680854 125.35590953896983 4.809408099999928
-4.930527642313784 -1.2382370404605787 125.0550171836238 4.840307899999971
-5.245435189957092 -1.1375361571316442 125.3648864363241 4.87233070000002
-5.399564684111354 -0.9436570089999472 125.17862847726452 4.905735299999833
-5.46781415119176 -0.7941111145724566 124.89597139698795 4.936163299999862
-5.6886946972477475 -0.681310070589574 125.0766222580372 4.968652200000179
-5.843510028194146 -0.5103676535675927 125.41484995858293 5.000724999999875
-6.02160207717192 -0.2340794547136078 125.67773047033951 5.064652899999601
-6.02160207717192 -0.2340794547136078 125.67773047033951 5.08384709999973
-5.811620597576514 0.08555493394383074 125.16177976888204 5.110744800000248
-5.963720908072162 0.15777632508344974 125.68743002721646 5.144561099999919
-5.62320524636209 0.3723091177127608 124.67899683639173 5.174473699999908
-5.774145268354083 0.5832613553045392 125.13005442650189 5.208244399999785
-5.8166380973982115 0.6818607124918254 125.36641607900428 5.241141299999981
-5.737607578613442 0.8255645057933545 124.86908745114522 5.274062700000286
-6.018699971620521 0.9484324757736743 126.10642566517757 5.304372499999772
-5.7618099017542335 1.0873885246264594 126.02176012293573 5.335717900000418
-5.26096241883895 1.3997209453636157 125.88397809912175 5.3674385000003895
-4.933156061003963 1.6165893079004183 126.21904348662338 5.399891699999898
-4.414661301089183 1.7852918577672576 126.01257871999184 5.43140190000031
-4.345774536250822 1.9678003205426724 126.29268473125232 5.480191900000136
-4.2184329441493205 1.9828656692423174 126.22002354446546 5.511308199999803
-3.777835063035063 2.207000378734909 125.89913050331778 5.544808800000283
-3.5556724267405926 2.409265764540663 126.53026396550024 5.575243000000228
-3.616098752589835 2.4042918199342154 127.41283058412128 5.608271799999784
-2.4537120816257243 2.585635604998415 125.70081556478782 5.640331300000071
-2.277786447106976 2.7636031027639594 126.87920230058874 5.673464000000422
-2.0563153891314983 2.6593697202743627 127.31108510597234 5.705263200000445
-1.2422885453097479 2.8079565299357894 126.0671589128081 5.735504299999775
-0.9143532187993912 2.9394065721053875 126.2405974725648 5.76814639999975
-0.7752835438623435 2.6561212695633456 127.06391203247178 5.800025399999868
-0.23678359785492376 2.7813410469121935 126.35761361605074 5.8483241000003545
-0.17001865380768066 2.8220176870318943 127.589887635907 5.880317600000126
0.6465556602175937 2.6175068417837117 126.59094792921047 5.913046800000302
1.3350031188575784 2.7860004880661613 126.52952727300057 5.944242399999894
1.4388598585905896 2.4793150210645543 127.23975627383174 5.976191099999596
2.1300478365241275 2.324284335848287 126.41966956604716 6.009312999999565
2.4222231356524873 2.454874107634406 126.86928256080782 6.039756699999998
2.69873229824055 2.1673570761920677 126.56347806650881 6.071842700000161
2.8493512976094024 1.952745652847428 126.91909518051835 6.104799099999582
3.3868709079148545 1.9444389079856839 126.22451921751332 6.135945099999844
3.6786320592837285 1.7614324845832607 126.43501474361946 6.169688599999972
3.8978694364797093 1.4750331373859558 126.76764006642883 6.2160501999996995
4.426812277328281 1.3097776680624371 126.22669450639462 6.248352800000248
4.823240656384343 1.12090683723221 125.81151521921352 6.280432900000051
5.2411682715648595 0.9485620391094187 125.10629070475827 6.312738900000113
5.069819273638728 0.8604546815490011 126.14094359681305 6.343990600000325
5.1660737151147345 0.558355051317179 126.00496895010357 6.376306299999669
5.305425644814861 0.3826815590301351 126.00036783333276 6.4077979000003324
5.678781713192798 0.27685269995881456 125.38598159350572 6.439815699999599
5.783653357888014 0.08963717153632811 125.20731934659948 6.472551900000326
5.785225777735214 -0.16178978027782864 125.20286847605158 6.5040711000001465
5.843296356161822 -0.24270606069805378 125.25138958771007 6.535699500000192
5.775470491093557 -0.4320687108675614 125.27099891567173 6.585557700000209
5.966231173241923 -0.6277606946206538 124.38122958933936 6.6152773000003435
5.834745486225536 -0.681444814087818 125.02261024444819 6.647238800000196
5.627111463070307 -0.879192128104979 125.72021462492458 6.681079199999658
5.855119958601314 -1.0741965508815248 124.85009069943355 6.711712700000135
5.88049859290377 -1.120790843210976 124.80125273992148 6.744181699999899
5.737053032642407 -1.2925816802119563 125.05953327782599 6.775664200000392
5.668232571499068 -1.525894901196204 124.59257326022748 6.807400699999562
5.445981490349119 -1.606046580797749 124.4019546334574 6.838665700000092
5.2060562481585535 -1.5761232392108884 124.5970501463846 6.871555300000182
4.826843614534241 -1.6979156819811725 124.447782451372 6.9046534999997675
4.485004621932966 -1.8137553052445385 124.61866907509982 6.953183100000388
3.9967627165147945 -1.930056580012801 124.88201035933314 6.984663000000182
3.669419696113188 -1.9424437456673211 124.44543488957832 7.01623600000039
2.956450412726433 -2.1479836983021587 125.26946146914614 7.049262399999861
2.574505153248687 -2.1470244231542988 125.29363631604359 7.080329100000199
2.220631953723718 -2.160277910400445 125.23367083814222 7.113076999999976
1.8763451663440378 -2.37425324961837 124.88664808831187 7.144527700000253
1.478563282867107 -2.3137787561603327 124.73109855230085 7.176189699999668
1.0232652847898933 -2.3596894485162827 124.87551731537322 7.208203400000457
0.4614958397855915 -2.390905607881208 125.39436581009919 7.24002290000044
0.09044119189871935 -2.3095569348479397 124.79527040844549 7.272797300000093
-0.32949784392496895 -2.354554470707523 124.95618144181236 7.3212415999996665
-0.8958746552580834 -2.2790437272044923 125.19055280852656 7.353682099999787
-1.0163270989438473 -2.3250152753057227 124.75576170883758 7.386511200000314
-1.1398100630123835 -2.1577932751606617 124.03296367280942 7.416659100000288
-1.8758762364711004 -2.2418464797394964 124.91118853587118 7.4489510000003065
-2.2614905395126925 -2.1796768409477996 124.7423384589597 7.480911200000264
-2.357069914406317 -2.0181248330415222 124.31551688573117 7.511828699999569
-3.2344169390531974 -2.052166371932295 125.72734491124513 7.544349099999636
-3.4289935472556294 -1.9295999240800392 124.76467381020231 7.5759596999996575
-3.767706874220103 -1.8479887259656707 125.1747939967677 7.608859199999642
-4.116118951335835 -1.6606835328096228 124.89352018033617 7.64116279999962
-4.196032646140814 -1.6518247685903833 124.52250785094975 7.688925499999641
-4.720856971037598 -1.4674840645335938 125.29238906928633 7.721058600000106
-5.105483218413099 -1.3571396297331182 125.62514422336437 7.753191499999957
-5.090980698409382 -1.1700596418056337 124.8913712497404 7.785517500000424
-5.177507492391747 -0.9165366628417173 124.89163940157425 7.816398699999809
-5.5828565208105445 -0.887160062377736 125.16350355086409 7.847904700000072
-5.5487628179800055 -0.6383211279522416 124.65504963570561 7.8799904999996215
-5.952577578498364 -0.5496127381953992 125.86334754602547 7.912270400000125
-5.784460637311078 -0.3941811867105265 124.97725319274188 7.943705200000295
-5.937410952074288 -0.18508790477024106 125.43362088175786 7.976186900000357
-5.574440735059447 -0.004207693959367043 124.65349153346227 8.008006799999748
-5.7184613510509195 0.0976726577477337 124.95965484685681 8.056166700000176
-6.0523908385968355 0.33620245314790115 126.01126000854856 8.088882699999886
-5.884580047673872 0.4722505561847933 125.63592968782322 8.121041000000332
-5.724047357743096 0.5686068502848969 125.22119956007174 8.152896300000066
-5.8876639143233405 0.7945616779129824 125.64148196328246 8.186495199999626
-5.785128709946605 0.9307591356367835 125.408729293779 8.215839700000288
-5.826527073194242 1.0371460687063783 125.64177109077305 8.246608399999786
-5.591544230270429 1.2508074023133506 126.32896581144918 8.279881600000408
-5.192694869280942 1.551170765508858 126.52509474976911 8.31327919999967
-4.57597596016339 1.6490639795073698 126.05566754604943 8.344272399999682
-3.930481358671763 1.9276543986871164 125.6004265488648 8.377370000000155
-4.021773393154412 2.009271373739844 126.74672314519067 8.423405900000034
-3.5839638658741535 2.2076534873059943 125.76241544660715 8.456214499999987
-4.12052733801405 2.329837928869282 127.82866071253979 8.488011200000074
-3.193434720679406 2.3554240542174076 126.22506295838731 8.520330299999841
-2.6456898794492503 2.608467758352593 126.2726347369359 8.554351200000383
-2.358017013936063 2.691079232494409 126.74006757308345 8.585215199999766
-2.2385483335782297 2.6103117074278614 127.14383191704634 8.61647079999966
-1.2748258594241548 2.665296643858419 126.45162096800655 8.648950599999807
-0.8694836225159293 2.879809159525611 127.03903158525794 8.680489800000032
-0.6452674831103522 2.676713186541109 127.32874725349377 8.713063600000169
-0.12026297800517227 2.8885092985056056 126.72745843990046 8.743242999999893
0.009407967643348059 2.775454691663687 127.1319880596801 8.792707499999779
0.340335994848175 2.5725975138519592 127.23674246000499 8.82515119999971
0.9679670625882579 2.642390388351407 126.72318315512746 8.855867100000069
1.2308369644234887 2.5461002685846648 127.28168007424124 8.889046899999812
1.867158641773642 2.3604375697065594 126.87127688290073 8.920507499999985
2.528475917202101 2.414033540167258 126.41681522686073 8.952208599999722
2.8359846831760365 2.2482156780002356 126.29016110701899 8.985370899999907
3.1877838491873547 1.9491005777653339 125.72194841916176 9.016912799999773
3.1196583500309885 1.8588326248880778 126.83054533789776 9.048286399999597
3.833592843243558 1.6719542427122787 125.83893583561884 9.081428100000267
3.8790729461202034 1.5832944165760439 126.70430658348388 9.112533200000144
4.157406998790329 1.3471148569033118 126.74541662355149 9.160389900000155
4.561668807479471 1.1743091715905547 126.40386046846785 9.192164799999773
4.881615322042386 1.10714216859257 126.20853988192208 9.223938099999941
5.04622997508789 0.8278404977845141 126.1212346220355 9.256768500000362
5.173254544872464 0.6363136121983123 126.02448516586622 9.287634600000274
5.701778027522231 0.4688622780038019 124.76690620050404 9.319215399999848
5.609737847082336 0.3932584826154659 125.62242393715437 9.352518400000008
5.758916330590324 0.06835386422369338 125.04196399504899 9.384340800000246
5.795627447425922 -0.05870721939122969 125.17094425646621 9.416751400000066
5.843296356161822 -0.24270606069805378 125.25138958771007 9.449112799999966
5.803351341031004 -0.3447256325450214 125.3466551492684 9.480716899999607
5.8060188985874035 -0.5612488380330518 125.13023622440639 9.528968100000384
5.777934725024011 -0.709449795852316 125.4209567584936 9.560148700000354
5.922531105222198 -0.8241234287561858 124.73415103646515 9.592649500000334
5.810654303370185 -0.9749486608126294 125.31721424741477 9.625799600000391
6.089538701023763 -1.0681147200796188 124.11539967321151 9.655807299999651
5.899981724078835 -1.182155053903448 124.92575302257066 9.689099100000021
5.701673517571358 -1.3897344669734322 124.98901172411966 9.722154799999771
5.561476441785011 -1.465692863304775 124.41167491116875 9.752446299999974
5.268696445781188 -1.6346296660320698 124.49432121408762 9.785217399999965
4.7980885791828385 -1.7261911095536577 124.89803308128185 9.815721900000426
4.546364253636533 -1.8206857672911942 124.58913029429681 9.848211599999559
4.070887610935394 -2.0083428907297423 124.57902241015363 9.896958999999697
3.5490494530961882 -1.9546469918647116 125.15393727462498 9.928104599999642
3.158291332862909 -2.1782374933807818 125.07725778098705 9.960757900000317
2.914218851985268 -2.205512668133647 124.5660431104107 9.99250630000006
2.448338801300899 -2.1793668467527736 124.91285604710319 10.025194900000315
2.1096513017070464 -2.315577951073315 124.70041730832844 10.057352499999979
1.441417834804156 -2.3622718287349724 125.18489788370213 10.088309699999627
1.1813542786773183 -2.3130784484638567 124.59693092874961 10.119336400000066
0.5416731373126922 -2.419486026626171 125.20369945618384 10.15370030000031
0.07644847134687183 -2.342053038483372 124.9726882996989 10.184180399999605
0.07644847134687183 -2.342053038483372 124.9726882996989 10.202254499999981
-0.6542637031523384 -2.337702492896726 124.44616243129069 10.265712399999757
-0.9046261355860992 -2.336900718497633 124.45310606006585 10.294675799999823
-1.1710380353999668 -2.2234007382358243 124.3044102496317 10.327635200000259
-1.715272288800719 -2.2367181788857318 124.70617498716813 10.360562599999867
-2.2181904362901506 -2.2388459154482105 124.94099269051806 10.39256159999968
-2.3998715033628173 -2.1271378564993175 124.66225316383208 10.424347099999977
-2.9356777091493456 -2.0372534434904326 125.11430463690418 10.456826300000102
-3.4873662155031653 -1.9614507990359908 125.13427017864137 10.48767399999997
-3.555257421617725 -1.7856037689873805 124.51974591243251 10.519526099999894
-3.740704826724901 -1.6496158441415854 124.15905540078727 10.55213029999959
-3.740704826724901 -1.6496158441415854 124.15905540078727 10.569234900000083
-4.486342139568421 -1.3919220526711382 124.57505519177047 10.631762600000002
-4.882704771104322 -1.3446332041994666 125.28233030195435 10.6630925999998
-5.172828908899135 -1.2067885177144202 125.33220059432773 10.696116500000244
-5.246436722645285 -1.060245681576669 124.99353500727355 10.727967699999681
-5.239495504369714 -0.7665505092031133 124.59024197048728 10.75939279999966
-5.72384059056597 -0.7248891313005232 125.42324884373862 10.791453499999989
-5.673256202286751 -0.5294510534145194 124.94833844404337 10.823097999999845
-5.572480565346098 -0.3010898455741411 124.65283484981673 10.85607970000001
-6.0417394143222225 -0.22115900347627226 125.66832947749812 10.888804100000016
-5.6038468565388655 -0.06200183561853978 124.47556382251459 10.920536499999798
-5.6038468565388655 -0.06200183561853978 124.47556382251459 10.938559000000168
-5.7184613510509195 0.0976726577477337 124.95965484685681 10.956393200000093
-5.774653244573855 0.4581685208091861 125.1330682147945 11.03075540000009
-5.6031808834601975 0.5864780534738898 124.9116155112319 11.064261499999702
-5.8159373864489154 0.807250625796357 125.36287189342562 11.0965913
-6.105651058183369 0.8062316052441351 125.97762629641748 11.128600000000006
-5.887225338326388 1.0468669044448813 125.83781562560355 11.160109299999931
-5.413810995739006 1.2933090487140007 125.64368718853639 11.192873699999836
-4.751193293335696 1.5321127663827538 124.7471325314109 11.22343120000005
-4.965762397645349 1.600991853410285 126.38460701632587 11.256289699999797
-4.406432982850475 1.8447278969376317 125.83540334599522 11.289213799999743
-4.406432982850475 1.8447278969376317 125.83540334599522 11.30709190000016
-3.97905347175152 2.0913989596050166 125.73457665561463 11.336224599999696
-3.947641860437784 2.1714164657458355 126.45036141130112 11.3676260000002
-3.8559152158222574 2.2886389380808945 126.6251594145153 11.399431499999992
-2.8083303441619947 2.588621096371414 126.73371653242505 11.466886000000159
-2.284778568308475 2.720985393983561 126.20643650435085 11.496698500000093
-2.3862804861709606 2.6759601658339007 127.14407113989972 11.528287799999816
-1.5295623752113912 2.7329324919946654 126.38064858668605 11.560090099999798
-0.5126723255886603 3.020767195457308 125.76892179623633 11.59225779999997
-0.5027170946557789 2.844300900005486 127.07332361665996 11.623797500000364
-0.2670442345550086 2.7393462048071386 126.42202301170569 11.658551800000168
-0.2670442345550086 2.7393462048071386 126.42202301170569 11.67612310000004
-0.04031709941869366 2.9156868783878047 127.14185540229975 11.702507900000455
0.2841695666217703 2.7246120458208836 127.45195061156309 11.735382599999866
0.7069974509790526 2.6874789812575988 127.04923655071343 11.76825110000027
1.2908463629798916 2.628269141909483 126.82830337866565 11.800293399999646
2.0190406855869583 2.267952500059784 127.10618899082682 11.865624899999602
2.5601238916720845 2.3322325566149584 126.85115452217879 11.897851800000353
2.841318973602398 2.159644792905347 126.90332085144479 11.929431499999737
3.1353968125874516 1.9405747067704755 126.53344829253832 11.962370600000213
3.4141512154356093 1.774488919912176 126.98341184433137 11.992956699999922
3.9713560914462676 1.6820087748650507 126.22885193602579 12.02456710000024
3.9713560914462676 1.6820087748650507 126.22885193602579 12.043581199999608
4.26822547931679 1.3981970266331603 126.10992563176707 12.071837000000414
4.650063300380246 1.1679322398417031 125.77356074763033 12.104295699999966
4.683496441371737 1.1791142932657177 126.79364429945483 12.138763300000392
5.084217445349687 0.8867087861935101 125.75210320781919 12.169727700000294
5.142255856233042 0.5905116529265824 126.04619927574417 12.19949489999999
5.564914181326124 0.42648099953300134 125.61036105483966 12.26366919999964
5.710969038535573 0.1348144208780665 125.2780806720217 12.29605090000041
5.787037326220961 0.03366345970104001 124.97016799238884 12.328412200000457
5.91627887654839 -0.15540394173840255 124.46330679255443 12.361471199999869
5.873895923089492 -0.3026851702408426 124.73572964672044 12.392855899999631
5.873895923089492 -0.3026851702408426 124.73572964672044 12.411153199999717
5.853802814037984 -0.5493272004782959 124.50390736262678 12.441452099999879
5.750133436838816 -0.5731660124962195 125.0524521410637 12.47209120000025
5.726748173954391 -0.8707070306786384 125.21918703880044 12.502982400000292
5.9284636718117625 -0.9862627219736235 124.34750015738337 12.536305700000412
5.855119958601314 -1.0741965508815248 124.85009069943355 12.568582199999582
5.687360254480559 -1.2268537427337032 125.30874556307869 12.602420100000018
5.507568091411194 -1.4514127921526265 124.73107233756926 12.665135799999916
5.273715018934951 -1.4856731502013876 125.44018460762297 12.698846799999956
4.806882005498238 -1.7470897018220906 125.05502066850777 12.72778070000004
4.554282501514663 -1.7450880113086034 124.89421193160437 12.759280999999646
4.554282501514663 -1.7450880113086034 124.89421193160437 12.776448900000105
4.326647029616865 -1.8029338100972567 124.99781975986083 12.808698300000287
3.7014058593467567 -1.947424774023542 124.64097846939546 12.840558500000043
3.3670978739200237 -2.069293196388502 124.65253089886566 12.874469999999747
2.861740473958008 -2.1773022478118422 124.92866956219584 12.90683700000045
2.6693901762460612 -2.2198577149698786 124.30875485025597 12.93637200000012
2.0774484453950137 -2.269832012378612 125.12072949654562 12.967054699999608
1.6970928040170108 -2.362007375153713 125.00625870408444 13.001068100000339
0.6895233895509065 -2.420211751349505 124.86721535671727 13.065879200000381
0.29397885623663456 -2.296724664503796 124.87867320719471 13.097079699999995
-0.1733045900969188 -2.4168386916818827 124.92007293558311 13.129621699999916
-0.1733045900969188 -2.4168386916818827 124.92007293558311 13.147911600000043
-0.6272030786567981 -2.3703295525306625 124.69772314702897 13.176123899999766
-1.0515374303864462 -2.335199167170037 124.9893865897166 13.207939099999749
-1.269176368240231 -2.3201655691112864 124.5456170840551 13.239208599999984
-1.771360087409093 -2.275480174677775 125.09980406952114 13.273873600000115
-2.276144914883538 -2.2601089946079047 125.32538050604016 13.305599999999686
-2.2887431272883703 -2.147989496983155 124.43383376674697 13.337583399999858
-2.81161323665534 -1.977163121518406 125.03934034796518 13.367040699999961
-3.295458323241 -2.0202022022072033 125.18041120915504 13.40116080000007
-3.8586544286633497 -1.6866351693894064 124.74536328908344 13.464327200000298
-3.8586544286633497 -1.6866351693894064 124.74536328908344 13.482509800000116
-4.3327292490183495 -1.654015510808791 125.3282410123312 13.50083689999974
-4.609292597746851 -1.605600461772207 125.14290062303712 13.54255219999959
-4.81317440160192 -1.3251409824288198 125.17954074354515 13.576012900000023
-4.826811776658914 -1.1385872552091234 124.5927485159087 13.607523200000287
-5.048148886360529 -1.0139604116120782 124.64982225581005 13.640535700000328
-5.3405652332085864 -0.9094583366129838 124.9600098251031 13.671061500000178
-5.642655453191509 -0.7156734544111301 125.30499245780014 13.70425570000043
-5.673256202286751 -0.5294510534145194 124.94833844404337 13.735380600000099
-5.917742470772872 -0.44806836313645326 125.44746250542929 13.768491499999982
-5.766048079414681 -0.281108085323285 124.99101436998822 13.800890800000161
-5.815675838316807 -0.17075064024962305 125.14649800670149 13.83314210000026
-5.872780105339032 0.057296252295596095 125.4240226473739 13.866757099999631
-5.950376847158147 0.20560278984070668 125.84766486781643 13.913107299999865
-5.882147635532455 0.40462131225308906 125.69836819523911 13.945091800000228
-5.764808132917544 0.5428995831488739 125.65197461609797 13.976696599999741
-5.659869973318067 0.8049431216749181 125.40981106249333 14.008328300000358
-5.815575532131781 0.8817970365990278 125.81034690837875 14.039434600000277
-5.688376275316628 1.0576035457235273 125.35272725830829 14.072899499999949
-5.970719965251561 1.2088850059087903 126.77088543567302 14.103190099999665
-5.112014314796241 1.448956818016387 125.86329012234378 14.135578299999906
-4.835574588514717 1.6679174275111894 126.52209963987637 14.167330600000241
-4.311054365962946 1.809591482038366 126.11946120795045 14.199958899999729
-3.994919053935341 1.9992344857549462 126.06167163452136 14.233940199999779
-3.733130921809689 2.269171409063551 125.76381993932323 14.278832400000283
-4.033026226021569 2.182474286117722 126.77724510960387 14.311389000000418
-3.48633166952893 2.404219279780764 126.50186460753707 14.34283890000006
-2.7752676345153944 2.6889183647965145 126.19841047494937 14.375333500000124
-2.5685629162868864 2.612601028796722 127.11771504435792 14.408926899999642
-2.2267370696965756 2.7165448444013935 126.23298381513689 14.441854599999715
-1.618996731280177 2.6980322798332406 126.65835901691963 14.474102600000151
-0.8729687375939506 2.9252460827853346 126.2319285607379 14.50336150000021
-0.6715272732196453 2.904616677117614 127.3889418556565 14.535287300000164
0.48633524693954655 2.9075164211573905 125.3513456046256 14.568110399999568
0.38820963586322677 2.945103168881882 126.12293062314677 14.601372799999808
0.4120382427360312 2.657624267122288 126.6568004564558 14.64755839999998
0.6836570196329461 2.754457358408656 126.95015872284493 14.680151399999886
1.287979113273252 2.663392757969701 126.39098256898707 14.712304599999698
1.4834362300761939 2.398716025902983 127.03139891818749 14.746221000000332
2.32258412782344 2.419573054993232 126.01585290348535 14.77546330000041
2.6266392028682333 2.2458350443613146 126.3311410935981 14.807816000000457
2.9403108275321657 2.1810763061767102 126.01450392780139 14.840493900000183
3.0552052880345357 1.8655845532794473 126.75990313090118 14.871454299999641
3.6997712901983775 1.9337703652971456 125.84496248697793 14.902900600000066
3.8391795433114666 1.7177940283539788 126.22835202851562 14.937077800000225
4.161736443803122 1.3354321238328537 126.12842788156442 14.969248000000334
4.536379307838821 1.4224152706914583 125.85721221242957 15.017389300000104
4.782013672931953 1.1439554307167232 126.07494558060046 15.048313199999939
5.049811369100695 0.9155176943168043 125.82006202301191 15.080345999999736
5.41643748016277 0.8249441258693159 125.07481556660541 15.111357699999644
5.462523031006754 0.5717896299146693 125.34333695702166 15.14393409999957
5.629036690475914 0.3888293536340233 125.27722947705314 15.17586990000018
5.779198574218306 0.2822089828411536 125.14252444709243 15.207301100000223
5.6105742891712325 0.013635046015911367 125.61888309783875 15.240409299999556
5.6950389999680056 -0.13865563552001947 125.51710525919665 15.274277999999867
5.945130198150295 -0.22052234697549222 124.53338254398138 15.304215000000113
5.76621411512582 -0.43339239738913893 125.01633642305518 15.335416500000065
5.729503129236463 -0.6645398571594427 125.08615978577137 15.383804199999759
5.957585217910648 -0.697209244624891 124.28381605953342 15.41614969999955
5.782843392995652 -0.9518591113551891 124.9720920481716 15.447554999999738
5.926690972568522 -1.0466936499487922 124.56163596965686 15.48062200000004
5.811211074229952 -1.2013598794872609 124.85694172710579 15.512849099999585
5.853395955010527 -1.2813856815287563 124.4932188274404 15.546282399999654
5.675762042743145 -1.4668197853373863 124.4611583812841 15.57594280000012
5.301981899794896 -1.5738508411194623 124.72672624459004 15.607805200000257
5.0687591738483135 -1.7290107436575108 124.59465359603449 15.642143699999906
4.684239122585332 -1.6931697454450614 124.95377388434817 15.673423199999888
4.2509829626066775 -1.9303716494069376 125.14762684795718 15.705762599999616
4.028762003425435 -2.034731053413027 124.25596924559994 15.752231999999822
3.625046572083008 -2.0383995906736607 124.474798841603 15.782783800000288
3.1666696021087475 -2.2063511461680965 124.5521632410132 15.815940299999966
2.660452969162421 -2.1920593416749687 124.82186898335772 15.848119999999653
2.3109050418342605 -2.175371363794078 124.79943263196894 15.880801500000416
1.6947280470131147 -2.2830961364373246 124.90842585301182 15.912230400000226
1.3309454349389043 -2.387591167039724 124.51000477275124 15.945395900000221
0.8475489614313716 -2.31190356297635 124.76083824812022 15.97689679999985
0.20115390830967783 -2.3289022451194463 125.44334122735192 16.009419799999705
-0.07967340784792754 -2.403579528550633 125.00716853936575 16.040504300000066
-0.6534175409231295 -2.3743600850282256 125.56418616866438 16.0720809000004
-0.8579261798870945 -2.335822310685024 124.8907150231397 16.120725499999935
-1.125068088857745 -2.321961584210419 124.63195644405289 16.153411700000106
-1.5141307751983248 -2.2852500728108733 125.0089269220509 16.185607899999923
-2.111985265307645 -2.2722384779426297 125.12315267809393 16.216440799999873
-2.3474545123213844 -2.190769024231558 124.69247552266349 16.248237200000403
-2.7653571558240557 -2.049121419670077 125.04185290279388 16.279768700000204
-3.0163480802369307 -1.8856975048969806 124.42855666046749 16.311920899999677
-3.255624697608866 -1.8157947869002222 123.84005750333533 16.34350329999961
-3.4536273579147405 -1.643400139230764 123.88938361090165 16.375721899999917
-4.1417048430203 -1.5740349351554421 125.1589336534247 16.408377900000232
-4.5090168003120965 -1.5647903677237665 125.45227302850293 16.440450600000077
-4.541438446350355 -1.3315324862143272 124.75586857251297 16.48756070000036
-4.663295203266458 -1.2815648438123906 124.42667830343876 16.520412799999576
-5.048867109571198 -1.0313230568906084 124.95114052825708 16.5509191000001
-5.456721532283133 -0.9923491140781642 125.614606770252 16.58355229999961
-5.598901022345693 -0.7743447428578345 125.56450348827423 16.615752300000167
-5.89394854759783 -0.6776209382018747 125.80806382669516 16.647822500000075
-5.862368798103638 -0.45049282862889406 125.39855738169828 16.67949200000021
-5.813103356797683 -0.30310830686037615 125.24001400054591 16.712457100000393
-5.872100264244459 -0.19230142559313923 125.22842524756786 16.743857800000114
-5.615108111419879 0.07505465767366726 124.65962829919255 16.77716330000021
-5.6241326423086235 0.24769268535994682 124.68327040093357 16.809000999999625
-5.715717524688181 0.34750756653429266 124.94845558200514 16.85603269999956
-6.108432970751863 0.48967047082955534 126.1203736777568 16.88873109999986
-5.8166380973982115 0.6818607124918254 125.36641607900428 16.92027330000019
-5.7951096903232155 0.7947897351164583 125.37002992021496 16.95245319999958
-5.947175807862493 0.9607796382047642 125.8291810608415 16.984436599999754
-5.614149237118312 1.1836652744869784 125.63098684082777 17.016889900000024
-5.401349757948559 1.328264652274791 126.00002098823013 17.04873250000037
-5.050468347934071 1.594389536222435 125.88629718629136 17.08052080000016
-4.799899016802129 1.742631004076154 126.1955311243175 17.111107900000206
-4.395560656285518 1.9444952590584346 125.92516376529555 17.143948799999635
-4.431279604046011 1.994648304236397 127.18580028549465 17.175117599999794
-3.3501438360726894 2.323662393658397 125.34923113277588 17.223630000000412
-3.575750015186408 2.4366847582765905 127.1028267250289 17.255963800000245
-3.0581277643920686 2.467495168893127 126.6282172265098 17.286262200000237
-2.4180583219440805 2.6881885276817448 125.96137505198737 17.320116099999723
-2.4176048243321304 2.7046453214594512 126.46425514918111 17.352789399999892
-2.232582995795134 2.6173063606920515 127.2064876158788 17.383690100000422
-1.0044229043463417 2.9565134158023194 126.13165207787105 17.415414600000076
-0.887284063738413 2.9173527773887677 126.6208501068078 17.449093500000345
-0.5723408671662042 2.6695103851626705 126.76851685667125 17.481221500000174
0.8395571179316832 2.652391866798242 127.05512874619949 17.667569899999762
1.630375861592448 2.339875584571301 127.0239275810404 17.733087100000375
3.2111412799317094 2.053767582048206 125.74962974802717 17.797814700000345
3.355108729050464 2.018300343486466 126.38124969345102 17.86293360000036
3.7566415258934853 1.5256876035123756 126.13576897324374 17.92844049999985
4.6804527977949135 0.9067415762489436 126.43399830460253 17.992419600000176
5.083704013123558 0.7912727036030772 126.33896310945065 18.05875930000002
5.588936756960642 0.5715540404278261 125.33919130033286 18.122006599999622
5.766841856550322 -0.07827943374404622 125.46509690758947 18.18770239999958
5.694516718986989 -0.31090591117716815 125.88181702958096 18.252633099999912
5.740313513907864 -0.4730902116609088 125.43556268012688 18.316777299999558
5.87622003734154 -0.5732164862406812 125.04902820433072 18.382340199999817
5.732531021189764 -1.1450241263058305 125.66464107087205 18.44593950000035
5.7940233410955955 -1.292555049921471 125.1765375867773 18.511359500000253
5.697202967152954 -1.5145825842331537 124.72088522728497 18.57631820000006
4.397475544126152 -1.8621632489629856 124.69079199579966 18.640106099999684
3.926434883678162 -1.9939430371566225 124.91000674290531 18.70479830000022
3.6261438161973913 -2.0557489947402674 124.26117247877693 18.770885300000373
1.850411149731137 -2.3485315811528618 125.12813549451674 18.83670809999967
1.3335869260750428 -2.3319252303519296 125.01032471604951 18.90143910000006
0.8814940464604462 -2.344447371269694 125.16906106086195 18.96704950000003
-0.42233774938769386 -2.3870873653035627 125.26935067776273 19.032154100000298
-0.9046261355860992 -2.336900718497633 124.45310606006585 19.097403400000076
-1.379181894183617 -2.2423659046573468 124.76813030406558 19.163293300000078
-2.986583222924004 -2.043936114728577 125.0742160842811 19.228463700000248
-3.49309385222238 -1.9757446043097944 124.95021687312709 19.29337409999971
-4.468011245917268 -1.5936616846170315 125.28519932112859 19.359158399999615
-4.934609247418379 -1.3521516372977973 125.25214994508447 19.43126089999987
-5.0574266637539935 -1.180985829208654 124.86189979283733 19.481306499999846
-5.484899691782736 -0.9532807626314128 125.39823262288589 19.545459900000424
-5.606443304315448 -0.8378236646441295 125.31622040112794 19.61090400000012
-5.811315492055101 -0.1778702709230119 125.23315851866631 19.677493099999992
-5.900323497420594 -0.03416746647978708 125.31938999246178 19.75821950000045
-5.819178529522453 0.18027373991806173 125.37986330666054 19.8235394000003
-5.867732719136015 0.7614815013495055 126.08340098924953 19.88773299999957
-5.580811644422241 0.9729862015958499 125.79270418527996 19.953931099999863
-5.336503391208069 1.1499359392756263 125.6049705976709 20.01898319999964
-4.330325624922359 1.9501700376758528 125.98170035409134 20.084778800000095
-4.177259896316826 2.0405738635731847 126.57208834460681 20.150091399999837
-3.3682877283435033 2.3618106822440383 127.16173734916359 20.215478099999928
-2.51525510075318 2.6760150829044447 127.14973651052 20.26469900000029
-1.9212981004653287 2.5809866854389596 126.56076367593366 20.314531199999692
-1.2077642417267285 2.8710428346608388 125.9121472374416 20.380510799999684
-1.1254496990252676 2.913330891765075 127.35631223541732 20.446795300000304
0.36826974269222745 2.782861692065883 126.47931384663977 20.5108651999999
0.45336089293669346 2.7793326557668663 127.06918117886181 20.57715780000035
0.8798888560207558 2.391688142569957 126.94406440981207 20.643761000000268
2.9921010132275043 2.0992162871173674 126.24774272413472 20.70890369999961
3.334633802580946 1.6946740407791816 125.96559370283 20.77394439999989
4.594436196936513 1.266671284658291 125.27564737292445 20.838746600000377
4.619737924042546 1.1755704301380527 126.35166031148987 20.904108499999893
5.038955534142183 1.0168701109493257 126.05688456682249 20.968946400000277
5.290932066267779 0.8306423151124397 125.98444385980001 21.034373999999843
5.835986665664208 -0.03190490137248092 124.73211339956435 21.09888090000004
5.729433678845062 -0.3088100967548326 125.28212274687165 21.163763800000197
5.693961446162284 -0.47814337149810315 125.32883362055087 21.228329599999597
5.773845018972622 -0.9347621836554949 124.98963370731349 21.293723300000238
5.734192970726667 -1.060674771876929 125.0910010697269 21.359534999999596
5.824107326339373 -1.1841414346821495 124.95944142737184 21.423509100000047
5.739541847935698 -1.3116450016969097 125.07035692217563 21.48938410000028
4.350789667107556 -1.8999049102607688 125.19972718261138 21.55185789999996
4.350789667107556 -1.8999049102607688 125.19972718261138 21.617206500000066
3.0029094288318845 -2.1724470200229575 124.23873422901288 21.682832600000438
2.359424832690486 -2.2274287741574885 125.25460024800869 21.749278799999956
1.8391610760361061 -2.250551118085503 125.30757702830996 21.815496899999744
1.5699602202411214 -2.361612983395454 125.01441725010082 21.881491400000414
-0.26174517359363136 -2.3418737273046895 125.23014652492593 21.946599400000196
-0.7697020024066887 -2.3406015834365825 125.25595176953297 22.011363300000085
-2.150083050753409 -2.1926699517931465 124.58090347348306 22.07645489999959
-2.5574378612407713 -2.038463136028528 125.10231798548949 22.14148759999989
-2.9803684532737904 -1.986226509324161 124.98305912028079 22.207188999999744
-4.308420689304391 -1.6234666469466013 124.78706428567763 22.271199599999818
-4.525989615226365 -1.4236317607576936 124.80904890463592 22.33633370000007
-5.076554550978223 -1.3705925065866404 125.60663554600013 22.400733700000274
-5.22640686430811 -1.2150846032926759 125.30599291532074 22.46516200000042
-5.552583941342768 -0.5216289782812815 124.763709831748 22.531656600000133
-5.920580721258482 -0.4583143466573478 125.38625428959327 22.596218699999554
-6.099500913559602 -0.28431770348229835 125.85561679277433 22.661620400000174
-6.063524649334212 0.4684707883981795 125.87673378440331 22.725509500000044
-5.7193213121805115 0.6452059357076663 124.95442171411278 22.790729700000156
-5.796345982692628 0.823673707607173 125.17653641653553 22.856520999999702
-5.3882696530574705 1.5096307344285327 127.07230337998124 22.922360800000206
-4.545768884200477 1.6993145673193224 126.00145007022395 22.987870199999634
-4.384338230666707 2.042310632978312 126.56174423214934 23.05418290000034
-3.1301541261389545 2.5515329181455937 126.3156451478341 23.119923700000072
-3.0711690270893968 2.5528580912602563 127.24071768774614 23.185133199999655
-2.4364097388900277 2.5468594217371026 126.393204672932 23.25118839999959
-1.0801646993515135 2.747326550908032 127.15747422557155 23.315746000000217
-0.5569046480541928 2.7446564385780268 126.91054338516383 23.381746899999598
-0.12080222019574194 2.700068651866092 127.00676296862412 23.447184700000435
1.9304426268623445 2.5256430827959315 126.30324492120069 23.511421500000324
2.244830204470155 2.4255823291508762 126.52948318948131 23.577761700000337
2.3692655101393996 2.2553699622308727 126.6224705801103 23.643287199999577
4.043352439162419 1.6061431120673901 126.6387246553344 23.70872059999965
4.3546642753740485 1.5414495010184581 126.72423420561155 23.77367460000005
4.652462696481244 1.270936599131843 126.08809363420143 23.8390602999998
4.884066459717317 0.9497836448757159 125.79521615746808 23.904523000000154
5.737625352577169 0.4637419243930651 125.84955540948697 23.970858699999553
5.76786411303388 0.17681571528758766 125.20365225730649 24.034931700000016
5.596746250680091 -0.012893316904872276 125.87143805254503 24.101227299999664
5.865127336577878 -0.6165759353232623 124.68211461373286 24.167501199999606
5.701774858451088 -0.855196154418612 125.2996672939922 24.23238769999989
5.852457096539993 -0.911978892566186 124.92088563406351 24.296725600000173
5.449613054931497 -1.472964834653527 125.0741258984045 24.36273429999983
5.349294393683941 -1.7145968575586878 124.44706300614125 24.4285818999997
4.887858186313132 -1.7475115367410514 124.88598318389002 24.494432000000415
3.3000448619387512 -2.209958276749722 124.77810529707332 24.559100399999807
2.83380359127964 -2.2413312754895096 125.1201686282093 24.62530069999957
2.5455323070267113 -2.239224103487853 124.77992846492762 24.68895109999994
0.6418807872643839 -2.3585102162638143 124.90107967690602 24.7541097000003
0.26728413933824413 -2.3723868706020244 124.67427430940333 24.818259599999692
-0.2801053665890052 -2.490995192342454 125.01401419237779 24.88403560000006
-0.6641586111348516 -2.4318859318464052 124.82173382483798 24.948835000000145
-2.154012160736052 -2.267801996691125 124.68499486851846 25.014647400000285
-2.416551243165806 -2.190440083164513 124.49200482555705 25.080029200000354
-3.994547172680903 -1.7324640159361628 125.03124533583296 25.145074099999874
-4.393908902310898 -1.6554922893705166 125.25185585172419 25.211195699999735
-4.447198749247825 -1.526427115065562 124.52959035184024 25.277159199999915
-4.837303669688218 -1.401548457179048 125.33878678758218 25.342886499999622
-5.741542698554561 -0.7562110576722121 125.72565839609537 25.409358199999588
-5.6886946972477475 -0.681310070589574 125.0766222580372 25.475028500000008
-5.920580721258482 -0.4583143466573478 125.38625428959327 25.540667700000085
-6.064058753265947 0.24132111432273862 126.11047899343605 25.60495699999956
-5.909735788665415 0.40700082224513345 125.64131387501138 25.670712699999967
-5.794167180890831 0.6217792877523532 125.37067478866923 25.73558469999989
-5.470896564380901 1.3368996300827698 125.94855784785189 25.799941999999646
-5.062485095167403 1.5740314292474893 126.04329053067609 25.864395599999625
-4.835574588514717 1.6679174275111894 126.52209963987637 25.92969549999998
-3.94732022563457 2.200866575300342 126.76326935098234 25.995975400000134
-3.481093320206327 2.404109143470512 126.80538666290111 26.061999900000046
-3.0497833918750388 2.437770403673107 127.05038766679205 26.12777819999974
-1.0564110547464551 2.83358115386345 125.94489356266885 26.193693299999723
-1.1614400306015469 2.7829200729489436 127.0814926744435 26.25922350000019
-0.37748023496976657 2.7270395096432014 126.08411491622726 26.324617799999942
-0.11018552544329907 2.9102028614779423 126.73637866614942 26.390072099999998
1.672272016313606 2.4235479963491917 127.0436914868265 26.454716299999745
1.88822640823782 2.266977047067603 127.1169220068679 26.5187391999998
3.5254860975424194 1.8669684133272197 126.7465769817012 26.58414559999983
3.971710472618952 1.8166983478639767 126.45174694520165 26.65011500000037
4.280396626707642 1.3988637416643743 126.36208063501098 26.715092399999776
4.525103303480378 1.2710644241571318 126.09262357727182 26.77995920000012
5.41973712541246 0.5295129787199351 125.41799717370921 26.84681660000024
5.628772262313376 0.40745060104930375 125.53931403929785 26.91187910000008
5.6300318018570366 0.21922151826023262 125.63195506779331 26.97743350000019
5.7878535078317555 -0.5388392001470867 125.19520105927795 27.04286310000043
5.851131204495722 -0.5975486946791246 125.02008274146489 27.107715500000268
5.861061023164218 -0.7642687197732356 124.90223099245945 27.174035099999855
5.774752029258757 -1.3074957414820614 124.92747791152543 27.23964789999991
5.422392326712256 -1.5440416643006305 125.28525816809451 27.30660329999955
5.228724209399964 -1.6017969828601482 125.01622954155164 27.370864499999698
3.7995629185997117 -1.993617753598496 124.91786536999575 27.437031999999817
3.412535000379563 -2.0678041639972258 124.640773598353 27.5016085999996
2.7579009939410284 -2.1432030243763447 125.33861478924784 27.567215699999906
1.3274418233173364 -2.3600526691423407 124.83303405917582 27.632533799999692
0.764883597479951 -2.3601755013257586 125.06248228621475 27.69833050000034
0.4350255799473146 -2.3571270753541347 124.90127272135047 27.765723499999694
-0.17766955716123078 -2.344286585473594 125.22530467479307 27.83067899999969
-1.6047118739108086 -2.273845295521136 125.09745538565114 27.895028900000398
-1.8710322372107413 -2.182216520788579 124.533937177345 27.960072099999707
-3.4434086227340828 -1.9035775538681214 124.50170409593267 28.026154600000154
-4.021166232916755 -1.7219580130192957 125.18471022736827 28.09210400000029
-4.867934658985725 -1.3895564985400668 125.36123781467323 28.156792900000255
-5.245435189957092 -1.1375361571316442 125.3648864363241 28.23111129999961
-5.479794963642632 -0.9635849338621414 125.31293488764234 28.296641900000395
-5.353452902740877 -0.7323271451072024 124.4789409761777 28.36093390000042
-5.882485722878428 -0.12219612692104509 125.2575740053613 28.427122099999906
-5.811906320131072 0.1331051745733599 125.36061720950697 28.491911799999798
-5.914997045649812 0.1789029367012801 125.43172494481023 28.556869600000027
-5.8368052780594795 0.7220135287110819 125.80983000649654 28.621270300000106
-5.939259796489097 1.0258463021588142 126.56148727160776 28.687104999999974
-5.622227030222298 1.1578333183527239 125.66225891394977 28.7521213
-5.047594717130991 1.4475277533131314 125.36626642846507 28.81689009999991
-4.272943542026013 2.0932139867648196 126.54629739416659 28.882309800000257
-4.272943542026013 2.0932139867648196 126.54629739416659 28.946569300000192
-3.4764582645589144 2.3144708850116937 124.97735554734204 29.011199999999917
-1.8571663266792626 2.70354882120713 126.62952396751228 29.076586099999986
-1.2703695156476655 2.902390774762125 126.75561217891887 29.14202099999966
-1.0710722454760813 2.877051134808948 126.92556497793703 29.206702000000405
0.25629757341771153 2.9123971766959498 127.02160764241347 29.273594799999955
0.5827753374151285 2.5513656698590856 127.1943739112304 29.336651900000106
2.3237099636513747 2.4106962928493365 126.92625426423079 29.40195920000042
2.9785833628315004 1.9531502212111116 126.91204693922592 29.467938400000094
3.51383650373306 1.9457338759257055 126.22582698007864 29.533994499999608
4.486333526576786 1.4468306762221195 126.45955509621693 29.599537000000055
4.823240656384343 1.12090683723221 125.81151521921352 29.66540139999961
5.118278786509407 0.9112055020134348 125.73846643739466 29.73092329999963
5.513832018957402 0.9740418630477653 125.59065462038876 29.795907099999567
5.41973712541246 0.5295129787199351 125.41799717370921 29.863076399999954
5.665548606858529 -0.2631888043386972 125.75935290941854 29.92708599999969
6.2127669022670915 -0.5504377100911007 124.60798206985896 29.993290999999772
5.882682303196631 -0.9236843445986249 124.56623035404805 30.058726000000206
5.7580825540519385 -1.0753185411505426 125.02093126784375 30.12463260000004
5.85641615219501 -1.1635593024838222 124.90553045008893 30.191108500000155
5.923177087706286 -1.3114442209283053 124.31194386195456 30.255548699999963
4.2239186768330015 -1.994765354164719 125.06056174142749 30.322467900000447
3.937166197276767 -1.9929792459999947 124.70053538060382 30.38837870000043
2.667826360310002 -2.256038080698262 124.70554221488248 30.453079900000375
2.207032545722697 -2.300381402634961 124.78520056144791 30.517479699999967
1.6938154475680918 -2.3120985221086694 125.3067214214345 30.58198790000006
1.3010039302560727 -2.3775669389653 124.94776315338783 30.64629799999966
-0.8313729207379339 -2.429195356149032 124.97280371597667 30.71085959999982
-0.8313729207379339 -2.429195356149032 124.97280371597667 30.77688930000022
-2.348212328124049 -2.1763736856396383 124.75005771928639 30.842584199999692
-2.7653571558240557 -2.049121419670077 125.04185290279388 30.908254199999647
-2.8122281007321135 -1.8925195632003655 124.16046824913153 30.973446799999692
-3.479794299447981 -1.9373569353725908 124.7307982287651 31.039698700000372
-4.217033346594924 -1.311333306785058 123.67290747423169 31.10410520000005
-5.244418013986753 -1.2770106699619501 126.05461861412131 31.16953850000027
-5.021505288894332 -1.1439929023913464 124.5698428032452 31.234252299999753
-5.704873984728245 -0.4796673166773271 125.12383828696888 31.299644400000034
-6.266274801299808 -0.35637614457703015 126.61102664253185 31.365447299999687
-5.981162488676276 -0.18934586485706484 125.4472310009114 31.430728600000293
-5.915757520417031 0.5468597010114189 125.5905554029381 31.497231600000305
-5.948353478354562 0.7090618962911897 125.83565228253613 31.56315160000031
-5.989155349621576 0.8871711158705189 125.86660703965954 31.628001099999892
-5.144861710515912 1.5638743013892737 126.95210435065025 31.693415599999753
-4.4900063086182485 1.7193462584660097 125.83484004477644 31.759525700000268
-4.244563300821852 1.955658405953524 125.91720818515643 31.825726799999757
-3.547868418685418 2.421773248926397 127.1994259441638 31.891352200000256
-2.837273579372095 2.50133128417153 126.56962912630351 31.95710179999969
-1.6364021779659481 2.703867997658419 125.39824464712385 32.02182689999972
-0.6663430313405172 2.8067765814252685 127.15660632641662 32.088346000000456
0.06762938905998794 2.785539933452916 126.2444011961818 32.153005199999825
0.14892153287629384 2.8691850010069584 126.96301532771182 32.218284599999606
2.1887344892982483 2.2225668581388387 125.98772133734704 32.28308939999988
2.520169664298294 2.1980505772236114 126.2407200370258 32.34929840000041
2.8429617497651094 2.3139041655619255 126.41400847269479 32.414604300000065
4.300208541977007 1.6289785058852937 125.88722972845868 32.480207800000244
4.1884272585814415 1.4123265615951892 127.01207367091247 32.54496980000022
5.026993812208055 1.4145457440608766 125.60009017936935 32.60967679999976
5.081780151802711 0.9935585693585747 125.78435315295097 32.67433460000029
5.567053695186729 0.23082946785318903 125.50384688379901 32.7397133000004
5.774751983149848 0.1751326429642608 125.25445325487023 32.80514310000035
5.769748458468982 -0.09831218505264228 125.47496858626498 32.87140660000023
5.724352609875339 -0.7650916302181285 125.70065787713652 32.93684630000007
5.912698621080899 -0.9533678303686306 124.77307618613669 33.00304419999975
5.868363245871677 -1.0789425108536015 124.77927721819175 33.06783160000032
5.3105768671996785 -1.6229678727360501 125.0395160490328 33.13299900000038
5.17597978808471 -1.714548447860798 124.47233383616808 33.19808159999957
4.658136350685226 -1.7741183287342275 125.14412888925727 33.261754799999835
3.1289071385420897 -2.134411439671998 124.686576011626 33.32713580000018
2.606690762805087 -2.2029509894607235 125.36181586664839 33.39284940000016
2.329628341866929 -2.2388273175878175 124.9752306095132 33.45696459999999
0.5463315771148274 -2.2972776522847256 124.86828816328715 33.52096369999981
0.039230287896323546 -2.3894502692696737 125.25642859516212 33.5864330000004
-0.08684304440456714 -2.4170596609949224 124.13297608603632 33.65201270000034
-0.7530533256917735 -2.3088095886352225 124.6932050664173 33.71764830000029
-2.3763992938982597 -2.227981909502863 125.12284825611128 33.78225370000018
-2.634994983080624 -2.1142981899333577 124.94650733217931 33.84759209999993
-4.022542228666545 -1.6749227571836545 124.79525894010835 33.9136454999998
-4.308420689304391 -1.6234666469466013 124.78706428567763 33.97805650000009
-4.547082692736112 -1.4394038115908723 124.88474107679568 34.044288699999925
-4.722199577478918 -1.321985934956262 124.84968139943926 34.10805890000029
-5.7366509600633435 -0.7016720410789141 125.39977559797832 34.17442690000007
-5.822195900446353 -0.5721606618637489 125.39782930145577 34.23887579999973
-5.672305795983149 -0.4045129394293112 124.94398765654158 34.30415340000036
-5.692910096861915 0.3187514381181018 125.07698557329974 34.36954719999994
-6.042096270332166 0.4330588022374759 126.11256877104896 34.43497910000042
-5.794167180890831 0.6217792877523532 125.37067478866923 34.49922390000029
-5.502075908368333 1.3387940539715946 125.99446376377499 34.56465389999994
-5.409044243688918 1.5424790289007064 126.55054057508957 34.629297499999666
-5.220637836574703 1.6042272893616247 127.19904021384426 34.694106900000406
-3.3024978259328392 2.339162217993072 125.65198066258706 34.75972399999955
-3.5645676095989103 2.331206613102406 127.23832700560742 34.82494760000009
-2.309260439985465 2.4834337699137947 125.47821349604047 34.889635599999565
-0.9114978421627669 2.9298861774155447 126.58309798003597 34.95534080000016
-0.9004379570552032 2.736287573103 127.80922488694924 35.02087300000039
-0.0804534055370354 2.744927304112042 125.93505984969377 35.08807909999996
0.26862010524597224 2.8362380089124137 126.4336101959071 35.15268930000002
1.7512140224844046 2.3432357776286867 126.91886746451944 35.21862890000011
2.235262216877018 2.324983108237741 126.7868242283046 35.28448579999986
2.581563611202945 2.156841745449552 126.91653361403188 35.350736999999754
4.023481014213026 1.6270712172868342 126.4586545139037 35.41716960000031
4.230251069569867 1.3645464703796946 126.45980551977675 35.48089110000001
4.5704056439310605 1.2614765629072728 126.25389019687044 35.54653750000034
5.597381489312838 0.7194829352825577 125.85079526007334 35.61139209999965
5.429589688453419 0.19627281163664412 125.93370289472183 35.67651889999979
5.706105001977747 0.11834344551844567 125.15187959882665 35.74178870000014
5.723709076878791 -0.5582946547280607 125.13182435547068 35.80647829999998
5.779643992910053 -0.6614495593287766 125.05467388008637 35.872085799999695
5.731543564421834 -0.9351346668457381 125.10127103695437 35.938259800000196
5.763400629781323 -1.3440830098434917 124.72269668673843 36.0039426000003
5.305087423132008 -1.3737439782640566 125.49630027913943 36.06930100000045
5.185313005878683 -1.6212387058462885 124.86667019922076 36.13592890000018
3.61537848195033 -1.9738796593074137 125.07362759340543 36.20053629999984
3.304946033116643 -2.116339596381211 124.73589583069315 36.26488919999974
2.864590016008428 -2.192829535310971 124.67029202319927 36.32971980000002
1.204454764493498 -2.3871445130538733 124.51782344032628 36.39570209999965
0.6418807872643839 -2.3585102162638143 124.90107967690602 36.46128580000004
0.28190161539589553 -2.3841304273650796 124.4022358120395 36.54198350000024
-0.7312511084954281 -2.3137687193403473 124.25560721084962 36.60657840000022
-1.647686497704477 -2.19439487005416 124.56324576702801 36.672909199999594
-2.289392416141773 -2.211200441380911 124.95393284841091 36.73849880000034
-3.451607774733098 -1.7736598207399537 124.44943857100051 36.80354939999961
-4.015881465440273 -1.6568479537368037 125.24206115287276 36.87002870000015
-4.966623101907686 -1.2391307807666139 125.78841428570186 36.93541960000039
-4.9824231757672806 -1.1898894235775754 124.80792345623784 37.00066969999989
-5.1156573001944565 -1.0064473713876196 124.66507105219628 37.066267100000005
-5.569155539644257 -0.8488770601802258 125.27532339220055 37.13069660000019
-5.719807806752961 -0.027255131509096864 124.9651869690053 37.19704360000014
-5.811906320131072 0.1331051745733599 125.36061720950697 37.261362299999746
-5.842833444272799 0.6180781334148512 125.59706350097328 37.32708470000034
-5.670294682825308 0.8232694370029405 125.17305733155573 37.391846700000315
-5.958232563566611 0.933263530911825 126.11350766029652 37.45619449999958
-5.433066254586585 1.3144115954099964 125.45112040425302 37.52299740000035
-5.22936120862655 1.5320673062260801 125.85861874345066 37.58842639999966
-3.811748047543624 2.1259829530511514 125.7922601156454 37.65444000000025
-4.047638314055604 2.207515973828873 126.61618906729741 37.71953360000043
-2.4961838377722074 2.6106845665158853 127.15478561794285 37.78556000000026
-1.211895217920265 2.8145574270736207 126.0349975822243 37.851069299999835
-1.152080076792899 2.8453547873276617 127.53779546479255 37.916120599999886
-0.5683975177074672 2.712799860907494 126.16701576958317 37.98167689999991
0.8247747869563042 2.676401886464536 127.29357280967044 38.04704519999996
0.8247747869563042 2.676401886464536 127.29357280967044 38.112911899999744
2.6926168966860615 2.1780029268638375 126.4406699987306 38.1787303000001
2.9701320924432437 2.145288521088429 126.40127212487783 38.24485949999962
3.7575606764589935 1.8665885624981855 125.95839469406734 38.31028880000031
4.274645611491998 1.9440389569138645 126.14257214513461 38.37548810000044
5.044152896565109 1.3495879829215367 126.26603249135573 38.44129890000022
5.232909536167469 0.9781965538444013 125.7114446071668 38.50743340000008
5.6155910452278235 0.13369262250933955 125.33160662267173 38.57336730000043
5.992212877118185 -0.06625573967755649 124.6430871933457 38.63823719999982
5.845259141884355 -0.36841560248260796 125.24399933396349 38.70389549999982
5.855507585079103 -0.8097937230527505 125.10558466685706 38.76948540000012
5.852076166452662 -0.9952358341575855 125.04502086562586 38.83438190000015
5.860797428946526 -1.0609243575636014 125.08490280678072 38.90057009999964
5.732048619872934 -1.2038990356818937 125.59523177410911 38.96721559999969
4.345308713180167 -1.8594408765638533 125.75951427863966 39.03029570000035
4.190439681407433 -1.981253337773321 124.66176174380097 39.095900999999685
2.9655223543711813 -2.240711162873597 124.93202347480674 39.16048839999985
2.6227635295110403 -2.2559919292304422 124.55387672587344 39.22525760000008
2.244783730221222 -2.328140148603596 124.42707820969385 39.29207680000036
1.6526291120258136 -2.362893417495833 125.01320089322887 39.35559050000029
1.321290058409332 -2.4049876082943187 124.40973585029596 39.4208206000003
-1.0397793501582555 -2.418338121151127 125.04119869093944 39.48649690000002
-1.1466086117051333 -2.3960785689944997 124.64518282829881 39.55221950000032
-2.322409989989211 -2.1505446314654577 124.4143890870786 39.61743519999982
-2.815089953676754 -2.0500281881013396 124.92589978927091 39.682239099999606
-3.38457867323563 -2.0175725829716336 125.19590831087163 39.747041499999796
-4.382977555282956 -1.4546280900362007 124.59493955468085 39.812351300000046
-5.034475482958676 -1.2176381013054502 125.22132834527025 39.878140599999824
-5.034475482958676 -1.2176381013054502 125.22132834527025 39.94292210000003
-5.679837420394229 -0.6503490083644423 125.34512736553697 40.00733649999984
-5.546710239876063 -0.40493132326025516 124.941191012299 40.073663600000145
-5.846326456224418 -0.2850898380297897 125.85011244713687 40.14070189999984
-5.938704038147698 -0.13771100451562956 126.11655889561962 40.206110199999785
-5.507830142243364 0.5923924619708483 124.95389094726953 40.27214499999991
-5.635387808383392 0.7430831799296391 125.18480073680644 40.33858529999998
-5.759211242843946 0.9198450206450041 125.63090164388865 40.40406760000042
-5.147737008867317 1.5404455136242132 126.57496477259147 40.468860199999654
-4.776798942964568 1.789462459732728 126.60445344603814 40.53338470000017
-3.9387847823913376 1.9791649277106365 125.75208507302015 40.59850590000042
-3.1299873888350263 2.51098261621122 126.9561842733938 40.66346700000031
-2.385144383953218 2.577314668008677 125.86761823002391 40.72813729999962
-2.5457621863865327 2.6806764490217896 127.18811561314693 40.79389269999956
-0.3288214226968904 2.8084940400684717 125.96498371941686 40.85803810000016
-0.1405812768447703 2.874226489447517 127.33789105939208 40.924559500000214
0.397938193593113 2.658576910092644 127.15359285442216 40.99000640000031
2.064355137512358 2.414476277429583 126.76658523785913 41.054536700000426
2.3972427187458365 2.0169352029304184 126.4947203062001 41.11881900000026
2.9667726892079003 2.175248500352432 126.1750188538207 41.18501240000023
4.311657691136091 1.5030694361386718 126.01198720512078 41.25020550000045
4.221746615012037 1.228546952277145 126.6682572775427 41.31412830000045
4.839367687394358 1.2105620597030133 126.27230797593283 41.38050139999996
5.1592828793813865 1.0846128942803839 126.0066408890178 41.444928300000356
5.646806385485192 0.17059191140045327 125.61477648084768 41.51068159999977
5.639853515641164 -0.07820572108732571 125.47088250348801 41.575349200000346
5.930246531343741 -0.6577019448078367 124.79989898351633 41.64002199999959
6.049826547069671 -0.7047760910999528 124.31507310603044 41.706079800000225
5.949392789249558 -0.9694529267610956 124.52339049042972 41.77137800000037
5.841571203845305 -1.0787981333852177 125.01192163183619 41.83682229999977
5.301981899794896 -1.5738508411194623 124.72672624459004 41.90340500000002
4.988945358483534 -1.7613309337389005 124.73554099154511 41.96730430000025
4.678311283885996 -1.8378420982554937 124.64779970053071 42.031978300000446
2.8656129643281005 -2.228352309558833 125.23377347688435 42.09770810000009
2.5236032479773556 -2.2883251750369937 125.19546096847704 42.163492900000165
2.118772685109107 -2.317226650896667 124.82920965111472 42.22914440000022
0.6038768007741666 -2.4013043779665177 124.45765490595416 42.29486040000029
-0.12236423762389848 -2.4054991472787894 125.01128283025437 42.35974090000036
-0.4457345059708473 -2.372095444401274 124.54996075818056 42.42583259999992
-2.166038014597426 -2.336740244684439 125.32257106090714 42.49019130000033
-2.38710801351867 -2.179291249767791 124.74615612033182 42.55486519999977
-2.6532035224346373 -2.0055091786809265 124.88859601132756 42.619806900000185
-4.273288127483106 -1.7210820301541037 125.19183753609822 42.684280800000124
-4.492629926821309 -1.5346164881416522 124.90030362594747 42.74868789999982
-4.573262412449452 -1.401531800165865 124.53375412081192 42.81496330000027
-5.1204251219737245 -1.3205928305589878 125.68583106428488 42.8797126999998
-5.633138305607417 -0.6739782616049446 125.09598232618627 42.945029700000305
-5.548815054308605 -0.5137603316638983 124.65365117898811 43.01070439999967
-5.862224308589852 -0.32512023306262017 125.39663842962997 43.07658809999975
-5.796177594201218 0.37104598099080216 125.3796788575362 43.140524299999925
-5.8810211833535675 0.5303089767783915 125.69352178373086 43.205555300000015
-5.571470466283195 0.7003344008495005 125.11251212998859 43.270696399999906
-5.405067725178256 1.3864075505755724 126.07912601595461 43.33532120000018
-5.276387488774873 1.54066868885415 126.58165476955364 43.401898099999926
-4.634796948709663 1.871611228703587 126.28912083707694 43.466863900000135
-3.6148664934263337 2.3840215807249825 126.79791910900579 43.53176199999962
-3.2012467468543946 2.4645977177070524 126.68683985644779 43.597368099999585
-3.0296976159662634 2.429105328099017 127.03084213369003 43.66372560000036
-0.8377903059796381 2.7859472152235845 126.31710040823113 43.729569099999935
-0.5853575049153079 2.876284193216812 127.32249598206286 43.794121500000074
0.0781011340583504 2.7296939208115694 126.0403844764837 43.86034959999961
1.8574498302491023 2.6016742530511054 126.52116393550276 43.92556799999966
1.7561861463577841 2.4872987608100483 126.98915734335777 43.991110599999956
2.681424090058961 1.9538971083500976 125.96667373146306 44.05683649999992
4.072169907561289 1.8655733096110299 125.81910357964085 44.1203244999997
4.207494289725176 1.3984868785795785 126.0134604789224 44.18542470000011
4.541114613761685 1.2945463163352398 125.82821036737987 44.249273399999765
4.846137446577615 1.27169338823003 125.98256200617006 44.31398220000028
5.299670077959718 0.32320803263249903 125.94916532854434 44.38027729999976
5.5612974639514405 0.1551459046134548 125.65301641350563 44.44603550000011
5.683766826072429 0.025056257742471333 125.3671398647514 44.509843900000305
5.681926449039771 -0.6197193143758635 125.5231161080325 44.57502999999997
5.850581742914713 -0.7624348582724354 124.77037590787161 44.63924709999992
5.782843392995652 -0.9518591113551891 124.9720920481716 44.70533379999961
5.56774397474701 -1.480886110863219 125.28267756149319 44.77107169999999
5.3105768671996785 -1.6229678727360501 125.0395160490328 44.83713879999959
5.167403787872033 -1.773102133837619 124.60629814400427 44.90251790000002
3.49157087348064 -1.9523436558679865 125.04910182347417 44.96863500000018
3.168447996552352 -2.117077016911126 124.94528035175219 45.03390810000019
2.7878624626566904 -2.116032012101219 124.96807774906232 45.09845589999986
1.023847028133929 -2.3235329951471084 124.65682854297266 45.163943599999584
0.5147659438063599 -2.3581123878751473 124.90945836666572 45.2288752000004
-0.007730436198613688 -2.342481249812294 125.2169314412342 45.293607200000224
-1.2525567679478584 -2.1662600715634293 124.07800816088859 45.35858989999997
-1.2525567679478584 -2.1662600715634293 124.07800816088859 45.42339290000018
-2.1491614268290817 -2.207585470309532 124.58962140748473 45.49028670000007
-2.639306854459612 -2.049591876856395 125.03760951697183 45.55459129999963
-4.141894867245583 -1.6563987422035122 125.24535957928609 45.61981840000044
-4.503888053802015 -1.6252496785238284 125.51081917459902 45.68573970000034
-5.006937571571463 -1.198199234708871 124.83584771129888 45.75060599999961
-5.207907950466954 -1.016486485328091 124.64027459606412 45.81633909999982
-5.585789864656931 -0.5815707625305784 124.94585321296793 45.882029299999886
-5.959957219529237 -0.5010258338911417 125.74581479627875 45.94774460000008
-5.722812872503631 0.15781008503863792 125.1005439296387 46.01465310000003
-5.939015063529972 0.2641686198588069 125.88056354236754 46.080022400000416
-6.041686715852606 0.7324347989513453 126.1060789375834 46.144923500000004
-5.785128709946605 0.9307591356367835 125.408729293779 46.21100540000043
-5.321924242843998 1.387704347613725 125.5796002637303 46.27619429999959
-5.225804109907749 1.541741751055511 126.55659697603797 46.34207839999999
-3.9877535045180252 2.18652056234169 126.37846697396179 46.40778179999961
-3.7859394016509 2.331771483553599 126.87947320182485 46.472833300000275
-2.6845221215379027 2.6711277923413412 127.35624524895472 46.53792669999984
-2.112632336884978 2.6981236802703017 127.02601530830934 46.60209880000002
-0.9994128894622207 2.952714628924568 126.93535239822987 46.66749350000009
-0.7124662200442984 2.855985056764427 127.31252046836428 46.7324351999996
0.8557127459860041 2.5975252745244695 127.55248931228616 46.797263600000406
1.4593539130953133 2.4680099090409326 126.86085595929511 46.86238169999979
1.4593539130953133 2.4680099090409326 126.86085595929511 46.927175400000124
2.9086947849217637 2.0164042277565217 126.47488703589227 46.992594800000006
3.7307333911391893 1.7407883344292996 126.25591571908129 47.05831500000022
3.955834439768431 1.6153438293766422 126.72383513133265 47.12417000000005
4.318956501248387 1.2747950966444832 126.08300923082378 47.19151369999963
5.24538410644525 0.8066772112190138 125.54134162788866 47.25566450000042
5.339240110023859 0.6571815969792213 125.40968875214593 47.32027279999966
5.639853515641164 -0.07820572108732571 125.47088250348801 47.386232400000154
5.665548606858529 -0.2631888043386972 125.75935290941854 47.452334300000075
5.722653590291117 -0.6194829455630866 125.23438840467414 47.51685400000042
5.734192970726667 -1.060674771876929 125.0910010697269 47.582298100000116
5.736859417594019 -1.1861782123110174 125.08069513301695 47.64700790000006
5.724523798115271 -1.3095953969391019 125.15274580078712 47.71270480000021
4.808011400184959 -1.7456822484232695 124.8782732675985 47.77864380000028
4.1220994797004025 -1.946248085382941 124.62147791283364 47.84332499999982
3.6459510450614374 -1.9289987754154287 125.05746800789177 47.909183400000074
2.456794723018838 -2.239208664603798 124.9667309912154 47.973651500000415
2.025969925298078 -2.3137550941983194 124.70437797777791 48.03862459999982
1.4701173279103728 -2.3478484236619295 125.14695961212074 48.104527399999824
-0.2385503622166354 -2.3708167964230724 124.7016605302809 48.16976069999964
-0.738002821983379 -2.370547573619234 124.85783826675465 48.235140599999795
-1.3748597525842499 -2.30402846689456 124.98394022189964 48.30025850000038
-1.8091783873030778 -2.227657320552096 124.88239378232774 48.36474319999979
-3.1652364916228635 -2.006801416872389 125.36587526355173 48.43015860000014
-3.3542562255664308 -1.9378280975676319 124.72716737357766 48.495038699999895
-3.5831087873262746 -1.8255150365496844 124.79958100727028 48.560241700000006
-4.015881465440273 -1.6568479537368037 125.24206115287276 48.62635810000029
-5.271813801021821 -0.983646947951961 125.071365650541 48.691016599999784
-5.271813801021821 -0.983646947951961 125.071365650541 48.75652360000004
-5.829903013583859 -0.3793662048586628 125.3513138388334 48.82137409999996
-6.193158066629358 -0.26311701410020816 126.12578354543072 48.886885099999745
-5.625942557615012 -0.0015523408464276356 124.69169992956557 48.951677400000335
-5.940451103138827 0.5047666182630794 125.81261931555312 49.01769729999978
-5.906091658232363 0.7840648019327595 125.62606276050583 49.08394289999978
-5.569360129230155 0.9926180859977267 124.6265312500142 49.1483132000003
-5.0202849250971795 1.6246614456208142 127.044032228533 49.213876800000435
-4.382415961707842 1.8898952103178015 126.1633518966423 49.27769590000025
-4.090475365615617 2.0833438325146276 125.77731281628182 49.342556599999625
-2.7262060570983735 2.548340475481481 126.07814019475356 49.40827509999963
-2.353058682119965 2.6053875661675923 126.42719985258583 49.47415600000022
-1.9521035503367017 2.765998726227447 126.84320229033821 49.539648099999795
-1.3209659403697032 2.765085617970557 126.598715658437 49.60456200000044
-0.17285743894568384 2.7359976462853415 127.03748092098286 49.67172690000007
0.32281038963117936 2.661280025336493 126.94125948772106 49.7350779999997
0.7892015923100146 2.6933189617202205 126.91398581541205 49.80060270000013
2.6926168966860615 2.1780029268638375 126.4406699987306 49.86510939999971
2.7703208296482345 2.1513756410928546 126.99655210238053 49.929901900000004
3.099317046870773 1.9064510019977883 126.89432152760018 49.994330000000446
4.515305159449262 1.2246245561337812 126.38054360516627 50.059909499999776
4.833499396426909 1.0204104099326918 126.04504500388435 50.12537989999964
5.0800234492172365 0.9102179294357887 125.44162195136211 50.191158200000245
5.657122958046813 0.08982499673650579 125.21258403412355 50.25573239999994
5.68628888637096 -0.10079299530916808 125.3576356748507 50.32129040000018
5.766841856550322 -0.07827943374404622 125.46509690758947 50.38671109999996
5.682524051367757 -0.8489875874005361 125.3277455680247 50.45180419999997
5.883859319967868 -0.9879965162562949 124.46450586194085 50.51695469999959
5.883872862892609 -1.0943967031090316 124.73883287354568 50.582194900000104
5.228703968831155 -1.6821195737759171 124.96753054714407 50.64770849999968
4.902918280003995 -1.8117041236723552 124.72681069533132 50.71320749999995
4.673604833634812 -1.8375670929419807 124.4927507959147 50.778866100000414
2.9616625625363895 -2.160762308393344 124.83509984787946 50.84488080000028
2.5455323070267113 -2.239224103487853 124.77992846492762 50.91053079999983
2.1176880459244245 -2.254677988228653 124.58148918071414 50.97567319999962
1.7630085633804171 -2.373900386640599 124.68761280922998 51.04091859999971
-0.23787495114038393 -2.432838383693082 124.93531166071465 51.10621199999969
-0.532518059729675 -2.370023282560877 124.5628786745318 51.17195210000045
-0.77944636703036 -2.3373030150006646 124.44964497681644 51.236835699999574
-2.249394337953653 -2.168570083457115 124.1810060776421 51.30197219999991
-2.8016313151694305 -1.9316491849379913 124.74789439197497 51.36718500000006
-3.430210835345015 -1.9582751624886976 125.50080915531312 51.43230109999968
-4.541929883134458 -1.4991571786475753 124.94348713666811 51.49651249999988
-4.837303669688218 -1.401548457179048 125.33878678758218 51.56161710000015
-5.068882927782667 -1.2206137346402777 125.20495670318499 51.62726699999985
-5.733669336903361 -0.5867581622276987 125.31968754325645 51.69376310000007
-5.672305795983149 -0.4045129394293112 124.94398765654158 51.75952479999978
-5.927111436166307 -0.20731621331288475 125.63307330474335 51.82410809999965
-5.7626227440917575 0.4853481042299274 125.5773128834205 51.88978899999984
-5.7951863618606225 0.5440551741907056 125.37324344294879 51.95506810000006
-5.980912436049991 0.7416344934180638 126.11272756234013 52.020856600000116
-5.8269390171681295 0.9050560680607295 125.6450025822776 52.0872816000001
-4.921719768861919 1.6464910478157562 126.72664537587703 52.15233960000023
-4.326694281768553 1.7415718731337633 126.23952220236767 52.21773209999992
-3.0768164211714932 2.460978860622726 126.17885284394045 52.282711500000005
-3.0027699888205746 2.5593419998196074 126.91808206211205 52.34786150000036
-2.672386908469157 2.4670075007455643 126.60858606298156 52.413125400000354
-1.9900368186036062 2.7587669184460384 126.2411909514319 52.478233900000305
-0.58039239386828 2.8631709317813767 127.3407132506253 52.54459459999998
-0.03668272694358876 2.7634216790303796 126.53405663570044 52.6089050999999
0.23559532731003685 2.801361554971082 127.05449113693024 52.67478469999969
2.371347137970048 2.3989371401573925 126.6168887942673 52.74047040000005
2.6292665148182266 2.1719249560008445 126.51503810223683 52.80578010000045
2.7584929395803925 1.999942864653968 126.58861429285915 52.87034239999957
4.260380735865375 1.4660844332273961 126.06754965252401 52.934920599999714
4.508100104142038 1.298421526336029 126.43794177738008 52.9995300999999
4.881615322042386 1.10714216859257 126.20853988192208 53.06540860000041
5.703872038826937 0.4482042201277987 125.21062820547782 53.13140370000019
5.7657222680118 0.19676903226644038 125.30770896438625 53.19690559999981
5.764756431595124 0.04806346502925252 125.47351411754829 53.262125999999625
5.806114561966311 -0.5968852231287032 125.33542699627363 53.326738300000216
5.878162142141122 -0.6988096677073823 125.04120282292402 53.39279809999971
5.931375592621222 -0.9686094350185912 124.89645428119333 53.45884240000032
6.089117044612777 -0.9850667416350749 124.19107277543708 53.52464539999983
5.230912872760811 -1.6213468384705139 125.0310100661545 53.59029670000018
5.163706938728168 -1.6658115915842715 124.17811784054761 53.654406599999675
3.377154308304533 -2.1141294296115176 124.85104222922797 53.72030530000029
2.9502558844366433 -2.1950678591786223 124.65935425197065 53.78381590000026
2.6121251893498822 -2.1921592451545786 124.68300821816645 53.85048170000027
2.6121251893498822 -2.1921592451545786 124.68300821816645 53.91469640000014
0.3293013343836222 -2.3454788901745407 125.20180234593936 53.97996129999956
-0.1347407317617595 -2.3421799266273804 125.22356489878634 54.04427670000041
-0.40428832001192205 -2.372014640321894 124.70147431728577 54.11080419999962
-1.950861129891294 -2.2583959377337335 124.75964353176882 54.17571920000046
-1.950861129891294 -2.2583959377337335 124.75964353176882 54.241194899999755
-2.9121188315254116 -2.0074949530905166 125.35660739395222 54.305721200000335
-4.393908902310898 -1.6554922893705166 125.25185585172419 54.37198569999964
-4.532300366998101 -1.5384413725794626 124.90123948144709 54.436649000000216
-4.733682270616214 -1.3716103858103899 125.02834052807391 54.50127919999977
-5.245480948586838 -0.9331325504598256 124.79105466383511 54.56631060000018
-5.809377791623135 -0.8668433485267637 125.68330339628916 54.631718499999806
-5.8218346536269365 -0.4578226288459484 125.32640825006527 54.69575890000033
-5.69244607244174 0.19372558854955546 125.07710863309352 54.76131319999968
-5.744874722046902 0.30767561399939314 125.41278538436302 54.82664920000025
-5.209284333706066 0.8363441343611522 125.10087672119732 54.89273950000006
-5.20119006197497 1.1124167970943877 125.71667977055156 54.95679250000012
-5.118019786374106 1.2427372109476087 126.2149319526361 55.03937320000023
-4.835138278867774 1.621516625316925 126.06426706372854 55.104881000000205
-3.94402195622191 2.2640851990266415 127.05009315850558 55.17066900000009
-3.197521245374645 2.442323077585903 125.90156024410096 55.236361999999644
-2.435788139180673 2.6696437118325083 127.17246184122236 55.301741799999945
-1.9037615615091212 2.762082494712314 126.96633466639356 55.36669919999986
-1.5927411233330915 2.7369491038142435 127.10928973471394 55.43203890000041
-0.6941919917621036 2.816817574702899 126.89271935021651 55.49717039999996
1.5803466875137318 2.614406607878214 125.94816661018177 55.5612629999996
2.033184274251937 2.620274669567518 126.79267424384227 55.62678640000013
2.286872115412507 2.3665339345690652 126.92919477339959 55.69119760000012
2.9910014336561304 1.858770505011528 126.83656752017572 55.75652280000031
3.453520410746414 1.822226687772224 126.30771693588875 55.82144640000024
4.152950381080238 1.548851952521619 125.87795168914815 55.887040499999785
4.234100185251364 1.288635545974052 126.04944790678582 55.95227030000024
5.249415600795423 0.5544175160367322 126.02990689467435 56.01596690000042
5.249415600795423 0.5544175160367322 126.02990689467435 56.0814320999998
5.890191222527427 -0.07527658400436277 125.03823169743791 56.146110200000294
5.802053605597855 -0.21861386645021774 125.35197300939515 56.211478299999726
5.733630169962787 -0.5600503405332229 125.26649785281657 56.2750917000003
5.724352609875339 -0.7650916302181285 125.70065787713652 56.3396401
6.0116473288804855 -1.173509837344536 124.55025400610118 56.404243699999824
5.859662722458225 -1.3572803027605511 124.58740096862843 56.46955049999997
4.681146847534606 -1.7453869942106652 124.88626466037107 56.53562200000033
4.223475943914806 -1.8996360276096267 125.20820715090694 56.602377799999886
3.992846247788229 -2.0078902657061177 124.5649808939865 56.66546120000021
2.2765182453443416 -2.1896079230019523 124.69788990656697 56.73124850000022
1.847256771057701 -2.240798178625727 124.57365404859691 56.79683509999995
1.3157159793947386 -2.3608171153727464 125.03052869033863 56.86142420000033
0.9027407092959834 -2.375772469012044 124.78417441126098 56.9248434000001
-0.9698708875375175 -2.338890861559723 125.326143227323 56.9905146000001
-1.0903687627674543 -2.319779084304349 124.6490715121059 57.05322129999968
-2.149553231892064 -2.260431231830707 125.3204358533441 57.11966409999968
-3.361740110608217 -2.051805293512275 125.7330102030397 57.1849573999998
-3.4174329817416123 -1.8953384592825193 124.46738943711259 57.249659500000234
-3.808307155484826 -1.7505989514023996 124.84909040118382 57.31473439999991
-4.973655267811644 -1.3412915285731626 125.29931952753007 57.37961379999979
-5.021505288894332 -1.1439929023913464 124.5698428032452 57.445115200000146
-5.606443304315448 -0.8378236646441295 125.31622040112794 57.50947509999969
-5.606443304315448 -0.8378236646441295 125.31622040112794 57.57440959999985
-6.028425517088756 -0.21055225684487966 125.69887301906566 57.639256999999816
-5.728863314472406 0.1100126406524885 124.92116655000119 57.70451049999974
-5.967967084353532 0.6434757056620743 125.82490774905169 57.769864199999574
-5.872382338748928 0.9968515525587576 125.54372231936428 57.83625250000023
-5.872382338748928 0.9968515525587576 125.54372231936428 57.89998699999978
-5.93738897574913 1.1097135644301472 126.69868106237998 57.96471070000007
-4.180130000064949 1.9355161898938937 126.10252172871098 58.03001039999981
-4.091928312216204 2.159527219744862 126.4356913733406 58.093790300000364
-3.967327665870357 2.1672290004264037 126.29153350703434 58.15986140000041
-1.5856516128951341 2.6189110347334683 124.8491703160878 58.225115500000356
-1.7920246232247976 2.867382185571897 127.07205515565079 58.289447899999686
-1.5507172869083448 2.583176568355732 126.93202633843084 58.355191800000284
0.34902517501329555 2.834289415730609 126.5911688470347 58.419492699999864
0.39789635013237756 2.6273074063275135 127.45706252032274 58.48445660000016
1.0911558320325554 2.4264753839214013 126.57356496805194 58.5487463999998
1.434900117097655 2.47424440232646 126.83779584897503 58.615208000000166
3.5216667755043503 1.961396656661077 125.30433853383919 58.67948150000029
3.1913468966124157 1.9240555724830777 126.8026541167933 58.74345639999956
4.89982834450624 1.2130334920845187 125.68868395312514 58.808952899999895
5.012682153987029 1.295583795081702 126.4698184965862 58.8747328999998
5.045898592900215 0.6364615651974163 126.02938198389505 58.94048870000006
5.281892777922231 0.7078987682110285 125.67291907957873 59.006250499999624
5.795627447425922 -0.05870721939122969 125.17094425646621 59.0718238999998
5.566881668414908 -0.31070384638470094 125.88852734275602 59.137001000000055
5.7745288037411555 -0.5762024883081804 125.00331553832875 59.20242679999956
5.789023682844032 -1.0780125066289317 124.76948504099424 59.268003500000304
5.617270199247585 -1.124790624874944 125.59232366297488 59.33285009999963
5.737053032642407 -1.2925816802119563 125.05953327782599 59.39823419999993
4.811148462579347 -1.7779888016263126 124.5170976396422 59.463392999999996
4.485507313063202 -1.9309162822060815 124.77522841497715 59.528019700000186
3.9804051843964388 -2.0075674410168287 124.78202620074153 59.59344510000028
2.541181010684447 -2.294271788493055 124.26654823134393 59.65903570000046
1.9063080774433345 -2.363644910545232 124.99866409353187 59.72453899999982
1.5154429404449203 -2.3754053238488804 124.9353783020734 59.7903096
-0.3736601116294196 -2.431178261085725 124.82106774764694 59.85546549999981
-0.7808021919680854 -2.384778206993523 124.73281448227407 59.92020169999978
-0.8850134366680606 -2.346751281939543 124.31263214572965 59.98575869999968
-2.5306154464380413 -2.0780708300517827 124.40416331273335 60.0505076999998
-3.027201170125217 -1.9870411890962134 124.85874514466168 60.11686809999992
-3.4517366465694437 -1.927582605208495 124.69135176251123 60.18179959999998
-4.720856971037598 -1.4674840645335938 125.29238906928633 60.24695960000008
-4.83071073143018 -1.3523000294050949 125.17513658772036 60.31164239999998
-5.26587773963314 -1.1204294445322538 125.53668098041138 60.37755130000005
-5.4514632972478125 -1.0899253344496276 125.37002778654386 60.44321459999992
-5.529173490387912 -0.3470213536199327 124.22104403092028 60.508276300000034
-5.874553165645565 -0.19353959281859534 125.43236171121416 60.573961000000054
-5.916151506589301 -0.07188078831604705 125.43817113310654 60.63850100000036
-5.883047370701718 0.5979023618904366 125.62985502831984 60.70418619999964
-5.750491899809305 0.8348251979656636 125.08831948628571 60.76840429999993
-6.037647158995732 0.9376953328505908 126.09332502145857 60.83367610000005
-4.602878792974295 1.7146519792427912 125.93276657660502 60.89829480000026
-4.266792430237864 1.9286254283190105 125.34507012914672 60.948003499999686
-4.327585894741674 1.979621895254948 126.30809493491773 61.01365309999983
-3.0915298458470772 2.2909785456627385 124.36322848239524 61.07902610000019
-2.5508760919799087 2.752438606646936 127.13237231832721 61.14509590000034
-2.3248874855297146 2.6065739355508395 127.33573829758136 61.20950309999989
-1.3493903608590045 2.691261855294944 125.76526357438844 61.27364060000036
0.7220990036222261 2.900385571454214 127.17623661874511 61.3387974999996
0.5957986342957042 2.7229405961894377 127.55878003085594 61.40455529999963
0.8406101960169963 2.53493688597942 126.91151749632368 61.469641699999556
2.5705734585682265 2.1673206724309604 126.56886916086727 61.53528590000042
2.6397075799081122 2.249564705561709 127.2307599650224 61.60023730000012
3.328057797688473 1.8062262802354683 126.46125976064637 61.66623179999988
4.561668807479471 1.1743091715905547 126.40386046846785 61.73131060000014
5.017669600850198 1.1708452951956851 126.46271629860881 61.79811880000034
5.3038817089942185 0.8724579763271325 125.56928072637638 61.86188779999975
5.374148701569375 0.680209764704183 125.52895126652095 61.92693119999967
5.769540181062531 -0.05484259294662386 125.2932899064313 61.992239600000175
5.850645314112832 -0.16182803194091488 125.09958841597724 62.05711710000014
5.933102101537507 -0.8261370850992709 124.86582769538465 62.12153699999999
5.915959539354972 -1.078440966266339 124.76048502649512 62.188476000000264
5.812266253733725 -1.1009190929230512 125.31080691304291 62.253072299999985
5.899981724078835 -1.182155053903448 124.92575302257066 62.317428800000016
4.862053356901633 -1.7609085836178102 124.74442414701133 62.381822100000136
4.498539489999928 -1.8480015358982342 125.04515188627462 62.44755669999995
4.1712578117879815 -1.9605386622049585 124.51287172935704 62.51288829999976
2.529473562476163 -2.1903187503106607 124.6837740027233 62.57804870000018
1.9685452544499142 -2.281885145536001 125.08439056307769 62.64308590000019
1.5699602202411214 -2.361612983395454 125.01441725010082 62.70785100000012
1.1941702707063229 -2.327128317203197 124.88421358984266 62.75778939999964
-0.7314702136038491 -2.262790574729649 125.01976828893585 62.82278430000042
-0.8675150618349505 -2.334499360594936 124.46332095098145 62.88786179999988
-2.0383325800390395 -2.015844669181899 123.41236865900488 62.95134710000002
-2.0383325800390395 -2.015844669181899 123.41236865900488 63.001435400000446
-3.442164789828027 -1.9751867929432225 125.060378007021 63.06630570000016
-3.3473704552030767 -1.8561267864521462 124.04985086905863 63.13240190000033
-4.83071073143018 -1.3523000294050949 125.17513658772036 63.19739430000027
-5.297465078294039 -1.2319522632965585 125.56564296615124 63.261881899999935
-5.592664089536299 -0.6770669814335537 125.19262928345192 63.32846419999987
-5.765838190785281 -0.5558349176157042 125.21852949536385 63.3928292999999
-5.761445467516275 -0.18011390039115915 125.20090443733906 63.45915309999964
-5.889035245018121 -0.055387912880421886 125.40519900155334 63.52458579999984
-5.9695988191629255 0.09299941756836927 125.83852619093383 63.58929780000017
-5.58974205742372 0.7185207466456216 124.77050533536637 63.65470000000005
-5.408095072115543 1.2111566008639003 125.88296192762141 63.72015339999962
-5.020831072336897 1.5034523315211672 126.25470289342441 63.78503819999969
-4.088274863996297 1.8620299901628063 125.4216657773265 63.85073840000041
-4.1980441135971915 1.9983181453340249 126.03615539170673 63.91653219999989
-4.259654170091913 2.0810777168469157 126.18334177017427 63.98237719999997
-2.298811278980054 2.6152136269541773 126.12343809632887 64.04829119999977
-2.2475693328840762 2.7646727062205336 127.2714610257999 64.11383999999998
-0.9017339010675016 2.8109831691440688 126.60460402447862 64.17920740000045
-0.818098698897785 2.6966653784466583 126.68489588211357 64.24563080000007
0.20633405963349105 2.7370607521825936 127.05799084038411 64.30967299999975
0.6168839848728496 2.5327876770411075 126.69122807604444 64.37554160000036
2.7532117127036884 2.2902066937605428 126.07084043845171 64.44130860000041
2.7532117127036884 2.2902066937605428 126.07084043845171 64.5056813000001
4.127576510829975 1.6269068683882706 125.90024244154804 64.57112270000016
4.446594471528478 1.2746591404329792 126.077493407937 64.63720060000014
5.021942859694654 0.9067228787866677 125.4994268001603 64.7027664999996
5.1633303856512995 0.8307352660068688 125.99022231580481 64.76728430000003
5.630989294759338 0.36848838959409014 125.42990248370667 64.8328118999998
5.6300318018570366 0.21922151826023262 125.63195506779331 64.89769220000017
5.709747506400596 -0.007575661093956132 125.13658844968347 64.96343890000026
5.641982790171163 -0.20449667051882225 125.46241029460003 65.03200920000018
5.7560492823309275 -0.9498230761637585 125.02894983239074 65.09665750000022
5.812640982657818 -1.326487831824477 124.85222027225272 65.16184489999978
5.578880097394951 -1.5146901250827431 124.51684929907879 65.22783580000032
5.301981899794896 -1.5738508411194623 124.72672624459004 65.29302949999965
4.943991967307241 -1.7618463357016099 124.74475653379534 65.35719640000025
4.417661616874753 -1.745136424517634 125.36414302881182 65.42360860000008
2.563282011753259 -2.1757153148415496 124.78844197718308 65.48893070000031
2.167754701508997 -2.3631017931375964 124.79492917153075 65.55456349999986
0.6203101192254294 -2.3724059264479456 125.341460753232 65.61916010000004
0.34068235033011973 -2.433548140190681 124.63848372251242 65.68516920000002
-0.12090829917698187 -2.432004247113742 124.80885178600253 65.75049229999968
-1.7268867674138946 -2.25826935627241 125.30010325258372 65.81472479999957
-2.192720364755715 -2.12671321306979 123.92776649521873 65.87985320000007
-2.841988469171561 -2.0949332992812537 125.28405607311751 65.94539749999967
-2.841988469171561 -2.0949332992812537 125.28405607311751 65.99407499999961
-4.26790401155646 -1.6559468468617657 125.24862456753297 66.05914279999979
-4.270210011905725 -1.4976710810912839 124.11061500110566 66.12412390000009
-4.950100821255717 -1.371029696340417 125.60320270525533 66.19153209999968
-5.138683103067336 -1.2464419334821755 125.53235608916752 66.25629769999978
-5.650822478930088 -0.6661564746852855 124.9533698535816 66.32240139999976
-5.8197036407618725 -0.49390537547964874 125.39139667010745 66.38649970000006
-5.894970011241313 0.2919043207942622 125.66908129334512 66.45266079999965
-5.949912622272144 0.3314698509015701 125.84477828002585 66.51736079999955
-5.7951863618606225 0.5440551741907056 125.37324344294879 66.58308269999998
-5.640739393249376 1.2018782617988046 126.01295819830443 66.64955100000043
-4.994496150566974 1.4974685711270088 125.58650792444759 66.71543440000005
-4.805188731711034 1.652008371191167 126.62312548707672 66.77958810000018
-3.8852089940419816 2.253485700936963 126.03661527820206 66.84427529999994
-3.4044482959283187 2.4888291753249296 126.34196073201612 66.90888369999993
-3.2067652826836976 2.5605087424597155 126.89460148311227 66.9738556000002
-2.6008531252265144 2.5931582884378006 126.27665861244655 67.03969609999967
-0.9589681774929204 2.883974928210115 126.84059062177708 67.10560840000016
-0.8052591998343459 2.7870283912248452 127.2992189532548 67.17076499999985
0.07891293489442575 2.842762035987876 126.39817111991499 67.23660889999974
1.6797745216647115 2.646897707938754 126.7918305684393 67.30260139999973
2.11441162800984 2.1992670456553824 126.68172705897024 67.3672247000004
2.6988650596337536 2.357370608563888 125.84658346171354 67.43078210000021
4.123066171120215 1.8924386481809945 126.34934416793456 67.49658400000044
4.18940178373618 1.4018673087892703 126.09582406837977 67.56140739999955
4.381727118652492 1.2625990907068099 126.8048369088817 67.62735040000007
5.228261865224319 0.5716453926521872 126.57312779509908 67.69257209999978
5.75271132759903 0.42698274408768805 125.08612054748477 67.75698699999975
5.807278428902606 0.2348505336978619 124.94167984928825 67.82124879999992
5.804705528762604 -0.4708164626545748 125.34113734799135 67.88662910000039
5.849260968851567 -0.6197558202067885 125.22897498577193 67.95210580000003
5.724352609875339 -0.7650916302181285 125.70065787713652 68.0180207000003
5.945007044348429 -1.358775317174274 124.39342866880381 68.08313160000034
5.702997744381882 -1.421331575886056 124.27187158055146 68.14992929999971
5.320668060194748 -1.5762601884342913 125.07528446392743 68.2151088999999
3.864460429970592 -1.9062876617571591 125.00750623024068 68.28088639999987
3.4110690950071785 -2.148179794589247 124.96616845175346 68.34641960000044
3.04044299315737 -2.205932898837375 124.55912467715586 68.41082600000027
1.4314936965261396 -2.3439144486168955 124.6365400423819 68.47704580000027
0.8475489614313716 -2.31190356297635 124.76083824812022 68.54184040000018
0.3733342240888149 -2.3433552049899506 125.1967219107527 68.60718300000008
-0.1347407317617595 -2.3421799266273804 125.22356489878634 68.67308450000019
-1.3685079182126003 -2.1834957307156664 124.51584982576375 68.73850219999986
-1.974656473103515 -2.2300288687449985 124.88072911019272 68.80349620000015
-2.1973423821905413 -2.1509670514201935 124.41114840834176 68.86848259999988
-3.818263009674837 -1.7540936641388152 124.89820975585279 68.93504370000028
-3.910554848948834 -1.6337668355830428 124.37308601410855 69.00043900000037
-4.248252679546425 -1.5197739704170998 124.25876884891383 69.06519019999996
-5.445196798839547 -0.9496809286383849 125.3976979771019 69.12983280000026
-5.542098716967352 -0.8358056891173917 125.38142191829068 69.19372529999964
-5.593377163834823 -0.6687875004101489 124.89731951333532 69.26046450000013
-5.916151506589301 -0.07188078831604705 125.43817113310654 69.32495039999958
-6.010730695935926 0.15364943801217923 125.71077348884377 69.39092510000046
-5.91439177629767 0.30429186944148484 125.42842656603636 69.45768289999978
-6.041453688437201 1.0777633771560848 126.03557086003298 69.5231960000001
-6.0086920770066 1.1626899993754052 126.63260465860651 69.58817030000046
-5.331458085384362 1.4534478458464024 125.7522874606537 69.65467220000028
-3.7607540091082825 2.169966367053044 125.42815580530848 69.72042189999956
-4.101185366916596 2.2533003983736695 127.07532647929386 69.78572720000011
-3.5778864262430474 2.324950623881125 126.80415200044001 69.85091329999977
-1.912139228845831 2.8347948227954882 126.98041649986926 69.91656500000045
-1.2832896120072448 2.680049481517373 127.00158050299082 69.98170279999977
-0.8328908172627152 2.851800780445407 126.62923124247824 70.04634160000023
-0.6868838957095562 2.876668781579255 126.91464606680583 70.11156750000009
0.9781039211828997 2.5176345568736247 127.17417068072162 70.17600029999994
1.6196397501601822 2.54439816659212 126.86529609054095 70.24185399999988
2.0753601968955806 2.334339444215643 126.95609937006364 70.30841299999975
3.2156002952329175 1.9590902939268202 126.86016823193106 70.37231840000004
3.9565306544163192 1.8474069846881753 126.494059684929 70.43819040000017
4.225489325725825 1.4821351274710854 126.17793412721761 70.5040697000004
5.223532810173431 0.8115416044291551 126.2542016428653 70.56840860000011
5.295200138812021 0.5768565355684072 125.96712899934523 70.63273769999978
5.425663842678617 0.38664149323146846 125.85453686711604 70.6970879999999
5.875226052203658 -0.21632543677285865 124.66966189382237 70.7634392
5.676768452230284 -0.34482596456176773 125.35070286016214 70.82791249999991
5.727971332316663 -0.6363002286890393 125.0611259323262 70.89368550000017
5.850087230729024 -1.0729093121443407 124.69744350064366 70.95819630000005
6.0117716735819755 -1.2505299557864986 123.91335741752427 71.02313130000039
5.688048154442427 -1.4513090530932535 124.85240932150032 71.08888500000012
5.307894257945975 -1.4976245292088315 125.04954727071218 71.15513629999987
4.064391862432437 -1.9933161822024514 124.69047890874056 71.21994730000006
3.619575987385346 -2.0699189374692004 124.63950871690461 71.2853385999997
3.1153861896468484 -2.1779907941382106 124.9134841339267 71.35113900000033
1.406622913868702 -2.327792282369957 124.70840115927122 71.41531899999973
1.406622913868702 -2.327792282369957 124.70840115927122 71.48030879999988
0.474795471388866 -2.3610871370292013 124.89900038568635 71.54571390000001
-0.9635086237387114 -2.4448015866314297 124.64218739026862 71.60950140000023
-1.2874337261832807 -2.2702857096571516 124.54908711961204 71.67470969999977
-1.9537036501896026 -2.3044872993759182 125.50269759735622 71.74113130000023
-3.2791771255690847 -1.9899820241174502 125.81313910596856 71.8068030000004
-3.62642611411642 -1.780334155316881 124.41625017968165 71.87037049999981
-4.195842809267326 -1.6725416336701144 125.49544848478358 71.93549789999997
-5.006937571571463 -1.198199234708871 124.83584771129888 72.00090920000002
-5.584666444284039 -0.981190184290023 125.69258836217892 72.06622359999983
-5.704873984728245 -0.4796673166773271 125.12383828696888 72.13099619999957
-6.04274542683244 -0.34688460867215176 125.67282104456199 72.19625830000041
-5.934700232991609 -0.02270409850989097 125.35157694637938 72.26298200000019
-5.721830754990357 0.20533212531067713 125.09512266224925 72.32764729999963
-5.796345982692628 0.823673707607173 125.17653641653553 72.39229280000018
-5.695515717530043 0.9604909384289166 124.95150625042842 72.45798959999956
-6.004042475028562 0.9969052404991565 126.2248859179305 72.5233177
-4.1270116742622776 1.6922165522587826 125.2900376292069 72.59007759999986
-3.787174079532541 1.9208416025975943 125.59929911711404 72.65472409999984
-3.7323992758437896 2.17548992328211 126.24221477336667 72.72074309999971
-3.908303927037643 2.302232092903904 127.20179969598536 72.78642789999958
-1.8863945615658437 2.841949388470423 126.6181785088821 72.85141490000024
-1.5275164906708838 2.801776956343434 127.16359086532425 72.91701430000012
-0.5040699336411265 2.648141161014801 127.14860766166841 72.98234200000024
0.6476023898123842 2.706391517162226 126.8327947333047 73.04736839999987
1.1595768581173616 2.5315781762018013 126.98165712619247 73.11174120000032
1.6073331578201717 2.568637149324788 126.20215854971129 73.17723139999998
2.7124417274967243 2.0107392450365644 127.02701028556766 73.24272370000017
2.7124417274967243 2.0107392450365644 127.02701028556766 73.30679239999972
4.2312640722893065 1.3035641827348 126.38639938992947 73.37182219999977
4.94907552419653 1.0466334908918151 126.37323853698759 73.4374157000002
5.242151885853048 0.8933301273292222 125.3177313992968 73.5019097000004
5.09739137544657 0.5125852483888802 125.99915930985544 73.56716130000041
5.562666524439926 0.005542714932913473 125.80784057269503 73.63314580000042
5.639853515641164 -0.07820572108732571 125.47088250348801 73.69842940000035
5.600455231958932 -0.26587478461238545 125.85628901134649 73.7637765999998
5.9164486243775585 -0.9357560663670144 124.33475055190682 73.83143740000014
5.736859417594019 -1.1861782123110174 125.08069513301695 73.89646770000036
5.402172736975885 -1.559695173323373 124.80578158228617 73.96216430000004
5.061740420173017 -1.7462615066767175 124.86215868272558 74.02725889999965
4.874669856367817 -1.6980338330461717 124.5987084425404 74.09151310000016
4.350789667107556 -1.8999049102607688 125.19972718261138 74.15795290000005
2.8263953486331985 -2.1800566508367973 124.89896727659021 74.22380479999993
2.007960281618253 -2.33400659521421 125.14424293075454 74.28909320000002
1.7138156952218253 -2.2930845376020352 124.2695587072145 74.3550882999998
0.08927575888492356 -2.3887515507830903 125.23059583312201 74.42019290000007
-0.3748424163310915 -2.355260320622165 124.96614603999726 74.48592269999972
-0.5091198771248315 -2.348098452871185 124.29973003569233 74.55136080000011
-2.1374202695735107 -2.2397812190339095 124.80439099818533 74.61585449999984
-3.1652364916228635 -2.006801416872389 125.36587526355173 74.68107380000038
-3.1652364916228635 -2.006801416872389 125.36587526355173 74.7459871000001
-4.182605405572147 -1.5940365523126179 124.61107262848094 74.81212309999955
-4.6539667956478965 -1.4693899000170672 125.20701764634973 74.87713640000038
-4.783062985467176 -1.2878764928774373 124.90308416444499 74.9427482000001
-5.538083104569338 -0.7202546929097082 124.7925883160729 75.02469810000002
-5.650476339649764 -0.5412577131949718 124.950781221745 75.08890410000004
-5.7044939831805195 -0.3545957761642853 125.12116633863133 75.15462949999983
-6.064058753265947 0.24132111432273862 126.11047899343605 75.21912609999981
-5.680772025725467 0.5088326789362492 125.3381983060553 75.28474769999957
-5.829502851661054 0.5280229714834368 125.6569668193804 75.3501624999999
-5.585137317234633 1.245874587610004 126.15529354709793 75.41555069999959
-4.79314005735138 1.5422727550996314 124.9070797427622 75.48050179999973
-4.9460944024609645 1.7101828007964608 126.73407456993834 75.5461935000003
-3.520003134821991 2.4154372303304807 126.35331014063559 75.61150100000032
-3.4496010350470456 2.489813420155244 127.33883411636626 75.67722380000032
-2.8700146982902197 2.5111128388485113 126.93778124784171 75.74291040000026
-1.341609190732001 2.8299962829597187 126.59810903281823 75.80717519999962
-1.2728976982299613 2.854715363216079 127.4636729958038 75.87146209999992
-0.8143502788903874 2.722004946844293 127.40781423773376 75.93583109999963
0.1196932743524215 2.9130298215490007 126.51814139045666 76.00187790000018
1.5242400526613693 2.431591902029352 127.01205625813289 76.06709930000034
2.213909764074316 2.1255396743689703 126.30716983905158 76.13296369999989
2.5360401563438515 2.39975592802866 126.27422937506172 76.19811690000006
4.0705501203039205 1.5505207813293285 126.80253574066802 76.26330390000021
4.638497481944711 1.474607967372029 125.26804677831191 76.32842880000044
4.498632316939322 1.327490362184829 126.29037592092277 76.39458040000045
5.499421082750352 0.42778721806506514 125.09873986911913 76.45963870000014
5.737024199267914 0.3936410588479208 125.61707565666083 76.52532220000012
5.655331680537117 0.24401673010381375 125.80557315002963 76.59028099999978
5.657218837505269 -0.5859913452970131 125.57644824348696 76.65553600000021
5.779643992910053 -0.6614495593287766 125.05467388008637 76.72047019999991
5.888802380325444 -0.8454353520903366 124.89365749935212 76.78694429999996
5.684978340077478 -1.3730581855615194 125.04083998796625 76.85175340000023
5.500992170986521 -1.4491870260007866 124.58307819894848 76.91642179999963
5.059717607376008 -1.6040649099081126 125.3122256705182 76.98222950000036
3.672692717786191 -1.993289234937638 124.92567568290117 77.04780570000003
3.304946033116643 -2.116339596381211 124.73589583069315 77.11395340000036
2.8113440134172265 -2.13104275419571 124.90055369702122 77.17891830000008
1.1356021523909234 -2.3449605411418513 125.15493054438029 77.24467550000008
0.7250965109079175 -2.2978587986784857 124.97882268217697 77.30927470000006
0.3876578577737533 -2.3577121292965852 124.91776659999731 77.37533609999991
-0.21476891479595395 -2.342514851808744 125.36393793706196 77.44068590000006
-1.836882650512372 -2.2407984027806176 125.60914294592118 77.5056899000001
-2.033842120242177 -2.2071633353180435 124.47181793034218 77.57180289999997
-2.402903563257091 -2.0672718752961905 124.59327657684182 77.63705370000025
-4.021166232916755 -1.7219580130192957 125.18471022736827 77.70257849999962
-4.128283402581772 -1.6540613291394801 124.43189979617287 77.76815160000024
-4.594042306460224 -1.5932010281997142 125.28837815628214 77.83374850000018
-5.342227283212054 -0.9194311589925237 124.89453134224252 77.89818860000014
-5.836383398533407 -0.728961048033884 125.69223955652167 77.9633358000001
-5.952846840229512 -0.6754816715745879 125.8656883510603 78.03002939999988
-5.89592039472857 0.1087802984391899 125.60547189692367 78.09586430000036
-5.998125110911019 0.25734159088621233 125.90065203675726 78.16045320000012
-5.975866370919334 0.44225748595533615 126.10375214797023 78.22639700000036
-5.562731991168654 1.0790185723102406 125.12190812261623 78.29039840000041
-5.7575851254929304 1.2438981923809624 126.24238908677907 78.35625299999992
-5.030287061331649 1.482914336860512 125.76008457457316 78.42464720000044
-3.481066579919201 2.317273026867504 125.95394891395692 78.48869360000026
-3.355078878473215 2.3863254286220226 125.73735205145609 78.55441140000039
-3.686226116560306 2.4337892028048382 127.02927557406964 78.62035209999976
-1.0852552541244052 2.612941330501475 124.99142685484982 78.68516170000021
-1.1391822133826324 3.00121392361187 126.62213554379248 78.75099729999965
-1.1319811625705753 2.4687990577607835 126.6666785542748 78.81576889999997
-0.22853106829130354 2.758654973945381 125.40900053270485 78.88242100000025
1.5246629613211624 2.7070169118356775 126.70820940610416 78.94716530000005
1.9695183859433243 2.4423736575993193 126.74998550915737 79.01318970000011
2.3385397949079163 2.514942457378244 126.35062914786518 79.07755180000004
3.6358883668606694 1.6694847886688935 125.68700200191424 79.14327880000019
4.106821369444184 1.73157237046117 125.77662899574484 79.20852410000043
4.3009184278030475 1.8055638471566224 126.71096347493844 79.27394929999991
5.421924791091044 0.7634134488068651 125.4280984060478 79.33956070000022
5.334452580631741 0.6198372193504506 125.91221695775009 79.40524339999956
5.513492074752385 0.3610518049824062 126.06396638294464 79.46928349999962
5.837019012082784 -0.2408044389146473 125.1046897221737 79.53396609999982
5.766066619262489 -0.510580900599056 125.13785056105398 79.59849899999972
5.650923753086978 -0.7093019866261281 125.42721727609855 79.66439179999998
5.736658120529377 -1.2133681899882842 125.23767383742862 79.72934359999999
5.735194436790508 -1.3728295408924445 125.18799902774266 79.79496050000034
5.764817952870715 -1.37670963411726 124.00142903604687 79.86122679999971
5.1862965716893825 -1.6041685231095122 125.30745303234373 79.92869900000005
3.8794123443561475 -2.009507017992363 124.5036875570941 79.99270929999966
3.3651456215669597 -2.0994180215916782 125.07418653236424 80.05932080000002
1.7862051733511635 -2.361984817461032 124.82244974681963 80.12422929999957
1.3157159793947386 -2.3608171153727464 125.03052869033863 80.18873249999979
0.8896156628489038 -2.2670348592924094 124.54124433900441 80.25380940000014
0.8896156628489038 -2.2670348592924094 124.54124433900441 80.31964779999998
-0.9161915950856496 -2.2986655920680588 123.99310743842872 80.38457910000034
-1.411467305853769 -2.2539393811964286 124.53435427348015 80.45120779999979
-2.011062471127808 -2.2402185225809985 124.79847973852705 80.51560320000044
-3.482942764963113 -1.8935566492849478 124.55175510519707 80.57973260000017
-3.482942764963113 -1.8935566492849478 124.55175510519707 80.64531090000037
-4.199219090517872 -1.7417533666926452 124.96470936060015 80.70954299999994
-5.299176944563669 -1.0810517998501785 125.33462166288112 80.7762872000003
-5.479794963642632 -0.9635849338621414 125.31293488764234 80.84178069999962
-5.661980913348529 -0.7638259456553353 125.36570933548607 80.90616109999974
-5.871402258462048 -0.29490105687838297 125.22868338307406 80.97190440000031
-5.488322107320421 -0.09524493048536886 124.21006540327211 81.03659059999973
-5.70230240246233 0.27075180002096677 125.10701557683493 81.1016080999998
-5.904819490017616 0.909739368165142 125.62081851921883 81.16680170000018
-5.883875662851153 1.045826717601724 125.62731034262636 81.23246749999998
-5.3482664285722805 1.551299734977774 126.9864524667691 81.29700030000004
-4.54774666049817 1.7891448050749583 125.46349122263342 81.36157259999982
-4.2769900720811265 2.012647089797662 126.23377060954024 81.42738350000036
-3.9114933428052865 2.2487620636695045 127.14825419921122 81.49124200000006
-3.4989158454812994 2.329727974322903 126.68260570273829 81.55681860000004
-1.9280925447178845 2.7094739706343205 126.51169859638642 81.62192349999987
-1.1547112479983141 2.8323265754161886 126.64397646896047 81.68803779999962
0.019229530752532753 2.868947988059416 126.9713008346022 81.75360420000015
0.20006131323525977 2.770635947160955 127.21727120020263 81.81917069999963
0.9376258996739253 2.58731182377694 127.33217370635758 81.88457120000021
1.625772482488287 2.5154849800458035 126.62521312461305 81.95008320000034
3.1792723233024063 1.9813338594681411 126.46400290500142 82.01639520000026
3.1792723233024063 1.9813338594681411 126.46400290500142 82.08138789999975
4.437063326296901 1.2486865330630377 125.84525187072629 82.14626560000033
4.961647630723647 1.3141883968379346 125.72120088562939 82.21182299999964
5.165436778214335 0.7038435157398479 125.9817401700441 82.27706630000012
5.292123795243889 0.640900924493144 125.88639582054597 82.34159470000031
5.721748401523911 0.0898003974564735 125.11356289160891 82.40709470000002
5.719535851975635 -0.07157549481376868 124.88514518706495 82.4734454999998
5.8038867977145685 -0.7648955209288246 124.7867508761968 82.53766030000043
5.943612472161227 -0.7705039930063726 124.14484571128932 82.60350689999996
5.872664234363057 -1.1113841371992934 124.34466192594846 82.66917170000033
5.254324226006162 -1.4764201559563612 125.194205050634 82.7342563000002
5.066854530999983 -1.7947718513700441 125.03083433811238 82.79955419999987
4.9080437963012 -1.7896958065497417 124.21213483106575 82.86613260000013
4.4195111697678655 -1.9174858243518758 124.83961149994099 82.93088919999991
2.678713690411719 -2.1379561591327745 125.32935558483915 82.9964216999997
1.8708980601234302 -2.255753379224842 124.73550548611553 83.06218850000005
1.369506557935125 -2.332208435557189 125.19262082428062 83.1270783
-0.007730436198613688 -2.342481249812294 125.2169314412342 83.19277280000006
-0.5090858957646489 -2.278439402945185 124.99648413358466 83.25751560000026
-0.6899275997782865 -2.3251284622272785 124.49129548787944 83.32258340000044
-2.1063295005503164 -2.143251600841393 124.30790198208967 83.38824959999965
-2.639306854459612 -2.049591876856395 125.03760951697183 83.45451219999995
-3.4867013398950704 -1.9306683762096135 124.67633082339981 83.51866260000043
-4.103714019040105 -1.4717443252867048 124.15938604888218 83.5841932000003
-4.5885587599813675 -1.4215718876931556 124.88189828479314 83.65074840000034
-4.722199577478918 -1.321985934956262 124.84968139943926 83.71520520000013
-5.799357868633258 -0.7579995401167556 125.64055173060545 83.78137470000001
-5.723743975324773 -0.4020778956102753 124.98150925160913 83.84628530000009
-5.723743975324773 -0.4020778956102753 124.98150925160913 83.91211019999992
-5.861166682721631 0.3017545995085981 125.38612880152006 83.97748870000032
-5.642066560166711 0.48659158014233095 124.71829181841441 84.04340599999978
-6.001359693059477 0.5857585631575323 125.8769483269891 84.1101791000001
-5.3804174334060235 1.3830193147214274 126.19686266197125 84.1748834
-4.789240982702516 1.6103735024816497 125.74005552313209 84.2403720000002
-4.502250793732742 1.7851756234621565 125.5391899839483 84.30573360000017
-4.859376336080452 1.890809823496851 127.0048914731084 84.37112689999958
-3.0808756743207937 2.4555989655966135 126.62867055732296 84.43543080000018
-2.9029795482507694 2.5487107154505635 127.17027841674386 84.50205329999972
-2.628916195206479 2.5775380660751526 126.67017270095995 84.56697439999971
-0.463824969004186 2.7537303946663547 125.4422177997693 84.63169949999974
-0.1252138290664604 2.905647487773516 126.7280505543412 84.69763160000002
0.39460863219849074 2.757059380419067 126.88662945624954 84.76377769999999
2.1485598000769457 2.568106371794028 126.46660153204986 84.82822539999961
2.091538151323519 2.183160766676762 127.42592980791406 84.89303149999978
2.7160066871398527 2.21091641086576 126.31506392471742 84.95873790000041
4.223320193236759 1.6099243460775812 126.01800982566536 85.02326869999979
4.240732915760937 1.331027879160225 125.84932855851422 85.08791290000045
4.5722366382401916 1.1335913372234008 126.2454141912486 85.15444169999955
5.8644025770615755 0.7530933998129845 125.29198646265385 85.21825689999969
5.757192703376013 0.21899830248083685 125.62629150421775 85.28385629999957
5.8482390899912104 0.0897127360551373 125.10817919329911 85.34924589999991
5.9343329731517045 -0.05572376392633083 125.00977963907795 85.41503339999963
5.777934725024011 -0.709449795852316 125.4209567584936 85.48059040000044
5.98927583307794 -0.9228370626425642 124.63948849232675 85.54620100000011
5.616244341099829 -1.4675767645620494 125.23633913679036 85.61240980000002
5.480551608733386 -1.473981621546749 124.83355102275875 85.67796739999994
5.14119562458945 -1.7171944477240473 124.71994925678129 85.74223689999963
4.876033660926382 -1.761727636660801 124.51586586069273 85.80720610000026
3.288228422944826 -2.1475635345686745 124.57424722894372 85.87210680000044
2.9089403231764805 -2.1913629061537914 124.66221284807978 85.9372043000003
2.44065478738181 -2.1918035305533055 124.5393826546863 86.00287469999967
0.5463315771148274 -2.2972776522847256 124.86828816328715 86.06743000000006
0.13346261100490153 -2.356904504809678 124.93417187790234 86.13308549999965
-0.48047404232956836 -2.3720201459485875 125.54630260953579 86.19967689999976
-1.9637701674117238 -2.2576359352813458 125.4902125520856 86.26387450000038
-2.3032393581678576 -2.2287952755812435 125.01210044352878 86.32887750000009
-2.473041057433967 -2.1130199165413814 124.9572513237039 86.39401550000002
-4.076264136267952 -1.7229733594603496 125.08898208580064 86.4594691000002
-4.301896379110794 -1.6829864425271395 124.84238256121178 86.52547539999978
-4.271876755648201 -1.3737517324282345 124.11415034049618 86.5896528000003
-5.516561301178186 -0.807124693362975 125.22335374145638 86.65517670000008
-5.836416266229442 -0.7397118765565902 125.62244341581832 86.72054060000028
-5.721995738034117 -0.545122885765025 125.10455804828963 86.7859569000002
-6.018111967260786 -0.41465494294593364 125.86992234401522 86.85273529999995
-5.692910096861915 0.3187514381181018 125.07698557329974 86.9174039999998
-5.7505827918272345 0.5068931252914841 125.25956309450747 86.98321240000041
-5.811322202261827 1.1099283223278988 125.79873035124653 87.04846009999983
-5.522853068001609 1.2174898914321046 125.92250793674081 87.11409240000012
-4.9501087322987445 1.5458350530935312 125.7069204279149 87.1789147999998
-5.04992339173203 1.6467392561978589 126.73156440240786 87.24583789999997
-3.6872665680037215 2.281867790297653 126.49207676469565 87.30927429999974
-3.5514127057775084 2.4451060734069334 127.0936422577168 87.37331660000018
-2.8521496148168666 2.5101981402251545 126.86519194898064 87.43897660000039
-1.2158853070653421 2.883900791253927 126.8499393048734 87.50554809999994
-0.9638084654062098 2.6528942103559867 127.12748269368166 87.5710554999996
-0.34115932642421143 2.8557969739099396 126.33666966355695 87.63678890000028
1.4928275154005775 2.748510391330385 126.32128645513332 87.70330589999958
1.7989393582564617 2.3730323932675725 126.98364497154898 87.76961399999982
2.314265499149947 2.38859903801414 126.72809966721584 87.83599219999996
3.5682991919459326 1.7217873279096438 127.2627012034728 87.90145800000028
3.9491580037807807 1.6004238026511177 126.42889421044836 87.96698610000021
4.216644050976889 1.358868013600208 126.69530960490857 88.03249210000013
5.365144312887153 0.7250991797856723 125.68570690041356 88.09611550000045
5.428665521992421 0.40802606487651777 125.68055870085348 88.16220770000018
5.7667568436208185 0.3235643563896319 124.95061449685414 88.22738219999974
5.646806385485192 0.17059191140045327 125.61477648084768 88.29239779999989
5.776002951263678 -0.5774649921864277 124.81964856137743 88.3572234000003
5.724689453644743 -0.7451083621615484 125.22682329380471 88.42243260000032
5.754994105340515 -1.2239612601997387 125.19804325309258 88.48873220000041
5.803314921711838 -1.324688158720873 124.71489113391416 88.55464109999957
5.5112077448319 -1.5153912781378884 124.61912740720206 88.61953269999958
5.10551971420449 -1.651837552045103 125.35794583141383 88.68514200000027
3.7222331904291295 -1.9925491138591074 124.90115117535686 88.75154050000037
3.29531517488671 -2.117419249344378 124.93758200165648 88.81538629999977
2.914721509436667 -2.1163833854322647 124.96052821849212 88.88014159999966
1.1886045377230516 -2.360415660448986 125.0384820805086 88.94644429999971
0.6791639627394517 -2.2804788879975684 124.9706580456635 89.01123730000018
0.20255442031749737 -2.3451883721524567 125.20773081170856 89.07772899999964
-1.065264882326538 -2.214629452870924 124.44055239720679 89.14272009999968
-1.7056388281543562 -2.2123658415059673 125.16971537349045 89.20821689999957
-2.1770942484973403 -2.2291674869715408 125.00757270712104 89.27330009999969
-3.606474229528935 -1.812241119021048 124.7363894356019 89.33897770000021
-4.039383065841271 -1.7202331360082463 125.10046347930032 89.40245959999993
-4.039383065841271 -1.7202331360082463 125.10046347930032 89.46760249999988
-5.3531162528344325 -1.0893386888624053 125.30952616930361 89.53428239999994
-5.479794963642632 -0.9635849338621414 125.31293488764234 89.59910570000011
-5.975107358820615 -0.7837466718012487 126.04326105952521 89.66447599999992
-5.722449229228964 -0.2771305719085606 124.97611449803536 89.73020970000016
-5.721137136759651 -0.1521895957352727 124.97067362966558 89.79592030000003
-6.015278927611888 0.0888667186557307 125.85563018648426 89.86153959999956
-5.817960930160687 0.4310721838480652 125.37328596304911 89.92602840000018
-5.420330301079474 1.067305418210534 125.36971833304955 89.99057749999974
-5.235309585396507 1.2506685291037485 125.30537067534122 90.05610280000019
-4.582242818600044 1.7196171799207751 125.86525207281684 90.12156279999999
-4.490195230700124 1.9683021618764704 126.62361336020753 90.18833770000037
-3.9582559015216177 2.154160442709234 126.5349590094015 90.25309290000041
-3.597419171391877 2.306747773262959 126.92953135306779 90.31743920000008
-1.7212678528549503 2.6949363859934916 126.86694655637001 90.38336869999966
-1.1357739606427728 2.799084935527588 126.2677813916965 90.44852329999958
-0.05660059496417347 2.948299639235677 126.99966102741256 90.51465720000033
0.4187201511224643 2.5731883695547975 126.4706718642723 90.58321700000033
0.8431942810515238 2.5761958122885105 126.48983016521137 90.64648359999956
1.6280498785584356 2.3290403939207227 127.0357126920442 90.71153310000045
3.192631423751081 1.815206535217715 126.48588012124276 90.77151310000045
3.563344598306891 1.7796031289815675 126.06538592078634 90.83858549999968
3.563344598306891 1.7796031289815675 126.06538592078634 90.89610119999998
4.914767728835152 0.9688900735736512 125.50619113446268 90.96241000000009
5.109282362279089 0.8905665116368043 125.93729476825783 91.02739970000039
5.432113034519588 0.3856328046275081 125.38809429476969 91.09192369999982
5.723744556815106 0.363717894491495 124.94387495580672 91.15715949999958
5.7750853795630235 -0.1582274765329743 125.07034338919657 91.22279869999966
5.566881668414908 -0.31070384638470094 125.88852734275602 91.28690089999964
5.799752582360242 -0.9674958214615985 124.75026953972211 91.35229929999969
5.6055559354406554 -1.1451182952204964 125.6689526450194 91.41879729999982
5.803314921711838 -1.324688158720873 124.71489113391416 91.48231810000016
4.887858186313132 -1.7475115367410514 124.88598318389002 91.54712670000026
4.565351596757466 -1.8106474569984514 124.92486716450192 91.61180390000027
4.234159525964969 -2.008418933649606 124.76478420609992 91.67578830000002
2.6541359072317974 -2.1756727331521795 124.93174858322423 91.74203159999979
2.2442288194661373 -2.239504615676945 124.81428292129019 91.8081358999998
1.9440932568129483 -2.2812573076396245 124.24263103043637 91.87055409999994
-0.18265546804299504 -2.405760501788308 125.32616322567137 91.93664129999979
-0.3493886818020755 -2.326187871566576 124.36931994478857 92.00138570000036
-0.9765651688747425 -2.3403794857430795 125.3993227208062 92.06703889999972
-1.0819340727109577 -2.366665109574781 124.747303565275 92.13241629999993
-2.62812167053783 -2.015246386999825 124.73606631138493 92.19764269999996
-3.5045127014843374 -1.9517763683900209 124.67596968744205 92.26297720000002
-3.966317536454575 -1.7824778595525648 124.99997925323066 92.3282651999998
-4.867934658985725 -1.3895564985400668 125.36123781467323 92.39402220000011
-5.0180527832179465 -1.2483115448356075 125.01383621424425 92.4606845999997
-5.284569353170156 -1.0488524414944664 125.03891625615657 92.52521160000015
-5.672305795983149 -0.4045129394293112 124.94398765654158 92.59159470000031
-5.847616622797027 -0.16944621244687985 125.1023386876724 92.65609020000011
-5.847616622797027 -0.16944621244687985 125.1023386876724 92.72039630000017
-5.666824435127232 0.5466596221596691 125.80078546959142 92.78765920000023
-5.497956453415064 0.7551668882301044 126.16242086403138 92.85258129999966
-5.282360101050308 0.8235738345113832 126.02658146544832 92.92552309999974
-5.296580745155161 1.5252845940166866 126.70975381890612 92.99053679999997
-4.463827749434309 1.830062196132484 125.86955149447526 93.05616530000043
-4.087772970594223 1.965377020535746 125.89203519119957 93.11991370000032
-2.9031607873118617 2.5415724609002694 126.32776051528106 93.1851158999998
-2.4589299971585135 2.687215413190261 126.33735993153073 93.25032100000044
-2.445817805795393 2.659308053432604 127.33488369706316 93.31507679999959
-0.4448160387858877 2.88432560512897 126.82106695264086 93.37992719999966
-0.20376152745708964 2.708608303691948 126.80519232787452 93.44519969999965
0.35392247009451694 2.7459621700245567 126.83904787645444 93.51021219999984
0.595945414332796 2.706803195022387 127.46996811181701 93.57554160000018
2.56389967865055 2.1776245716206075 126.44778799909265 93.64138309999998
3.001681604355184 2.182253396413098 125.94135064956576 93.70666970000002
4.432440751584281 1.4279824409541848 125.4831630543712 93.77232639999966
4.4502112552243105 1.3788847587880193 126.72820530239231 93.83752929999991
4.743845058856394 1.1614911084137614 126.29764335925871 93.89829430000009
5.2355084908182405 0.9309299189941902 125.15105609932048 93.96434200000022
5.578083460909184 0.24999533511370564 125.79371601202416 94.03013819999978
5.885375765747227 0.009068710777210609 124.62733808624243 94.0957540999998
5.8008138956788144 -0.09248236176776736 125.35708354926255 94.16135849999955
5.8038867977145685 -0.7648955209288246 124.7867508761968 94.22734159999982
5.808417685754833 -0.9510487950329214 124.86615929588102 94.29341269999986
5.926690972568522 -1.0466936499487922 124.56163596965686 94.35798150000028
5.272274220520565 -1.5578379345322175 124.93959489842763 94.42360929999995
4.988945358483534 -1.7613309337389005 124.73554099154511 94.48786939999991
4.757073982655648 -1.7616128248281808 124.47534720664706 94.55349430000024
3.0314779806116974 -2.177874759505415 125.08417852395498 94.61839979999968
2.6633668352241386 -2.17398041454676 124.8907081117349 94.68318240000008
2.297559361555379 -2.267366437641558 124.45774968620371 94.74780420000025
0.3293013343836222 -2.3454788901745407 125.20180234593936 94.81309320000037
-0.025615700164124178 -2.373193767466738 124.6830789725966 94.87856850000026
-0.48562185794341417 -2.371381605541079 124.84693422601579 94.93746110000029
-0.8966754272676951 -2.3402720469169664 125.26227214363092 95.00215219999973
-2.2455664087633522 -2.1584070970914753 124.36892911008383 95.08233159999963
-2.550234905804551 -2.0343858227854064 124.27447748981814 95.14765290000014
-4.163411620788153 -1.6548882651349839 125.1707815327005 95.21264229999997
-4.336166474164628 -1.457048936200573 124.71747539594554 95.27897200000007
-4.60813491291573 -1.3721069582298173 125.02580213912789 95.34528099999989
-4.961569319131847 -1.1862151880224026 125.17922647661764 95.41129369999999
-5.747997854660369 -0.634316378799539 125.36520005675847 95.47718019999957
-5.887224881248173 -0.5254102963962286 125.55548917531422 95.5422507000003
-5.815865440526238 -0.4208786599652876 125.15010364977677 95.60783790000005
-5.818582914569795 0.3056740742733392 125.3766112854362 95.67324530000042
-5.908549975735006 0.5326952518165132 125.63631092096153 95.73814500000026
-5.907335210608018 0.6583833378327039 125.63122705841175 95.80442870000024
-5.174427646309688 1.435122995563289 125.56239184976172 95.8700872999998
-5.019068696709709 1.5402278375170608 126.56818028931932 95.93501610000021
-4.780175616846158 1.7120802880925008 126.3449620395199 95.99936760000037
-3.875632929963757 2.37197950416129 126.93952347062776 96.06468529999984
-3.1066201797404744 2.447549687263173 125.59948297235238 96.1286068999998
-1.9952480058810877 2.687670076532693 125.6488227388004 96.19428549999975
-1.0299774600761253 2.811094766918547 126.61007146650196 96.25931709999986
-0.3368903204129907 2.8390773237787723 126.05623883559377 96.32373420000022
-0.12031552631317055 2.9518129635473582 126.60921223086002 96.39036730000043
0.21382226861318543 2.800854891817044 127.09948991354489 96.45546259999992
2.3121956061278013 2.435179101601639 125.63649284157141 96.5200863
2.7753867413616504 2.4711109992532987 126.1268448386473 96.58583259999978
3.8687396033901535 1.6575831993718197 126.03162066343279 96.65091209999991
4.162788540479113 1.6916256168533952 126.5780762633002 96.7160445999998
4.338799068746155 1.3621825793425597 126.72728153710008 96.78106349999962
4.931050487849994 1.2050216027579632 125.2926409188713 96.84580339999957
5.480984945500353 0.3601736315284041 125.69781210307559 96.90308230000028
5.594736361840155 0.30060681475460005 126.26226901641118 96.96833789999982
5.648465931102628 0.04443747396606201 125.60864064396462 97.03293180000037
5.911450965552341 -0.6535266330770242 124.89682052627498 97.09848599999987
6.157937737429144 -0.7087767747220486 123.91110468386809 97.16290440000012
6.059016354836778 -0.8426237373492258 124.40605636226141 97.22846289999961
5.56774397474701 -1.480886110863219 125.28267756149319 97.29426830000011
5.272033292588212 -1.5051168834842912 125.3395609517574 97.35977699999967
4.988110895129601 -1.7298577646770084 125.27211595325744 97.42444200000045
4.862053356901633 -1.7609085836178102 124.74442414701133 97.49038349999955
2.9779340568983272 -2.1237967791912453 125.26524712735836 97.5573015
2.6894696039425554 -2.17587579394954 124.78292388100178 97.6225015
0.9737454950473321 -2.31228454468108 124.75496606108051 97.68818139999985
0.5951658542188909 -2.3111328382690925 124.77246849428262 97.75295079999978
0.04163534691810611 -2.2961512147839285 124.88894628851212 97.81835030000002
0.04163534691810611 -2.2961512147839285 124.88894628851212 97.88419109999995
-2.0166214412507912 -2.2405911385919617 125.74400893297543 97.9403685999996
-2.2978645686712014 -2.1826436267500053 124.73111175222463 98.00632849999965
-2.4235232637237445 -2.0451895115075303 124.065979169534 98.0722753
-4.141894867245583 -1.6563987422035122 125.24535957928609 98.13664530000005
-4.141894867245583 -1.6563987422035122 125.24535957928609 98.20169259999966
-4.468011245917268 -1.5936616846170315 125.28519932112859 98.26852450000024
-5.610787318603435 -0.8274776507381663 125.39904835167245 98.33283289999963
-5.6262669698097625 -0.6839911657060407 125.00595080395863 98.39872970000033
-5.794446212447788 -0.5841486874088477 125.38474330078334 98.46375210000042
-5.723900714940825 0.03271742218096918 125.10527881451452 98.52929589999985
-5.819178529522453 0.18027373991806173 125.37986330666054 98.59355500000038
-5.806521559287198 0.3161678723877676 125.41067823872406 98.65782620000027
-5.45512523376631 0.672517228396501 125.59175587667076 98.7225056999996
-5.228279136713951 1.2699650981874904 125.67793852929249 98.78662619999977
-5.353061961690962 1.4911201494906197 126.29682482870678 98.85219979999965
-4.152283923888525 2.1400693899496983 127.04638585029632 98.90669390000039
-3.627387429634446 2.2782840346725983 126.63038664413617 98.96242689999963
-3.4331730261395705 2.423597334528304 126.419015260882 99.0281713000004
-2.467289654641199 2.652270352222808 125.87718713076632 99.09574950000024
-1.0187992523835305 2.9520956541511345 126.64935178620773 99.16148559999965
-0.913709233840045 2.603790598551685 126.85697026160156 99.22635100000025
-0.21697192107443186 2.84504214567494 126.24331190845884 99.29116630000044
1.1240608277917659 2.851555611781103 126.33301463911425 99.3573335000001
1.6411384600642123 2.653184394280289 126.45598833478938 99.42334159999973
2.6104248528161804 2.587045627661861 126.6706105953589 99.48955420000038
2.9041331182438057 2.2392314011726167 125.669830175065 99.5557703000004
3.9723691048347405 1.5168968031336636 126.25164984489254 99.62032509999972
3.9723691048347405 1.5168968031336636 126.25164984489254 99.68685319999986
5.10203256290437 0.9952152423273668 125.79466092181165 99.75171190000037
5.685302805519171 0.633959053365058 125.20142211128801 99.8165399999998
5.807823344445907 0.44956107203241513 125.9339637695674 99.88260879999962
6.130337128832011 0.01961271867923242 124.84203399224837 99.93761340000037
6.054463343202045 -0.3714592960941876 125.23651448350803 100.0035313999997
6.028248944109222 -0.5386864718302158 125.54625729855049 100.06969509999999
6.179071609521323 -0.7188983532485893 124.90405154009208 100.13453750000008
5.925582049911803 -1.2938039020363337 125.27694225947025 100.19896820000031
5.501352816490083 -1.5774691118780662 124.75428585681362 100.26659670000026
4.424457041169113 -1.8505181905751646 125.18096960080177 100.33051410000007
4.107281154456238 -2.0079940194086454 124.77343407493439 100.39533949999986
3.6827239269240124 -1.9922993979281713 124.72042531506472 100.45999279999978
3.1854568582881697 -2.1603303838154915 125.04723217784606 100.52524100000028
1.390840890139529 -2.348448181533845 125.29163168153052 100.58923969999978
0.49393764146003605 -2.4054874499935064 125.29709837184544 100.65384639999957
0.28190161539589553 -2.3841304273650796 124.4022358120395 100.7206468000004
-1.057425979460632 -2.3732332683428052 124.90061236310899 100.78558900000007
-1.269176368240231 -2.3201655691112864 124.5456170840551 100.85045009999976
-1.8583609976397142 -2.2730476872602985 125.11041630120762 100.90948819999994
-3.406073194147261 -1.9856580260715266 124.87476317658368 100.9738626999997
-3.745347560988691 -1.8022502736456714 124.85353266559453 101.03832140000031
-4.569996426601158 -1.623588753694147 125.59356112282342 101.10454740000023
-4.569996426601158 -1.623588753694147 125.59356112282342 101.17070479999984
-5.007324237587731 -0.9870033647270371 124.27404463208879 101.23530310000024
-5.253624001977101 -0.814630684561573 124.63496231762639 101.29999080000016
-5.560938833872363 -0.6865138023945274 124.92655004586217 101.36477959999957
-5.730840794961132 -0.014902778300843633 124.92854932318791 101.42952890000015
-5.722812872503631 0.15781008503863792 125.1005439296387 101.50123609999991
-5.910892491035334 0.28130032978168285 125.64623546659875 101.56620719999955
-5.634002191702145 0.9935085321606778 125.1777471679891 101.63035589999981
-5.811274071762028 1.1448212993470275 125.86402139595643 101.69746149999992
-5.467401676398218 1.3436387464393755 125.80442535167477 101.76064000000042
-4.345774536250822 1.9678003205426724 126.29268473125232 101.82616150000013
-4.035233622763506 1.970773154029302 126.2359659455165 101.89184759999989
-3.4382553715120565 2.29578806148571 125.54925661331842 101.95831550000003
-2.3160168121778213 2.6593161743320035 127.32708202915447 102.02397560000009
-1.5031626445434227 2.726864190708978 126.36813989195603 102.08874319999995
-1.1441644869969707 2.754012030639547 126.88831648882764 102.15369230000033
0.3797746840955938 2.666115735009855 127.23113298491518 102.21872890000031
0.9679670625882579 2.642390388351407 126.72318315512746 102.28564310000002
1.3139189773123618 2.6161614816859213 126.82867903235787 102.35011049999957
3.096896842275413 2.038809996376603 126.08718535738136 102.41458849999981
3.1196583500309885 1.8588326248880778 126.83054533789776 102.4792094000004
3.583627911188124 1.6201568074795158 126.51166502417647 102.54757690000042
3.925706785155505 1.6427475684426525 126.30239491789797 102.61292150000008
5.084954455238737 0.8670510720150215 125.77195941550912 102.67850970000018
5.305741663583717 0.7983116881853195 126.36473213633093 102.74392429999989
5.853342641624245 -0.012582044772744605 124.92780343081138 102.80996049999976
5.92119941284151 -0.13878327375586252 124.81374769445675 102.87644770000043
5.723398520609166 -0.33435019401152144 125.46640560344746 102.94154460000027
5.719123954472622 -0.5115141025349985 125.72428330234925 103.0069553000003
5.732531021189764 -1.1450241263058305 125.66464107087205 103.07302749999963
5.899981724078835 -1.182155053903448 124.92575302257066 103.13736909999989
5.658117906922158 -1.4189510250197235 125.22985034866998 103.20175569999992
4.632407018218828 -1.803177853610245 124.83399646872228 103.26837859999978
4.262908243874051 -1.963288021839523 124.57483172521574 103.33262159999958
3.7702078522171334 -2.0548523903616402 124.6836887617944 103.39902710000024
1.976299771834661 -2.266293582770499 125.02096654924836 103.46424959999968
1.737710303946443 -2.404982155956652 124.40206994108279 103.52824899999996
1.2368247368114424 -2.376931006757784 124.61903622603413 103.59454379999988
-0.6263884411025984 -2.4303420069255797 124.8330855225125 103.65917640000043
-0.9018533306618437 -2.3549178655835035 124.78051872763434 103.72609319999992
-1.1435580177357494 -2.3205823787806255 124.54099564179208 103.7888855000001
-2.742487259395233 -1.9988851267828127 124.69054884467481 103.85312890000023
-3.3366307348616573 -2.032331199463828 125.18853665494869 103.91795160000038
-3.659343556358671 -1.8770073152755309 124.91659588175486 103.98291640000025
-3.896973321149652 -1.675345092678349 124.79188976983795 104.04872760000035
-5.034475482958676 -1.2176381013054502 125.22132834527025 104.11406220000026
-5.274158421830499 -1.0693245045846675 125.17867395280724 104.17886079999971
-5.23903238803689 -0.8910602567968551 124.59038748027528 104.24438850000024
-5.56747560419808 -0.23582048621802776 124.51132706655086 104.31045050000012
-5.6038468565388655 -0.06200183561853978 124.47556382251459 104.37527409999984
-5.562331460377841 0.1375128890338606 124.49146493127142 104.44028909999997
-5.625098412375081 0.8216379389363687 125.35409694318916 104.50683169999957
-5.757288440005297 0.8905830865977239 125.82359965132733 104.57090400000016
-5.948763849758947 1.0408020682570012 126.52366003544327 104.63607539999975
-4.4846078712188415 1.7795525183768217 125.67275831253247 104.70101280000017
-4.069435808647029 2.08119834806651 125.8130284487835 104.76649249999991
-3.9174938685244456 2.2076362375946808 126.4106515064724 104.8317207
-2.3524634846945673 2.7327774483278864 126.16213365892858 104.89854389999982
-1.9680401835771093 2.7133639325216716 126.35827298439028 104.96462880000036
-1.339816895244752 2.871075551136589 125.93217593615658 105.02949270000045
-0.30257526211562435 2.876379273611638 126.90342439194599 105.09504250000009
0.12725596867698385 2.6564064843318347 127.02757932616382 105.16012210000008
0.9508973429614258 2.7701179969559284 126.43551721338004 105.22569420000036
2.6293837651674252 2.299218890743661 126.51455563118405 105.29184369999984
2.9809493574536745 2.214761429921319 126.75360986520084 105.35621139999967
3.190501872593913 1.9933811476260528 126.27285435696898 105.42078630000015
4.591848079185269 1.2715329942689537 125.99012810513649 105.4867978000002
4.873574984998513 1.2941642920892844 126.5116147446991 105.55140529999971
5.0412326837446955 0.8900354584549554 126.04782913248607 105.6155673000003
5.238001651552537 0.7253002915719282 125.69091969285675 105.68092689999958
5.71181991044881 -0.008179434214225179 125.29860644707269 105.74865359999967
5.925449185884929 -0.0746645068455486 124.89117819302831 105.81299529999978
5.6441565159980485 -0.33075232148571887 125.45379983573402 105.87734530000034
5.852937078468969 -1.0315252879666887 124.67144743906269 105.94259169999987
5.963557951509252 -1.0656402113558445 124.41325521631039 106.00867540000036
5.733052842245755 -1.2473401549978478 125.19588582891389 106.07249039999988
5.015045112575294 -1.7168639654696785 124.72586376433979 106.13737649999985
4.699923061550862 -1.6754698700422015 124.7250025890094 106.2035407000003
4.18741805765152 -1.8553338599949214 125.50068009728713 106.2683447999998
2.5373555091372637 -2.240414996747613 124.97224159149006 106.33359759999985
2.1008920054951616 -2.2234794922019705 125.12588714294881 106.39913669999987
1.648463153512047 -2.285018061816647 124.92410622504215 106.4641088999997
-0.1404395778545009 -2.35964814509769 125.1143802576255 106.52873220000038
-0.4407287896173244 -2.387896328902979 124.70630001430264 106.59517289999985
-0.4407287896173244 -2.387896328902979 124.70630001430264 106.6603911000002
-0.8726895643252703 -2.3552114863850306 124.95740900395585 106.72637099999974
-2.789796986543031 -2.0301383817321472 125.09574089198352 106.79158139999981
-3.0659360344517808 -1.996132690673488 124.78814758092038 106.8569078999999
-4.648602653741833 -1.5605370455356415 125.71309663487942 106.92187790000025
-4.648602653741833 -1.5605370455356415 125.71309663487942 106.98750720000044
-4.67971479097757 -1.4320068014994645 124.85243028922812 107.05401439999969
-5.260450632542508 -1.07740682367812 125.33796816633414 107.11926980000044
-5.917213372756905 -0.47301396643788407 125.67403347888576 107.18486719999964
-5.8212963183950635 -0.32134473471757774 125.39213576938748 107.24992519999978
-5.807765298703281 0.19076499824363213 125.41585385230921 107.31620939999993
-5.795661885248279 0.47940182494199274 125.50652209893536 107.38038719999986
-5.6031808834601975 0.5864780534738898 124.9116155112319 107.44666649999999
-5.8477749701716135 0.9622014544833799 125.77136028360539 107.51275319999968
-4.9644845635958035 1.6680605128123502 126.52959435159653 107.57840029999988
-4.445016810920691 1.7940947671340708 126.48600585932098 107.64445129999967
-3.6585667187074833 2.198312123300274 126.72719190934909 107.71056390000012
-3.238429356245774 2.4530355053708295 125.83796854060917 107.77618480000001
-3.0852600654639843 2.4416978809469034 126.8858700551496 107.84136690000014
-2.548254311612112 2.682386514534376 126.75134220972336 107.90737999999965
-0.42020519569774706 2.6952559089675066 125.64467123323969 107.97150570000031
-0.2967478084190347 2.9399209910344575 127.18319698079233 108.03691960000015
0.27307447837151244 2.56437815005325 126.93907182432254 108.10376280000037
1.5995044396010982 2.342807184373341 127.28009143164965 108.16675909999958
2.2497914749765755 2.4044373844255764 126.2185039214741 108.23196720000033
2.757412840260983 2.0449610540893306 126.51019196332705 108.29853509999975
4.1684193356828985 1.5573935899477602 126.45828047820615 108.36510550000003
4.440765255607417 1.388875674680054 126.26701246546027 108.4290159000002
4.440765255607417 1.388875674680054 126.26701246546027 108.49431149999964
5.417325799092211 0.6555142699328065 125.42705670453103 108.5608398000004
5.439226749033523 0.30037916914790996 125.61089577791812 108.6254941999996
5.7674438225439175 0.11145363106881523 125.55706441996597 108.68898319999971
5.8056229485481765 -0.1576319234793957 124.97148907142433 108.75458799999979
6.012580928010806 -0.46778438646641196 125.32125342142258 108.82081060000019
5.855507585079103 -0.8097937230527505 125.10558466685706 108.8865880000003
5.937388342155494 -1.2657488520570692 124.75442963667734 108.9527423999998
5.6187496668569565 -1.4801680376082857 125.25424823934425 109.01820930000031
5.182023732827446 -1.774474269740685 124.37274813175605 109.08385759999965
4.047817742489741 -2.0087382639197746 124.52014701480735 109.15115069999956
3.337365821710769 -2.083383827735362 125.45605318537575 109.21692640000037
3.037544419860957 -2.1927198486362487 124.6462496262663 109.28225949999978
1.2626625873105723 -2.345208618795105 125.1477915540691 109.34805330000017
0.6988920919238595 -2.375661005427288 125.35548758163198 109.41321760000028
-0.1856457996157701 -2.3860682545148593 125.41398395307219 109.47844239999995
-1.1414623330840499 -2.3851399811390963 124.838210652794 109.54319699999996
-1.4700339913549456 -2.2313528071966298 124.86064898121117 109.6088378000004
-2.03245747261748 -2.257386326441147 125.20084189880565 109.67473030000019
-3.4517366465694437 -1.927582605208495 124.69135176251123 109.73972090000007
-3.760519581249241 -1.7355481941413489 124.83006314044454 109.80487749999975
-4.216562533196907 -1.5662538221697364 124.42744279311715 109.86874489999991
-4.353059389156243 -1.3467537184133196 124.16315166411817 109.93388010000035
-5.541299052850469 -0.977164942465671 125.68122326901197 109.99854529999993
-5.606443304315448 -0.8378236646441295 125.31622040112794 110.06371370000033
-5.5487628179800055 -0.6383211279522416 124.65504963570561 110.13048419999996
-5.487569992412688 0.028896681519758327 124.20628464878084 110.19705210000029
-5.708182624322433 0.36444121884120856 125.53365411404033 110.26117330000034
-5.708182624322433 0.36444121884120856 125.53365411404033 110.32712549999997
-5.763881784571048 0.9752273376620983 126.32980308466563 110.39285310000014
-5.375590088326497 1.1700433660601506 125.60550094166025 110.4583676000002
-5.145747959501627 1.377200835184584 125.40706208149702 110.52366809999967
-4.307375218478633 2.1314053211306634 127.00176839289858 110.58903660000033
-3.455054171061981 2.2209766805687003 125.7366134750495 110.65344610000011
-3.715537247931813 2.394374517342121 126.93386280102764 110.71986529999958
-2.38756812078789 2.586985110957088 127.57202995287261 110.7848100000001
-0.9355241122762195 2.812943977771522 125.2907352716732 110.84995799999979
-0.6654661506003237 3.0224370079157983 126.7983504743437 110.9154152000001
0.9021637339015385 2.686808229790392 126.05878069551407 110.98106590000043
0.9993967227824712 2.7582789529217484 126.8479359382565 111.0459764999996
1.3493462696019236 2.346677356907205 126.8683492984156 111.1112549999998
3.10775399835169 1.9643307133311017 126.73733302143387 111.17572730000029
3.346645571699881 1.8930783746370856 126.41776466756244 111.2422287999998
3.5097631522559283 1.602847752185263 126.79532917522413 111.30701320000026
4.477653849214086 1.6391354254705326 125.19020742860192 111.37282070000037
5.333590178582249 0.9771214196504139 125.42221758670775 111.43852160000006
5.255990987211554 0.7418296984181596 126.08505030007939 111.50503480000043
5.299670077959718 0.32320803263249903 125.94916532854434 111.56995449999977
5.769019919366656 -0.3256020262949717 125.0241016629809 111.63572110000041
5.646514650688488 -0.3930536030278553 125.54048945500895 111.70083290000002
5.729503129236463 -0.6645398571594427 125.08615978577137 111.76699980000012
5.760144431286122 -1.200784920665644 125.01282870004465 111.83139589999973
5.888128676537825 -1.2373934419361468 124.44884578844704 111.89635480000015
5.7996987378330545 -1.4354350829191111 124.30988267605677 111.96053680000023
4.506157938650105 -1.8031015977604503 124.83943398024954 112.0261473999999
4.120078988475335 -2.0083386710083313 124.55423612399406 112.09155050000027
3.601979122759438 -2.022685574217158 125.02539786385591 112.15579989999969
1.984160275631318 -2.3157607925524046 124.80072745720949 112.2213985999997
1.369506557935125 -2.332208435557189 125.19262082428062 112.28729769999973
1.153376731448759 -2.326954386651637 124.72312889577404 112.35068500000034
-0.684360996544342 -2.309516156532416 124.59316686862651 112.41654649999964
-0.9450630382018943 -2.3792787725966953 124.64175763941587 112.4811593000004
-1.4068631437535188 -2.2133031485267907 124.92146153037109 112.5449437999996
-1.7504634283906313 -2.25957452878397 124.63791512153618 112.60986890000004
-3.406073194147261 -1.9856580260715266 124.87476317658368 112.67482589999963
-3.871290270729922 -1.8490630654682443 125.25190739166223 112.73900279999998
-4.022542228666545 -1.6749227571836545 124.79525894010835 112.80380150000019
-5.056408442944438 -1.1128048042082963 125.05692161724066 112.86881790000007
-5.483895655531988 -0.9788660826272126 125.6274887229612 112.93335019999995
-5.610787318603435 -0.8274776507381663 125.39904835167245 112.99959579999995
-5.489059924826108 -0.21938940530128082 124.2138090631482 113.06304670000009
-5.916151506589301 -0.07188078831604705 125.43817113310654 113.12922510000044
-5.776061205912278 0.0828816973608183 125.14179530793108 113.19437310000012
-6.061357511559017 0.7461293323772135 126.09664724033026 113.25888300000042
-5.694955611955692 0.9439474075193691 125.07563278194641 113.32401519999985
-5.829434779984396 1.0378422861269083 125.8510066071561 113.3876424
-4.199773109320148 1.9073140170013583 125.77907776766733 113.45259239999996
-4.402207192682177 2.0260116570157782 126.68179492219103 113.51772640000036
-3.9191391832283387 2.190667943277841 126.28974276294474 113.58238040000015
-3.6201215596085703 2.4156779968150097 126.6352813394594 113.64677180000035
-2.0490217425126573 2.707363829073378 126.97973307219867 113.71210499999961
-1.4938122164283953 2.7053101902394188 126.6170915361799 113.77861550000034
-0.9355054535488634 2.910956459187521 126.6510689743669 113.84244039999976
0.3851968835327213 2.6569736852572303 127.01634987878302 113.90747339999962
0.6873264274358348 2.6693360101565413 127.38125248520896 113.9734967000004
1.3643582841209536 2.463201272427332 126.71258783999278 114.03785570000036
3.0046875015685046 2.0682622816498633 126.54877761159885 114.10252880000007
3.0091926625002046 1.9195599089736828 126.84312757765697 114.1684650999996
3.6968546810514695 1.7809413252060224 126.26721593213402 114.23347060000015
5.241736919066348 1.2226534863196028 125.66756671338372 114.29830049999964
5.261287100714789 0.7980371005791782 125.52926883671228 114.3638676999999
5.300639521821978 0.6837357221086303 125.49323494745335 114.42937809999967
5.795627447425922 -0.05870721939122969 125.17094425646621 114.49572129999979
5.9190626199839045 -0.1567139867842462 124.84413780825105 114.5621669000002
5.668201102224359 -0.389865871425358 125.74763789574162 114.62718640000003
5.783799197978979 -0.6030187920337648 125.41678658064043 114.69605620000038
6.117769777953164 -1.0184040852165193 124.11929403339671 114.76139950000015
5.79802154303831 -1.2934872017976362 125.28607973717301 114.82717990000037
4.937160240623861 -1.7781190036255183 124.33540548658941 114.89238569999998
4.506157938650105 -1.8031015977604503 124.83943398024954 114.9575004999997
4.286652374092334 -2.010904731970878 124.49552499516624 115.02262530000007
2.5455323070267113 -2.239224103487853 124.77992846492762 115.10305909999988
2.2010943084753833 -2.3145602598945625 124.67622307078673 115.16743399999996
1.646586449262827 -2.3126487842293573 124.72503785918464 115.23329740000008
-0.13734515845366246 -2.384029344014843 124.58190546391674 115.2988648999999
-0.7697020024066887 -2.3406015834365825 125.25595176953297 115.36362939999981
-1.0157776814702615 -2.385558677735669 124.8344759222504 115.4298805999997
-1.0157776814702615 -2.385558677735669 124.8344759222504 115.49443880000035
-3.0043640829987055 -2.018865348513336 125.17869494692404 115.55957510000007
-3.544879106763588 -2.005728979569096 125.3794814468945 115.62459209999997
-4.472727537734528 -1.4842516449121055 124.63395575372962 115.69068520000019
-4.765808830708515 -1.3111461881714495 124.9123296887327 115.75615519999974
-4.765808830708515 -1.3111461881714495 124.9123296887327 115.82203930000014
-5.123599017035012 -1.2142888757722554 125.23418293968541 115.8870852
-5.821759408007949 -0.446752355136246 125.39501948348145 115.95119090000026
-5.917230954200974 -0.32267114380371464 125.44441588424101 116.01658950000001
-5.721137136759651 -0.1521895957352727 124.97067362966558 116.08001349999995
-5.753661069020822 0.44592986025500947 125.17026239259063 116.14447550000023
-5.7951863618606225 0.5440551741907056 125.37324344294879 116.21036000000004
-6.061357511559017 0.7461293323772135 126.09664724033026 116.27500109999983
-4.657132661532437 1.6253663843265285 126.02780032203809 116.34016599999995
-4.183751238683826 1.8741521992457875 125.61144810158781 116.40563850000035
-3.767964508753394 2.2704480593472143 126.5987214705524 116.47165070000028
-3.293292573816956 2.479375790835819 126.28052965870425 116.53580750000037
-3.045875909362401 2.5648972153231124 127.03640015996301 116.60032930000034
-2.3559099942944286 2.6290161790153412 125.90181183071164 116.66527829999995
-0.4637551729298437 2.802137185104655 126.96817215807671 116.73039640000025
0.05021662684383443 2.792401494604036 126.87698102997192 116.79535889999988
1.23234138606405 2.639244637576293 127.0321682836697 116.86163769999985
1.6632028403955772 2.515601468035216 126.82966153584077 116.92706590000034
2.0473126259698944 2.2613506352636383 126.85317530209012 116.99139840000043
2.5276230154052612 2.2210626018743564 126.88148570342298 117.05750830000034
3.2459839062974325 1.8725569398559068 126.69080552146855 117.12284170000021
4.59880263099398 1.3568394143377156 125.85509969077532 117.18791340000007
4.994919561002163 1.1225317467207416 125.62662949915394 117.2525241000003
5.350014661699689 0.48694142723239847 125.71864348904377 117.31907469999987
5.655690149923096 0.3412851666142157 125.2164656568995 117.38385180000023
5.559439839905934 0.13252361187630135 125.82158115354838 117.44830840000031
5.844343814757806 -0.02996966851795646 124.98923805654272 117.51382439999998
6.006647101823226 -0.7992102874770846 124.56763079650459 117.5777994
6.006647101823226 -0.7992102874770846 124.56763079650459 117.64299099999971
5.7221507784818115 -1.483728574056752 125.04222659008818 117.70732680000037
5.512254834042665 -1.426921710859372 124.80996679283717 117.77364149999994
5.230912872760811 -1.6213468384705139 125.0310100661545 117.83979480000016
4.925983117361618 -1.7326869396971238 124.88211637548325 117.90578410000035
3.2315010043297363 -2.123400442090039 125.25406660129168 117.97202290000041
3.1757228397907937 -2.1304499383905817 124.14344033881427 118.03849759999957
2.6121251893498822 -2.1921592451545786 124.68300821816645 118.10268110000015
0.7986926002962065 -2.297809449610897 124.85779472963549 118.16813970000021
0.366538648252714 -2.4209014908120667 124.92074897707421 118.23323909999999
-1.1431946173895255 -2.256116914818862 124.6192698596518 118.29876870000044
-1.5474436338278181 -2.2421949518589526 124.62882372017285 118.3645932999998
-2.1008051033473265 -2.2296866881708297 124.885664995483 118.42920190000041
-2.2377979115534217 -2.083201748273032 124.25366965633144 118.49489629999971
-3.857530425550493 -1.8112879691505586 124.74345303908383 118.56162140000015
-4.32148562139659 -1.7296480776214715 125.15016185782859 118.62688869999965
-4.771083270467145 -1.3214936181158032 125.1711737822207 118.6920511999997
-5.415885025962602 -0.9616278525102244 125.37960914523957 118.7586424000001
-5.543006790649301 -0.714898494768881 125.2414651142743 118.82412620000014
-5.794255229982362 -0.7094902347394649 125.3857246944296 118.89014659999975
-5.833848626834666 0.07516061900979465 125.15762632923541 118.95422440000038
-5.861422921505714 0.17637876529975727 125.38835282498232 119.01973699999962
-5.719822290240479 0.5202863419922885 124.95741745293674 119.08524039999975
-6.146560704480386 0.9762706485440532 126.34237534984483 119.15001870000015
-5.88001347621249 1.1625105152059572 126.62626249162912 119.21660969999994
-5.053896565154801 1.5240259544393593 125.90648574152205 119.2818484999998
-4.221303057923549 2.0889059614395915 126.70823075785087 119.34636909999972
-3.739200161939422 2.265046403290638 125.97719050791703 119.4121312999996
-3.6824044727037304 2.3127059117426776 126.97143175758727 119.47786970000016
-2.565646201312795 2.483774965914324 125.49646427753936 119.54475809999985
-1.370645549636329 2.8686316027460403 127.16583093126701 119.61065450000024
-0.9778082285010612 2.826166274660791 126.84616549654464 119.67611020000004
0.8381160626709132 2.7005455643017036 126.68842172981695 119.7416890000004
1.2207822307791716 2.693624373987186 127.02330411041854 119.80684589999964
1.7062495890942557 2.4466681524566756 126.84262657068079 119.8725744000003
1.9716412783157935 2.4491680941188534 126.81047908252715 119.93906590000006
3.450487400380588 1.7962191073288605 126.78292985116823 120.00392069999998
3.864366533698039 1.74073346823719 126.67564105031687 120.0702997999997
4.335950997253818 1.6258541220739873 126.34462166824181 120.1350953000001
5.448821328486964 0.7644936852593683 125.32137775487962 120.20021639999959
5.300606575905 0.636177065364715 126.01960365564896 120.26431899999989
5.355237583926019 0.24084789686949548 126.1406097932625 120.33009519999996
5.85191478866188 -0.2875708768616567 125.09505657428454 120.39676109999982
5.773373080642585 -0.45709275529070337 125.43899080250023 120.46090290000029
5.917778243661736 -0.592176328298281 124.77693640930872 120.52545790000022
5.873210411590307 -1.2639997690839273 124.97904374619685 120.59097740000016
5.943117069698289 -1.358162643749837 124.57981352910979 120.65713239999968
5.78062133444044 -1.2371591071566126 124.90113413335268 120.72136599999976
4.401410990909 -1.9470379105760607 124.7783869630154 120.78742309999961
4.036065169548031 -1.8805493255576384 124.72942156008396 120.85219649999999
3.4859012174852353 -2.036623397266975 125.18214248853221 120.91724220000015
3.1285261498598302 -2.1169307894281544 124.76948815935678 120.98214559999997
1.4965855389133011 -2.291254783462272 124.30521695928721 121.04762320000009
1.115594758753815 -2.2894559017002383 124.17882707569305 121.11230439999963
-0.9151069863675119 -2.2935938190567438 125.04019374173816 121.1775048999998
-1.0179366599373196 -2.3209965243208273 124.53634212836033 121.2427361
-1.3214027228658551 -2.196381475292417 124.43333489516829 121.30934679999973
-2.0418278669737404 -2.2116836543517158 125.3243764461433 121.37529840000025
-3.374746095404795 -1.9055827687860467 124.40669134165047 121.44047930000033
-3.4924422582249974 -1.7570658936631443 123.93326728459684 121.50572579999971
-4.284104307445446 -1.7019168874956891 125.55406377755038 121.57033140000021
-5.119774686338985 -1.1856442209304998 124.98916483926291 121.63535849999971
-5.479794963642632 -0.9635849338621414 125.31293488764234 121.70116270000017
-5.507286896389601 -0.7994611092387545 125.09436160558488 121.76490379999996
-6.0417394143222225 -0.22115900347627226 125.66832947749812 121.8304664999996
-5.862121940996758 0.00972140003732802 125.39409844988123 121.89636789999986
-5.667236657765173 0.22011210335429698 124.92137137037211 121.96125699999993
-5.4306662348626205 0.770861184653815 126.5553462817973 122.02647660000002
-5.218677327267692 0.9916956444386529 126.08916419029748 122.09269589999985
-5.049778634076553 1.140995442311917 125.63691281369721 122.15729180000017
-4.245027965990985 1.9593918293404322 125.91786798952195 122.22186729999976
-3.869043497917936 2.2113905276275707 125.78240822402017 122.28656539999974
-3.9834769867701496 2.2033257175799674 126.68354167109067 122.35253680000005
-3.5595850749015767 2.406810939694762 126.47091179631259 122.41857199999959
-1.844190560547105 2.7227060281714817 126.64180467834713 122.4829751999996
-1.1055112562942355 2.855819276332334 125.94152389715246 122.54725099999996
-0.8593246520725302 2.890932506800116 126.87674303552124 122.6139890000004
0.4073343761468351 2.670360104243822 127.2014058482101 122.67734819999987
1.1425648765819574 2.720324645590961 126.44465244159234 122.74437709999984
1.4601042638046167 2.4525255360084723 126.635449454269 122.80838339999991
3.142096823288476 2.0461729856073223 126.49493740815731 122.87399280000045
3.511147306568354 1.9476058193877737 126.01523637993058 122.94006770000033
3.7165326069597953 1.6811570126201603 126.23448657254788 123.0038639000004
4.957251318476821 0.8674621828448238 125.7795806530374 123.06779840000036
5.1617478580738805 0.7680188586728757 125.9044192454808 123.13277740000012
5.417325799092211 0.6555142699328065 125.42705670453103 123.19878410000001
5.8008138956788144 -0.09248236176776736 125.35708354926255 123.26371409999956
5.653630162853844 -0.33389026094847996 125.58961350223638 123.32890510000016
5.720641470547747 -0.4938310525380014 125.24187881413424 123.39387299999999
5.707050813218011 -1.1063988089906251 125.28006251710855 123.45881850000023
5.736859417594019 -1.1861782123110174 125.08069513301695 123.52381210000021
5.739541847935698 -1.3116450016969097 125.07035692217563 123.58885780000037
5.614547214349798 -1.4200201794616722 125.05375201823111 123.65373550000004
4.242536746934491 -1.8776331518067528 125.38677394910341 123.71985109999969
4.142722796015711 -2.0195291139838036 124.21508966129728 123.78531550000025
3.623827905757345 -1.9276040615653147 124.87270002801591 123.84926259999975
2.077617394468554 -2.2566155968687593 124.57593396862677 123.91433330000018
1.6355165131166132 -2.3734195089040218 124.6982507847869 123.97857879999992
0.9186594252176974 -2.3459714854582883 125.02343411145114 124.0453023
-0.6438714938757286 -2.397910181017565 124.6271429672712 124.1106964999999
-0.8606732977229825 -2.395747467706614 124.65702305599918 124.17545309999969
-1.1710380353999668 -2.2234007382358243 124.3044102496317 124.24099930000011
-3.025120422000441 -2.0495311206144717 125.4443255034682 124.30577790000007
-3.1778779880342043 -1.9078718491772557 124.29807950715528 124.37060130000009
-3.987471880961202 -1.7814791162470147 125.92688400759941 124.43514779999987
-4.77765229258155 -1.297964226803225 124.81558958104789 124.49912680000034
-4.9878468495538115 -1.1410289130937727 124.58553747169418 124.56283179999991
-4.9878468495538115 -1.1410289130937727 124.58553747169418 124.62895949999984
-5.35379961776448 -0.9640588296263046 125.31006007631714 124.69376149999971
-5.766048079414681 -0.281108085323285 124.99101436998822 124.75895240000045
-5.78618988266016 -0.07766237040266122 125.1067611503473 124.82520380000005
-5.948900894544089 0.5831996720073427 125.83877187146297 124.88963549999971
-5.948900894544089 0.5831996720073427 125.83877187146297 124.9547536
-6.114390833048951 0.7482089597858801 126.13541133598625 125.01914229999966
-6.037647158995732 0.9376953328505908 126.09332502145857 125.08345569999983
-4.699295131909722 1.920909594352479 126.48887451745209 125.14812439999969
-3.9608475139663852 2.130687669016822 126.018155210537 125.21268020000025
-3.3278475263433336 2.4982389862657666 127.17938363917992 125.27846860000045
-2.6236051970848067 2.472504946627445 126.14952734709014 125.34351659999993
-2.4275709902497056 2.694471123338058 126.69707012662937 125.40893099999994
-1.9042002563068365 2.713236927218923 126.57714528424324 125.4747570999998
0.36826974269222745 2.782861692065883 126.47931384663977 125.54074289999971
0.5439966132533911 2.7106372986148557 127.35771218856132 125.60727640000005
1.8855138183633784 2.3559767635039464 127.1630357603026 125.67106450000028
2.6086207561162595 2.3481854645627376 125.77682260454259 125.73743130000003
2.8949014364331234 2.1938321989650627 125.71136318337764 125.80195559999993
2.770554567823247 2.0229645148299076 126.99361511304663 125.86662410000008
4.748028415807504 1.2693064344007716 125.75604272552025 125.93173339999976
4.9540823691877875 0.9939628776116864 125.79187579550019 125.99613219999992
4.955591793275623 0.7913153182231176 126.34512147007621 126.06044310000016
5.580001514288419 0.344639863292736 125.18607591372 126.12715260000004
5.68027317427466 0.05186374815892869 125.04993001889362 126.19195089999994
5.722933456327368 -0.03596961163051959 125.10937622232224 126.25668700000006
5.84573612638404 -0.17332109412227148 124.71167419445541 126.32216410000001
5.734192970726667 -1.060674771876929 125.0910010697269 126.38728329999958
5.734192970726667 -1.060674771876929 125.0910010697269 126.45304380000016
5.507568091411194 -1.4514127921526265 124.73107233756926 126.51837479999995
5.130346204305106 -1.6023293260453686 125.18886328838296 126.5838974999997
5.0378350968814445 -1.6654187698494565 124.1851585478914 126.64917810000043
4.135778853966578 -1.8693728127476463 124.72919414155054 126.71327699999983
2.7761846720325067 -2.1591150939996715 125.19024058774569 126.77733629999966
2.41833558205758 -2.2388600619276597 124.78930529880235 126.84306689999994
0.6418807872643839 -2.3585102162638143 124.90107967690602 126.9092270000001
0.2059656382946713 -2.2836570556128595 124.96943447546141 126.97434160000012
-0.11305198424613394 -2.4433451520072893 124.5642742669924 127.03783490000023
-1.7583284225136708 -2.241085344427422 124.78649856315276 127.10239280000042
-2.261960301096863 -2.21849656392892 125.08051390113795 127.16715310000018
-2.1953513689036015 -2.062571349361013 124.01365987047274 127.23266810000041
-2.8650691498958025 -1.9131991229695058 125.01193693115856 127.29776239999956
-4.393908902310898 -1.6554922893705166 125.25185585172419 127.36326970000027
-4.379885413955222 -1.528764701499159 124.44082548287447 127.42920979999963
-5.172828908899135 -1.2067885177144202 125.33220059432773 127.49493520000033
-5.856514603333835 -0.7154269529317601 125.68409080978662 127.55986250000024
-5.650822478930088 -0.6661564746852855 124.9533698535816 127.62538599999971
-5.72202539351224 -0.4200520217213204 125.10314263624322 127.68998949999968
-5.962152371346079 0.27691566187592886 125.88129424222156 127.75574049999977
-5.734931836153336 0.42670269157170876 125.38135603077514 127.82039540000005
-5.633685728814314 0.6106190387674255 125.56507015407192 127.88493300000027
-5.247078170178064 1.345200992424454 125.79787243298293 127.95155539999996
-5.509541804787851 1.3828146222111406 126.78183501857471 128.01674860000003
-4.6129886542556235 1.6757449615375313 125.56253290412317 128.08132959999966
-3.433147301482528 2.374897243487487 126.00133380332946 128.14794319999965
-3.2393071327316605 2.3007196005169623 126.25248292696544 128.21117979999963
-2.4316261044979655 2.646332135988704 125.48177984699632 128.27611330000036
-2.3566975218828645 2.7172208900124764 126.47531175804575 128.34169519999978
-1.086265945566602 2.5997581731437815 126.65256274873721 128.40696099999968
-0.12787786011944036 2.810024247815271 125.39886959660615 128.47190109999974
1.5425041783935853 2.689646887659521 126.43330859894999 128.537378
2.0803558085962806 2.3042537308397693 126.86122340847328 128.6025798999999
2.3837932133741404 2.49543607464153 126.41122330150273 128.66726910000034
2.659767397543092 2.0422072416577137 125.4628646951945 128.73316140000043
3.9741059133540233 1.6220257461689582 126.14001127716817 128.798675
4.359923295820735 1.698572328759636 126.44998158341193 128.86415680000027
4.525103303480378 1.2710644241571318 126.09262357727182 128.92959799999971
5.497521777212384 0.47210479490418544 125.65919722188798 128.99501529999998
5.427280442868884 0.3230591475316907 125.94300511152024 129.05826109999998
5.758267291844994 0.19888047475018666 125.16735707088397 129.12564010000006
5.696551430493564 -0.6038607775433056 125.31914764586982 129.18973379999989
5.651561755953033 -0.6903495929842183 125.70314756729431 129.25431670000035
5.653256144743196 -0.8973549834558838 125.51602823308225 129.32049370000004
5.933885560941931 -1.375934890254611 124.16850297399381 129.3848097
5.552636658500084 -1.449299534582548 124.72080308887493 129.4513151000001
5.094740615233611 -1.6993376542381933 125.59253040842813 129.51584439999988
3.851252063721155 -1.8774737178342855 124.2884425795391 129.58123479999995
3.29531517488671 -2.117419249344378 124.93758200165648 129.64712620000046
2.8613769497724775 -2.2245213290005807 125.08803145213598 129.71219110000038
2.4811434885098294 -2.2240359953838804 125.10703479428084 129.77746990000014
0.5812881852882725 -2.3292437728173923 125.42935900872756 129.84246509999957
0.2587545462451857 -2.404472213158223 124.83302413726297 129.90748950000034
-0.10543703896531298 -2.3984978473551646 124.62700979620654 129.9735308999998
-1.5912680019070677 -2.240110776757214 124.78283190640441 130.03831319999972
-2.1847182085251333 -2.286904704691712 125.10323865291569 130.10265170000002
-2.29799849136171 -2.159444216785768 124.26195350664025 130.16757599999983
-3.8586544286633497 -1.6866351693894064 124.74536328908344 130.23282839999956
-4.142679259885739 -1.6351989986628062 124.79685649641762 130.29825439999968
-4.511502833906235 -1.5618368306055088 124.90008585904228 130.36250480000035
-5.23903238803689 -0.8910602567968551 124.59038748027528 130.4275991000004
-5.880391577798747 -0.7704023694982469 126.06884982760255 130.49328520000017
-5.803333930081635 -0.6320551272379282 125.41326999428051 130.55732309999985
-5.811620597576514 0.08555493394383074 125.16177976888204 130.6220486000002
-5.743511988474374 0.18288688035835998 125.21291810241134 130.68659409999964
-5.640276299559837 0.41008544604568997 124.90989338186432 130.7533083999997
-5.674087370734966 0.6077007059078696 124.86891299665852 130.81863200000043
-5.335657207265484 1.2571294832827176 125.34401558213098 130.8842463000001
-5.172314380200142 1.5440286853384924 126.52509187748973 130.94973169999957
-4.72310895168107 1.6461004913740518 126.8543401733545 131.01435500000025
-4.022361698664639 2.196348724609417 126.87237591514553 131.07989780000025
-2.980045912032928 2.5634117291288803 125.59051118799006 131.14498770000046
-3.3261326255950294 2.6256005079592204 127.17271949201822 131.21022809999977
-0.5916975547646572 2.6588646424342928 124.67921450108247 131.27527829999963
-0.582729772706557 3.0889732576897226 126.16778189608061 131.3418429000003
-0.4257163245123863 2.6652045215908595 126.88089397395031 131.40589629999977
1.5654019586895274 2.6403992911039618 126.39810143204042 131.47123629999987
1.4988706113895205 2.584429541095991 127.04200716215755 131.5366058999998
1.9351974017658833 2.1488815301668867 126.48952442674857 131.60086620000038
3.865810944491166 1.947129771106279 125.40384334113641 131.66586459999962
4.338283384930911 1.6995132672486717 125.19716727183142 131.73110420000012
4.4844006111834815 1.3543540381312869 126.15263559206433 131.79565470000034
5.160802482363735 0.7822760654440727 125.44907687356222 131.86157280000043
5.309382655231559 0.553099041094383 125.62638859404365 131.92716050000035
5.428985853676458 0.337388174778663 125.28271579665784 131.99222929999996
5.802053605597855 -0.21861386645021774 125.35197300939515 132.0574557
5.686605921660657 -0.5394273302055581 125.38581349889091 132.12315080000008
5.816525063046527 -0.682706721469011 124.98577322391948 132.1879740000004
5.857287441647593 -1.2811811550279777 124.65599007022612 132.25271900000007
5.8115594717103605 -1.373318919658118 125.0345646129268 132.31796310000027
5.627207683277746 -1.4494055820252796 124.57643958975675 132.38145110000005
5.180225631275832 -1.5987518700132357 125.16448904102457 132.44611410000016
4.000458183580022 -1.9763815149428146 124.1076668705493 132.51128890000018
3.6177771276672246 -2.0193132289168236 124.31749578037186 132.57576229999995
3.1666696021087475 -2.2063511461680965 124.5521632410132 132.6410318999997
1.3157159793947386 -2.3608171153727464 125.03052869033863 132.70725610000045
0.9449168716272425 -2.358808104555851 124.86284226894864 132.77220769999985
0.41177382882476365 -2.3450144178295385 125.0492606101269 132.83724729999994
-1.0320755927509637 -2.3781714419036244 124.65474493959971 132.90179739999985
-1.506772661921417 -2.224941922272002 124.76410486122542 132.9676970999999
-2.0295485284692916 -2.27572505389347 125.20567733379312 133.03345210000043
-3.3132202709061787 -1.8640650829263672 124.14563215174098 133.09733320000032
-3.8890534357123983 -1.7825120242828105 125.23774366089127 133.16344050000043
-4.005523346586145 -1.6852488152538099 124.67170500836322 133.2287634000004
-5.119774686338985 -1.1856442209304998 124.98916483926291 133.29340159999992
-5.3405652332085864 -0.9094583366129838 124.9600098251031 133.35796850000042
-5.3405652332085864 -0.9094583366129838 124.9600098251031 133.4237519999997
-5.7207400036198734 -0.8057737255879152 125.5805660934533 133.4892694
-5.915583635485028 0.053511991781487356 125.43497317032588 133.5547677000004
-5.894061753030591 0.14252336774837626 125.66679008704453 133.6207500999999
-5.840615056143186 0.34439652977960455 125.82561750127422 133.68664759999956
-5.811991723898373 0.767203564267777 125.87051921879278 133.75189489999957
-5.6999967349161835 1.03673816394821 125.63835377042042 133.81827220000014
-5.672252219609732 1.1548358832108812 125.89449603725924 133.8831836999998
-4.124827212258644 2.220331294142016 126.53388205999616 133.9495221999996
-3.9148749095516635 2.198785866526028 126.73680537243304 134.01541439999983
-2.425710938965281 2.6342794752920957 127.0101002951552 134.07958249999956
-2.0621597028733945 2.715001200225969 126.86435605407578 134.1451407000004
-1.834003663616322 2.7566108851190743 127.00283319920241 134.21238979999998
-1.5145193948565208 2.783483537592005 126.40584474435529 134.27644469999996
0.8586139180015593 2.801012302272161 126.03316039870307 134.3417019999997
1.1014240809359563 2.659604543071226 127.23330107705227 134.40576820000024
1.8678563020639345 2.5067719406962814 126.28746394486647 134.47113329999956
2.9189677044758824 2.3531939836944424 126.85610666670729 134.53602919999958
3.1194090585109606 1.9828292690923672 125.64789661621518 134.60057340000003
3.3812031681197965 1.7465758544076058 126.35653514649026 134.66675680000026
5.084954455238737 0.8670510720150215 125.77195941550912 134.73139830000036
5.322218451425208 0.7647185261959912 125.32613374612356 134.79633850000027
5.3796013029144945 0.7431988321000295 125.59811959452577 134.8612210000001
5.605904636109912 0.0262999874841352 125.34919597791632 134.92734949999976
5.638253930341861 -0.15949844968539206 125.59880978304919 134.99419730000045
5.77535031369969 -0.2466940722808253 124.99789882129643 135.0593687999999
5.730930715701362 -1.1218231455679888 125.203714942063 135.13960849999967
5.730930715701362 -1.1218231455679888 125.203714942063 135.20369430000028
5.733052842245755 -1.2473401549978478 125.19588582891389 135.26970319999964
5.17597978808471 -1.714548447860798 124.47233383616808 135.33360259999972
4.7260588217092945 -1.7454637850010628 125.05062985669556 135.39979089999997
4.371244338352383 -1.8121946286425015 124.87419849438437 135.4651574999998
2.7875196421509187 -2.1898517806778206 124.48956920155425 135.53099219999967
2.227643875085093 -2.2236725699376643 125.11962239196028 135.59650520000014
1.965179773633274 -2.362099797119744 124.78142435632077 135.66273249999995
-0.0188619812186559 -2.3357034186572636 125.21621519694793 135.7280641999996
-0.42018020588217553 -2.417404404140278 124.90605778756924 135.7929377999999
-0.8297080200053557 -2.278880331453559 125.10169833639914 135.85792419999962
-2.2756740857741065 -2.19223234144573 124.58523481238866 135.92301000000043
-2.582628306089731 -2.006845105540449 124.786830555009 135.98760870000024
-3.1147784626180908 -1.9768839852149624 124.93677943428045 136.05432500000006
-4.294244264592962 -1.565146017823285 124.87504496136663 136.1186604000004
-4.45192569932032 -1.376011598351747 124.45941369720965 136.18366590000005
-4.973655267811644 -1.3412915285731626 125.29931952753007 136.24964189999992
-5.593377163834823 -0.6687875004101489 124.89731951333532 136.31477770000038
-5.581054193574737 -0.5281920934252307 124.75969666264909 136.37815909999972
-5.892371557934894 -0.38307072138236453 125.21946547102151 136.44389890000002
-5.87091814186104 0.3081162662186889 125.41544022461589 136.50929540000016
-5.87534913810677 0.4945618843241763 125.55835701353766 136.5743408999997
-5.957767376291265 0.6605582523064907 125.66365972281227 136.64005220000035
-6.1751466743608106 0.7577160159300091 126.13009989983837 136.7048351000003
-4.93203031297265 1.4834019446518782 126.21777209072616 136.77054580000004
-4.379274982262238 1.7146658377581165 125.81113644455993 136.83558790000006
-4.274912063546523 1.923285382736055 126.41891658273757 136.90038209999966
-2.8714070210620832 2.5513290103272612 126.2958456346202 136.96551400000044
-2.45238331621907 2.582892309612898 126.57211442886002 137.03103009999995
-1.8975935296309956 2.691217305374271 125.84304346018912 137.09682609999982
-0.8310948433743306 2.78623101936551 127.42452689874911 137.16111470000033
-0.41618636817064925 2.8284987471458183 126.8860784124429 137.22559830000046
-0.027842731098942863 2.8001357271910075 127.08240957441397 137.2898627000004
1.7575323558923799 2.266053593705511 127.1273044423612 137.35468339999989
2.4000006199264234 2.412851672538455 126.3737297395773 137.41940710000017
2.729846178145955 2.1148038851402804 126.86368879296641 137.48474780000015
4.4197821041824525 1.6108984544064155 125.63113778396989 137.55014910000045
4.843274747133123 1.3988596907137114 125.9947145883288 137.61463240000012
4.8771211626837285 1.4337581186893815 126.4968934405544 137.68015089999972
5.450621289853736 0.5494556168123249 126.31325153905226 137.74473279999984
5.749830751811693 0.22036146061158846 124.7457296133907 137.81002090000038
5.759916549551079 0.0927076811491041 125.61518302427923 137.87589480000042
5.761184619905173 -0.07521636824445821 125.17271735286667 137.94032380000044
5.72891254559697 -0.8095579618044959 125.1115000010113 138.00522499999988
5.8507770756304325 -0.9066596682971284 124.67913929608389 138.07073070000024
5.77632015569089 -0.9949714194691213 125.19506620833992 138.13573319999978
5.38656877871361 -1.6057255819852827 125.00490146040127 138.20020769999974
5.177606635284512 -1.6986335160083916 124.72643757849383 138.26586469999984
4.988781783240903 -1.7900746183832887 124.216836286979 138.33191420000003
3.1056203651444036 -2.03613197027826 125.20010825741595 138.39801389999957
2.864590016008428 -2.192829535310971 124.67029202319927 138.46370509999997
2.41833558205758 -2.2388600619276597 124.78930529880235 138.5305784000002
0.721355726689481 -2.3115196536839595 124.76667241663321 138.59440170000016
0.27387404618989564 -2.356308425380356 124.72740113233803 138.6598659000001
-0.432372850674426 -2.328134813839666 125.4663784200355 138.72472610000023
-1.8963580114795704 -2.261061657225148 125.31043454834806 138.7902078999996
-2.0751157316197677 -2.193898278419448 124.46254999419557 138.8560094000004
-2.211004227074511 -1.9873385982492358 123.82663049438865 138.9212878999997
-4.076264136267952 -1.7229733594603496 125.08898208580064 138.98602140000003
-4.439879783951554 -1.5825432755818838 125.24965008554797 139.05097959999966
-4.720856971037598 -1.4674840645335938 125.29238906928633 139.11669970000003
-5.6099587553425465 -0.852772813374651 125.62801609877383 139.18060210000021
-5.7366509600633435 -0.7016720410789141 125.39977559797832 139.24678980000044
-5.548815054308605 -0.5137603316638983 124.65365117898811 139.31153129999984
-5.7629331935886725 -0.30534678990507325 125.20684375438692 139.3778914000004
-5.818582914569795 0.3056740742733392 125.3766112854362 139.44281729999966
-5.893175006754468 0.39389678595945676 125.66111978154157 139.5067514000002
-5.6937834313109335 0.568817002042092 125.07659259877197 139.5738191999999
-5.139379030448083 1.343669738724837 125.27222613761471 139.63896790000035
-4.7410195827862935 1.6759508922858717 125.57050918975537 139.70503019999978
-4.733992882658171 1.6592050418046669 126.47156448261285 139.7701331999997
-3.673295828794629 2.3896655482125926 126.7282743994981 139.83563080000022
-3.3495426271620374 2.4934782158767876 127.04592878116114 139.90119979999963
-2.893337015990042 2.5846532257817447 126.87673049678094 139.9664326000002
-1.151906029669945 2.8809818711491717 126.743688308953 140.03269639999962
-0.81855311054764 2.664726167996537 126.67978563773863 140.09731509999983
-0.5064117760142821 2.885040419111471 126.94175344132633 140.1610566999998
1.8697885592384864 2.7179398724325807 126.11048187897536 140.22666469999967
1.965271358218061 2.516482439099124 126.56227448729346 140.2918050999997
2.273876656341592 2.3626430412802186 126.96469698395552 140.35581559999991
2.694598839077713 2.2569631188503303 126.19997514247689 140.42168820000006
3.9930044519704637 1.7464249686259672 126.69074799510454 140.48754499999995
4.230251069569867 1.3645464703796946 126.45980551977675 140.55264410000018
5.128229179243618 0.7408305150704447 126.08851926857997 140.61789690000023
5.302999308629275 0.509412098668157 126.01003387947485 140.68295380000018
5.46462032571376 0.3667135740843677 125.89593988935141 140.74814919999972
5.559439839905934 0.13252361187630135 125.82158115354838 140.81292800000028
5.648629004542244 -0.5831554609203966 125.43619577719292 140.87876049999977
5.699156178739081 -0.7295450495038212 125.3094245054826 140.94460900000013
5.848037137461716 -0.8583317474907155 124.63132676312097 141.00912549999975
5.763400629781323 -1.3440830098434917 124.72269668673843 141.07474470000034
5.705058929510763 -1.3746170089009886 124.08848785925262 141.13926979999997
5.183983220061094 -1.6226803408242771 125.0458683556937 141.2047518999998
3.6927425416581627 -1.971707689079759 124.92653030094682 141.26959439999973
3.361151260063423 -2.1164672700171328 124.6870932087604 141.3337690999997
2.815656284635267 -2.1760283365840314 124.77739204164834 141.3996102000001
1.4629817283712612 -2.4231035188426073 124.05375358494184 141.46534210000027
0.5812881852882725 -2.3292437728173923 125.42935900872756 141.53082660000018
0.3075786211685667 -2.3567027002713856 124.91064977029075 141.5946388000002
-1.1779624657647148 -2.3227799232131088 124.52246044966886 141.66120010000031
-1.7315395385328145 -2.2734479523034676 125.10396400546661 141.72778839999955
-2.1770942484973403 -2.2291674869715408 125.00757270712104 141.79191460000038
-2.249394337953653 -2.168570083457115 124.1810060776421 141.85730150000018
-3.896973321149652 -1.675345092678349 124.79188976983795 141.92301659999976
-4.42777280100313 -1.6351291133111703 125.47109090915679 141.98954830000002
-4.665603649038587 -1.4849226465886778 125.25417682234496 142.05484689999957
-5.479794963642632 -0.9635849338621414 125.31293488764234 142.11982400000034
-5.458539706777991 -0.819700321744667 124.94963380809122 142.18506869999965
-5.458539706777991 -0.819700321744667 124.94963380809122 142.24974480000037
-5.7184613510509195 0.0976726577477337 124.95965484685681 142.3150028
-6.104243889191899 0.31644956451570316 126.11257969676379 142.3800124999998
-5.588119515716386 0.4691206277869794 124.76864364336811 142.44479179999962
-5.909201136206903 1.0145376910301862 125.88274465167062 142.51005729999997
-5.909201136206903 1.0145376910301862 125.88274465167062 142.57625139999982
-5.562180543693444 1.2667520737802556 126.1754670706283 142.64044840000042
-3.7324580292183356 2.0491047595113407 126.24369910930994 142.70493290000013
-3.481066579919201 2.317273026867504 125.95394891395692 142.77024259999962
-2.540548814578493 2.715047705460642 126.35878127352623 142.83571969999957
-2.255559792471999 2.5527300340922836 126.97729146693962 142.90032390000033
-1.4944393595080214 2.7506826176400354 125.90783459010649 142.96628200000032
-1.532519275114744 2.8455024677189216 127.11583026825346 143.03144040000006
1.031317156867459 2.659104003321393 126.38507754463377 143.0959942999998
1.2324604658827667 2.661671804961192 127.22651070369584 143.1616297999999
2.3921185792925925 2.165933483383185 126.20632433509793 143.22686280000016
2.883749089265777 1.9381325008666122 126.38793780604865 143.29101879999962
3.546563605817269 2.0855514699381494 124.98147842970857 143.35678290000033
3.625363112883157 1.7072885035371907 125.3849809788884 143.42217379999965
4.02237465939605 1.57990706088827 125.83009299011694 143.48653720000038
5.238001651552537 0.7253002915719282 125.69091969285675 143.5516193000003
5.450761123148425 0.4484930804212437 125.22056306610105 143.6181247000004
5.566831450636563 -0.09734874443779029 125.63081095416202 143.6832733000001
5.674215872762026 -0.09261707630908089 125.3610369001537 143.74875909999992
5.611530077221801 -0.23942807736625138 125.61498010808658 143.81270109999969
5.618541998787322 -0.6029141912138887 125.3019985885848 143.87849759999972
5.655328868088979 -1.1473473078841956 125.3339780918864 143.94441310000002
5.655328868088979 -1.1473473078841956 125.3339780918864 144.0094468999996
4.9348759506619615 -1.745973742277061 124.87023802288927 144.07489110000006
4.732025996285394 -1.7768524151254619 124.33188000364697 144.14017179999973
4.2364604459020185 -1.898517696214654 124.9867096366736 144.2057230999999
3.7420478097902503 -1.9739310467047484 125.06758187245757 144.27087800000027
2.219574529295201 -2.2508491608939027 124.68187669883179 144.33488750000015
1.8675730748132935 -2.2522694796191995 124.42658337028827 144.4024185999997
1.160542049279833 -2.2648766979438535 125.37765491912856 144.46964970000045
-0.6427221608065352 -2.340926585038305 125.24957890797833 144.53385020000042
-0.7652882676189918 -2.242005502866419 124.66233055669714 144.5990926000004
-2.2800154766176206 -2.139077203475064 124.45325988543499 144.66571610000028
-2.8776125555568512 -2.0192906432146125 125.17284619202978 144.72877789999984
-3.418336102759099 -2.00609065964535 125.3749856936216 144.7938952000004
-3.3473704552030767 -1.8561267864521462 124.04985086905863 144.8599164999996
-4.653886962580344 -1.3421712572169473 124.96344001701485 144.92444689999957
-5.034475482958676 -1.2176381013054502 125.22132834527025 144.9887288
-5.146118571979308 -1.109133518950937 125.0701976780872 145.05424250000033
-5.734824802303422 -0.41240723369158516 124.94481362015028 145.12022549999983
-5.917230954200974 -0.32267114380371464 125.44441588424101 145.18521810000038
-5.721137136759651 -0.1521895957352727 124.97067362966558 145.25025189999997
-6.178006477970754 0.5053561904446866 126.14148111386528 145.3143540000001
-5.867960033605485 0.6843129097381382 125.40211475201372 145.37973479999982
-5.69962708478112 0.8960656167453267 125.09155259398871 145.44526789999964
-5.987270308279406 1.0131046564431183 125.85954303957558 145.51046620000034
-4.282177580605229 1.7186302793191468 125.84125050064284 145.57612100000006
-4.1980441135971915 1.9983181453340249 126.03615539170673 145.64210850000018
-3.233468154294094 2.4090650707345125 127.06987001165434 145.70877759999985
-2.645566152712142 2.5965884091874805 126.6851413261032 145.7729657
-2.4150837708254755 2.680812323099757 127.17735077196043 145.83786500000042
-1.999208551911984 2.6758701151109205 127.12655453415047 145.90240730000005
-0.1751909294570808 2.8082973148620805 126.796502546962 145.9672088999996
0.39460863219849074 2.757059380419067 126.88662945624954 146.03259140000046
0.6284453653985409 2.6761457347300732 127.0218055651679 146.09864949999974
2.4743648880472193 2.225315193403401 126.76652610856313 146.16341159999956
2.8055518950303693 2.0553383441054587 126.20634514855352 146.22758059999978
2.982108093142557 1.8278855497268274 126.60386516691393 146.2915211999998
4.425338712332163 1.2963966026859661 126.25972797804904 146.35744280000017
4.846568672812992 1.2317354957287974 125.74599189682057 146.42325110000002
5.2355084908182405 0.9309299189941902 125.15105609932048 146.4896461999997
5.75810591036926 0.175990579207714 125.06552357263759 146.55546099999992
5.8033137106211115 -0.03236524160694354 124.98020256830748 146.6202583000004
5.925449185884929 -0.0746645068455486 124.89117819302831 146.68498830000044
5.929934393709367 -0.7651185068133166 124.78162608972127 146.74999639999987
5.934463850615899 -0.9513225472165769 124.86130224610113 146.81499449999956
5.765854675817444 -1.1049196602957494 125.3217501924701 146.88037919999988
5.936054304070041 -1.218824815967189 124.87884117265745 146.94550160000017
5.127132477371809 -1.698541649973245 124.5853373635211 147.01203970000006
4.626994385019444 -1.7280236271577505 125.19804221879538 147.07828530000006
4.563879299070557 -1.7640979870403157 124.76716144974522 147.14146359999995
2.5466438232605455 -2.1975561342183125 125.27298772039175 147.20546900000045
2.537590502942386 -2.218833250168347 124.17352793321805 147.27084660000037
1.89801993857467 -2.3463586941955885 125.11137519353873 147.33601230000022
-0.007997217232365017 -2.339675891956526 124.97682022720872 147.4015032999996
-0.4982379232732299 -2.4798050186417213 124.96275139625206 147.46747770000002
-0.8900892453083031 -2.385974528403981 124.83071553719053 147.53341100000034
-2.1519821415367986 -2.1608310596635505 124.33988707852082 147.59760110000025
-2.550824500356626 -2.0166318455932313 124.61226420766536 147.66353020000042
-3.0165693192174032 -1.9277818649695684 124.76625209483497 147.7286468000002
-4.468011245917268 -1.5936616846170315 125.28519932112859 147.79491159999998
-4.492071513087581 -1.3146353877399002 124.36622694276845 147.85938439999973
-5.133719542396072 -1.3093857539111444 125.7952655973931 147.9243323999999
-5.590388454054207 -0.65877529710978 124.95858643342487 147.98880869999994
-5.64972612717002 -0.46419020310473225 124.94874636693534 148.0546731000004
-6.017445701876873 -0.288770735640687 125.86646698102552 148.1189672999999
-5.840615056143186 0.34439652977960455 125.82561750127422 148.18439510000007
-5.684567553787666 0.5132441973038385 125.82972248647096 148.24897249999958
-5.209064456244981 0.7205061257703909 124.919650346599 148.3134157000004
-5.568848892101961 0.7865359812475334 126.52447657118185 148.37981039999977
-5.240798446848153 1.4956326791657513 126.20210802882004 148.44639709999956
-4.643405875310286 1.725165806161656 126.0202700438941 148.51125649999994
-4.186720599376379 1.9441196584947098 126.20613945560663 148.57690170000023
-2.5927340844776268 2.4999960833980244 125.99851238800785 148.64251520000016
-2.683290940478699 2.6292013495743243 126.94141722822746 148.70805839999957
-2.226432207389422 2.606233677319482 126.16338766317278 148.7736943
-0.3199490068734505 2.7799310630450913 127.09975549764404 148.8394588000001
0.10067134443816173 2.838443696714797 126.69679760508099 148.90345679999973
0.13982439759460163 2.912196585442413 127.16074771556788 148.96933629999967
2.571128370790369 2.3878677074992427 125.21067527951237 149.03505229999973
2.7694207492953353 2.5330620952329044 125.4852328193032 149.09999960000005
2.7375418348848726 2.007468416124283 125.35933235049612 149.16515189999973
4.203607425514093 1.4866764458632726 125.71288095280386 149.23012600000038
4.594043022447067 1.461963252237284 126.0719210244964 149.29562569999962
4.69246622208999 1.2526530762803592 125.95581914229456 149.3609067999996
5.80266217883419 0.32133811552379105 125.0339350742162 149.4263460000002
5.60430557165288 0.17375982433481374 125.81007420015223 149.49121279999963
5.76579736097333 0.022843675798493557 125.36950115199106 149.55702329999986
5.8008138956788144 -0.09248236176776736 125.35708354926255 149.62166530000013
5.807576786924358 -0.722930776744098 125.32953152879897 149.68672669999978
5.801261384053483 -0.8673541712939135 125.38275541370686 149.75187430000005
5.755162718621946 -1.4022695485631553 124.98707232929907 149.81788680000045
5.254324226006162 -1.4764201559563612 125.194205050634 149.8835984999996
5.0063750004078145 -1.7281436896948525 125.18374581857 149.94812060000004
4.876033660926382 -1.761727636660801 124.51586586069273 150.01281980000022
3.25539533389324 -2.117258966378222 124.7610629991822 150.07816269999967
2.70037618282894 -2.1798325049233767 124.90360906314575 150.14418039999964
2.329628341866929 -2.2388273175878175 124.9752306095132 150.21066080000037
0.6899506799171604 -2.357970811633693 124.88224314247054 150.27624300000025
0.1192855817311056 -2.3427776223020977 125.21024632628344 150.34170209999957
-0.28245776516205723 -2.3593200694692134 124.92998362727141 150.40768079999998
-2.0545452013043928 -2.2453099950471715 125.63549125759802 150.4731813999997
-2.3032393581678576 -2.2287952755812435 125.01210044352878 150.5384783999998
-3.5141935200479324 -1.9739983716698886 125.16456610343668 150.6041498000004
-3.9533380071268525 -1.5895103491012983 124.82890866963109 150.6697734999998
-4.3607200258812355 -1.6847033532600375 124.75902363579928 150.73384259999966
-4.720856971037598 -1.4674840645335938 125.29238906928633 150.79941620000045
-5.5127163015021665 -0.8258355451464099 125.3412235031103 150.86406609999995
-5.7366509600633435 -0.7016720410789141 125.39977559797832 150.92889060000016
-5.7366509600633435 -0.7016720410789141 125.39977559797832 150.99446689999968
-5.448702992900415 -0.4261194374142512 124.65612390915757 151.0597472999998
-6.064058753265947 0.24132111432273862 126.11047899343605 151.12529710000035
-5.7416396891195305 0.4332908628492495 125.20430847157304 151.19188930000018
-5.725263594404865 1.1239762788790004 125.72963213955023 151.2573223999998
-5.725263594404865 1.1239762788790004 125.72963213955023 151.3213611000001
-5.134477125783626 1.4688062180608736 125.25581746307276 151.3870267000002
-4.912084451256824 1.5804413285851957 125.27255320906713 151.45216020000043
-3.253547501751399 2.361006841958384 125.6392581325767 151.51798710000003
-3.2055283284259772 2.4455743865785573 126.80232962061599 151.5841922999998
-1.978798507797542 2.7176000983633495 126.92389109245053 151.64865850000024
-1.6216463809581754 2.699682081547632 126.78050604198582 151.71341839999968
-1.0087466557291407 2.84485466096546 126.55509612905139 151.7796328000004
-0.8257748781633083 2.842029270337787 126.42821197269072 151.845464
1.318658255550865 2.5415889648285344 127.07813155038944 151.9104312999998
1.4980739860326082 2.392400000668392 127.14149686933531 151.97581730000002
2.926423750342103 2.273171705657039 126.87060805729276 152.0408250999999
3.261202882123456 1.499692140728289 125.73328676978204 152.10669320000034
4.125156243878038 1.9846898397095842 125.13022553712352 152.17214200000035
4.034701639910374 1.8128688003023652 126.48723626298819 152.23801579999963
5.220808818559696 0.643553887435282 125.84362070888517 152.3029749999996
5.494513408653901 0.6385834391861731 126.31664069708492 152.36840240000038
5.655690149923096 0.3412851666142157 125.2164656568995 152.43288800000028
5.844556475898038 -0.2599366336664426 125.26896377706711 152.49865880000016
5.771770557547114 -0.4509185589631597 125.01371296211755 152.56347220000043
5.7767195687233155 -0.6060477815254555 125.14871836081534 152.6303214999998
5.760608846307022 -0.7273118645458119 125.34229673671818 152.6953241000001
5.616244341099829 -1.4675767645620494 125.23633913679036 152.75995719999992
5.616244341099829 -1.4675767645620494 125.23633913679036 152.82573169999978
4.478103191631526 -1.9001699059121901 125.19119956382882 152.89173500000015
4.185600995206897 -2.0246680702144415 124.36223595987433 152.95630689999962
3.61537848195033 -1.9738796593074137 125.07362759340543 153.02133890000005
3.29531517488671 -2.117419249344378 124.93758200165648 153.08663460000025
1.5183563123711536 -2.26966858611058 125.18088133582397 153.15107809999972
1.2261481958071982 -2.313037638022146 124.74310791703769 153.2168359999996
-0.7443025117341975 -2.3062259025231606 124.96006789826508 153.2823013999996
-0.9872138492680236 -2.3572840450852723 125.07167153382831 153.34691079999993
-1.2939744776693587 -2.231662452071921 124.97492770365608 153.41234970000005
-2.9974070748111004 -2.003996071051055 125.36020921795368 153.47766760000013
-3.4410504521688523 -2.064306602353973 125.51480730499665 153.54280480000034
-3.659343556358671 -1.8770073152755309 124.91659588175486 153.6082753999999
-4.721620063091834 -1.3422221742431342 125.29318633397887 153.6728624999996
-5.072212339058666 -1.2047095493747002 125.2673333727742 153.73771719999968
-5.077714895693212 -1.0029301488225777 124.66788148454927 153.80218679999962
-5.973958281971321 -0.41061742780903043 125.85748746409261 153.86849970000003
-5.742354002715871 -0.2329944678098692 125.11612824285007 153.93391820000033
-6.108257653977873 -0.06207206848074953 126.1289024322908 153.9993416999996
-5.66829246940781 0.09519650520095224 124.92600874649612 154.06438290000006
-5.967811420203866 0.7693642847864741 125.82301493002768 154.1291799999999
-5.689483599679832 0.9380099067851397 125.15847447499073 154.1946965999996
-6.036474727495737 1.0431607111296048 126.3202112416296 154.2594769999996
-4.752978187970733 1.7991847457207597 126.39029264766596 154.32471850000002
-3.8732731262195372 2.172511062151889 125.26658890102644 154.3892563999998
-4.008790183133314 2.2086031711643317 127.54739108532584 154.45528449999983
-1.9594480522146895 2.736844123702956 125.5056866141411 154.51897250000002
-2.108387023596393 2.7375695469748242 127.13270233254461 154.583619
-1.7457368326931046 2.6595103868575163 127.05314105311929 154.64849820000018
0.21809917552911173 2.960208210586823 126.60120978567404 154.7137733999998
0.7299008721280345 2.6628680107972524 126.01609710617862 154.77824489999966
1.1514591460130248 2.5933252257063426 125.87555943646252 154.8424083
2.5983385634518896 2.1259068539023946 126.73677570515294 154.90821669999968
3.1916772119656898 2.1591057089949435 125.71752994334184 154.9730499999996
3.1644363806267464 2.0162124800836922 126.46491346935059 155.03742870000042
3.4422958402008064 1.7392173667911537 126.73834007424576 155.10320969999975
4.924702816451251 1.2260190833289506 126.22829169941349 155.1844387000001
5.2116984506085515 0.8864057342444979 125.74518421729344 155.25065470000027
5.689183852700751 0.177495458048347 125.44605155379219 155.31609240000034
5.709352429716397 -0.0036619000221800313 125.77016661807488 155.38387460000013
5.798201023988511 -0.18439435284493944 125.16081487121919 155.4497769999998
5.788799650723504 -0.7363208136619552 126.06705346269356 155.51362359999985
6.162077219245056 -0.9571362191850477 123.89628850493403 155.57834189999994
5.812266253733725 -1.1009190929230512 125.31080691304291 155.64421409999977
5.7246772084811965 -1.3221163400050626 125.58370542405441 155.70955270000013
5.054872392858314 -1.773974119613317 124.38417614861733 155.773956
4.6744867469281814 -1.8224874966569273 124.74476639885094 155.83856170000035
4.3182664421492944 -1.9817187009082815 124.64894589970005 155.9032543000003
2.5839674209123444 -2.2395877065194196 124.95816083924204 155.9699756
2.2439549484071932 -2.2550115994123505 124.57464428031237 156.03414499999963
1.5968814102266933 -2.3480824905591193 125.14071282584399 156.0984857000003
-0.1404395778545009 -2.35964814509769 125.1143802576255 156.16465890000018
-0.6427221608065352 -2.340926585038305 125.24957890797833 156.2281750000002
-0.8452421515346273 -2.396397016311613 124.75612649966195 156.29539980000027
-2.3474545123213844 -2.190769024231558 124.69247552266349 156.35992749999969
-2.7653571558240557 -2.049121419670077 125.04185290279388 156.42528130000028
-3.295458323241 -2.0202022022072033 125.18041120915504 156.4907933000004
-4.44304681035775 -1.4922065904200967 124.74234345312712 156.5553576000002
-4.541438446350355 -1.3315324862143272 124.75586857251297 156.6203314000004
-5.138683103067336 -1.2464419334821755 125.53235608916752 156.68647799999962
-5.861977004975124 -0.600584823087613 125.62870326309262 156.75211370000034
-5.76439748630942 -0.4305872047469288 125.21271892474842 156.81710589999966
-5.575527530588218 -0.2534349372061486 124.65973860363206 156.8840540000001
-6.016751394708727 -0.16288887589068546 125.86293304557883 156.94835839999996
-5.937056922200185 0.4680610843639642 125.8742585607012 157.01257150000038
-5.516711735872811 0.7965390319434585 124.83882310010715 157.0782025999997
-6.046647486645028 0.8835295665175774 126.12101510366597 157.14329290000023
-4.908536875523147 1.66293102458094 126.62182472319932 157.2083564000004
-4.2298360561248955 1.7789964567826773 125.66072629753711 157.27293999999983
-4.197726545787475 2.0614735758408043 126.37912273696644 157.33838070000002
-3.057011651290736 2.4516612642423965 126.75884272007745 157.40380170000026
-2.371337011945343 2.5627657198409572 125.9470755054737 157.46995040000002
-2.2186737689135967 2.674031654556912 127.01361714449445 157.53434110000035
-0.540349096746418 2.9117117114254563 126.60373469618716 157.6002795000004
-0.25567777151952953 2.785277686007613 127.46563121411799 157.66499399999975
0.40842785105400736 2.719697619378498 126.4758969288959 157.7298791000003
2.0186448181769663 2.375489198638351 126.83578302971362 157.7945762999998
2.4028844502187567 2.1172842642813894 126.82515081688322 157.86026070000025
2.581563611202945 2.156841745449552 126.91653361403188 157.9250609999999
2.9703058850083863 2.0330131800056366 126.89880769302513 157.9897493999997
4.61561992457429 1.3763020517910838 126.25428303913361 158.05540689999998
4.710386030840851 1.0808388390226287 126.61466051987766 158.11984250000023
5.3474190637060275 0.38024046633344094 125.70768747106553 158.1842972000004
5.504813933070167 0.17680348360569698 125.0783998717701 158.2509915999999
5.455677260195884 -0.004579056697226025 125.77460957201613 158.3155287999998
5.653950911731158 -0.09485751320644409 125.14591131855515 158.37889799999994
5.716760994961781 -0.7817567674097561 124.53879608443891 158.4437469000004
5.646178111494969 -0.9311975716200642 124.93954980650689 158.50893780000024
5.68138016159817 -1.0930803798192816 124.89789029376318 158.57430469999963
5.658169596968378 -1.5128157117343028 124.89946877129981 158.6386806999999
4.921562243046054 -1.6156005630721535 125.36056723480462 158.70499949999976
4.677459227499334 -1.789706440376865 124.7860568022009 158.77032340000005
2.956450412726433 -2.1479836983021587 125.26946146914614 158.8355614000002
2.678720866370419 -2.1598148111762105 125.07212901549539 158.9011504
1.5427995968958115 -2.327474708028996 124.51096525710636 158.9659614000002
0.42498764449966586 -2.46719740449883 124.92163173734528 159.03198229999998
0.04550892045632082 -2.3097406226831287 124.65408596170448 159.09771679999994
-0.5684431556251042 -2.402148248836713 125.21253630211571 159.16345939999974
-2.050945321559446 -2.229535854942161 125.00301045449474 159.22847639999964
-2.176100831011297 -2.109766401124751 124.3573424918492 159.29327790000025
-3.5701159112497507 -1.849709420255797 125.06888685644346 159.35784700000022
-3.6168414518276606 -1.7057193264566624 124.29952765482783 159.42373959999986
-4.269116893016694 -1.5201597036240186 124.55276968106415 159.48881419999998
-4.616324029560353 -1.312503605616425 124.97647916275308 159.55254820000027
-5.0145001143231696 -1.2908974349697107 125.36874531754935 159.6175960999999
-5.397966993941786 -0.6121012865592443 124.49540083798212 159.68303769999966
-5.365553419414255 -0.409678166435931 124.34382013908551 159.74801070000012
-5.365553419414255 -0.409678166435931 124.34382013908551 159.81298220000008
-5.887217717195362 0.3402236790540951 125.84550786554288 159.87768830000005
-5.829502851661054 0.5280229714834368 125.6569668193804 159.94348420000006
-6.09112992121733 0.6485358498917456 126.50783464895649 160.00836319999962
-5.171168514718261 1.4288879502819016 125.68742082267283 160.07247900000038
-5.171168514718261 1.4288879502819016 125.68742082267283 160.13787390000016
-5.040191259766765 1.53637624436024 126.63884988691268 160.20354659999975
-3.2635710205236705 2.455929813279421 126.1544834455422 160.26920090000021
-3.1274343873996884 2.4509366144284392 126.87685923845186 160.33581549999963
-2.491685978362419 2.5582596090967327 126.07339728001874 160.39928400000008
-1.3663778436892997 2.7602734067486296 126.85178421044726 160.4656074000004
-1.0332930576254924 2.8111824015083675 127.03287497944135 160.52947500000028
-0.6895243719154536 2.7362053538374465 127.06496724260735 160.59484080000038
-0.3254625912762137 2.8202916256558384 127.04711779981065 160.66087179999977
2.230254580058343 2.4650266634772198 126.39827485758067 160.72576620000018
2.4028844502187567 2.1172842642813894 126.82515081688322 160.79179180000028
3.121698924456979 1.7307454820454438 126.82233441201657 160.85606869999992
4.043532000271647 1.6861817264761758 126.33616842863269 160.92030700000032
4.642314436897344 1.725320557211711 126.30903898363846 160.98667159999968
5.046356545702629 1.3786211327858724 125.45085341429169 161.05132539999977
5.582717791140354 0.4041155986857189 125.54575347205108 161.1169473
5.635736959377489 0.17447935886129595 125.48737888754275 161.18295560000024
5.592865437974176 -0.2832579501280683 126.06163600067275 161.24795939999967
5.7745288037411555 -0.5762024883081804 125.00331553832875 161.31320469999991
5.7217134082061065 -0.6383319467766158 125.71251639905876 161.37985930000013
5.807576786924358 -0.722930776744098 125.32953152879897 161.44453539999995
5.668232571499068 -1.525894901196204 124.59257326022748 161.5102299
5.215564150941276 -1.5119290932126934 125.3875834046293 161.57521579999957
4.468317043320546 -1.8833912874796326 124.5452979722631 161.64131720000023
3.9260648119457997 -1.9953361865346708 125.08007642147962 161.7068790000003
3.5848448827076638 -1.97283206287223 124.92787473283188 161.77161049999995
3.0666512570726 -2.1023140607276622 125.09404352685769 161.83736020000015
1.077969131068329 -2.386696102377141 124.52558252256358 161.90319790000012
1.077969131068329 -2.386696102377141 124.52558252256358 161.96866919999957
0.3998268321448464 -2.3269188402164143 125.32709550656226 162.03414630000043
-1.0692748941600172 -2.385947037449522 124.7272173402673 162.10010359999978
-1.464371509790901 -2.290483027466528 125.05997189983701 162.1651493999998
-1.8251873812468418 -2.258813551060114 124.7557488487621 162.230724
-3.4090742054714482 -1.939126070792636 124.62971253405736 162.2970322000001
-3.767706874220103 -1.8479887259656707 125.1747939967677 162.36275819999992
-4.022542228666545 -1.6749227571836545 124.79525894010835 162.4263420999996
-5.0906673310472925 -1.1601422577090066 124.96118003323136 162.49025809999966
-5.21670503697333 -0.919889821494462 124.89172233076243 162.55545369999982
-5.640788912332283 -0.8043328364166413 125.80365052495443 162.61981959999957
-6.122187082211212 -0.2614692760530597 126.17073241208024 162.68618499999957
-5.776491777932861 -0.04221607249094139 125.14459932558516 162.7513686000002
-5.667236657765173 0.22011210335429698 124.92137137037211 162.8173053999999
-5.738680057717048 0.8088628687755083 125.19098693819167 162.8816098999996
-5.749550102239425 0.9473733657220816 125.35060640089071 162.9472423999996
-5.769459469726748 1.135743325234427 126.3005420237586 163.01261280000017
-5.507851038038702 1.2718672425762334 126.7116712023427 163.07845879999968
-3.526332732643006 2.133284568175446 125.10233542942039 163.14473590000034
-3.6698026988909263 2.2603666074609956 126.02854798748753 163.21039759999985
-2.4306736674607237 2.6867610036332006 126.84405387250433 163.2746674
-1.9961769699089302 2.574733944653616 126.7038145863236 163.33953829999973
-0.8274632970079026 2.8364982652829216 125.39163365095895 163.40471809999963
-0.772286460349477 2.920390010919503 126.51473766247048 163.47084340000038
0.642297222898975 2.4684962315875225 126.50773210149352 163.53560370000014
1.266594046584835 2.6604374067951175 126.1282123045534 163.60043359999963
1.4387353678060109 2.60047642316228 126.80026530850839 163.66644319999978
3.0239970423300093 1.8191496853373792 125.86018613122205 163.73082909999994
3.4203832657938236 1.919843844762848 125.98341848210359 163.79695850000007
3.816735954335641 1.9718559719320705 126.53149120984183 163.86186799999996
5.1465313319968615 0.9707795012131878 125.24440535111134 163.92703700000038
5.049811369100695 0.9155176943168043 125.82006202301191 163.99202140000034
5.330240822643134 0.8438495558463225 125.9132713063963 164.05673409999963
5.64877924627379 -0.2866749234715149 125.72912768302646 164.1219643000004
5.926660356790322 -0.19995094564729954 124.88717922570396 164.18690270000025
5.962894253258213 -0.35929470534152075 124.66825065943318 164.25249470000017
5.785048087906425 -1.0876992762390922 125.39311092576352 164.3194113999998
5.8634684611940955 -1.1864338386037099 125.07450714700563 164.38560599999983
6.061842190187669 -1.202237568349402 124.26912506165827 164.44808869999997
5.7662418694325766 -1.4690205350892827 124.7118100995082 164.51379050000014
4.376491153564366 -1.8535801916611248 125.19852540902937 164.5792545000004
4.241060065668023 -2.0577697018835814 124.40938782300564 164.6436451999998
3.6823858886401837 -2.055962427557699 124.52790982368705 164.70864059999985
2.1176880459244245 -2.254677988228653 124.58148918071414 164.77305679999972
1.6503757693846666 -2.2508106577349407 124.4726613611623 164.83838379999997
1.2606043148640396 -2.353968330820926 124.17584226587141 164.9032342999999
-0.7171716878998495 -2.354108698741406 125.14984383468891 164.96850770000037
-0.8247582414620069 -2.264219872404337 124.44799824466942 165.03300430000036
-1.1959924883747988 -2.2721227810566886 124.52262290412501 165.09785600000032
-3.124151665534768 -2.0036575927126816 125.36532138645562 165.1618970999998
-3.188993303686999 -1.9212595169693008 124.19969597255455 165.2273296000003
-3.6627876365554 -1.8170253440449877 124.8514190678046 165.29270319999978
-4.882704771104322 -1.3446332041994666 125.28233030195435 165.3583335000003
-5.08443855452645 -1.2261398600302882 125.18543649502773 165.4231748000002
-5.2903868228690385 -0.9301407645675475 125.15667985624509 165.48958409999977
-5.821759408007949 -0.446752355136246 125.39501948348145 165.5553276999999
-5.776902939172395 -0.16731461696699002 125.14735073609373 165.61950909999996
-5.896302175596148 -0.0023122600895320033 125.54106351072544 165.68427340000017
-5.811906320131072 0.1331051745733599 125.36061720950697 165.74990770000022
-5.189901283982344 0.8654520911155281 125.47609321503359 165.8151716000002
-5.188161844806423 0.9581755128957659 125.81303529156135 165.87894070000038
-5.131279681473309 1.1453087798242743 125.62325535237706 165.94369290000031
-4.281530129070212 1.9509282514716835 125.959722037162 166.00904609999998
-4.011445746744052 2.1498652285659894 126.87824262287515 166.0753433
-3.786727158862192 2.1985456868248217 126.73202821502305 166.14064289999988
-2.516262989916754 2.5484757633625224 127.1539990750003 166.20656080000026
-1.9042756344289202 2.521719951870141 126.43263374435115 166.27176979999967
-1.3708872225561848 2.7689381445361816 126.73299958647775 166.3360746999997
-0.03135395053960366 2.6310716008871218 126.72747053324026 166.40273220000017
0.622127043305639 2.7639643804373932 126.45786154471702 166.4667268000003
1.0170468709377047 2.5869764653761775 126.68182694450344 166.5311031000001
2.6926168966860615 2.1780029268638375 126.4406699987306 166.59719779999978
2.971458598956403 2.1612283888148136 126.89629599413938 166.66193490000023
3.281328265108698 2.0241209546994128 126.34765011130408 166.7260943000001
3.741935852683774 1.7638731186549428 126.35328601959806 166.7904308999996
5.131218933051208 1.284007610278851 125.80424510285751 166.8565576000001
5.23062085694427 0.8482138979033514 125.70924935528072 166.92073859999982
5.708825570112737 0.11760504596118304 125.31067093638859 166.98472880000008
5.840139124348283 -0.05551050429097615 125.16646506471463 167.05058389999976
5.843296356161822 -0.24270606069805378 125.25138958771007 167.1164705000001
5.847580833426676 -0.3856103289509123 125.25680556975055 167.18187099999977
5.933613589184034 -1.0154838443014214 124.76817835570883 167.2464874999996
5.89293933141807 -1.1434088696772116 124.76221094695876 167.31263200000012
5.937388342155494 -1.2657488520570692 124.75442963667734 167.3771098999996
5.317549358025758 -1.7158395173866179 124.51386237037671 167.4411270999999
4.369170406513817 -1.8774163468860148 125.38228707520449 167.50738060000003
4.306053475768628 -1.9383664870832282 124.07942613818908 167.57224210000004
2.529644167346653 -2.225212725842814 125.24618147685787 167.63754359999984
2.0999158812677052 -2.3340310951205923 124.94707561346658 167.7024732
0.8182456895626444 -2.403371640541569 124.432015286675 167.76798289999988
-0.267870031895697 -2.4035148601104117 125.33411318367243 167.8328862999997
-0.6263884411025984 -2.4303420069255797 124.8330855225125 167.8976687000004
-0.8151759349776242 -2.3248093718668033 124.49470422607772 167.96321799999987
-2.501843711696374 -2.175637348882758 124.62740861790572 168.0289112999999
-2.9064734540239314 -2.0477350502277107 124.94901799970539 168.09452450000026
-3.8586544286633497 -1.6866351693894064 124.74536328908344 168.15997320000042
-4.274572321306849 -1.595906944252714 125.1943189774524 168.22587620000013
-4.618826770926148 -1.3749049795585924 124.70927232985647 168.29108009999982
-4.927032449869813 -1.1883396390444474 124.90036495982343 168.35573589999967
-4.978300387780379 -1.0264810449307693 124.48571274006808 168.4215561000001
-5.5934095591005075 -0.419058725357466 124.89436701695455 168.4845922000004
-5.554145228899031 -0.13453822927174997 124.69353466820725 168.5492403999997
-5.883252963341818 0.2789281298641789 125.70315718443834 168.61547979999978
-5.686299063022261 0.6559656997828528 125.12467133678706 168.68124809999972
-6.1311582030562235 0.7834602080463448 126.57239376780235 168.74629879999975
-5.8910958847258925 0.8966260707836554 125.6489363678549 168.81144539999968
-5.14672163549141 1.6180617571809501 127.17103289917581 168.8772243000003
-5.14672163549141 1.6180617571809501 127.17103289917581 168.9420068999998
-4.333480119699743 1.8911880922391204 126.14373809899851 169.00764489999983
-2.8238178345712157 2.547078057515574 126.41977299843916 169.07320619999973
-2.940052063112006 2.607124312765742 127.22185335826356 169.13852959999986
-1.9907310418873436 2.4743643330093525 125.99684629923674 169.2034021999998
-0.950466116200019 2.7051137477245617 126.47693551630223 169.2683919000001
-0.4667595954493322 2.967857209398277 126.80642132724095 169.33411539999997
1.8585012911060375 2.488379553927089 125.80642694392097 169.40003909999996
2.904943565272582 2.398139405056442 126.48783583910043 169.46529160000046
3.345709837441497 2.0203919576207303 126.4210093320114 169.53050559999974
3.835751125677234 1.8186983043310507 125.64488972692597 169.59728199999972
4.346807850028341 1.8055517154043674 125.53281366876779 169.6613951999998
4.439171375321983 1.5167731423809805 126.27456704394268 169.72757199999978
4.645038108815982 1.3388372168114238 126.04412698281972 169.7919012000002
4.826385427262764 0.994370631544113 125.79935746420406 169.85713589999978
5.757192703376013 0.21899830248083685 125.62629150421775 169.92313159999958
5.81337159501836 -0.10117422072627702 125.35053738918775 169.98757260000002
5.966816681122808 -0.46635018433217157 124.92762969122752 170.05285470000035
5.777934725024011 -0.709449795852316 125.4209567584936 170.1183742000003
6.047103293377496 -0.6990714351700527 124.73426061154834 170.18319960000008
6.050932603827839 -0.9221861318004119 124.56207688332753 170.2491031999998
5.3670713193876765 -1.6057229329467049 124.39310263176507 170.31492080000044
4.988945358483534 -1.7613309337389005 124.73554099154511 170.38129560000016
3.8699356528440916 -1.929739211601543 124.8897960802381 170.4477420000003
3.338632773182738 -2.12337760262235 125.33647064037807 170.51136279999992
3.0250304175282707 -2.1469131420168317 124.46344244581816 170.57623390000026
2.6617782800641834 -2.204666260176732 124.57975124652052 170.64009749999968
0.47211363633875436 -2.359232651125677 124.91116299676554 170.7050253999996
0.47211363633875436 -2.359232651125677 124.91116299676554 170.7713474000002
0.20722932370209435 -2.3524220227869903 124.2563770366596 170.8369743000003
-1.439510046253396 -2.182858801236374 124.62219720631548 170.90255499999967
-2.1345802419200837 -2.198693311226167 125.42343956559628 170.9675745000004
-2.2455664087633522 -2.1584070970914753 124.36892911008383 171.03167740000026
-3.766081073096764 -1.6896190947361576 124.72238952063438 171.0963697999996
-4.200086040594336 -1.6576304995049158 125.15956719556497 171.16064310000002
-4.399843983516398 -1.5488545150337352 124.80553339571473 171.22627180000018
-5.342227283212054 -0.9194311589925237 124.89453134224252 171.29047730000002
-5.606443304315448 -0.8378236646441295 125.31622040112794 171.3558165000004
-5.648741744143578 -0.607168929325159 125.07429200184409 171.42051900000024
-5.466440230166583 0.1393153864115102 124.43487259688871 171.48614530000032
-6.064058753265947 0.24132111432273862 126.11047899343605 171.5510615000003
-5.923997758026594 0.4468003920012253 126.06804553841475 171.6174675000002
-5.762386590164432 1.1016912044723475 126.32388369444025 171.68200789999992
-5.747468119916363 1.1457389820215436 126.41459608170388 171.74699729999975
-5.326197116372597 1.3222394848585464 126.08225804424283 171.81277750000027
-4.93966566045593 1.5818763958820674 126.20950891732488 171.8775185000004
-3.6873242695334483 2.282815033417143 126.54813801904125 171.94180190000043
-3.429630650805464 2.4067141183578125 126.45967381124107 172.0069067000004
-1.84558708005342 2.896921261891155 126.90579181905662 172.07337279999956
-1.4333202770445865 2.5181718086701963 126.8889121257196 172.13803439999992
-0.5001748011944969 2.980018038690689 125.68907927126077 172.20394990000023
-0.39164465920383407 2.861176636425336 126.41521287472709 172.26887129999977
1.7264459719657523 2.5011380624190718 125.63135007871057 172.3344347000002
1.9437477775666068 2.59377038454595 126.98494823044554 172.4014301999996
2.2529733487598236 2.259130444921375 125.84065024542477 172.46647349999967
3.3487388826427207 1.6384779559759894 126.41047821456804 172.53026950000003
4.241496638788298 1.847739299342972 125.54544104714427 172.59544939999978
4.230569554699436 1.6267725554665415 126.13656105375695 172.6601612000004
5.47505404836528 0.5916428142197514 125.44505902673298 172.72499400000015
5.566663972923344 0.5985262881782066 125.54033065203241 172.79017440000007
5.624672339209454 0.4718972029391551 125.65376357207714 172.85503580000022
5.8255289929452445 -0.30893274350492494 125.68664461864992 172.9206193
5.904138013305932 -0.5580314820630461 125.25799225454026 172.98445170000014
6.052403667183455 -0.5148604042734564 124.78971773579313 173.0492350000004
5.970587682472555 -1.2337357805651785 125.04690688967607 173.11515380000037
5.749253879820671 -1.4198549721240648 125.3055374980036 173.18021190000036
5.612851038004855 -1.5131905300526034 124.90901666344618 173.24540950000028
5.390848015081481 -1.6233654811198943 124.87059456736289 173.31000820000008
3.926434883678162 -1.9939430371566225 124.91000674290531 173.37614759999997
3.414898850786983 -2.100995948295012 125.21197773665962 173.44229480000013
2.9881154483676085 -2.2246662237396566 125.08167178671457 173.50834250000025
1.4574410683942887 -2.3880360711208897 124.5021263356381 173.57243389999985
0.9843148455775577 -2.37620793142995 124.63217632626653 173.63785139999982
0.5218131940620196 -2.4462691011672346 124.67396337970281 173.70367499999975
-0.98652676986665 -2.395281476909438 124.66188538555778 173.76836000000003
-1.4778780661597182 -2.2742397003295687 125.09089043997818 173.8340336000001
-1.9278422547742693 -2.302816883834799 124.88026272166697 173.8989345
-3.4278262185822186 -1.9413417022980628 124.7552625979431 173.96382280000034
-3.732004012171103 -1.8117656390899741 124.73993774928579 174.0284190000002
-4.135808336604072 -1.6403098994692429 125.28090724534982 174.0939103999999
-4.990717665367278 -1.1314754661246185 124.66477219036389 174.1577983999996
-5.456721532283133 -0.9923491140781642 125.614606770252 174.2226370999997
-5.263563521503642 -0.7792230536407849 124.47627397603668 174.28739659999974
-5.744188218665627 -0.21743097583823467 124.969096200608 174.35341979999976
-5.970736989939532 -0.032896938186331326 125.84340367903701 174.41789359999984
-5.912019931178541 0.1555940572832616 125.65107526126495 174.4841889999998
-5.818582914569795 0.3056740742733392 125.3766112854362 174.54826479999974
-5.224802619720101 1.0110358187929405 125.83324927301598 174.61382839999987
-4.869129000940966 1.1687058902641156 125.59012851308285 174.67788159999964
-4.633402900445397 1.4086497767214725 125.56132455185582 174.7425685999997
-4.020949063709949 2.0765054202287345 125.93040589292265 174.8067616999997
-3.752648985296929 2.390457611235896 126.1673626866479 174.87211649999972
-3.6854740995662425 2.42909562550535 127.10201493991788 174.9377086000004
-2.1753924194951395 2.5913870607128695 127.14162760438121 175.00107229999958
-0.8910135148166347 2.709493414117628 125.41134126796614 175.0660409000002
-0.11053580767849525 2.972451903444516 126.03209378373276 175.1307987
0.9363105873802269 2.572352379415017 126.41299593384758 175.19522719999986
1.3716647832147402 2.6481279399408844 126.35489181172169 175.26085820000026
1.5456785800719999 2.5367523923066426 126.76522248505675 175.32612249999966
3.217538171413743 2.020441043222927 126.42713090559512 175.39066730000013
3.474602723824816 1.9944916298735047 126.267298807351 175.45509310000034
3.900656553864337 1.567664178405096 126.31011478101783 175.52100229999996
4.3620282067271745 1.560951641889881 125.71822168540162 175.58598059999986
5.1633303856512995 0.8307352660068688 125.99022231580481 175.6515191999997
5.295200138812021 0.5768565355684072 125.96712899934523 175.7152861000004
5.55938140283326 0.38519022985038887 125.38050075912064 175.77999
5.84264068241167 -0.18131666129054824 125.15646711358985 175.84544490000007
5.817156231532522 -0.5149386032858647 124.79653141231299 175.91001909999977
5.699156178739081 -0.7295450495038212 125.3094245054826 175.9913661999999
5.82124865232926 -1.1394974668355518 125.01049797293648 176.05674780000027
5.735194436790508 -1.3728295408924445 125.18799902774266 176.12180059999991
4.729584855416029 -1.7749222869755887 125.18579321422668 176.1872285999998
4.626386162212775 -1.820593707840004 124.42620666940671 176.25241430000005
4.191620313306778 -1.9936511888100168 124.6803477508341 176.31660339999962
3.5479505955875794 -2.0236295754392977 125.06803842590877 176.38249759999962
2.0213742282032285 -2.2696499714589122 124.49644526595223 176.44808360000025
1.5318675402263011 -2.361228912003179 124.84042938009915 176.5121175000004
0.1192855817311056 -2.3427776223020977 125.21024632628344 176.57818609999958
-0.1988092950051552 -2.442648802783124 124.72595837011298 176.6429036999998
-0.8448018477059023 -2.353756117327742 124.39608813299209 176.7094186000004
-1.4201451196613348 -2.231318232790117 124.97969083716741 176.7745391999997
-3.0088021500040085 -1.9721362978416423 124.93267058111779 176.84067719999985
-3.5141935200479324 -1.9739983716698886 125.16456610343668 176.90596670000014
-4.400624507093248 -1.5954655107892557 125.19780704037495 176.97074340000017
-4.547082692736112 -1.4394038115908723 124.88474107679568 177.03625209999973
-4.862738426439421 -1.1415081083220282 124.58298995177717 177.10240650000014
-5.26824015266881 -0.9772647409605673 125.10061311493928 177.16656369999964
-5.672305795983149 -0.4045129394293112 124.94398765654158 177.2312105000001
-5.69094549042191 -0.18132217505583437 125.0771869316133 177.29688499999975
-5.990312662399347 -0.07365456101648127 126.0832236004833 177.3620105
-5.990312662399347 -0.07365456101648127 126.0832236004833 177.42738149999968
-5.611742167231334 0.8020454412262344 126.25532154299246 177.49267529999997
-5.486579875068223 0.9714009986663403 126.39292214208444 177.55925529999968
-4.684093817229552 1.6860743086718446 126.05748199995742 177.62459229999968
-4.648729963505865 1.8017900653668035 126.40037890728765 177.68930079999973
-4.648729963505865 1.8017900653668035 126.40037890728765 177.75385089999963
-4.019700444217335 2.07980689117668 126.14554185860446 177.8189570000004
-2.2929446448925574 2.749642425969382 126.67324445022071 177.8845038999998
-2.3308538664453877 2.554211644301448 127.6826530452492 177.9497577000002
-1.0029647063040414 2.875654635490028 125.57672191998908 178.01464130000022
-0.15355087720087823 2.8978647613065296 126.47658165094435 178.07997710000018
0.026213127072999498 2.8349172107454006 127.33451084445984 178.14390579999963
0.5059492744742116 2.6042595694623394 126.7746340901604 178.20961270000043
2.8404211175722693 2.338050973260169 126.78382156665837 178.27396229999977
3.1906527323536196 2.0144119840710073 125.9613398705308 178.33992070000022
4.136677385325321 1.6520825989012842 126.13029175725978 178.40572539999994
4.302420761054684 1.3020046277173813 126.42800256273406 178.4721685000004
4.69246622208999 1.2526530762803592 125.95581914229456 178.5361267999997
5.480316691547415 0.5121555087750668 125.98098560464082 178.6004509000004
5.562666524439926 0.005542714932913473 125.80784057269503 178.66546500000004
5.840139124348283 -0.05551050429097615 125.16646506471463 178.73147439999957
5.843296356161822 -0.24270606069805378 125.25138958771007 178.79679459999988
5.928132745871778 -0.6398989699020503 124.78822861288631 178.86111600000004
5.860391004437879 -0.906825998884069 124.92837896530814 178.92659770000046
5.860797428946526 -1.0609243575636014 125.08490280678072 178.99288559999968
5.812266253733725 -1.1009190929230512 125.31080691304291 179.05816200000027
4.951776095400362 -1.7620005389971363 124.53840722951428 179.12459779999972
4.523570289690852 -1.8017600770382418 125.05592179041697 179.18765299999995
3.4475186942216 -2.069538437213159 124.49368246892571 179.2527200000004
3.0288192026960488 -2.1267600289665705 124.60832334965454 179.31800910000038
2.5455323070267113 -2.239224103487853 124.77992846492762 179.38314699999955
2.216491137373488 -2.2378960156148624 124.77323021689433 179.4486549000003
-0.21416639175161833 -2.373319021577528 125.00870509313297 179.5143737999997
-0.21416639175161833 -2.373319021577528 125.00870509313297 179.57920900000045
-1.6319522607408103 -2.2415148348458516 124.78042867184277 179.64553590000014
-2.188233252527759 -2.2266649721026432 124.89876251100677 179.71148369999992
-2.4239478667605567 -2.098596260020364 124.55797371823766 179.77681260000008
-3.1085942045608874 -2.049866075436189 125.5858043556766 179.8420312999997
-4.267813154101695 -1.5736331229371472 125.16277731785394 179.90715519999958
-4.43604003029337 -1.4272958569454075 124.79438219367417 179.9717523999998
-4.700143902482445 -1.2800491163880112 124.89054613127549 180.0372723999999
-5.638798735524944 -0.7000448712384792 125.34266778436424 180.10196280000036
-5.918162443133085 -0.5987488706515165 125.67837449879393 180.1682770999996
-5.912019931178541 0.1555940572832616 125.65107526126495 180.2325105
-5.5775603279928845 0.32481157473678424 125.13521971216882 180.29691420000017
-5.69626967844804 0.49237212796412116 125.51739096322679 180.36113970000042
-5.85436836337044 0.615055123103182 126.11221433137717 180.42722950000007
-5.563565784517223 1.2485753054825905 126.15880095892284 180.49337780000042
-5.012223878044331 1.5492848731897735 125.7246439136533 180.55843920000007
-5.02484048847802 1.668045634816623 126.53355066531802 180.62306160000026
-3.3727455541178273 2.2376102406580642 126.00863103790836 180.68833300000006
-3.4268130047506062 2.500324664605609 127.33126474413986 180.75329880000027
-2.8446288857459834 2.521202711689691 126.92511657439066 180.81845369999974
-1.008084573809363 2.9011519297286563 126.79537705646749 180.8839912000003
-0.733247034870331 2.57712707856067 126.52086501678242 180.94775010000012
-0.282576925349467 2.7478656597302833 125.91398684447918 181.0136448000003
-0.03999905261856895 2.7881766682699753 127.0461904043784 181.0787479999999
1.7488010812356976 2.4039682052699773 126.79230726462356 181.1451705999998
2.1384069869816784 2.285796212028089 126.82743830639764 181.21095909999985
3.816735954335641 1.9718559719320705 126.53149120984183 181.2739763999998
4.2818795295722225 1.6701434444438163 125.7208955522304 181.3397815999997
4.369548837580631 1.4873996929906457 126.23187114488438 181.40452989999994
4.692430934176855 1.2478816557926942 125.8308736885338 181.47050880000006
5.422571567651445 0.5137922575661898 125.86790809993903 181.53591359999973
5.637590276606375 0.36408714028078865 125.57300932467383 181.60000440000022
5.565098912890178 0.12897877170623262 125.97025320604374 181.66567289999966
5.775634543024111 -0.5832901116890359 125.43003156167887 181.73152260000006
5.777934725024011 -0.709449795852316 125.4209567584936 181.7968596999999
5.929053958337818 -0.8434594079120046 124.90522160348827 181.8620246999999
6.285944783560339 -1.1477203916495438 124.17411744894981 181.92737940000006
5.627207683277746 -1.4494055820252796 124.57643958975675 181.99149450000004
5.230912872760811 -1.6213468384705139 125.0310100661545 182.05497490000016
3.7420478097902503 -1.9739310467047484 125.06758187245757 182.1197486000001
3.388051362425834 -2.1112354181453035 125.01853880146 182.18501769999966
3.005444026381433 -2.2415584133166826 124.76458050156107 182.25126009999985
1.3693877158081307 -2.328331998471937 124.44205837159518 182.31480960000044
0.7958857164331405 -2.3762150710058307 124.96858425894087 182.37950060000003
0.3863728168590157 -2.4374508595313156 125.01954187800676 182.44402869999976
-0.12090829917698187 -2.432004247113742 124.80885178600253 182.50899910000044
-1.5494941203245176 -2.3041317996573505 124.865095143747 182.57619859999977
-2.085789205328858 -2.292806665792038 125.06329980751929 182.64129669999966
-2.0972925180049344 -2.1288958519762406 123.89156958984229 182.70621969999956
-4.123515855491888 -1.7520273447014936 125.49786261788404 182.77203410000038
-4.302988212133187 -1.6434363475673428 125.28652098061139 182.83772899999985
-4.254790264074813 -1.5292714761683266 124.43776034077773 182.9031742999996
-5.274939027380427 -0.917369203704125 124.95055047411888 182.96750820000034
-5.606443304315448 -0.8378236646441295 125.31622040112794 183.0320515000003
-5.627272216802879 -0.5590551500560654 125.0074446769913 183.09752200000003
-5.64306124510113 0.16032664171963285 124.92121985102305 183.16268359999958
-6.154578585927652 0.21731963492563122 126.37494927135648 183.2277280999997
-5.787818764878793 0.42923446639544693 125.4226669862956 183.2938648999998
-5.109516199210567 1.1656776596113418 125.30268284795876 183.3585989000003
-5.241651225097613 1.2822708948866104 125.64741128178056 183.4231910999997
-5.37481176329382 1.4800214885026626 126.291938523662 183.4879880999997
-3.755369833317431 2.087978764975232 125.60342389802842 183.55293540000002
-3.7592805439942723 2.334220483591843 126.86843805820344 183.61893340000006
-3.538309982434477 2.2898932989830465 127.16852490614123 183.68440199999986
-2.7707920360422236 2.5134377611645577 126.11390790795174 183.75043490000007
-1.185797358449804 2.8492982951695667 127.23770099914172 183.81672210000033
-0.7019483096182597 2.8841149947529137 126.83097381788654 183.87994780000008
-0.6462401116472094 2.7831826640848663 127.06059198336247 183.9446479999997
1.2279764753506086 2.516677653744277 126.70601399532991 184.00913109999965
1.7223000055945192 2.49107404891934 126.64573971095524 184.0737435000001
2.0190406855869583 2.267952500059784 127.10618899082682 184.13938210000015
3.7604500554590103 1.8134646403616435 125.92301805709305 184.20459980000032
4.187033068749265 1.869970061725442 126.19037204043366 184.26901679999992
4.191412885768841 1.5753944765379286 126.33458876621428 184.33462130000044
5.308069677955892 0.6793948042711411 125.63108634479178 184.39809440000045
5.452472076559438 0.6756852779555305 125.54497799148173 184.46369200000026
5.655690149923096 0.3412851666142157 125.2164656568995 184.52838669999983
5.86816929929784 -0.3521956982845247 125.30434869065601 184.59403070000008
5.8236413220382275 -0.6042502412524897 125.31178549898227 184.6595367
5.779105910460707 -0.690503670356319 125.6959163429627 184.72451160000037
5.906711484113622 -0.8270804587777782 124.97552770158254 184.7893769000002
5.8115594717103605 -1.373318919658118 125.0345646129268 184.85400750000008
5.543359942328365 -1.3915616894344005 125.40727025868703 184.91991140000027
4.318766426037065 -1.9092180930185676 125.01697152586402 184.98501880000003
4.318766426037065 -1.9092180930185676 125.01697152586402 185.04962679999971
3.414898850786983 -2.100995948295012 125.21197773665962 185.11405959999956
3.2544612598587292 -2.173309287952443 124.22570330299736 185.1792803999997
1.4337926114825024 -2.313785827963925 124.58378243031265 185.2447328999997
0.9737454950473321 -2.31228454468108 124.75496606108051 185.3099599999996
-0.4184950444998776 -2.404789404179307 124.87640826364024 185.37580270000035
-0.7348143299770413 -2.396211308362626 124.65212083985897 185.4399014999999
-1.379181894183617 -2.2423659046573468 124.76813030406558 185.50441390000015
-1.7485518358776773 -2.190554932378741 124.47138778843677 185.5704628000003
-3.3030181084280983 -1.9073910636418305 124.30179742741194 185.63621890000013
-3.8526080785620564 -1.749811714936079 125.007949166446 185.70143840000037
-3.948599297323227 -1.6365799826061767 124.36986129744687 185.7668174999999
-5.179521902624707 -1.277945251880157 125.97866023936727 185.83293200000026
-5.147945851347529 -0.8946097113287819 124.57342347659309 185.89712789999976
-5.327168279687427 -0.7527988051096075 124.6669721473203 185.96197219999976
-5.983353074591847 -0.14431435989972874 125.81652395911738 186.0267359999998
-5.991670181128995 -0.04967745300625115 125.85533714480593 186.09197140000015
-5.811906320131072 0.1331051745733599 125.36061720950697 186.1568011999998
-5.811906320131072 0.1331051745733599 125.36061720950697 186.2214952000004
-5.876653336636906 0.9334340725563401 125.9032738403032 186.28596110000035
-5.809837707008263 1.1179567274668027 126.2776929220189 186.35074820000045
-5.132047669621237 1.4442973740613154 125.71174074012679 186.41736969999965
-3.6612702317396 2.211841415249568 125.73674024423617 186.48062320000008
-3.6612702317396 2.211841415249568 125.73674024423617 186.5453776000004
-2.8180902753014365 2.5926844215518985 127.16477612445037 186.61065770000005
-1.8216256146606824 2.7661363689521927 126.83200925531251 186.67581969999992
-1.547653688090577 2.7829217890939164 127.09666368636654 186.74036309999974
-1.1001323394223093 2.659484346672002 127.02092505737475 186.80542010000045
0.2562123615428149 2.656674495227941 127.02199287409432 186.87028120000014
0.9412675219509978 2.7724598748261906 126.522858888331 186.93531929999972
1.2748742326817464 2.7003344827801072 126.76617989062234 186.99929679999968
3.052417322633083 1.9945522040002277 126.77305857206633 187.0641483999998
3.457009678288806 1.9357644878734424 126.45925548756595 187.12896230000024
4.564746552956009 1.2482821756741125 125.838081921948 187.1939865000004
4.739645698153019 1.1762451444835365 126.1947992890356 187.25859539999965
5.081780151802711 0.9935585693585747 125.78435315295097 187.3243505999999
5.372386368788099 0.8066844734949102 125.53607026827454 187.38865739999983
5.32676026709688 0.6071485833358042 126.12434094846806 187.4547904000001
5.84264068241167 -0.18131666129054824 125.15646711358985 187.52003710000008
5.831585996276225 -0.5573768475256979 125.2229962632213 187.58515520000037
5.858143613357136 -0.9353776837864332 125.09526239495347 187.65053939999962
5.993616508202294 -1.0485724785234463 124.44392352668949 187.7156372999998
5.935489438572716 -1.140629029678974 124.76133995445667 187.7816511000001
5.8115594717103605 -1.373318919658118 125.0345646129268 187.8464587999997
4.301759153488618 -1.901626411490287 125.22395097172424 187.91210580000006
3.9455975839098087 -1.9706814421335888 124.91387384252012 187.97729340000024
2.7910748551389517 -2.241127125061742 124.95713832167976 188.04323099999965
2.4883356565819383 -2.316619731827691 124.68155921334085 188.10921710000002
1.9834282634462923 -2.3152243324691146 124.70662844494137 188.1746505000001
1.517988258038251 -2.33200000065648 124.94990029665347 188.2410534999999
-0.3736601116294196 -2.431178261085725 124.82106774764694 188.30586380000022
-0.6674518538857299 -2.3537647244733555 124.5046345017124 188.37097170000015
-0.9072467973783915 -2.3960847004522017 124.52605975745689 188.4357283999998
-2.4279591829747815 -2.1235347643486273 124.59686582151708 188.50152419999995
-2.927108641877467 -1.9312454237299264 124.75130294278327 188.56534120000015
-3.466920522791547 -1.9174333494122466 124.81205357309643 188.6317001999996
-4.525989615226365 -1.4236317607576936 124.80904890463592 188.69624079999994
-4.900133095060568 -1.277967178519774 125.26665568624598 188.76065219999964
-4.773896028733205 -1.1237687902318882 124.13203626523993 188.8259312
-5.9361072692934655 -0.5284674680549608 126.04459567027124 188.89136919999964
-5.8212963183950635 -0.32134473471757774 125.39213576938748 188.95748660000027
-5.761445467516275 -0.18011390039115915 125.20090443733906 189.021436
-6.042096270332166 0.4330588022374759 126.11256877104896 189.0880159999997
-5.948900894544089 0.5831996720073427 125.83877187146297 189.15225999999984
-6.034650212580715 0.7438485030524626 126.15457598050293 189.21784099999968
-4.7484118129219794 1.593898273882488 125.8577158985922 189.28223609999986
-4.656148255094763 1.7320717549463527 126.28063177329402 189.34831909999957
-4.228258274552637 1.9706086821316489 125.79989485734059 189.41322010000022
-4.121918768393584 1.9995975463445208 126.06529373977837 189.47776429999976
-2.6181178266019316 2.5252751511466616 126.42940216125153 189.54283140000007
-2.575586911188843 2.6593120425497148 127.34255869508578 189.60768840000037
-0.7399004758941956 2.856450775180964 127.3929946910726 189.67237829999976
0.2141240555724977 2.974797673926457 125.36345769201027 189.7383490000002
0.22252654832639251 2.9445472105429937 126.979784541891 189.8043378000002
0.4625943389629512 2.7347185045424713 127.2329130944061 189.8687100999996
2.432506283410021 2.2268637967944835 126.30224563125175 189.93452950000028
2.7568560683818077 2.191809771504039 126.38817068233533 189.99969510000028
3.1117120766864588 2.034015688164724 126.18687814451215 190.06495859999995
4.322315961499818 1.3794448521140072 126.39289796997097 190.1315370000002
4.739645698153019 1.1762451444835365 126.1947992890356 190.19681560000026
4.94907552419653 1.0466334908918151 126.37323853698759 190.2617048000002
5.513492074752385 0.3610518049824062 126.06396638294464 190.32735109999976
5.61021535016269 0.14017432370626604 125.62037625436939 190.39141250000011
5.56592333306881 -0.12136984648967564 125.79407549086982 190.45806509999966
5.724689453644743 -0.7451083621615484 125.22682329380471 190.52331070000037
5.682524051367757 -0.8489875874005361 125.3277455680247 190.5886002999996
5.812570772276288 -1.0327667951819977 124.77229781397736 190.65448819999983
5.552636658500084 -1.449299534582548 124.72080308887493 190.71868799999993
5.228763124215519 -1.5993111155966169 124.84282419544316 190.78323900000032
4.808011400184959 -1.7456822484232695 124.8782732675985 190.84737049999967
4.68227424194157 -1.886594961882964 124.47121585923871 190.91234030000032
2.880011349846569 -2.1467568270960733 125.24755663201096 190.97848909999993
2.420419555775979 -2.1980307272362998 125.27551050065757 191.04236599999967
2.213377266381073 -2.2662337251204527 124.4637014357838 191.1080154000001
0.29397885623663456 -2.296724664503796 124.87867320719471 191.1729809999997
-0.3138757153625207 -2.322519559342337 125.34436338523113 191.23921729999984
-0.7153317568266218 -2.2943146406886106 124.9190612602559 191.30476999999973
-2.1723746790787573 -2.1830334968739527 124.72755106418091 191.36976630000026
-2.4397177834300194 -1.9907936029479534 124.71466903016955 191.43546719999995
-2.8895159699932265 -1.9885121958489238 124.96172869944441 191.50150080000003
-4.10984070493371 -1.642299757954945 124.56657672224173 191.5675156999996
-4.453553751758221 -1.4323209433787314 124.7795557076687 191.6330899000004
-4.9431928239693335 -1.3112885912293772 125.71807999339993 191.69738030000008
-5.7834925450535195 -0.8035434125932692 125.65105059363563 191.7628692999997
-5.918162443133085 -0.5987488706515165 125.67837449879393 191.82808490000025
-5.650112404298817 -0.41635909868516996 124.94814517117601 191.89361999999983
-5.498978851260851 0.24723912671384363 124.68096432101059 191.95833419999963
-5.5622732310274685 0.47576579246959416 125.17261381440875 192.0245918999999
-5.556427609795463 0.5927140493057432 125.86153788950338 192.08946819999983
-4.972922773294719 1.3131787748121972 126.24767074188495 192.15468469999996
-5.064007642638245 1.4646388437647002 126.5165468657739 192.21891070000038
-5.145124728588506 1.570969635431924 126.75841044072467 192.28402499999993
-3.67502235847747 2.3715887192607017 126.16513824031344 192.34949229999984
-3.4333628447009588 2.397384461783668 126.41622465626143 192.41569609999988
-2.3450508206723484 2.6326336217927864 125.65564879936575 192.48140619999958
-2.0697361887728576 2.7817200497997017 127.41439348042216 192.54615840000042
-0.5844919849168448 2.688014134665879 126.53077814568239 192.60987029999978
-0.29468008877231 2.945477807157468 126.63268983115975 192.67620950000037
-0.05529269890851651 2.740646773263568 127.27171408332802 192.74033109999982
1.8116965091259587 2.4230790510636373 126.83733808698491 192.80485529999987
2.3226792203739066 2.3598945036485555 126.69233047595105 192.87006089999977
2.5758413676914174 2.1481563384940214 126.46025247050422 192.9361144000004
4.453761604195073 1.5612191262443997 125.10099026000462 193.0015712000004
4.438143999546263 1.4547696466331916 125.42260864910887 193.0668625999997
4.649849641923737 1.1193091205556822 125.82790038844661 193.1317852000002
5.574975881777732 0.5743004117285959 125.22497577412209 193.19663769999988
5.709118967967157 0.2606181007832349 125.2850430743453 193.2626640999997
5.805947346432113 0.07018728712266786 125.02252905244247 193.3275448000004
6.196358632089428 -0.474902154071132 123.83758002140215 193.39264770000045
5.906355311825607 -0.6615859227587135 125.0480819905214 193.4586089000004
5.978868822210089 -0.8239918777995379 124.85257965745718 193.5246559999996
5.912270382658839 -1.0774193475417195 124.95459130393064 193.58890169999995
5.627207683277746 -1.4494055820252796 124.57643958975675 193.65603459999966
5.303864520502906 -1.6989168353136046 124.72018720857882 193.72144329999992
3.954932533269883 -2.0396011371696248 124.31120358279516 193.78518710000026
3.4135728998120456 -2.1508504479095283 124.56865140698774 193.8514937
2.9100720639972195 -2.225859844052669 125.22801946097503 193.91559210000014
2.6727339865494315 -2.239585974615929 124.77047747960229 193.98052749999988
0.7272317828639672 -2.3616360144115434 124.88844468082752 194.04518110000026
0.3937558470626712 -2.3727724237301744 124.66729293104262 194.1101636000003
-0.8451799344424344 -2.310146720576779 124.52350371474311 194.17585229999986
-1.2051894854502123 -2.3672942529892906 124.89071921656482 194.24085709999963
-2.05394964208444 -2.3023735242507577 124.88523840231774 194.3068347999997
-2.2455664087633522 -2.1584070970914753 124.36892911008383 194.3731270999997
-3.7331113893078296 -1.6726479262438776 124.79304053545118 194.43823049999992
-4.377394856912126 -1.625657184238857 125.5069554850456 194.5035098999997
-5.009566603956337 -1.218955379054735 125.28655565318752 194.56840170000032
-5.091090633090133 -1.0452043574788914 124.89015437443685 194.63404710000032
-5.607076085347231 -0.7125320689313743 125.31659982349233 194.7001981000003
-5.639792071270101 -0.5562222065628046 125.21520959826337 194.7657554999996
-5.913117964240435 0.029882289688577757 125.65583284437884 194.82995089999986
-5.684121986832658 0.25810535318562755 125.35118224077758 194.89526920000026
-5.656654317470874 0.406223909523679 125.63452806080103 194.95983499999966
-5.506081634273585 0.8167375297133179 125.6216870461381 195.02508390000003
-5.394515100086885 1.2851898048999424 125.59018465910496 195.08956080000007
-5.482989439438818 1.3650571172756436 126.30979900339634 195.1559858999999
-4.983944502244384 1.639709543271544 126.20822236577128 195.22118769999997
-3.510634316772652 2.307097100496981 126.1916898662773 195.28738710000016
-3.510634316772652 2.307097100496981 126.1916898662773 195.3513571000003
-3.316651019432605 2.3924157252609373 126.64221489816832 195.41655879999962
-1.0586007234227495 2.9222000146992424 126.36483983301403 195.4824735000002
-0.8901020742469825 2.7974503762054983 126.87966986405613 195.54696710000007
-0.4065459453481566 2.887212895931418 126.52949905036093 195.61181750000014
0.8560847468304118 2.680259173770632 126.81009709723357 195.67779510000037
1.1598254423544319 2.659527958629049 126.98111991944755 195.74289769999996
1.5448178891425712 2.3235529198594085 127.1481158238831 195.80838029999995
3.457009678288806 1.9357644878734424 126.45925548756595 195.87256530000013
4.04790190913279 1.5031098845469943 125.88945819463635 195.93804619999992
4.698689543835151 0.9947817663449303 125.80679780858503 196.00266920000013
5.064204786516875 1.0209830825528656 126.02096491970401 196.06911760000003
5.319991756686846 0.7221426410954771 125.68913102556533 196.13397330000043
5.623387247338172 0.5529258042404755 125.10264001869615 196.1980467000003
5.7184683701367405 0.4672080867633789 125.12513405809963 196.2639237000003
5.773857465765808 -0.5381441903858424 125.55895258994005 196.3282552999999
6.043356588658433 -0.6300245061175007 124.22285632101598 196.39370659999986
5.857543939175969 -1.1221126740426373 125.19805458411615 196.45933409999998
6.0146854420590685 -1.1893893890289615 124.55727894923747 196.52505810000002
5.8115594717103605 -1.373318919658118 125.0345646129268 196.5906157999998
5.633587822123765 -1.4516699248223128 124.72569643274703 196.65566860000035
3.8794123443561475 -2.009507017992363 124.5036875570941 196.72094560000005
3.8794123443561475 -2.009507017992363 124.5036875570941 196.80270569999993
2.571998031357019 -2.2345898027375926 124.0605468000876 196.8692834000003
1.9133827240472172 -2.3623593734729913 124.81335000177491 196.93229559999963
1.4057054612708626 -2.3757548658125147 124.60949050470859 196.9979911999999
0.9856501152192791 -2.448233660059106 124.48961587151838 197.06299450000006
-0.7794084938187282 -2.3418328113669262 124.67593992393621 197.1284701000004
-1.1615374630159394 -2.3695794129001198 124.73711098531618 197.1938485999999
-2.660720935470991 -2.0167898074384354 124.71156401392419 197.2599467
-3.2094792148445705 -2.0328198000742796 125.18166976047205 197.32419539999955
-3.4825163258772562 -1.8775893965471768 124.66261484209943 197.3884764000004
-4.560975320469758 -1.343582828527043 124.62467403908137 197.45407499999965
-4.938844207185944 -1.1995153658537308 125.18042717652497 197.51951389999977
-5.091090633090133 -1.0452043574788914 124.89015437443685 197.58505940000032
-5.548815054308605 -0.5137603316638983 124.65365117898811 197.6499090999996
-5.916234276740418 -0.3472831054579646 125.66960848163008 197.71456599999965
-5.649331172389246 -0.16656298581196927 124.94273089357519 197.77949660000013
-5.580977625445016 0.5275711626732007 125.86588087320222 197.84420729999965
-5.332845691354024 0.791776351223346 125.60091859287076 197.9095772999999
-5.47294183546294 0.8662618837414285 126.09812911482248 197.9736998999997
-5.235285301499687 1.0407587834964322 125.3062318055066 198.03903480000008
-4.289988655040922 1.9063557375248934 125.94463582054082 198.10301489999983
-4.10090383624167 1.975935488852297 126.46376682912239 198.16841440000007
-3.455622509512011 2.15428948700864 125.58820768217704 198.2328152
-2.044462834035194 2.7097924618673206 125.76156517987825 198.29656979999982
-1.9491940468165652 2.8861302050358506 126.04001359647563 198.3625216999999
-1.6826332684964385 2.5645720042139057 126.61357688901612 198.42830080000022
-0.029833774222034037 2.9875341827793416 126.34975521865779 198.49247430000014
0.5464312135412825 2.726823974580193 125.99890503470732 198.55804239999998
0.7658855336283779 2.5563936113475796 126.532793150623 198.6229069000001
2.4931926040451984 2.192539454619289 126.2413068909212 198.68750509999973
2.703991258025958 2.1480474381070342 126.4542926230142 198.75245619999987
3.0372889841798028 1.828311894769381 126.56149478485298 198.81754470000033
4.767256274824888 1.533863329121634 125.80463047459465 198.88360339999963
5.229975792171274 1.289781844578642 125.38806396484078 198.94888249999985
5.033675845905151 0.9577478879883249 126.00421799744485 199.01302510000005
5.104027429645129 0.7818015708159823 126.3101639190799 199.07914509999955
5.690146570363574 0.005508041385753892 125.80162187851136 199.14478419999978
5.841360252429965 -0.11697068162374502 125.25869341664739 199.20938639999986
5.724352609875339 -0.7650916302181285 125.70065787713652 199.2754863
6.009651610626882 -0.9400045058645123 124.57635397156422 199.34050170000046
5.933709247891031 -1.0937312596075524 124.88766000653592 199.40582460000041
5.899981724078835 -1.182155053903448 124.92575302257066 199.4714428999996
5.115839165127085 -1.7617517430656795 124.72659834639742 199.53629009999986
4.853612764620955 -1.7769692098272794 124.51521907532245 199.60198359999958
4.485004621932966 -1.8137553052445385 124.61866907509982 199.66803530000016
2.7276710051329474 -2.1611532090760033 125.21002103696374 199.7330324000004
2.3543945073633736 -2.2238581201227814 125.11333769057839 199.798358
2.0017852917281687 -2.237493312767298 124.62882386319322 199.86272439999993
0.07536533508699961 -2.341839410246823 125.06408032908939 199.92876109999997
-0.38874363696606906 -2.3415627241539045 125.23667616177816 199.99427600000035
-0.7889601671621165 -2.293946308720353 125.03565596841982 200.05828639999982
-2.221883620631722 -2.191219825507101 124.68852377481561 200.12403040000027
-2.639306854459612 -2.049591876856395 125.03760951697183 200.18995520000044
-3.082797799611214 -2.0176796757859585 125.30445207037327 200.2549243000003
-4.590236527807129 -1.6216881522901594 125.51518857395516 200.32064009999976
-4.720856971037598 -1.4674840645335938 125.29238906928633 200.38646169999993
-4.805844586593352 -1.3067520495662377 124.85576900091053 200.45194449999963
-5.152786305498154 -1.151794538533472 125.27324552973081 200.51780710000003
-5.992201573900161 -0.5783813162010358 126.094770847367 200.58378879999964
-5.671334134690355 -0.27957892341499835 124.93957904668743 200.6490378999997
-5.523943673982302 0.3321473115629512 125.13166764532762 200.71270929999991
-5.713563890254669 0.5045582160308246 125.74835443433119 200.77735610000036
-5.8049279181435125 0.5652347813004185 126.5402968689884 200.8428574999998
-5.385372229326613 0.834420362963395 126.02779354153832 200.90819780000038
-4.925269147468605 1.5194376224009183 125.83945501723781 200.9740468
-4.825593730357511 1.6844274514697413 126.15388765461358 201.0404552
-4.264071647092145 1.9999894896509367 125.59764995960681 201.1059997000002
-3.2055627071058908 2.506442540047563 127.0643908663551 201.1718123999999
-2.791040491233801 2.6119433292194536 127.21681349321459 201.23553699999957
-2.501258613029748 2.6635808836605115 127.23573551981498 201.30087079999976
-0.773729669368791 2.812138909294054 127.01777482246312 201.36677099999997
-0.25550923636864553 2.8252832389310316 126.63971397707155 201.4320275
0.05221546496989049 2.8745984882042124 127.07592541636481 201.4969858000004
1.8839092395869272 2.373554593959035 126.86505415868443 201.5632439000001
2.291078626050563 2.3456224216526627 127.04101049309341 201.62802360000023
2.933943271978535 2.123995348496394 126.00150509184942 201.69446100000005
4.534596915590363 1.6163144706941523 125.0236608131954 201.75975010000002
4.323399102963528 1.3346617996369718 126.63703392545355 201.8249826000001
4.7503651304400165 1.3182901659399642 126.43708624766911 201.89065480000045
5.111940137676783 0.9541740216875474 126.0197883547591 201.9552921000004
5.81732819054298 0.2584637424600995 125.35163036773942 202.02125439999963
5.913194470011874 0.033372041394057805 124.96562239145096 202.08662360000017
5.989587439885916 0.009748395315100411 124.67787357266805 202.15064119999988
5.9776548788341515 -0.6987179442190263 124.85650196943018 202.21509799999967
5.782431928169238 -0.9161747834323344 125.52482738835857 202.27972169999975
5.993616508202294 -1.0485724785234463 124.44392352668949 202.34583050000037
5.507013523681785 -1.5725642458571722 124.85755648460744 202.41075180000007
5.2143087659402525 -1.6818742186511866 124.83208173866545 202.47544649999963
4.990254855217927 -1.7288322400037206 124.40896359342933 202.54154130000006
3.243490009044777 -2.1460744662141042 124.7585498245239 202.60738479999964
3.243490009044777 -2.1460744662141042 124.7585498245239 202.6728776
2.269155660714766 -2.252667245883931 125.42503312722327 202.7375387000002
0.8192167404838173 -2.4116773510254665 124.36169465465676 202.80255089999991
0.21901620010421397 -2.4347288532181293 124.78273184916718 202.8679473000002
-0.3334757399160253 -2.4028523748716157 125.02160894345369 202.93282369999997
-1.2527877868156452 -2.242787455950001 124.76190182170197 202.99703930000032
-2.2270241198018113 -2.206358565862663 124.71728358909809 203.0623214999996
-2.3363969611600766 -2.0560600078791613 124.19950295137745 203.12810420000005
-4.037240086874718 -1.655320343034563 125.1669230235172 203.1926168
-4.289641949973998 -1.6249674957958353 124.93579521727496 203.25693609999962
-5.006937571571463 -1.198199234708871 124.83584771129888 203.32067860000006
-5.365606679140484 -1.0013904260678725 125.41874252843546 203.3873163999997
-5.841029741518128 -0.7416363865711926 125.83705744643206 203.4528018000001
-5.511274212081965 -0.5106140029495143 124.65727509986968 203.51747539999997
-5.734810964776443 -0.33614557367922293 125.3200916893791 203.5828319000002
-5.841717697177863 0.26538383959100653 125.82739631796613 203.64803740000025
-5.7667623131067955 0.39344091754294314 125.6580840954426 203.71350939999957
-5.816044424249107 1.007648065702532 125.81029388864879 203.77885760000026
-5.707140539377541 1.148664514635751 125.84263677940594 203.8440854999999
-4.63606318222827 1.6916285362908083 125.51804601325944 203.90796760000012
-4.741045864452971 1.7092657127046913 126.7535571517356 203.97268890000032
-3.309523830345526 2.4601306590572842 126.02791667676796 204.0372569000001
-3.309523830345526 2.4601306590572842 126.02791667676796 204.10245209999994
-2.0038148965766993 2.659635122266244 127.06543934530684 204.1696480999999
-1.4446318098490138 2.778836994831533 126.62575059686515 204.2343606000004
-1.220204670682861 2.759932689342268 127.41646531561545 204.29983290000018
0.0021954261844854273 2.8142369036686072 125.52657122791969 204.36420259999977
1.4441710180693335 2.706381864036912 125.88577719664781 204.42870779999976
1.8762292731352517 2.820467215217349 126.53347309559221 204.4931660000002
2.343643015996122 2.288997891387414 126.22547029762879 204.5574220999997
3.1902499605782424 1.9429204829590918 126.49541054731681 204.6226168000003
4.226195534097215 1.68303953117113 126.22360975418306 204.6877260000001
4.375055840267642 1.5109545540271192 126.35637182390403 204.7540454
5.4081633908615245 0.9541984777263801 125.41112904002236 204.81992660000014
5.308069677955892 0.6793948042711411 125.63108634479178 204.8841892999999
5.504836958649982 0.4273127771038929 125.50867244365496 204.94896030000018
5.765806532695251 -0.18350879800704334 125.751833717341 205.01376609999988
5.783799197978979 -0.6030187920337648 125.41678658064043 205.07995409999967
5.96049107646045 -0.5771617722954447 125.18357787072043 205.14392060000046
5.94796325962043 -1.1398065350059292 125.00360960805884 205.21016710000004
5.983338867145619 -1.2815611964343425 124.64996764365635 205.27471870000045
5.798817318792132 -1.452990636652396 124.7320366284931 205.33917399999973
4.502979907052861 -1.8536696283878968 125.19357329292866 205.40377220000028
3.7302507552123387 -1.9230284857814137 125.19914580463079 205.46996020000006
3.211093181441548 -2.1486069296773054 125.25307718968628 205.5356267999996
3.211093181441548 -2.1486069296773054 125.25307718968628 205.60095939999974
1.646586449262827 -2.3126487842293573 124.72503785918464 205.6671411999996
1.1356021523909234 -2.3449605411418513 125.15493054438029 205.73255009999957
0.7732011484097754 -2.373912184246727 124.64602420414607 205.79657140000018
0.24601819631251232 -2.4183988033978867 125.06274546397329 205.8622680999997
-1.1711078084836188 -2.3054236252568225 124.84956949316154 205.92731900000035
-1.7315395385328145 -2.2734479523034676 125.10396400546661 205.99206159999994
-3.256070795275022 -1.9291324106600634 124.58878271073849 206.05769729999975
-3.4522656967641936 -1.75267583374744 124.44274241190936 206.12378439999975
-3.771400836807402 -1.675764426161757 124.78848814610828 206.1888810999999
-5.034475482958676 -1.2176381013054502 125.22132834527025 206.2552569999998
-5.011723247705056 -1.0313086962574105 124.66643660244046 206.31869749999987
-5.245910831053699 -0.8418430921046944 124.77989653557863 206.38437259999955
-5.761445467516275 -0.18011390039115915 125.20090443733906 206.44910429999982
-5.669327382315963 -0.029723999036974424 124.93058933333322 206.51459840000007
-5.573869689361189 0.12040341732431448 124.6502936442894 206.5804887000004
-5.790964015777497 0.7720939754552663 125.58739065153593 206.64571969999997
-5.882753387764694 0.9695172730048426 125.82502091538366 206.71078190000026
-6.1604690395398265 1.0776255093193352 126.83978282167655 206.77701689999958
-4.285360299512085 1.824958834714708 125.97306937580119 206.84281920000012
-4.023414329722264 2.069332635833913 126.16351365796285 206.90803330000017
-4.026532007114618 2.15979841590437 126.72098637527165 206.97314929999993
-3.655156673976549 2.299281471059622 126.38136326439644 207.03779639999993
-2.133071551322736 2.668215519763695 126.94197204273667 207.10229809999964
-1.825736814625884 2.6754461704046277 127.18016953311465 207.16709079999964
-1.035410925679308 2.790159289214988 126.28307975394995 207.23138800000015
0.14874483919743398 2.6079814452657617 127.29872048789333 207.29660010000043
1.2136359450641194 2.5681515346742696 126.00613916698688 207.36018119999972
1.9191387768645995 2.655170711163163 125.82589848282802 207.4251973999999
2.8603845644122075 1.9867900968776793 126.85034787277793 207.4914934999997
3.1546117307109824 1.8962709701965765 126.34758156034046 207.55554229999962
3.8578643653975035 2.0165186060569122 125.96469842985658 207.61957369999982
4.874309349926193 1.0991694688580371 126.10792211711316 207.68515380000008
5.297375564176079 0.9601548696058242 125.80833937131999 207.75089349999962
5.436777128398639 0.923840211041711 126.3368956035248 207.81595130000005
5.899872722288386 0.09341759740581346 125.07053516802455 207.88046049999957
5.69673141992196 -0.2483094309309295 125.77364074597375 207.94540039999993
5.845168012446273 -0.3070860916575102 125.14640306368563 208.01022209999974
5.854951332317313 -1.0137197531569542 124.93611027448138 208.0760583000001
5.998511398217964 -1.0475181987591045 124.42800017086037 208.14180620000025
5.79802154303831 -1.2934872017976362 125.28607973717301 208.20692020000024
5.741847027820278 -1.4757849707503885 125.26564866708176 208.2726260999998
4.67225944198092 -1.806575426958442 125.01960357532072 208.3385913000002
4.368657587281504 -1.7858360488282883 125.15725973649788 208.40275509999992
3.849448315377998 -1.9929051305755334 124.89203741687888 208.46835929999997
2.37058598684537 -2.30216803132946 124.57262204828939 208.53412480000043
1.6423868227912308 -2.3461159268198255 125.03444343249623 208.59970160000012
1.2791954600922892 -2.375392077460793 124.61690621018563 208.66601960000025
-0.4036250407377011 -2.397863491328563 124.50397638099103 208.73175189999984
-0.7647325649035395 -2.3668132492999234 124.66198234523172 208.79729560000033
-1.0691669864031255 -2.3818052238704355 124.50299297015407 208.86339769999995
-2.7653571558240557 -2.049121419670077 125.04185290279388 208.92788540000038
-3.1417143782649433 -1.9875792307529707 124.97087758949435 208.9940257999997
-3.6361631255054334 -1.908609083427248 125.22986443331921 209.05963619999966
-4.353059389156243 -1.3467537184133196 124.16315166411817 209.12465760000032
-4.97439104353132 -1.2160236285135202 125.30002317128525 209.19013410000025
-5.120863568427218 -1.0607412500755302 124.99093029992612 209.25623739999992
-5.821759408007949 -0.446752355136246 125.39501948348145 209.32080880000012
-5.671334134690355 -0.27957892341499835 124.93957904668743 209.38623180000013
-5.820290443420873 -0.07053258225915948 125.38614688779518 209.4511762000002
-5.692592533405438 0.6063480475527439 125.8251621885732 209.51643760000024
-5.367494324630947 0.8754371735698275 125.44802774436234 209.58272469999974
-5.246614354355685 0.9863655146163735 125.52716675094175 209.6481990000002
-5.26930237673664 1.1591635532426359 125.59207553185168 209.71402839999973
-4.648134976130237 1.789319247235848 126.5978844112769 209.77964059999977
-4.354051955307007 1.8354433796382732 126.73010319012037 209.84377609999956
-3.56140010471578 2.173211113346829 125.62398473132797 209.9085640000003
-2.499175393243725 2.7042876080517404 126.65884570262179 209.97292730000026
-2.317549435957581 2.512126888387751 127.0466424924104 210.03789099999995
-1.3775452654468552 2.697391125620661 125.5589921272568 210.10355009999967
-0.18362381585125576 2.759881670232216 126.9872318765269 210.16915119999976
0.06892655996060171 2.6422710273381402 127.22997353422369 210.23452960000031
0.6581279206192931 2.6923993008774545 126.92512014201218 210.30165120000038
2.462478595494119 2.207359968595822 126.93712928284731 210.36701429999994
2.831605880927249 2.1274468374410826 126.79603626170585 210.43239230000017
3.128059091769437 1.9977814489444121 126.84919209360574 210.49721649999992
4.558589240469303 1.3020129283805468 126.41701188454091 210.56364420000045
4.859377375422056 1.1861153808104596 125.5766781464262 210.62961300000006
5.108868645766613 0.9313314548370459 125.15700988955136 210.6948038999999
5.7212618478320465 0.19397601338688464 125.31273722651932 210.75946159999967
5.764756431595124 0.04806346502925252 125.47351411754829 210.82563719999962
5.841360252429965 -0.11697068162374502 125.25869341664739 210.89188190000004
6.0052691633084265 -0.738771375026682 124.47534278165416 210.95659760000035
5.931375592621222 -0.9686094350185912 124.89645428119333 211.0226333999999
5.86039515752487 -1.0415963947879185 125.06483448685285 211.08714380000038
5.861942491003163 -1.1671893901961146 125.05933397985997 211.15162830000008
5.17597978808471 -1.714548447860798 124.47233383616808 211.21612449999975
4.808011400184959 -1.7456822484232695 124.8782732675985 211.28251980000005
4.375234058632188 -1.9791165442128493 125.0508321715779 211.34733979999965
3.1950636661343097 -2.068948996780091 124.50775291829589 211.41303270000026
2.6313081752901297 -2.1116791698838444 125.04005781159483 211.47962459999962
1.8497338385690867 -2.21926806004916 124.97289899113964 211.54496839999956
0.006375550910426853 -2.356497081941911 124.94226960880066 211.60997899999984
-0.5578646677441839 -2.3433410619585486 125.2425490977614 211.67451770000025
-1.379181894183617 -2.2423659046573468 124.76813030406558 211.73938420000013
-1.8327246070863836 -2.2513541385668567 124.6964415354527 211.80474349999986
-2.550824500356626 -2.0166318455932313 124.61226420766536 211.86976979999963
-2.9756056449033963 -1.9976527384776435 124.76741726679438 211.9342612999999
-4.3734939982655305 -1.5504632066791224 124.86782001449454 211.99967130000005
-4.486342139568421 -1.3919220526711382 124.57505519177047 212.06518919999962
-5.35379961776448 -0.9640588296263046 125.31006007631714 212.13041450000037
-5.480452953636124 -0.8382990622144708 125.31339111215713 212.19584039999972
-5.596341664118654 -0.6706513297096446 125.1036663823564 212.26139750000038
-5.734143102513819 -0.2874786763243866 124.9412216996361 212.3276982999996
-5.666160046848347 0.34502259641163857 124.9166774926548 212.3923888999998
-5.968090259999677 0.5175876783301275 125.82670869640403 212.45785950000027
-6.041659294793185 0.6062636573923836 126.10747467452074 212.52253459999974
-5.603728459868989 1.211166716016122 125.97122720486675 212.58683230000042
-5.15399614699146 1.5417865708590013 126.54351979282832 212.65231219999987
-4.808508391353932 1.5798137536512442 125.98347461580705 212.7165226999996
-4.027499206555987 1.9704693422081774 125.25854788779827 212.7815896000002
-3.0790174187166457 2.447098300779224 126.99700300345145 212.8477826999997
-3.0790174187166457 2.447098300779224 126.99700300345145 212.9140285000003
-1.2615224623596717 2.855245464800166 126.45167195886567 212.97880439999972
-0.885838950584791 2.8059085532262054 126.69524461397164 213.04400950000036
-0.2500088746608853 2.824888534656232 126.62053390238728 213.10834069999964
-0.05554920463027457 2.639122652071645 127.42792151506683 213.17318030000024
1.8173422392863259 2.4378887762709414 126.87193216155073 213.2367489999997
2.4142218790818646 2.395198512334958 126.56212300954817 213.3022692000004
2.8771008387254042 2.3922443069123376 125.70687516486903 213.36748640000042
3.640093278698835 1.5208835353984176 125.98427703792156 213.43225210000037
5.051777940295516 1.6748364476618813 125.81865600021034 213.4968603999996
5.290957966762129 0.9139239427481848 125.72839036422629 213.5625269000002
5.36972439577081 0.636612657164628 125.90283442850792 213.62685450000026
5.516735316151255 0.42313138616548607 125.63142602791555 213.6911686000003
5.63375411716023 0.3008719303364143 125.49538574320331 213.75604639999983
5.939587231044207 -0.4322156051403854 124.99139539155745 213.82091049999963
5.779559074103155 -0.7902045033886098 125.53622526937822 213.88577259999965
6.059016354836778 -0.8426237373492258 124.40605636226141 213.9496194000003
5.938686074059248 -1.3267694452275762 124.84725724804343 214.0140193999996
5.641833560848532 -1.3752333735663127 125.04151310513211 214.0785675999996
5.35387924231879 -1.476467492047222 125.01457197059942 214.1427477999996
4.120078988475335 -2.0083386710083313 124.55423612399406 214.20868729999984
3.1353426642040176 -2.14745133344186 125.22863613586478 214.27359960000013
2.647853017615091 -2.1267185980122387 125.41502848960515 214.3383428999996
2.647853017615091 -2.1267185980122387 125.41502848960515 214.40310409999984
0.8814940464604462 -2.344447371269694 125.16906106086195 214.46882069999992
0.457456034736623 -2.3271411206099564 125.17496355565419 214.5333754000003
0.22045823403425402 -2.4436322034580837 124.7110720612792 214.59910390000005
-0.3318875157308412 -2.3590264489838595 124.80584496366654 214.66351810000015
-1.9019719722087842 -2.3209340257112174 125.40166216986442 214.72747770000024
-2.0753577831736862 -2.091329544000613 124.33897653760327 214.79313079999974
-3.6696561753470647 -1.763654195530115 124.75170252110179 214.85777489999964
-4.141894867245583 -1.6563987422035122 125.24535957928609 214.92367290000038
-4.400624507093248 -1.5954655107892557 125.19780704037495 214.9888573999997
-5.273498954445536 -0.944081430312965 125.17512101185793 215.05473170000005
-5.480452953636124 -0.8382990622144708 125.31339111215713 215.11822229999962
-5.668285662550517 -0.7099792165609806 125.3831329035976 215.18409350000002
-5.445594173264851 0.010930702488516686 124.34567503470242 215.24931000000015
-5.499030982960235 0.12334020729804507 124.48818504109778 215.31539239999984
-5.910892491035334 0.28130032978168285 125.64623546659875 215.3796695000001
-5.98013877737187 0.9939963302482955 126.1076105390769 215.4447428000003
-5.99785782056334 1.1135122404372262 126.34372232276509 215.51032490000034
-5.54423060478787 1.2939261748524127 126.49692306076413 215.57553199999984
-4.273895961864717 2.0257879159974457 126.67635569882893 215.64138879999973
-3.604138535608392 2.2527595093590858 125.85982294313763 215.7067508
-3.1655249517528503 2.3421208553009727 125.53160398972562 215.77231219999976
-3.1848985973915163 2.4828417088179005 126.57494272292055 215.83690509999997
-1.4916986647336756 2.682131572882148 126.53979043222513 215.90268070000002
-0.3836470332342117 2.9444775341386524 125.20207249684445 215.96804749999956
-0.7482070224459179 3.0198890804448064 126.51728657808947 216.03346859999965
1.0682504607501215 2.409702069267924 127.0872585034519 216.09972800000014
1.7105208994434875 2.6395510300221883 126.41252222739968 216.16481449999992
2.040749956756983 2.3911735654101087 126.72298655610409 216.22982909999973
3.3911185238412855 2.005920641855512 126.3877514099731 216.2957262
3.8344987354398015 1.8110972089136355 126.46692363787251 216.36157889999959
4.233059847455678 1.7235863159649094 126.41892070551489 216.42629680000027
5.378400472237672 0.869493729126671 125.6024121309525 216.49149370000032
5.4940780729663174 0.6788985290372568 125.1189704942321 216.55578679999962
5.494369663555524 0.5099182535549525 125.74065107336732 216.62183519999962
5.641982790171163 -0.20449667051882225 125.46241029460003 216.68814939999993
5.589722157832675 -0.384965066351207 125.73883777996947 216.75226339999972
5.776002951263678 -0.5774649921864277 124.81964856137743 216.81665169999997
5.6055559354406554 -1.1451182952204964 125.6689526450194 216.88196419999986
5.687360254480559 -1.2268537427337032 125.30874556307869 216.94902430000002
5.6890629337237115 -1.3527560802820844 125.3021084697612 217.0113726999998
5.514129289664389 -1.4983431943483208 124.87635550282332 217.07650560000002
4.053328134910046 -1.8990825363078345 125.04603352743365 217.14097800000036
3.6284773664287826 -1.994755822941681 124.93156439569674 217.20665389999976
3.28603102782737 -2.0674725763750024 124.64815337327268 217.27066410000043
1.5683404740417828 -2.2847249742447953 125.07332281810416 217.33533609999995
1.1356021523909234 -2.3449605411418513 125.15493054438029 217.4005933999997
0.6725111105802739 -2.297546247357844 124.86305476126579 217.4658959999997
-0.890591693697317 -2.325412626238341 124.7516224308337 217.5320644000003
-1.2939744776693587 -2.231662452071921 124.97492770365608 217.61354180000035
-1.5906324783785735 -2.222157980481561 124.76453604588863 217.67906219999986
-3.3131148323440343 -1.9121923060746662 124.75809243982165 217.7454415000002
-3.478101573005567 -1.750712189296391 124.37863693138719 217.80923359999997
-4.039383065841271 -1.7202331360082463 125.10046347930032 217.87443910000002
-5.100401078001823 -1.215555395879861 125.30302564299495 217.9396595999997
-4.988345158470793 -1.0165283335419382 124.58549636335174 218.00388120000025
-5.243822943063876 -0.9154605408799426 124.54625499712293 218.0702951000003
-5.744188218665627 -0.21743097583823467 124.969096200608 218.1352463000003
-5.970736989939532 -0.032896938186331326 125.84340367903701 218.2007397999996
-5.702779533930141 0.1456842503006498 125.10995103058988 218.26634230000036
-5.906091658232363 0.7840648019327595 125.62606276050583 218.3312974999999
-5.877516234485988 0.907336868866411 125.67864134964992 218.39691969999967
-5.918099381356392 1.0093393168588842 126.1117410209942 218.4624074000003
-4.043273942702939 1.9283382297714147 126.28296286670601 218.52842799999962
-3.6651426588638714 2.060696169762777 126.0656270038641 218.59408429999985
-3.3935481224988067 2.2752282714862693 125.66256222172073 218.65993170000002
-3.0285921601626384 2.5754037498002704 127.66868814406048 218.72473210000044
-1.5888274740591797 2.6415840631376675 125.44931044975016 218.79050800000005
-1.5474014583868012 2.983595468973592 126.6289393440471 218.85350370000015
-1.3422364173623365 2.600444104256046 126.6621827733928 218.9200424999999
0.5214517772779388 2.880864788693292 126.8469401972949 218.98563569999988
1.1709785329067302 2.50910920197395 126.53321225742754 219.05077840000013
1.8147834968044094 2.6296828341822516 125.89531497478116 219.11574699999983
3.0577287557982658 2.102057557442726 126.31861835587732 219.18177339999966
3.3211452578710094 1.8151118365029788 126.47910583809052 219.2460074999999
3.7723998074658667 1.8229802082561555 126.37493924765958 219.31128230000013
4.975251982116241 1.2142270625960463 126.24935264793527 219.37620909999987
5.212658388798715 0.8666431729076288 125.76429560801394 219.44098320000012
5.169803128657122 0.7975357065931891 126.40072237787017 219.50677730000007
5.961413967070001 0.09224107503381462 125.46534869075232 219.57200060000014
5.865376523329218 -0.11224484129838641 125.60674470833699 219.63735540000016
5.974296989053521 -0.4330213864726076 125.13064331502882 219.70273999999972
5.982052922894425 -0.996845645865819 125.2002650808943 219.76666449999993
6.059874895096584 -1.0940505816437418 124.88252011970403 219.83143720000044
6.059874895096584 -1.0940505816437418 124.88252011970403 219.8964229000003
4.979827743802375 -1.7461023336142931 125.03588384257664 219.96229539999968
4.88094415758539 -1.5780251031186086 124.73291778049243 220.0267948999999
4.368657587281504 -1.7858360488282883 125.15725973649788 220.09262730000046
2.566884835757101 -2.1921244336528045 124.53250569846858 220.1576369000004
2.566884835757101 -2.1921244336528045 124.53250569846858 220.22293319999972
1.7630085633804171 -2.373900386640599 124.68761280922998 220.28882580000027
1.3034355359556073 -2.2988062788719277 124.83649845677942 220.3529236000004
-0.6290057489627614 -2.40404672096197 125.0371164283528 220.4177612000003
-0.9872138492680236 -2.3572840450852723 125.07167153382831 220.48310899999979
-2.0450818005391156 -2.1667282836530237 124.77600194001315 220.54855510000016
-2.0927126055566845 -2.1677511957827273 124.20276754884895 220.61397829999987
-3.1870748039973833 -1.9125971207114736 124.75306964875415 220.67875579999964
-3.7100589206248387 -1.8468654954697654 125.26324541578818 220.7429801999997
-4.847639790287445 -1.3417581457526255 125.29627027460172 220.80756829999973
-5.123194286863729 -1.2603942560943753 125.62124198557073 220.8725883999996
-5.7207400036198734 -0.8057737255879152 125.5805660934533 220.93666370000028
-5.644785181298829 -0.5971126243239084 125.13209354512925 221.0017138000003
-5.649730678766552 -0.291460799961458 124.94546171942122 221.06673890000002
-5.9682195579880855 -0.11183304254184634 125.83433866148324 221.13202639999963
-5.710808354937072 0.5475507558862416 125.60807190731735 221.19773840000016
-5.714742569024494 0.7685189418057157 125.8176515907668 221.2628697
-5.436961793830122 0.9313934821308087 125.3506721189242 221.32862860000023
-5.358152646564463 1.415244943495882 126.57585301089614 221.39472389999992
-4.535267469700315 1.8351355110137542 126.12796316503919 221.46095849999983
-3.8297133864515374 2.0139105731320424 125.13065970444231 221.52671740000005
-3.168957387348307 2.4115120212113874 126.99881249238024 221.5925202999997
-2.517871098782159 2.588122483299334 126.5215371260493 221.65812840000035
-2.517871098782159 2.588122483299334 126.5215371260493 221.72311530000025
-0.5858252448732912 2.934791898753699 127.0972497243539 221.78920639999978
0.10398378138491893 2.7975811959395673 125.8054711034364 221.85535009999967
0.3228281331914573 2.799065034371199 126.78879943657945 221.92140089999975
0.41570728341251595 2.3873018664240484 127.27364016115833 221.98461130000032
2.1483631136525148 2.113734184975833 126.97883286561209 222.06619339999997
2.9657364056768145 2.308096906073385 125.78410313696584 222.1328451999998
3.8613298020650504 1.6382821506828023 126.38567707820927 222.1958771999998
4.974385444272208 1.4009068254365715 125.37526411554056 222.2639079999999
5.036717806067458 1.143735708814897 126.06581933890065 222.34366299999965
5.3985428137184215 0.5897612937730589 126.02934999093365 222.43941600000016
5.935532739055127 -0.16264720260396137 125.28681539581748 222.52281779999976
5.8934106290840305 -0.3667640609399241 125.22515850889238 222.60677620000024
5.901175592566979 -0.576610675429738 124.99645770129037 222.67322049999984
5.859667704374196 -1.2476330491244303 125.19016353213816 222.76611719999983
5.859667704374196 -1.2476330491244303 125.19016353213816 222.8314459000003
4.8799224375595145 -1.7281167428525794 125.18848008708686 222.8958193999997
4.57318181518886 -1.8248602322088288 125.14882997196466 222.96488039999986
4.262631065255775 -1.8696699505040875 124.72059471581156 223.0300054999998
3.7706280934453673 -2.0234585996578236 125.19111198929079 223.09604479999962
2.4433306315237147 -2.1899104085510537 124.36770232470387 223.1617411999996
1.8585165070993028 -2.285461305072716 124.75416862511237 223.22689480000008
-0.1347407317617595 -2.3421799266273804 125.22356489878634 223.29223309999998
-0.5348542845042843 -2.358693048296261 124.94007316287073 223.3571935
-0.9872138492680236 -2.3572840450852723 125.07167153382831 223.42167809999955
-2.308131423958784 -2.1338459759693857 124.8531574966989 223.48697979999997
-2.7148969640835006 -2.09542545937023 125.27761532807035 223.55212670000037
-2.9548235526780857 -1.9534499439777893 124.29547728144401 223.61763840000003
-4.114718951088982 -1.5052387231676243 124.45013933541449 223.68273649999992
-4.548670263368649 -1.3145928690635245 124.88812268326335 223.74840659999973
-5.069723608297323 -1.3108881618759343 125.72117020123846 223.81455000000005
-5.861977004975124 -0.600584823087613 125.62870326309262 223.88086529999964
-5.72202539351224 -0.4200520217213204 125.10314263624322 223.9471649999996
-5.8212963183950635 -0.32134473471757774 125.39213576938748 224.0124947000004
-5.779370984056293 0.38119169816533655 125.39964791904495 224.07736190000014
-5.879451474480767 0.501886148990115 125.74822896487505 224.14235459999963
-5.78651095051157 0.680002294075132 125.41579827592719 224.20787970000038
-5.7255280622398175 0.8804975104840354 125.35026552225906 224.27190129999963
-5.023966076868689 1.5561606455307024 126.46552158261021 224.33804169999985
-4.657971563377366 1.7820081213887282 126.55199171430273 224.4041212000002
-4.133298454795074 2.003642505078139 126.0137254302743 224.46971519999988
-3.1120594096284506 2.510415757740617 126.88473677994455 224.53441360000033
-2.430618451100166 2.6686318034245646 126.47337445195062 224.6007195000002
-1.8852986331256503 2.79539751228979 126.16875097529642 224.66464970000015
-0.7657410965937075 2.8296272306915915 127.41464435582262 224.73069709999982
-0.16687004399381067 2.745120978076013 126.8811657178617 224.79690630000005
0.2737567137881385 2.862265509437951 127.15020440085436 224.86233150000044
2.0644636132302523 2.4086507656852105 126.93939550068015 224.92867879999994
2.5011480667668025 2.2988917057911964 126.51973627782384 224.99377110000023
2.8700628708290594 2.13386885276448 126.49628193642296 225.0594616999997
3.958127384821829 1.696220909379515 126.79177298496802 225.1235488000002
4.720310467933892 1.2193144961454756 125.26391999005934 225.18789990000005
4.86847422795595 1.268290544869917 126.22353803494101 225.25334779999957
5.75271132759903 0.42698274408768805 125.08612054748477 225.3181671000002
5.635736959377489 0.17447935886129595 125.48737888754275 225.38287870000022
5.899872722288386 0.09341759740581346 125.07053516802455 225.44731260000026
6.056500038209251 -0.5759730129362408 124.86985814392787 225.51380359999985
5.934143355959932 -0.7228622556459641 125.32533896410644 225.5779153000003
5.973824819940326 -1.0295379596357006 124.82466725501494 225.6434577
6.059660848473243 -1.0157113450353243 124.76293854163161 225.7093689000003
5.437434550464424 -1.5758054411507652 124.85756891004277 225.77423679999993
4.9810333578817065 -1.649570301545897 125.18065678332252 225.83806679999998
4.728454867709054 -1.8091203042356936 124.84009568450061 225.90451080000003
3.0666512570726 -2.1023140607276622 125.09404352685769 225.96945489999962
2.649690657939388 -2.2095791131406792 125.51725090009295 226.03453069999978
2.3295738496025606 -2.2846231528906853 124.86769634457309 226.09987770000043
0.457456034736623 -2.3271411206099564 125.17496355565419 226.16418020000037
0.09283712746023554 -2.4343309706052056 124.78842074327548 226.22981729999992
-0.41184204212954967 -2.4327118353266988 124.81078632483113 226.29519739999978
-1.9247926322133395 -2.229900330292574 124.998413984291 226.36068400000022
-2.211737647465384 -2.2498660328598263 124.71524908701296 226.42604910000045
-2.392256513104371 -1.9683728168835422 124.36956482818482 226.4911261999996
-3.8780747331001493 -1.6550651532874716 124.42557411827104 226.55706250000003
-4.254900921172002 -1.5324127923945285 124.6399064896713 226.62354340000002
-4.4884075129055105 -1.4348806701591124 124.76587058741987 226.68707379999978
-5.3741195506365145 -0.8099171029923016 124.99941729827391 226.75095909999982
-5.484940087916733 -0.6632143545548326 124.9462558629467 226.81529330000012
-5.75380160551147 -0.5105601138127926 125.58159239969294 226.88051900000028
-5.734810964776443 -0.33614557367922293 125.3200916893791 226.94674490000034
-5.78435867317539 0.28090944535491336 125.64288575166837 227.0120705999998
-5.915142852541209 0.4326420472984717 126.10940774734416 227.07725980000032
-5.589119639951754 0.6218646968109842 125.16489012560098 227.14260589999958
-5.209616060547063 1.420584165669986 125.73383844779434 227.20718899999974
-5.103925695209291 1.5408259800510442 126.51583887109096 227.2734644000002
-4.638927867509821 1.6367327409924286 126.04296013775948 227.33817389999967
-3.528060714804681 2.4519968256900304 126.71246262470429 227.40457010000046
-3.4279732776771112 2.408852651960857 127.46283955394105 227.46982469999966
-2.2489092759791873 2.5816432341867124 125.60903669133788 227.5338683
-0.5324046428361697 3.071995967234994 126.77434991724556 227.60024350000003
-0.23994389231580726 2.7207981333456406 126.64340955890805 227.6653954000003
0.3223715724444105 2.7643948973943697 125.63862834531284 227.7302810000001
1.7609012792201 2.5061691848748033 125.7934027082925 227.79667299999983
2.2605808797100337 2.32341103417927 126.26222095391387 227.8624802000004
2.675267742014107 2.449144805278727 126.27286538088775 227.92818530000022
3.9930044519704637 1.7464249686259672 126.69074799510454 227.99322240000038
4.300208541977007 1.6289785058852937 125.88722972845868 228.05797230000007
4.265486134733258 1.329126798357643 126.68422762079021 228.1218474999996
5.295200138812021 0.5768565355684072 125.96712899934523 228.1878974000001
5.750267445739503 0.42567656907975154 124.92021220410057 228.25283539999964
5.63969799051052 0.21783276030427268 125.76382263673064 228.31806870000037
5.9955532841656805 0.07483750574430137 124.60636975738878 228.38429460000043
5.897238542134609 -0.618254906780912 125.21077538846562 228.44905440000002
5.966007272028641 -0.8089174178907299 125.18637615040765 228.5134750999996
5.946977659054561 -0.9338588274563573 124.96554771895316 228.5772520999999
5.751405348380899 -1.4533879184991974 124.75038581631563 228.64327500000036
5.35512150291224 -1.4962296428999307 125.03365174424718 228.70841589999964
5.2219021839290605 -1.7137646195067786 124.6326576077114 228.7734700000001
3.7924089361561713 -1.947074108193838 124.43848546527246 228.8394159999998
3.29531517488671 -2.117419249344378 124.93758200165648 228.90383569999995
2.088914700011955 -2.2374894167143813 124.78385192633374 228.97036579999985
1.275063628414891 -2.2807392681283134 124.26777653806539 229.0345416
0.9417998827597458 -2.2296061060826053 124.13074124490144 229.09902210000018
0.2478001810930266 -2.279064898883358 124.97007782127645 229.1642627000001
-1.04589250745844 -2.223852185415001 124.30050491575672 229.23051940000005
-1.7639872654080477 -2.1697871272261495 125.28727874374238 229.29548319999958
-2.817855428941286 -1.9885872303929357 124.71139915274586 229.3598261999996
-3.637957333899074 -1.7619310887139683 124.77752829279012 229.43225390000043
-3.994547172680903 -1.7324640159361628 125.03124533583296 229.4982901000003
-4.21373748608454 -1.698239649969306 124.8229187094574 229.5629012999998
-4.8141197426711955 -0.9693412704353306 124.17169348158734 229.62819180000042
-5.207473807056694 -0.8207812207244753 124.9442663485635 229.69401639999978
-5.484972323529682 -0.7149066302681288 125.52674252860066 229.75997259999986
-5.484972323529682 -0.7149066302681288 125.52674252860066 229.82481569999982
-5.75327457265773 0.11265113222375422 126.05541638488499 229.89061500000025
-5.531273284351833 0.28013837842728706 125.63605415161247 229.9559035000002
-5.771964001133597 0.388564587315083 126.35798677796076 230.02101349999975
-5.8003119530951395 1.0830456940233846 126.3858725271716 230.08663989999968
-5.8003119530951395 1.0830456940233846 126.3858725271716 230.1511799
-5.709014417616778 1.164328486380805 126.35142074251284 230.21743779999997
-3.6872665680037215 2.281867790297653 126.49207676469565 230.28342169999996
-3.4154663567597794 2.2578245584705243 125.75095976742298 230.34784060000038
-3.1308459382206664 2.5514354242054402 125.96895189396956 230.4137684999996
-1.8626550054055429 2.667563391751586 126.22862619147948 230.47960650000005
-1.4073390958061651 2.8368067304999665 126.69796230430902 230.54584169999998
-1.0332930576254924 2.8111824015083675 127.03287497944135 230.61113289999957
1.2376026726320717 2.675736037954296 126.26936983656469 230.67713550000008
1.4240040310926574 2.343419637608988 126.74345406429649 230.74158669999997
2.9443547881231424 2.197767985917638 126.08634608868357 230.80671749999965
3.12066601523356 2.2166157819132635 126.71608126283276 230.8725347999998
3.31134216527019 1.8673960126435858 126.7548667102284 230.93883329999971
4.93582849260212 1.2690546854852252 125.36415343785195 231.0033709999998
5.097470454177888 0.8271790151443676 126.59145628174446 231.06767870000022
5.506664532868939 0.7430573353556598 125.59262205358391 231.1318670999999
5.497521777212384 0.47210479490418544 125.65919722188798 231.1976284000002
5.887151554741337 -0.07536983533239971 125.16997703067523 231.26240719999987
5.895667228931146 -0.3260094986334219 125.01736490251164 231.32830730000023
5.898143314746498 -0.3309525858731046 125.44185875652697 231.39186580000023
5.897238542134609 -0.618254906780912 125.21077538846562 231.45628510000006
5.964490019113406 -1.3273327464005562 124.91911983981028 231.52338880000025
5.8115594717103605 -1.373318919658118 125.0345646129268 231.58745809999982
5.113635808421137 -1.8374455507074603 124.39477352801836 231.65151129999958
4.495202500786597 -1.7859672685086911 125.15155652060436 231.71670040000026
4.074829413517868 -1.9775890319982357 125.06387394687098 231.78171529999963
3.916599663311132 -2.035323401687209 124.04251629730429 231.84679250000045
1.643866944678578 -2.345917138310252 125.12608377171387 231.91231530000005
1.643866944678578 -2.345917138310252 125.12608377171387 231.97879809999995
0.05026647439856191 -2.387218634776098 124.57886462491042 232.04289599999993
-0.49143540802081986 -2.370015225547817 124.7150315712115 232.10949419999997
-0.8900892453083031 -2.385974528403981 124.83071553719053 232.17289470000014
-1.1435580177357494 -2.3205823787806255 124.54099564179208 232.23841280000033
-2.7951476142267424 -1.9597269000164594 124.97371918949658 232.3041919999996
-3.188547049215728 -1.9884483381659765 124.8466050712076 232.36862699999983
-3.659343556358671 -1.8770073152755309 124.91659588175486 232.43462799999998
-4.781226237158286 -1.3437463366107743 125.21262464003141 232.49918900000011
-5.123194286863729 -1.2603942560943753 125.62124198557073 232.56342159999986
-4.851652015564191 -0.9726625564528593 124.1685998026955 232.62949970000045
-5.794615592250146 -0.45880370145827376 125.3837030812937 232.69468039999992
-5.7220322366525025 -0.2949788779255518 125.10166452425727 232.7586441000003
-5.721977329873681 -0.04482662391864489 125.0985196894209 232.82360659999995
-6.026795146182529 0.5159115841299462 126.36406447011997 232.88911780000035
-5.654556424898026 0.735056054065266 125.42400130731393 232.9530039000001
-5.496626154269414 0.9300908087848854 125.66097930124309 233.01716060000035
-4.43894282825417 1.7670153050346769 125.0432163765661 233.0829147000004
-4.933962570452472 1.8166478334512175 126.95129956419186 233.14859929999966
-3.7427779556307215 2.1063614262617745 124.65461225765893 233.21262810000007
-2.3031594459496034 2.5130018396630223 125.65265119864499 233.2770889000003
-1.6106078238300512 2.8447343280934403 126.20832804819207 233.34233349999977
-1.7453583206588803 2.7675526850308394 127.32940937374137 233.4082183999999
-1.6002725713942354 2.68451352698031 126.6839067190371 233.47318730000006
0.2098391586439874 2.9482606575015957 126.40969203794513 233.53789909999978
0.3122924419471147 2.6238393678171605 127.18625473228948 233.60324620000029
1.335231263883344 2.742775602548833 125.6212332970244 233.66716929999984
3.0431286284780015 2.374488274431129 125.70116755071034 233.73289579999982
3.484185725902769 2.234074786805478 126.23502200368675 233.79737010000008
3.4156374897517097 2.1059463091930075 126.7263937547252 233.86328580000009
4.9736982802205105 1.2315561982388712 125.74117902501172 233.92849560000013
5.0290484242554925 1.0347702977204798 125.47289487167484 233.99255379999977
5.372271470322858 0.8861961918845714 125.27666752549216 234.05790400000024
5.708662443231603 0.19636587355273594 125.19138266772842 234.12432369999988
5.64186214749013 -0.01457962898596854 125.55742610936201 234.1889097000003
5.584861256313033 -0.1311413379971741 125.7612711514863 234.25479059999998
5.879647415766826 -0.7384961530572745 124.48001598260352 234.3189272999998
5.602808643274798 -1.018563468714347 125.68080199511766 234.3838335999999
5.855119958601314 -1.0741965508815248 124.85009069943355 234.45114749999993
5.687360254480559 -1.2268537427337032 125.30874556307869 234.5163024000003
4.945183090845951 -1.8115144551985796 124.90385908764281 234.58100040000045
4.684415549990895 -1.8706288372149755 124.87405707501732 234.64569099999972
4.374580820447278 -1.9468233919417655 124.60818302832836 234.71152470000015
2.737809115566982 -2.1907957149686634 124.51615854746035 234.77585439999984
2.285794000853251 -2.327919018381021 124.59168674633467 234.84003639999992
1.723169295830374 -2.2662105805501582 125.03285694894286 234.90461049999976
0.004210527239052908 -2.3112428612261438 125.04423953560908 234.97114599999986
-0.37481802182298196 -2.385817832675378 124.46443072683536 235.03665249999995
-0.817867121021159 -2.3867366484713677 124.71893335275418 235.10172320000038
-2.1204126395577703 -2.1588789166076157 124.36525670365582 235.16564199999993
-2.6388621776870025 -2.0604604496359915 124.83515306705436 235.23152050000044
-3.1957070907643583 -2.052268102735339 125.15965208715055 235.29594400000042
-4.202130707626793 -1.5012976216133 124.45611645454649 235.36176400000022
-4.543054144588908 -1.3743021876091968 124.94539880520406 235.42795659999956
-5.133719542396072 -1.3093857539111444 125.7952655973931 235.49336049999965
-5.892910061191408 -0.6668265573386523 125.87420883626221 235.55791359999967
-5.628257591508259 -0.4341104833007685 125.00888501671245 235.62363639999967
-5.8212963183950635 -0.32134473471757774 125.39213576938748 235.68741649999993
-5.634413319384379 0.4679292399191381 124.96118750316903 235.75278470000012
-5.70836158831365 0.5400709435853814 125.37054906032694 235.81751910000003
-5.980912436049991 0.7416344934180638 126.11272756234013 235.88247179999962
-5.009938109546155 1.4872726106646619 126.12469164969265 235.94843240000046
-4.835574588514717 1.6679174275111894 126.52209963987637 236.0146894999998
-4.315996375323017 1.793973102992402 126.4779652850866 236.07955029999994
-3.949146103675524 1.998675838467033 126.09993638806071 236.14660530000037
-2.5088158622509056 2.6221775230879754 126.00963409482263 236.2108564
-2.294719317541677 2.5787325793542775 126.24911977839135 236.27744600000005
-2.1165188034071036 2.624772569751916 126.76589370912286 236.34249220000038
-0.3821713033693044 2.85808939939142 126.55252766137562 236.40641070000038
-0.37610653395723403 2.7757194847629094 127.14530842301092 236.47267620000002
0.3529460152352044 2.632408577205652 126.77028469378004 236.5396923999997
2.2754048301436214 2.3765259163680685 126.82763271876976 236.60396299999957
2.6836060050328783 2.181728600654922 126.3520639903119 236.66921559999992
2.9843353455315906 2.0342098481567907 126.1911380521398 236.7354118000003
4.473907633352688 1.6096406268041328 125.88844131250603 236.80065269999977
4.809225250622077 1.269281532430942 125.36869214708612 236.8647547999999
4.771052985992426 1.1494096699147223 125.95572309089883 236.9313086000002
5.849838766269713 0.36347537183974044 124.93933492279122 236.99643000000015
6.01235895448675 0.3635482264056726 124.66462975049306 237.06182079999962
5.838530865484628 -0.008471113916108997 125.29330137739353 237.12692069999957
5.852890774285854 -0.6841725282461566 125.11586424447826 237.19293689999995
5.976038040211861 -0.7637929015482265 124.9499400103513 237.2580385000001
5.934463850615899 -0.9513225472165769 124.86130224610113 237.32190900000023
5.687658247717643 -1.4984492781415524 125.03059210870482 237.38622479999958
5.4282386562252825 -1.5741267947553657 124.72049995569313 237.45226939999975
5.115839165127085 -1.7617517430656795 124.72659834639742 237.51921140000013
4.810865491192352 -1.777729151533705 124.34360129310674 237.58493129999988
3.1432040178107457 -2.130793152544835 124.7374593466613 237.64978940000037
2.738356572262745 -2.192496069327358 124.67666821480917 237.71505069999967
1.4428345400545268 -2.3612162073162737 125.02250727536571 237.78023659999963
1.0294520385065127 -2.2697914830576003 124.64249777332576 237.84516449999956
0.04163534691810611 -2.2961512147839285 124.88894628851212 237.90962299999956
-0.18338454147448147 -2.4459821178872643 124.60784029706825 237.9753294000002
-1.7342176960880096 -2.2993153105523385 124.78156151333573 238.0403411999996
-2.248797608421185 -2.141336759377881 124.71830785091748 238.10548879999988
-3.510129442310266 -1.909049198295044 125.22640457476075 238.1716263999997
-4.148515671847697 -1.5963453927947846 125.19079492756033 238.2368047
-4.468011245917268 -1.5936616846170315 125.28519932112859 238.30282069999976
-4.309317773403535 -1.2993073769723664 124.22965286571954 238.3670302999999
-5.333008643191221 -0.8202416203405838 124.94696718774875 238.43291390000013
-5.597769929125313 -0.6306325293003971 125.20594443867897 238.49952389999999
-5.851684682203761 -0.27127372720179577 125.56478035450938 238.58139910000045
-6.045109300663071 0.054525328629172476 126.12609033743138 238.64717380000002
-5.692910096861915 0.3187514381181018 125.07698557329974 238.71183649999966
-5.725579124981614 0.4434230064039747 125.22725050390271 238.77761790000022
-5.522853068001609 1.2174898914321046 125.92250793674081 238.84348620000037
-4.974498379132363 1.4778106803680955 125.85215063285679 238.90834170000016
-4.119038964604037 2.03534170053394 125.51385684981273 238.9734037999997
-3.6048581012630976 2.245121165194445 125.63426296946228 239.03950449999957
-3.587196055328917 2.3942101526591855 126.92948466904444 239.1055669999996
-2.9759873379483537 2.456304938992666 126.62903282913338 239.17052070000045
-1.4425272746939015 2.883750608874336 126.96775409144259 239.23587640000005
-1.4425272746939015 2.883750608874336 126.96775409144259 239.30139659999986
-1.2751627032456838 2.845140134262843 127.10555754710565 239.36613399999987
1.3408123014137132 2.756958339303848 125.30150962686032 239.4317004000004
1.8090267840787675 2.4134355397157243 126.76905884329805 239.4973197999998
2.06239631977585 2.275939560097205 126.48650856843338 239.5619582999998
3.142096823288476 2.0461729856073223 126.49493740815731 239.62748319999992
3.677306996924287 1.9150288761845262 126.32694700630948 239.69253990000016
4.0987734885928475 1.682500014206379 126.22617691671101 239.75666759999967
4.382121322241879 1.6378186000524924 126.32503310844831 239.82198140000037
5.41973712541246 0.5295129787199351 125.41799717370921 239.8860936000001
5.628772262313376 0.40745060104930375 125.53931403929785 239.9516335999997
5.868806319876114 -0.07057035544308432 125.0792201957576 240.0159008999999
5.7682223321578405 -0.28592377253491685 125.58156301421857 240.0808589999997
5.808748492143927 -0.44862195244937864 125.15868210392352 240.14581249999992
5.730930715701362 -1.1218231455679888 125.203714942063 240.21060519999992
5.739828361761916 -1.3393621833848357 125.22492942102959 240.2756304000004
5.709578601307996 -1.450298561501051 124.87079503212793 240.34248500000012
5.35512150291224 -1.4962296428999307 125.03365174424718 240.4063044000004
4.449538295390113 -1.9503168185774329 125.14370933324432 240.47182379999958
4.107281154456238 -2.0079940194086454 124.77343407493439 240.53710429999956
2.609328522205473 -2.2780867115170245 124.1427007986743 240.60292819999995
1.576263547660858 -2.3762485152413477 124.75231488085828 240.66767979999986
0.9630709210738786 -2.3468518374299387 125.17165240822267 240.73347879999983
0.9630709210738786 -2.3468518374299387 125.17165240822267 240.7977264000001
-0.7348471446521927 -2.357996836257885 125.06253802449571 240.86301689999982
-0.79408653317995 -2.3489307274706253 124.28913851823337 240.92752720000044
-1.3915032104549638 -2.2766582256374557 125.08188835841402 240.99225519999982
-3.0915163213427093 -2.007442703396837 125.2557054350262 241.05789189999996
-3.5548491390925747 -1.9609366151952172 125.22272252073941 241.12361189999956
-3.5071922194753213 -1.7914611093372712 124.23776327083733 241.1883283999996
-4.722199577478918 -1.321985934956262 124.84968139943926 241.2540226000001
-4.840796690889938 -1.1197241570054681 124.50653084059131 241.32002029999967
-5.146228627446469 -0.984098107142382 125.06900769391189 241.38561819999995
-5.7220322366525025 -0.2949788779255518 125.10166452425727 241.45055460000003
-5.820806653988157 -0.19593805803805664 125.38917821340681 241.5151222000004
-5.968258460605107 0.014047453550385725 125.83299552825203 241.5799436999996
-5.87987372018133 0.6559909232242269 125.688618277632 241.6454708000001
-6.041686715852606 0.7324347989513453 126.1060789375834 241.71057800000017
-5.752428249477752 0.9236235722168279 125.35859225862386 241.77637830000003
-5.558585071721495 1.0474644172338827 125.56747103128512 241.84170530000029
-3.8955430911460667 1.8859898032574383 126.22600861239525 241.90580930000033
-3.7667303362721114 1.9772995754672642 126.25849100333907 241.97167929999978
-3.4234155601218035 2.212557542711468 125.68770746518793 242.03750330000003
-2.2406303927568842 2.6859060643422614 126.70823758347424 242.10256540000046
-2.1858662415316132 2.5462029533125996 127.17923733523077 242.16723439999987
-0.9216381946046681 2.7651555768262606 125.67020748454516 242.23246279999967
0.8941950976511777 2.964309166203585 126.0466106858939 242.297646
0.7723492221645643 2.5710884657389386 126.3609728655688 242.3632147999997
1.381334939258501 2.5567830342480367 125.55460330552145 242.42868499999986
2.835546626924753 2.3750783568291616 126.29125913610618 242.49324419999994
3.0541951475424085 1.6329140453417872 126.40310391752601 242.5589571999999
3.7241155060392046 1.9336090287352532 125.06807013503114 242.62456720000046
4.779818938711458 1.2708214987670603 126.08358285790783 242.69141949999994
4.949157989868375 0.9995023991999239 125.93904479984968 242.7564886
5.031054726590654 0.8124691823483062 126.04168746981054 242.82304339999973
6.078542988947177 0.11978340501881024 124.42498001558464 242.8866766000001
6.006335758805484 -0.03071406968721735 124.71894454653632 242.95134460000008
5.7682223321578405 -0.28592377253491685 125.58156301421857 243.01700689999961
6.0658315352996794 -0.8916863974205318 124.57357557610864 243.0811678
5.918473645119867 -1.0420108056259474 125.30599353483069 243.14701719999994
6.124329805922912 -1.0478003784447025 124.42243574200879 243.21294839999973
5.130346204305106 -1.6023293260453686 125.18886328838296 243.27647539999998
5.003290322791763 -1.7621824645767177 124.50467008352142 243.34214020000036
4.443091697019021 -1.853918228608423 125.10249321724615 243.40742969999974
4.1220994797004025 -1.946248085382941 124.62147791283364 243.47206449999976
2.7466433109300965 -2.2200699366026813 124.00053063762957 243.53824059999988
2.1096513017070464 -2.315577951073315 124.70041730832844 243.60300310000002
1.5522342259834545 -2.347020784732206 124.9906045897392 243.66820519999965
-0.15009981899218872 -2.322182623828924 124.38924974166905 243.73399900000004
-0.5664449963487641 -2.387513118360294 124.71053816148152 243.79916150000008
-0.7404875520881404 -2.4123465934622557 124.3159924723348 243.8637705000001
-2.27059827811528 -2.1080066863956493 124.39155185123211 243.92774410000038
-2.9682506743497328 -2.0664536739007096 125.3293173015437 243.99237830000038
-3.4287145431179766 -1.9612687851927806 125.21911251812907 244.05701599999975
-4.385186460915328 -1.4345252807534399 124.68867222536359 244.12300309999955
-4.613948670213695 -1.2951457276483622 124.81665075386864 244.18761950000044
-4.832072806405279 -1.1813527439199722 124.79186284328955 244.25393429999986
-5.639792071270101 -0.5562222065628046 125.21520959826337 244.31864159999986
-5.548852600943555 -0.38919722703629156 124.6522143947846 244.38399130000016
-5.649730678766552 -0.291460799961458 124.94546171942122 244.449834
-5.794889297975168 -0.2081042355750129 125.38144541764012 244.5152479999997
-5.538714652378623 0.6980899090937043 126.04210156470255 244.57985530000042
-5.42617513878578 0.74420983839062 126.07967460799597 244.64575270000023
-5.378875493405417 0.9904344913959278 126.2440490075441 244.7099261000003
-4.490630175105487 1.7349296927368942 125.43844165409598 244.77439349999986
-4.072620370465202 1.9215993308031638 125.93338929493645 244.8393417999996
-3.9865826528611805 1.9494486154341382 126.69590889290924 244.90473959999963
-2.5424424700738513 2.655334389410741 125.85575963441039 244.9695571000002
-2.5664756507645308 2.6694261926480087 127.18310834360855 245.03433920000043
-1.9708096822870473 2.611124676756125 126.3861426319286 245.09932649999973
-0.4044817043173339 2.7501633667297822 126.56832680496719 245.16528879999987
0.2102887879005806 2.8428560578542634 126.38159454716444 245.23084480000034
0.5924304846769388 2.8906095286613134 126.59446335910948 245.2952250999997
2.3781772074021177 2.2953076768156917 126.71979183159576 245.3614109
2.8513626720892162 2.183531437152551 125.90707672227997 245.42550980000033
2.876586488911819 2.0683333634763708 126.55378191920471 245.49111400000038
3.1796800492704804 1.9119204058555848 126.75435346612646 245.55746
4.71900117933928 1.2716004750270202 125.98629399516514 245.62155489999986
5.031679639504688 1.0846837390596742 126.0122522509626 245.68564530000003
5.136327542498506 0.8444106526279826 126.06934082164489 245.75118360000033
5.615251964176032 0.10718221346238999 125.66383767148598 245.81596340000033
5.900810575920126 -0.03246014223069538 125.06731857246855 245.88068620000013
5.815913941422032 -0.22699329453648143 125.34091569595532 245.9465736000002
5.9011944204170845 -0.8696343058742508 125.19595502262268 246.01117350000004
5.933613589184034 -1.0154838443014214 124.76817835570883 246.07686600000034
6.05223898255533 -1.0748157876115279 124.71548154495004 246.14269909999985
5.216393964825507 -1.638225889157758 125.3837150396922 246.20674560000043
4.933480261081868 -1.7473924441867434 125.04866923254562 246.27150600000004
4.6824926472677575 -1.7633487313497076 125.0369838846854 246.33691739999995
2.9850030201651663 -2.0990783761446012 125.09288431833318 246.4015413999996
2.7383115340401147 -2.141739610252849 124.35645539611448 246.46754340000007
2.2772946335781157 -2.3507500543734845 124.69177098541184 246.53157629999987
0.9830409948862808 -2.235467299185957 124.21549507040987 246.5962509000001
0.09385629340975754 -2.443141453725154 124.71830769080518 246.6615197000001
-0.685768107149137 -2.3277651271793016 125.47547172002918 246.7272151999996
-1.9269520799151394 -2.243995477757034 124.87303075941641 246.7924665999999
-2.39268787688912 -2.100782926702031 125.02923303842606 246.8565835999998
-3.2388241256527124 -1.8679995408338947 123.90401851499699 246.92215670000041
-3.7930226861741545 -1.6737899626334132 124.71349545392795 246.9876723999996
-4.11019836466275 -1.6713953053149107 124.80400695395045 247.05318129999978
-4.541438446350355 -1.3315324862143272 124.75586857251297 247.11704629999986
-4.56914247209788 -1.231972379085514 124.13861607617964 247.18238490000022
-5.538742769728266 -0.5770619375958084 124.92111696565807 247.2480255999999
-5.663167970959876 -0.42802402800998585 125.14479096391351 247.31339639999987
-5.989748096481684 0.05252405264336946 126.0800741828751 247.37903110000025
-5.81904322452457 0.4232102903264254 125.76186478085408 247.44376230000034
-5.710808354937072 0.5475507558862416 125.60807190731735 247.50903039999957
-5.445625581494639 0.8124670970486304 125.49471252815239 247.57438139999977
-5.411150634424999 1.4203654117792812 126.4752363928977 247.64043719999972
-4.738357117324817 1.6505654646721883 125.82053113971969 247.7058466999997
-3.586401813145706 2.227923200501382 125.48330504122731 247.7713064999998
-3.0496577863301226 2.4229542331425025 126.40463323601104 247.83761589999995
-2.8238178345712157 2.547078057515574 126.41977299843916 247.90313590000005
-2.511536375153945 2.690296562856252 126.62480834216541 247.96759500000007
-0.9036028676369625 2.8695228371113117 126.68095498806564 248.03344970000035
-0.9036028676369625 2.8695228371113117 126.68095498806564 248.09796749999987
-0.14286070906562287 2.738324726257532 125.70087861384826 248.16403600000012
0.2718435191473816 3.079235146930102 126.41182924195843 248.22855849999996
2.5914742403364883 2.4471294385531017 125.61338977057297 248.29462140000032
2.588592614569073 2.4833827861514264 126.18124537526934 248.3600091999997
3.803001091669614 1.9122606459439622 125.40425111152484 248.42450410000038
4.145475868792936 1.482824131219202 125.98756728072111 248.48909960000037
4.413694781573362 1.6082853909720813 125.78890942151486 248.55404840000028
4.645038108815982 1.3388372168114238 126.04412698281972 248.62011129999973
5.707299007069665 0.3864457153103533 125.29190488250394 248.68489969999973
5.762759138346169 0.15439539743959196 125.50434982999204 248.7486114000003
6.048937165076794 -0.2642892450624257 124.80258089491485 248.81396330000007
6.125161498506856 -0.3517462943665184 125.40484667489787 248.8800368000002
6.13681374017672 -0.5963242320161666 124.42355694697746 248.9444021999998
6.049423436267929 -1.3288862341611538 124.72616670083208 249.00894530000005
5.67889320076047 -1.4495628897338348 124.71457275692823 249.07559669999955
5.312167065101505 -1.621513113194422 124.85861967965212 249.14021539999976
5.312167065101505 -1.621513113194422 124.85861967965212 249.20556990000023
4.005671936757935 -2.009784325059381 124.49649498066414 249.26994079999986
3.7363862214142785 -1.9872079236870448 124.2204177279126 249.33514360000026
3.025951388621415 -2.2112736034442344 125.07610187977886 249.400216
0.8320465081742086 -2.322751972642149 125.02261771974504 249.4659769
0.8320465081742086 -2.322751972642149 125.02261771974504 249.5304716999999
0.47932632142011045 -2.374724867880679 124.65796112972824 249.5952841999997
-0.9191104782526835 -2.362872584996104 124.30486165662765 249.66016070000023
-1.4645498299167627 -2.3131554587633842 124.79462775180069 249.72652190000008
-2.12967356289456 -2.3065182989745927 125.52980896353257 249.79123429999981
-3.479794299447981 -1.9373569353725908 124.7307982287651 249.8558068000002
-3.7900936650592882 -1.6917923057225415 124.85848793371648 249.92207549999966
-4.141894867245583 -1.6563987422035122 125.24535957928609 249.98713959999986
-4.925835249019208 -1.0189242790181077 124.51299513380715 250.05210869999974
-5.35379961776448 -0.9640588296263046 125.31006007631714 250.11806009999964
-5.3399872444958945 -0.7845393632555155 124.95675307272754 250.1829434000001
-5.793357449220707 -0.14819510526454405 125.50684174707064 250.24785669999983
-5.691463688377048 -0.05631138800081181 125.07720906495562 250.31272160000026
-5.6593231271940425 0.21088330465383975 125.27911051352028 250.37812029999986
-5.291111175072231 0.9182675505840372 125.35776544239047 250.44314140000006
-5.461215518282728 1.019476889224166 125.80800541722606 250.50808309999957
-5.230588715916099 1.3078044901006596 125.15938872488539 250.57394889999978
-5.421845711024339 1.3751584608624818 126.05951883038513 250.63965319999988
-3.5258131234304813 2.048840685881033 125.42154411443707 250.70458150000013
-3.649474674665484 2.2664743777726137 126.62865491403872 250.76922399999967
-3.5835070681274246 2.19840259481706 126.75872959465775 250.8343187999999
-1.7542936784074143 2.6137001969415636 126.15117261252884 250.90030250000018
-1.426769691602253 2.96685604650025 126.74202131597917 250.96574220000002
-1.4199446429053424 2.678035635771633 127.36478617071725 251.0311585999998
0.8010229368260227 2.55975349614864 126.63355556248476 251.09634499999993
1.315216022406183 2.6973078613838393 126.8641314269931 251.1615727999997
1.7098518505062117 2.3685140798784703 126.87026441784167 251.2258066000004
3.10775399835169 1.9643307133311017 126.73733302143387 251.2913767
3.5267716188339904 1.9203268235943527 126.47999670689647 251.35665140000037
3.7813205311046616 1.685079374533998 126.48577376930164 251.4221024999997
4.938884626320082 0.7805472548437637 126.10004387254043 251.48627140000008
5.281840244565572 0.8344387037499396 125.6730985279168 251.55218030000015
5.544396314009859 0.6551500628813494 125.4204280978111 251.61808389999987
5.711697662789852 -0.13071158209830047 125.75890358339431 251.68297799999982
5.7711523903023405 -0.3308581696907944 125.44782681049594 251.74933799999963
5.990468245306026 -0.3661442033325417 124.67732123852585 251.81361939999988
5.806114561966311 -0.5968852231287032 125.33542699627363 251.87902339999982
5.899981724078835 -1.182155053903448 124.92575302257066 251.94423759999972
6.013343439187892 -1.2982359626514448 124.54437266325068 252.00932550000016
4.808011400184959 -1.7456822484232695 124.8782732675985 252.07508919999964
4.371967723823111 -1.8480695329393493 125.05076385793376 252.14028179999968
4.070887610935394 -2.0083428907297423 124.57902241015363 252.20592039999974
3.595116718480398 -2.0550582817373617 124.7156047775685 252.26997440000014
2.1053375671008325 -2.189136884155322 124.55476627400833 252.3339603000004
1.5318675402263011 -2.361228912003179 124.84042938009915 252.39951139999994
1.0085458965670142 -2.3447067792351852 125.1620205714761 252.46390989999963
-0.8496182129611398 -2.3407452100440227 125.39355542947236 252.52869809999993
-1.0412498554807286 -2.293237507554286 125.04470016408308 252.59357050000017
-1.1473512931979997 -2.255029232008889 124.32697086961136 252.6597394999999
-3.1652364916228635 -2.006801416872389 125.36587526355173 252.72412989999975
-3.3253486207012983 -1.8984365229846611 124.44417619189018 252.78782210000008
-3.732004012171103 -1.8117656390899741 124.73993774928579 252.85362309999982
-4.124768083140189 -1.7078052577913914 125.31483486545689 252.91815190000034
-5.212672856822117 -1.184375522435912 125.5646010087201 252.98325300000033
-5.043707756406853 -0.9556131394810408 124.76451978706298 253.0483174000001
-5.745339635883866 -0.29525747394925284 125.2253163772559 253.11364870000034
-5.69094549042191 -0.18132217505583437 125.0771869316133 253.17909510000027
-5.703237279986581 0.02061553342036626 125.11283389516925 253.24429099999998
-5.831837676665636 0.1509560008275712 125.66829742212751 253.3097826000003
-5.531575092716494 0.8394836215232377 125.95315616499622 253.37504249999984
-5.416934315164248 1.0507720517263088 126.51365273777488 253.44051459999991
-5.0217532720110185 1.2012470417874757 125.995007792772 253.5045938000003
-4.615929269399302 1.9015140530127277 126.6162605349783 253.57017290000022
-3.655035510089448 2.231763227619105 125.06737142374321 253.6337499000001
-3.9850979448027033 2.234961434235573 127.17443711014545 253.69953819999955
-2.0278006770571437 2.6816275980516933 126.16169834739615 253.76519850000022
-2.134073710898484 2.6395233847816035 127.35124479471379 253.83065700000043
-1.2539577234432144 2.6737264220721606 126.31331297836199 253.8959273999999
0.5983152044588067 2.8040442400580496 126.29654419268275 253.9607847999996
0.7776739583384398 2.42233206511003 126.63799037573136 254.02517819999957
1.343420126173747 2.66236429209011 126.22634261632432 254.09146650000002
2.9839785262288956 2.2788438098973796 126.20463261868944 254.15665739999986
3.5315710238011633 2.205637227664165 126.08783285677147 254.22285230000034
3.729264035114234 2.1215075681152156 126.26051449225831 254.28671159999976
3.893965191319012 1.6737075315147951 125.93661707369563 254.3507397000003
5.084876485888316 0.8914079041789749 125.44642212176005 254.41521029999967
5.398843998566029 0.9861402769009311 125.38445580529984 254.48052220000045
5.420640874052218 0.7036354856290464 125.97000341191297 254.5453854999996
5.821899910088405 0.00901675897187737 124.98075039971619 254.61097979999977
5.714111401654151 -0.2577037691004387 125.74749124590348 254.67676630000005
5.723398520609166 -0.33435019401152144 125.46640560344746 254.74203579999994
5.822175852853455 -1.0588212174784075 124.96614602335924 254.80766510000012
5.6604487929059815 -1.2135126931154723 125.39028974365155 254.87314979999974
5.79802154303831 -1.2934872017976362 125.28607973717301 254.93802919999962
4.826130524300119 -1.7260063010027062 125.06154831469001 255.00287209999988
4.826130524300119 -1.7260063010027062 125.06154831469001 255.06798960000015
4.185600995206897 -2.0246680702144415 124.36223595987433 255.13283950000005
2.4152922578650404 -2.255350789276492 124.71825423723695 255.1974553
1.9721818682269188 -2.333684189309534 124.95782873834519 255.26319010000043
1.4035909673531464 -2.3451235651405655 125.19387329213939 255.33022679999976
0.42714333865740883 -2.384722038033103 124.32772672398289 255.39438820000032
-0.014506651662635761 -2.4672175136147976 124.22187106172244 255.46069970000008
-0.9635086237387114 -2.4448015866314297 124.64218739026862 255.52501440000015
-1.1959924883747988 -2.2721227810566886 124.52262290412501 255.5903099999996
-2.9157934428757315 -2.0214857612850046 125.16445217245057 255.65559759999996
-4.157872846537607 -1.7375947379019454 125.53566705388933 255.72136000000046
-4.383477859010007 -1.643616942370428 125.06024581189132 255.78699400000005
-4.61696725690468 -1.4666129479684566 125.21686984998401 255.8527170999996
-4.965451621552205 -1.1705148571343598 124.88849219328142 255.91782020000028
-5.00381013125854 -0.9401009624989853 124.6330350821153 255.9836124000003
-5.794615592250146 -0.45880370145827376 125.3837030812937 256.04875749999974
-5.671334134690355 -0.27957892341499835 124.93957904668743 256.11395040000025
-5.7884446279732416 0.3038468741525414 125.42602586336368 256.17945919999966
-5.886380072699865 0.46609095363770714 125.84156575846664 256.24557149999964
-5.779541061703895 0.7836761324077597 125.62262478870865 256.3110462000004
-5.980541484646032 0.8678160691271664 126.11021379697068 256.37705220000043
-4.421665671118468 1.6745194014395195 125.48572815812253 256.4423190999996
-4.421665671118468 1.6745194014395195 125.48572815812253 256.50773200000003
-3.6512806756931653 2.3758266475939482 127.12824196746637 256.5723157000002
-2.5576520035839323 2.566700944211048 126.03323161622681 256.6363001999998
-2.37080840533136 2.7041238104934258 126.65313132569939 256.70185889999993
-1.870242283420282 2.5622375233128603 126.5984554576945 256.7666369999997
-0.6483757090013924 2.820110402647821 126.86431945492515 256.8313790000002
-0.5027170946557789 2.844300900005486 127.07332361665996 256.89717480000036
0.13642632597920823 2.7406828686123017 126.80379750859628 256.96417070000007
0.8268964974300985 2.787809686007574 126.26191277407794 257.0284797000004
2.833063634726308 2.020676777637817 126.44530342639062 257.09404110000014
3.023907166020166 2.1511929945174444 126.36392017979797 257.15897510000013
4.233059847455678 1.7235863159649094 126.41892070551489 257.2236659
4.6327634299388905 1.584644263140702 126.17977244967699 257.29017939999994
4.561668807479471 1.1743091715905547 126.40386046846785 257.3549605999997
4.978638859244654 0.9785765023739459 125.72145588543562 257.4206463999999
5.580267316913549 0.12289748619375196 125.78308553888304 257.4860214999999
5.68628888637096 -0.10079299530916808 125.3576356748507 257.5504437999998
5.648629004542244 -0.5831554609203966 125.43619577719292 257.61583410000003
5.917778243661736 -0.592176328298281 124.77693640930872 257.6814035999996
5.726748173954391 -0.8707070306786384 125.21918703880044 257.74653860000035
6.088200728609664 -0.9552348024082253 124.04033533079023 257.8124361
5.48502381920995 -1.5917694033913192 124.22668845491982 257.8774309999999
5.062444093876337 -1.8259980451765685 124.5142028297752 257.9428574000003
5.062444093876337 -1.8259980451765685 124.5142028297752 258.00834380000015
3.29531517488671 -2.117419249344378 124.93758200165648 258.0738779000003
3.0505197541338447 -2.1156358349653632 124.75526512246529 258.1399142
2.4780663199062403 -2.133454714965111 125.3048689359968 258.2050502000002
0.32937596786615586 -2.342343426243186 125.04963992452312 258.27205930000036
0.32937596786615586 -2.342343426243186 125.04963992452312 258.33746690000044
-0.16655358138471854 -2.3879223263753744 125.25016686187315 258.4033159999999
-1.6047118739108086 -2.273845295521136 125.09745538565114 258.4697597000004
-2.011062471127808 -2.2402185225809985 124.79847973852705 258.5344107000001
-2.277419611406536 -2.082678548422599 124.60100053384367 258.59948820000045
-3.831241330470114 -1.7311835908489894 125.03786498342531 258.6650262000003
-4.098747532469915 -1.5957051461793412 124.91219724501848 258.7298662000003
-4.436496245402168 -1.473148022234282 125.18373872053553 258.7940815000002
-5.514078340221893 -0.9306026952259827 125.80175972449153 258.8588731
-5.426390500428333 -0.8174693948242975 124.97123202309021 258.9240987000003
-5.696147360191517 -0.5725912575176704 125.39514129396306 258.9892609999997
-5.808987268917164 0.0653559186368351 125.42096972811032 259.0561152999999
-5.591508740392335 0.2221633926710287 124.95128750759628 259.1223399999999
-5.645823817141434 0.43452272307137035 125.35110180490489 259.18824909999967
-5.906293050161729 0.9957858886761765 126.1443574966597 259.25385129999995
-5.408095072115543 1.2111566008639003 125.88296192762141 259.3179895000003
-4.24637566910134 2.060566561446053 126.3988586371052 259.40180390000023
-3.947641860437784 2.1714164657458355 126.45036141130112 259.4672048000002
-3.555603387360236 2.3766558560590605 126.04666392132444 259.5322834999997
-3.2807322632700533 2.5252074001554483 126.825367668037 259.5974795000002
-1.561056173852542 2.6753073323826757 126.9426207500442 259.66252069999973
-0.8908347887614596 2.8500331549713187 126.41921564857164 259.7272445999997
-0.7752707446151419 2.910881890217556 127.06622430722555 259.7927344999998
1.237353331775111 2.7379436009922085 125.80662585951049 259.8580737000002
1.3539286519659441 2.6825095202330385 126.95077693167511 259.9227742000003
1.682088027341969 2.3925159882517972 127.06890622370548 259.9891951999998
3.193585184599435 1.8756672413003408 126.55003791092845 260.05415900000025
3.718428616679617 1.8787861989111725 126.1580955012771 260.1184727
4.157460431924349 1.735155698037338 125.80603344505359 260.1840949999996
5.155181835054279 0.8483894917116032 125.6865529896051 260.24985469999956
5.365144312887153 0.7250991797856723 125.68570690041356 260.3155221999996
5.581080515538574 0.6749043599693716 126.28692508846926 260.37965280000026
5.99488575663041 -0.07054781646779718 125.07619121196414 260.44516620000013
5.9158156561020405 -0.49413905445588124 125.19524820623765 260.51181989999986
5.904138013305932 -0.5580314820630461 125.25799225454026 260.57560639999974
6.044173852611422 -0.5924529706256922 124.77066212222569 260.6411912000003
5.964490019113406 -1.3273327464005562 124.91911983981028 260.70751740000014
5.939309479799739 -1.390843056914334 124.74745065433288 260.7734946999999
5.608888453719636 -1.4968178585390648 125.0187932084607 260.8390731999998
4.563879299070557 -1.7640979870403157 124.76716144974522 260.9038633
3.8827081208419045 -2.01149255921073 124.65994379460015 260.96871889999966
3.5490567196878047 -2.1180944852994763 124.9220364685006 261.0340040000001
1.965179773633274 -2.362099797119744 124.78142435632077 261.0999407999998
1.4047076861395027 -2.360847526366386 124.84930985186546 261.16628430000037
0.9953033440282795 -2.4198737938827333 124.65757418329915 261.2321118
-0.8059637457667392 -2.373890083250378 124.89358102331433 261.29663919999985
-1.035338509230236 -2.3699922696569726 124.73127873958572 261.36195190000035
-1.4481439209054727 -2.2600479912526756 124.74389170596852 261.42757100000017
-3.168927177212744 -2.032325115991361 125.32657487835874 261.4922931000001
-3.5147125766074794 -1.910377878883994 124.87936354502784 261.55869040000016
-3.822283564944783 -1.6941991954851043 124.8343250468464 261.6230550999999
-4.674696124189154 -1.1443000311005815 124.50624703729032 261.6881381000003
-5.1011110199455345 -1.0902808610833017 125.30364915319633 261.7536833000004
-5.148292590036142 -0.9281367044239865 124.87471188394508 261.817943
-5.690409401771227 -0.3063276032442308 125.07711691020326 261.8824347999998
-5.919167096495315 -0.137096019291447 125.57729877357207 261.9465690999996
-5.68112837374624 0.1081202940364071 124.89569792158562 262.0125127000001
-5.667236657765173 0.22011210335429698 124.92137137037211 262.0767874000003
-6.038805236786985 0.811545104498193 126.09826480532024 262.1407892999996
-5.95797820230451 0.9667247691930528 125.9758715043878 262.20618449999984
-5.447768871087618 1.1798155502161984 125.5570376799433 262.2713520999996
-3.9268741523915622 2.008747821160533 126.04812677435626 262.33729719999974
-3.5392005130608837 2.1550142693248198 125.53435287739556 262.40165739999975
-3.8550865629183093 2.2030865615664474 126.67791648205667 262.46786020000036
-2.168099457113719 2.694530544999502 126.67756435845729 262.5334756000002
-1.6026077042362274 2.769560370105216 126.66136997097895 262.6000648999998
-1.287564073901784 2.7723640525705964 127.21880144888483 262.66450629999963
0.2530112249699812 2.7111017970739715 127.0354841942436 262.7290678999998
1.118968979312065 2.779755448413149 125.97720846203114 262.7940698000002
1.2252332574159013 2.653724499789995 127.04373178877374 262.86008500000025
2.7317201155316866 1.9867509097341063 126.85632197413152 262.92377860000033
3.1115052090658395 2.071886669371772 126.63498654654533 262.98903100000007
3.398481671462278 1.9197857999398829 126.48509224915797 263.0540380000002
4.022929425251725 1.6780523417780286 125.90491772203116 263.1183692000004
5.362149277234344 0.9305316697772321 125.14507585259624 263.1847624000002
5.343565179678478 0.7397614498995724 125.74396388587422 263.25064779999957
5.432260075394929 0.46359863905022225 125.44599551904983 263.3147600000002
5.927411415510065 -0.09232548780848682 125.35316650973405 263.3796905999998
6.080321645049807 -0.2177803267283589 124.67548790710865 263.44530550000036
5.914723189240249 -0.38148053774987 125.43399484677892 263.50915150000037
5.9339340284128355 -1.1194666359152377 125.35261431743952 263.57627669999965
6.187782067915592 -1.2026716829792208 124.26215390064608 263.6419960000003
5.938138821726795 -1.3735745722711616 125.02827067430614 263.70611350000036
4.862053356901633 -1.7609085836178102 124.74442414701133 263.7718686999997
4.862053356901633 -1.7609085836178102 124.74442414701133 263.83713910000006
4.375234058632188 -1.9791165442128493 125.0508321715779 263.9028801000004
2.269155660714766 -2.252667245883931 125.42503312722327 263.9683520999997
2.040565940504493 -2.362731691478506 124.80417657675066 264.0341883000001
1.3433540041565166 -2.347608201446267 125.15317776212537 264.0985007999998
-0.007730436198613688 -2.342481249812294 125.2169314412342 264.16320689999975
-0.2385503622166354 -2.3708167964230724 124.7016605302809 264.2290105000002
-0.6410549029891257 -2.322222786891362 124.52219098174707 264.29498479999984
-1.2030687035257088 -2.1805558751336593 124.51463956247392 264.36012740000024
-3.196131590327731 -1.9268826762754596 125.46959015786021 264.4252673000001
-3.996963967931933 -1.667322216840247 125.11291789642604 264.4913061999996
-4.400624507093248 -1.5954655107892557 125.19780704037495 264.55746180000006
-4.486342139568421 -1.3919220526711382 124.57505519177047 264.62235919999966
-5.1722473886174924 -1.150941737752367 125.1287089829814 264.6887893000003
-5.247504577487263 -0.9353340546656113 124.99523172124628 264.75345300000026
-5.891656182706143 -0.415049138366931 125.86750913987116 264.8196036999998
-5.820806653988157 -0.19593805803805664 125.38917821340681 264.8850461000002
-5.554174832014162 0.3351906773759795 125.1358515187705 264.94984289999957
-5.594161564294538 0.5416668144770778 125.83924517160538 265.0151926999997
-5.2719813640581705 0.9078336550141425 125.60305596509055 265.0811096999996
-5.270656388003225 1.0335025219300848 125.59760688843194 265.1458822000004
-4.536677495462342 1.8589123583786735 126.00603380540923 265.21154790000037
-4.546948855841542 1.8858516194412094 127.09054229539416 265.2772162000001
-3.6347756032435754 2.218173837955752 126.5252928913358 265.3425871999998
-2.9393290983045617 2.4289172165215094 126.07723269219184 265.40784189999977
-2.0631300184779704 2.6551316330609334 125.3159884865224 265.4736601000004
-1.9386298766407961 2.574348410067639 126.58130963169766 265.53792150000027
1.0015729643141214 2.8838479214255557 125.78618946169018 265.6040595000004
1.0015729643141214 2.8838479214255557 125.78618946169018 265.66836429999967
0.855371107634177 2.8394885939311507 127.06686192670222 265.7333805999997
1.8852718192223747 2.329340098513892 127.02611076729505 265.7983881
2.27943329998827 2.1161691392895934 126.98087581100262 265.86453079999956
3.052417322633083 1.9945522040002277 126.77305857206633 265.93019129999993
4.266113846693635 1.5250641321179281 126.11799696614395 265.9951000000001
4.440765255607417 1.388875674680054 126.26701246546027 266.0613562999997
4.739645698153019 1.1762451444835365 126.1947992890356 266.12741089999963
5.4088513316398235 0.514964284898096 125.60992068250488 266.1923647000003
5.791857562023942 0.11209014627290226 124.83070322284736 266.25746809999964
5.68628888637096 -0.10079299530916808 125.3576356748507 266.32185709999976
5.847234653387559 -0.5118094069754908 124.7825264845978 266.38695050000024
5.802085343395142 -0.6396814995310771 124.7933016153841 266.4512837000002
5.682524051367757 -0.8489875874005361 125.3277455680247 266.51629839999987
5.735773643330262 -1.497105947214333 125.01129967741021 266.58188789999986
5.616913152623738 -1.5136971377242738 124.71479870013847 266.64685759999975
4.809578215964564 -1.8723539961318894 125.04523572451787 266.7107582999997
3.7038719125567567 -2.072211891854072 124.63268510017703 266.7769156000004
3.381418340975472 -2.0854968482903518 124.61408925247822 266.8408964999999
2.904668705801761 -2.177509144489024 125.09105183570523 266.90667099999973
1.1708590221838762 -2.3747876131140164 124.81300576857926 266.9717547
0.7433268094793846 -2.3700244407232938 124.77007857130795 267.0360817999999
-0.2385503622166354 -2.3708167964230724 124.7016605302809 267.1015318999998
-0.2385503622166354 -2.3708167964230724 124.7016605302809 267.1671524000003
-1.6317950606907488 -2.3606971962227137 124.93678809465644 267.23142780000035
-2.1233590861177447 -2.120808950212599 124.84321556576174 267.29824650000046
-2.508876700115188 -2.1147558199118603 124.9417536250964 267.36376610000025
-2.900897583584751 -1.9874972422512394 124.8533010582664 267.42871449999984
-4.057446838929543 -1.5945358154552984 124.60842812645802 267.49454630000037
-4.1319744837611125 -1.346282355049647 124.10161510879256 267.5582499000002
-5.480452953636124 -0.8382990622144708 125.31339111215713 267.6233119999997
-5.696558549796968 -0.6980012281460455 125.3978839029036 267.68856010000036
-5.6383486490653 -0.4309740156259467 125.209378174121 267.7535521
-5.794362303640362 0.1028288934996523 125.50694637734752 267.81920679999985
-5.78435867317539 0.28090944535491336 125.64288575166837 267.8830313999997
-5.935768123122401 0.4933371347356495 126.10050301617301 267.94814359999964
-5.727533501579003 1.143154889688007 126.45570448456692 268.0120106000004
-5.145747959501627 1.377200835184584 125.40706208149702 268.0790354999999
-5.080191602362525 1.521851857851205 125.78983532812046 268.14390340000045
-3.611930076647596 2.264771916633607 125.9725730936179 268.2087295000001
-3.601072683840755 2.3135109688104425 126.80499897978429 268.2735173000001
-2.724107142732329 2.4818940902881077 125.61296980113876 268.3390290999996
-2.8136830210266908 2.647640053533923 126.88949570527197 268.40508899999986
-1.4042371278227392 2.9045931878814204 127.1804860288397 268.46984539999994
-0.4690388552024558 2.6366295805924747 125.83533424542989 268.5348114999997
-0.18031394724823713 3.0139453049745013 126.92906202937182 268.5999492000001
1.7992773126847794 2.449178599451691 126.64893423099547 268.6646727999996
2.4981299913142863 2.577529938487373 126.03121915949735 268.72941249999985
2.415207445036174 2.366529516111564 126.92460804506106 268.7939051000003
3.8388443449829026 1.631898197148978 125.89239801529942 268.8587249000002
4.18171410690335 1.6436129130882653 126.29185745048862 268.9224766999996
4.638497481944711 1.474607967372029 125.26804677831191 268.9884109000004
5.425988337184599 0.5343973238761692 125.69135158013626 269.0530209999997
5.5530905204186425 0.38669498997314783 125.84895638207044 269.11888069999986
5.810098729027068 0.3226831712921948 125.92448932907458 269.1835277
6.046060861411938 -0.34287877980595916 124.93521983190438 269.2496387000001
5.975869062934109 -0.6200233751044888 125.2235434275722 269.3140903000003
6.0229420722309115 -0.6848281937653498 124.99059096606841 269.3795030000001
6.11322350449354 -0.7648041422112697 124.8925815481389 269.4452732
5.85612951106539 -1.3065031803496274 125.37112248178384 269.5134916999996
5.706487154421467 -1.498937720303295 124.08387240631454 269.5774689
4.18018346206275 -1.9945838370137539 124.89414482841406 269.6435921000002
3.8389597974664227 -2.083348996475343 124.51936379737317 269.7081248000004
3.3642674727609077 -2.2548821093259903 124.59126987655833 269.7748609999999
2.9502558844366433 -2.1950678591786223 124.65935425197065 269.8381688999998
1.3075723300019604 -2.3134337380306866 124.59037675615117 269.9044047999996
0.8110743237259967 -2.2810583813675565 125.04435597235789 269.96853439999995
0.3876578577737533 -2.3577121292965852 124.91776659999731 270.03270150000026
-0.9726085522612635 -2.225124511902189 124.18447160576711 270.09835569999996
-1.7315395385328145 -2.2734479523034676 125.10396400546661 270.1624359999996
-2.0639403724002463 -2.245483910524017 124.92904829673236 270.22775459999957
-3.613770243723245 -1.8588929972135357 125.01240539950543 270.29398200000014
-3.977448500947361 -1.7331262167114594 125.12056848788363 270.3586299999997
-4.230052293228361 -1.6234335319363673 125.01678463807875 270.42267400000037
-4.5279253930072585 -1.469836161784865 125.20362250885059 270.4873878999997
-5.514078340221893 -0.9306026952259827 125.80175972449153 270.55163660000017
-5.507629726945154 -0.674439499796744 125.0938860234049 270.61739510000007
-5.938704038147698 -0.13771100451562956 126.11655889561962 270.6813940000002
-5.7357073723809435 0.050572094777040055 125.38805020088783 270.74663059999966
-5.78435867317539 0.28090944535491336 125.64288575166837 270.81160269999964
-5.6692203728972785 0.4182099116610142 125.37217890150268 270.87714010000036
-5.6999967349161835 1.03673816394821 125.63835377042042 270.9433319
-5.163301854541743 1.2564128763880995 125.3239240025337 271.00851859999966
-4.986565403004214 1.5088366762693968 126.14807440420908 271.0738586999996
-3.415607933408893 2.259817915302013 126.02054424386155 271.13813949999985
-3.3060435843354483 2.374598601358315 125.99729981439705 271.2042414999996
-3.470780018161733 2.4126573041242327 127.21395474380311 271.2680484000002
-1.6765831683299766 2.738095358601778 127.21796165629662 271.3334480000003
-0.7416755171964482 2.8965506460755632 126.24293290489625 271.3990739000001
-0.4246652279777905 2.8720896870548867 126.8920211192836 271.46312639999996
-0.11041273369069415 2.8687292405957954 126.9794155740016 271.5280163999996
1.529477886725303 2.597454502860879 126.48035691224257 271.5936327999998
1.9152391694028381 2.644241895337715 126.8894058603253 271.65892259999964
3.406298476027878 1.921693666541014 126.69683911510265 271.7227352
4.100239532002803 1.996143203407338 125.6683844295065 271.7873655000003
4.126055537754183 1.6505582792926232 125.58646972377623 271.8516047000003
4.247102742561381 1.3316542115668408 125.94402471972069 271.9169423000003
5.544396314009859 0.6551500628813494 125.4204280978111 271.9826992999997
5.622033875047073 0.5982932754075933 125.66456453269231 272.0477842999999
5.719269185283878 0.31973485044372457 125.3202416099449 272.11415229999966
5.898221128862232 -0.41232015363596597 125.56404445628161 272.1786608000002
6.145491457009712 -0.5125364058910538 124.6382582075032 272.24304589999974
5.980382003654682 -0.6371565417727236 125.22668441315932 272.3080974000004
5.9927669792600184 -1.3121620674253012 125.05778604699636 272.3748373999997
5.8115594717103605 -1.373318919658118 125.0345646129268 272.4391020000003
5.687189848517406 -1.4659426274043912 124.40624202985116 272.50321859999985
4.3286463579535805 -1.9756627534899485 124.22949250385078 272.56900080000014
4.3286463579535805 -1.9756627534899485 124.22949250385078 272.6342655999997
3.9494209708342325 -1.9458880410562007 124.4757815020238 272.69890680000026
1.678571516320801 -2.2705347950374506 125.04179882950433 272.76543390000006
1.3157159793947386 -2.3608171153727464 125.03052869033863 272.83107949999976
0.9294619335615053 -2.3151804288665487 124.85124429151223 272.8969659000004
-0.46302067162307026 -2.2949455685841618 124.90914318180566 272.96188210000037
-0.817867121021159 -2.3867366484713677 124.71893335275418 273.0272304
-1.447029131878523 -2.1959746558393816 124.4382925394841 273.0921384000003
-1.9398278720758952 -2.1767510238372587 124.77065553731258 273.15807330000007
-3.613770243723245 -1.8588929972135357 125.01240539950543 273.22331459999987
-4.235541733843348 -1.5173502442022735 124.56952263461942 273.2906174999998
-4.588712111875466 -1.2967202215208053 124.88080777122467 273.3559961000001
-4.908450761876338 -1.218090852704484 125.21808123315355 273.42043170000034
-5.078943571355609 -1.070923189888392 124.93560808087555 273.48540779999985
-5.714511944559398 -0.7420772381807685 125.83438533779673 273.5518265999999
-5.7999341778620135 -0.13047439505031155 125.39696340812311 273.6151711000002
-5.621723899937749 0.09928087368271987 124.90333907664228 273.6821981000003
-5.734628321318226 0.5520793790882164 125.37900134560911 273.74566870000035
-5.779541061703895 0.7836761324077597 125.62262478870865 273.8110628000004
-5.940246151630497 0.9918882097070735 126.29203922545499 273.8754520000002
-5.475315327611206 1.2538021043144227 126.22222651467247 273.94098229999963
-4.2184329441493205 1.9828656692423174 126.22002354446546 274.00549239999964
-3.868484115944618 2.124062655384897 126.10956192422206 274.0712246000003
-3.868484115944618 2.124062655384897 126.10956192422206 274.1358688999999
-2.0452395736741664 2.5820760103488576 125.61975739891074 274.20050850000007
-2.100314624919605 2.676751722380062 128.1282448391703 274.26484170000003
-0.6090342310600505 2.6629432068062795 124.93172369794173 274.32878100000016
0.810279405810256 2.9961876675213395 126.27439640355547 274.3952529999997
0.810279405810256 2.9961876675213395 126.27439640355547 274.45972189999975
1.258464655805696 2.546929509446864 126.34899846729425 274.52458540000043
2.7790313975573966 2.38688029258142 126.68239667256564 274.59080319999975
2.819491426478521 2.256360002808992 127.35403388031865 274.65514919999987
3.822073529025076 2.0414311430937073 125.98402476698422 274.72008430000005
4.686656278035315 1.3020559672110312 126.4116130214387 274.78595550000045
5.036717806067458 1.143735708814897 126.06581933890065 274.8524035999999
5.135615423847213 1.0039063513920254 125.87139892901553 274.91808200000014
5.626150578756878 0.14565064664417238 126.24120543185674 274.9834380000002
6.045587993067386 -0.013625162885095521 124.8150555236443 275.0477800999997
6.029578944863836 -0.2842617213092118 125.05372771361594 275.1128464000003
5.934143355959932 -0.7228622556459641 125.32533896410644 275.17752199999995
6.052571165476046 -0.96808998798858 124.73716919549369 275.24196349999966
5.986864595885663 -1.0417523097722032 125.05909951341029 275.3069132999999
5.662243567432888 -1.4509076952899869 124.57450857531104 275.3721730999996
5.061740420173017 -1.7462615066767175 124.86215868272558 275.43676680000044
4.423747937368184 -1.9613464313757887 124.49832273991954 275.5016552999996
3.933015883049066 -2.023871973158928 124.37825423377016 275.56697650000024
2.607890444102928 -2.22420598215934 125.1007152286184 275.63111579999986
2.4911798451824794 -2.2829038564048196 124.3714081053039 275.6965111999998
1.9133827240472172 -2.3623593734729913 124.81335000177491 275.76098120000006
-0.0030606343377783674 -2.4042308463357647 124.9749144573607 275.82654999999977
-0.8610324671779566 -2.357642337379411 125.06712054749141 275.89255090000006
-0.8610324671779566 -2.357642337379411 125.06712054749141 275.95815289999973
-2.3313301441452836 -2.239310057703077 125.05034064975756 276.02448509999977
-2.4518958734125746 -2.089681022610179 124.42130372861794 276.0891432999997
-3.1359116029869796 -1.975258652988353 125.15304951883593 276.15631759999997
-4.24750017577594 -1.5753435135192526 124.80263651037217 276.2198750999996
-4.553629822115866 -1.3645574974820107 125.0484058670156 276.28586929999983
-4.900133095060568 -1.277967178519774 125.26665568624598 276.3508364999998
-5.710152380618332 -0.6145082043443644 125.61823483792544 276.41699380000045
-5.454035487968909 -0.38882658137698045 124.60046277346999 276.4821536999998
-5.71336901917654 -0.3009086584715268 125.17540254693598 276.54668409999977
-5.734931836153336 0.42670269157170876 125.38135603077514 276.6109685000001
-5.879451474480767 0.501886148990115 125.74822896487505 276.6765056000004
-5.864454300123285 0.7049032857755069 125.84164985768246 276.7416782
-5.534844412512598 0.9690791890486726 124.88939071866287 276.8067922
-4.8696395273831925 1.6469852614174103 126.69523122442827 276.87068480000016
-4.168202271273671 1.838342741717915 125.80327053270432 276.93522159999975
-3.998465999050836 2.132471961648144 126.15140966019366 277.00059320000037
-3.088611657481252 2.452514930380085 126.65771711101142 277.0648534000002
-2.4830738648876007 2.5510690381877312 126.26506912437674 277.1291185
-2.071301331123216 2.790157607256923 126.36493853351271 277.19599000000017
-0.5169128951235251 2.81071571564742 126.58784918030524 277.2609629999997
-0.3147013376282146 2.639785857878936 127.22315536012171 277.32536080000045
0.7729979577473358 2.8227014810872437 126.05289471612541 277.39203290000023
1.9527637090732028 2.345629699608652 126.77915236561344 277.45757440000034
2.5751165140436143 2.1964722838304698 126.27982656806783 277.52355309999984
2.7874339087176665 2.223705150172071 126.86738849286944 277.5895680000003
4.798534010252666 1.8134232381094628 126.2363772448066 277.6539382000001
5.110439336299741 1.4392377585689449 125.57848531584357 277.71913479999967
5.167514079588116 1.2724391110307272 125.70366902269636 277.78382090000014
5.879883890420409 0.4342998545394824 124.47415782722543 277.84900449999986
5.814502803288889 0.19587915952765922 125.16384956073692 277.91421919999993
5.910185341818021 0.08945606329430622 125.20203495079588 277.97981979999986
6.044173852611422 -0.5924529706256922 124.77066212222569 278.04601269999966
6.168306266379979 -0.571419798927771 125.17061130063136 278.1126124000002
5.9560862522453775 -0.9518426963050972 124.95090324640765 278.17838089999987
5.834146147917629 -1.1067906169391002 125.27244754499964 278.24344219999966
5.290254500256772 -1.5887093573783146 125.19251745260812 278.3080667000004
5.261870819679324 -1.6833884917703088 124.30782895588307 278.3742236999997
4.808011400184959 -1.7456822484232695 124.8782732675985 278.4384361000002
3.2915892675907727 -2.1938224370300863 124.79261943994204 278.5025572000004
3.0413220950143014 -2.3173304344680585 124.63326060607301 278.5683011000001
2.6121251893498822 -2.1921592451545786 124.68300821816645 278.63437479999993
0.6924920831107784 -2.4029609541608896 124.43749864606059 278.7003556999998
-0.016827028809558442 -2.3716246696842895 125.37960514245589 278.7657565999998
-0.15178152895791186 -2.398738456368262 124.49266595680874 278.8312310000001
-1.9149238628234215 -2.2120493422341134 125.31859726183676 278.89626000000044
-2.2542939635479016 -2.240504689755189 124.92604937282162 278.9614271999999
-2.645568019927701 -2.035501450387394 125.11524212459732 279.0274811999998
-4.015881465440273 -1.6568479537368037 125.24206115287276 279.09181270000045
-4.377217512514065 -1.5816699914451888 125.32052811325545 279.1557143
-4.36122059508611 -1.3923935403797194 124.57237557675845 279.22192259999974
-4.903415537168151 -1.3239672747013018 125.6654141787067 279.28782390000015
-5.610707561659503 -0.7021071456993688 125.39730629895102 279.3515717999999
-5.523185348968077 -0.4825816877740019 125.07057931720661 279.4168281000002
-5.937640793920302 0.1147144309167093 126.11045331586351 279.4822740999998
-5.5775603279928845 0.32481157473678424 125.13521971216882 279.5481227999999
-5.923985375089224 0.5046492865207743 126.13507154294312 279.6143456
-5.738745548338343 0.6345667916069544 125.87213589446684 279.6776454999999
-5.028201964211924 1.3344958520012882 125.04378257472071 279.74407450000035
-5.093877876624738 1.48667223758201 126.33282920544973 279.8093710000003
-4.372161526918461 1.7678987640812789 125.218051302943 279.8735579000004
-3.8690130668718297 2.1738858262890157 127.13916772593403 279.93943769999987
-2.537409838414831 2.4645622483070984 124.93859740707678 280.00441539999974
-2.7424175740540875 2.6297006742047095 127.06497042892751 280.07009480000033
-0.9638084654062098 2.6528942103559867 127.12748269368166 280.1340044999997
-0.35211222200796755 2.8076882194607595 126.11602093837432 280.21540769999956
1.2413626943434721 2.5348479742157646 125.98848579441493 280.28041140000005
1.6888985335507982 2.327800284505481 126.33195824678639 280.34591249999994
2.1591228399318183 2.5625045144420406 126.37723995991512 280.4097889000004
2.594534151189002 2.1674281249975467 126.52222593865613 280.47417680000035
4.2238999157974035 1.9328624221147612 125.43182285922866 280.53973289999976
4.306428467913449 1.7590668919611003 125.98416535903768 280.6051193000003
4.548260740784357 1.163701205442464 125.66211756899459 280.66915869999957
5.419524830402281 0.6410119623167746 125.88120825767513 280.73459920000005
5.635265876851193 0.47025113669118507 125.7808675909938 280.7994085
5.757192703376013 0.21899830248083685 125.62629150421775 280.8649919999998
6.025796562636039 -0.40648884056714274 124.75412851788421 280.9305728999998
5.982093624809096 -0.5790084577884766 124.82129707772516 280.9960385000004
5.982447720065068 -0.6648121905481699 125.07496783486474 281.06034739999996
6.022801981315119 -0.8648966384850254 124.58178637692829 281.12839019999956
5.878044476679001 -1.453782497446841 124.74233912380275 281.19296959999974
5.4078919881120555 -1.5249195025933897 125.32252728734433 281.26019069999984
4.236023264303832 -1.7867364894007438 125.18831474482405 281.3237264999998
3.928264894602556 -2.0511404254597436 124.014313009912 281.3889657999998
3.928264894602556 -2.0511404254597436 124.014313009912 281.4532134000001
2.7910748551389517 -2.241127125061742 124.95713832167976 281.51886509999986
1.1886045377230516 -2.360415660448986 125.0384820805086 281.58376169999974
0.8435616160216597 -2.3103355780169412 124.6191120197216 281.6482630999999
0.16390110648958256 -2.3694422900820156 125.33530134209236 281.7132953
-0.9134266429463409 -2.357718827028906 124.95497410635622 281.77820690000044
-1.1181305020427104 -2.3278519067401975 124.76207520415483 281.8421361999999
-2.1008051033473265 -2.2296866881708297 124.885664995483 281.9069282999999
-3.517317874291244 -1.7717884442708578 124.535070908882 281.97173699999985
-3.8586544286633497 -1.6866351693894064 124.74536328908344 282.0374460000003
-4.903415537168151 -1.3239672747013018 125.6654141787067 282.10269210000024
-4.997445202271308 -1.2147421838000065 125.23069441420273 282.1676594999999
-5.121932742587489 -0.9358287214661769 124.99264235523243 282.2339469999997
-5.3741195506365145 -0.8099171029923016 124.99941729827391 282.29948460000014
-5.43892195990513 0.012657310116860554 124.49521328426889 282.36393039999984
-5.6906869337562185 0.15568862962536345 125.14373096906817 282.4301857999999
-5.865794086767401 0.6349167862230343 125.87633603421966 282.49506420000034
-5.841279863855718 0.7689399338196922 125.82035201252725 282.56048199999987
-6.077993925548313 0.9144761436044357 126.53351719227466 282.6265062000002
-5.490416142588707 1.2887212695313637 126.59474558035738 282.6926734999997
-5.048343783920139 1.490198100196191 126.2614333663822 282.75779520000015
-3.8198963144161056 2.171174228051676 126.44597383195038 282.8230228000002
-3.4847384739523974 2.2866633195369994 126.43464636201749 282.88776770000004
-2.417266926517975 2.5778885867565204 126.46431172217393 282.9532771000004
-2.055925554034026 2.6207541805082304 126.57643556520215 283.0191080000004
-0.8774374059456918 2.9620131252717763 126.21986645663968 283.0840384000003
-0.7154216203480743 2.540649494155855 126.75913169345918 283.1496754
1.4412165765838836 2.789724361787199 126.33665725639817 283.2143951999997
1.4412165765838836 2.789724361787199 126.33665725639817 283.28007140000045
2.3553417470329308 2.3716036418907387 127.30799388966891 283.3452718999997
3.3244651852511 1.7998342196496917 125.83666702049453 283.4108311
3.7076139251189417 1.9856105078184172 126.05207376992699 283.4748933000001
4.113078557055935 1.1856917461414764 125.87922511946827 283.5412322000002
4.9709892538963985 0.6626528210919762 125.84107152905969 283.6059242000001
5.382790951317567 1.0892195285869501 125.57867668302616 283.6713805999998
5.917985924832472 0.25718468613875856 125.27930032583006 283.7374288000001
5.766841856550322 -0.07827943374404622 125.46509690758947 283.8021123999997
5.7689745890931405 -0.2045868670878217 125.4565316076326 283.86803280000004
5.92494272361138 -0.7460094955145045 125.07988166504671 283.93339039999955
5.785317989783216 -1.042105381637103 125.51341197280927 283.99929090000023
5.935489438572716 -1.140629029678974 124.76133995445667 284.0645728999998
6.054017360063263 -1.2000122050808337 124.70899480361228 284.1297400000003
5.015045112575294 -1.7168639654696785 124.72586376433979 284.19654489999994
4.750859673055679 -1.8227306081845311 124.59670916700297 284.2622435000003
3.937166197276767 -1.9929792459999947 124.70053538060382 284.3287055999999
2.737809115566982 -2.1907957149686634 124.51615854746035 284.3927795999998
2.347061912395077 -2.341331495546895 124.5350102323831 284.45688580000024
1.6248699250758563 -2.332933789840822 125.17350879292103 284.5227613999996
-0.1347407317617595 -2.3421799266273804 125.22356489878634 284.58668469999975
-0.38172824550461115 -2.322203446091433 124.56890221560081 284.65170469999975
-0.8323208294524846 -2.305997820211887 123.92445474944385 284.7167644000001
-2.281749988484215 -2.1427945147658423 124.6943609686581 284.78287980000005
-2.9121188315254116 -2.0074949530905166 125.35660739395222 284.84714970000005
-3.188547049215728 -1.9884483381659765 124.8466050712076 284.9120370999999
-4.484996306943771 -1.4810657745425626 125.14300462144973 284.97763769999983
-4.304220571730724 -1.2571060270700798 124.03029055691597 285.0432926000003
-4.868194647992432 -1.1586584773447688 124.90101863968809 285.10877749999963
-5.078803310128791 -1.0140235082512787 125.1513118670691 285.17211419999967
-5.668646647933933 -0.45929078971220827 125.38111753049836 285.23704970000017
-5.588500202290199 -0.2840392725044223 124.94843477219827 285.30259939999996
-5.633876696306864 -0.055274470069531345 125.19149495870808 285.3678
-5.878766775677583 0.5553905113110316 125.91392535486187 285.4334812999996
-5.765769886045057 0.6448107091907183 125.65211461472225 285.4989376000003
-5.93356414429752 0.871932496267125 126.08960776275462 285.5637018999996
-4.52134815875138 1.7083642686292806 126.52992975109137 285.6285552999998
-3.73507546612538 1.7637137381843797 125.75263854069854 285.6931863
-3.6157982808014992 2.1077055469874204 126.40171369794881 285.75860230000035
-2.2554081163350475 2.581825166485121 125.72800707387233 285.8239239000004
-1.8289877592452726 2.7324281784359505 126.34339827885957 285.88948549999986
-1.6735444963284891 2.6756733507488164 126.81632982441221 285.95344750000004
-0.2641295534865762 2.839816725257248 126.14820397859417 286.0182678000001
0.08009074218741574 2.937221472131525 126.87758153188541 286.0835489000001
0.5629804453635074 2.6141920688905302 127.0778732260206 286.14843180000025
1.1057562759900463 2.701453904177927 126.64223599457594 286.21421499999997
2.6346938399730817 2.2973657971677692 126.71571768925006 286.2803316999998
2.9843353455315906 2.0342098481567907 126.1911380521398 286.34463030000006
4.522045788929738 1.5852711091116127 126.31157032384829 286.41007549999995
4.701872393848014 1.2744266504537234 126.06644416856099 286.4753780000001
4.9611368882919535 1.0202955152954674 126.03935983193304 286.54000890000043
5.360042979670233 0.9780230044144058 125.70644672602988 286.60708630000045
5.89235812180511 0.19653124407802058 125.30265838150922 286.67224290000013
5.840139124348283 -0.05551050429097615 125.16646506471463 286.7372502999997
5.97712650523593 -0.16192433784534432 125.09413859553972 286.8004898999998
6.137912797631941 -0.7211219583196644 124.42006293408492 286.86697769999955
5.958879732243844 -1.0770404112008558 124.94031920870628 286.93178400000033
5.996632810836125 -1.1389562720886102 124.98557167470209 286.99654929999997
5.387244376554513 -1.5524698828946502 124.81079343290618 287.06155279999984
5.115839165127085 -1.7617517430656795 124.72659834639742 287.12830550000035
4.739276553480472 -1.8095353683479853 124.9008672506172 287.19427090000045
3.1666696021087475 -2.2063511461680965 124.5521632410132 287.25812399999995
2.839634599893685 -2.1206571195582735 124.23816411401454 287.3241598000004
2.2836494020251976 -2.239691197800656 124.987142222573 287.38976120000007
0.5624829563234854 -2.3575497675436896 124.89180404286708 287.4540748999998
-0.06514237285631452 -2.3408909441580956 125.22483770090531 287.5201121
-0.414225055707675 -2.307936178394449 124.81745671297149 287.5856918999998
-0.7486295447415401 -2.291494654682845 125.03887340595998 287.6500753
-2.1394104989285836 -2.1580646958399 124.27892777961728 287.71595249999973
-2.5350953751229923 -2.01727892517042 124.70759602328296 287.78125910000017
-3.1417143782649433 -1.9875792307529707 124.97087758949435 287.8469070000001
-4.274879012965805 -1.4244932251601088 124.80257761036134 287.91233230000034
-4.5784568238437515 -1.3533231369620222 125.16764881096302 287.9777236
-4.920920141466802 -1.2076032818436193 125.32673695724536 288.04360160000033
-5.451864319370202 -0.6277331507371211 124.66641353477665 288.10844259999976
-5.6383486490653 -0.4309740156259467 125.209378174121 288.1746568999997
-5.8212963183950635 -0.32134473471757774 125.39213576938748 288.24025640000036
-5.7884446279732416 0.3038468741525414 125.42602586336368 288.30626680000023
-5.8831338282023395 0.5134171013016411 125.82852842432831 288.3713894000002
-5.8368052780594795 0.7220135287110819 125.80983000649654 288.4370984999996
-5.282059970483161 1.4202153054911824 126.46711807261262 288.50176509999983
-4.890644608087385 1.6245970739101794 127.03628800826061 288.5673875000002
-4.0701604198436385 1.853660877963397 125.7715223685491 288.6337653999999
-3.2846841127164126 2.3983453051648578 126.8396065969912 288.6996749
-2.7389180509492803 2.6431993817876682 126.57457554605159 288.7630392000001
-2.5457621863865327 2.6806764490217896 127.18811561314693 288.82795819999956
-0.540349096746418 2.9117117114254563 126.60373469618716 288.8926789999996
-0.5752272463638874 2.9057408416549753 127.10339237210485 288.95797200000015
-0.05009905847298768 2.749749208200914 126.91783716022483 289.02377929999966
1.7978419545951638 2.6430599989915744 126.80280612065637 289.08872840000004
2.265506631136873 2.3986934180767117 126.51238162321893 289.15543849999995
2.5758413676914174 2.1481563384940214 126.46025247050422 289.2225631000001
2.9802074168459924 2.3402216574982457 126.74789866038772 289.2880114999998
4.488910831423794 1.5607734538520153 125.71382366434005 289.35168840000006
4.5040338796797315 1.349090523699179 126.67635048098339 289.41597209999964
4.8784290827639225 1.2569153620512685 125.8912137921289 289.48041960000046
5.621869468244682 0.4743473803935385 125.49697177968733 289.54622889999973
5.559439839905934 0.13252361187630135 125.82158115354838 289.6120412
5.725308997546485 -0.057467391621457864 125.29754347034114 289.6780666000004
6.0617087292739384 -0.45892882980168226 125.02972477792603 289.7434217
5.654915365714409 -0.8169113572846038 125.68937055921201 289.8066054000001
5.90349838216062 -0.8863030730910144 124.730409642838 289.8721875000001
5.814609087434789 -1.4685978535835913 124.86644765655853 289.9367073000003
5.42246980655171 -1.483050866571086 125.37823121641425 290.0011846999996
5.17658009535446 -1.6970566528934006 124.55873188712512 290.0661891999998
3.668944559964409 -2.0834659291283932 124.53267994731672 290.1312533
3.1117222226384555 -2.0992016367605446 125.08665367081376 290.19717500000024
3.1117222226384555 -2.0992016367605446 125.08665367081376 290.2615292999999
2.4770632852523278 -2.303012220561597 124.80049447290706 290.3275672999998
0.6274043344778661 -2.343912005998559 125.18299201918862 290.3931295000002
0.13346261100490153 -2.356904504809678 124.93417187790234 290.4566441999996
-1.2946003712111747 -2.243013310693024 124.6152607141724 290.52157950000037
-1.2946003712111747 -2.243013310693024 124.6152607141724 290.58768990000044
-1.8758762364711004 -2.2418464797394964 124.91118853587118 290.6522242000001
-2.630277874452709 -2.08423280246962 125.48012994262517 290.71686620000037
-4.015881465440273 -1.6568479537368037 125.24206115287276 290.7817051000002
-4.274572321306849 -1.595906944252714 125.1943189774524 290.84657700000025
-5.035640602947993 -1.0924238611759371 125.22338886703918 290.91169919999993
-5.091179336866162 -0.9203459217851351 124.88887949191542 290.97677230000045
-5.345046480836956 -0.8106016012416208 125.0527537069351 291.0413129999997
-5.665134392329975 -0.5995392545582563 125.67188529108478 291.10625400000026
-5.841745451202051 0.1394977352339397 125.82892582497807 291.17134239999996
-5.78435867317539 0.28090944535491336 125.64288575166837 291.23652200000015
-5.841279863855718 0.7689399338196922 125.82035201252725 291.3020458000001
-5.91629245444522 0.9513221673557656 126.03913253918819 291.36778890000005
-5.806216482841862 1.1676148484281046 126.52582593940618 291.4330141999999
-5.140266247208494 1.4573983029462572 125.89561453359646 291.49810739999975
-3.5063551821798526 2.2806456670497637 126.45001404082937 291.5644384999996
-3.5292508194758128 2.3250463294967956 126.7174534193024 291.63041239999984
-2.72559732543197 2.43320997992247 126.10126733222971 291.69387499999993
-1.5360394252657557 2.6637224867663587 126.25365994732748 291.7585484000001
-1.0025228916797246 2.9252687097708407 126.24290495144352 291.8241618000002
-0.9255077323240286 2.76952543708781 127.55630759656708 291.8896818000003
0.06052606856539455 2.906931631075458 126.1454403034108 291.95535459999974
1.7030973073269706 2.5439196695850654 126.25836698959145 292.0212984
1.7030973073269706 2.5439196695850654 126.25836698959145 292.08683159999964
3.16465808327996 1.6570769201498736 126.15209971960567 292.15225720000035
3.6287478818728545 1.9724971409299372 125.86771923562762 292.2180463000004
4.205799288974127 1.4735637334575982 126.41701128846105 292.2820800999998
4.881826907571572 1.543515976483544 125.61832109846907 292.34871680000015
5.252930281494024 0.6804907771431471 125.25736879991636 292.41392369999994
5.142255856233042 0.5905116529265824 126.04619927574417 292.4788749999998
5.886523994724037 -0.10860210927433356 126.20919547954013 292.54461939999965
6.025128846774884 -0.3310350805102873 125.4358982015474 292.60926870000003
6.098471646357247 -0.36892345452706254 125.23336722882503 292.67355320000024
6.185706663224785 -1.0159330503472386 124.75768982483025 292.7397113999996
6.0531436127472205 -1.2941174615207505 125.26774275030795 292.80401129999973
6.063437209034653 -1.265985786350536 124.74908059394359 292.86851750000005
5.818899749555833 -1.3433433843803306 124.93813364563998 292.9331880999998
4.450614351486202 -1.8519663694835575 125.06178707254553 292.9990697000003
4.232519150071653 -1.7789829893350384 125.15544205529922 293.0637016999999
3.159236648560068 -2.210394500617338 125.48874532384995 293.1297596000004
2.167754701508997 -2.3631017931375964 124.79492917153075 293.1947546000001
1.6047752915751445 -2.314144767736338 124.72503733955521 293.26024039999993
1.2530940588414978 -2.3719708762596747 124.7295954660337 293.3248807
-0.6802266942570014 -2.3742117836978407 124.89003236224171 293.39016979999997
-0.8549883328039627 -2.319339980424331 124.54198353030613 293.45471799999996
-1.7853022855155274 -2.337843351333063 125.30503780463282 293.5205804999996
-2.941186225967826 -1.9587547988043497 125.11775916798094 293.5851689000001
-3.1776004635279023 -1.9114009463727801 124.50547180356791 293.6511349000002
-3.4122290393177224 -1.7405212946144224 124.21170184921424 293.7168652999999
-4.867171670372521 -1.3215559818995417 125.67879664660389 293.78262319999976
-5.146228627446469 -0.984098107142382 125.06900769391189 293.8481531999996
-5.146228627446469 -0.984098107142382 125.06900769391189 293.9132953999997
-5.546710239876063 -0.40493132326025516 124.941191012299 293.9773475000002
-5.6947531153991235 -0.1963650517083313 125.38646580510144 294.04165250000005
-5.633876696306864 -0.055274470069531345 125.19149495870808 294.10703980000017
-5.6912443703687785 0.5560473080353183 125.36710743617651 294.17302500000005
-5.7572002566934515 0.843289828961825 125.82665117631822 294.2393380000003
-5.906293050161729 0.9957858886761765 126.1443574966597 294.3040817000001
-5.734619529176918 1.1395759878942207 126.05738363310032 294.3694532999998
-4.129823376258244 1.905888409947036 125.61047788401311 294.4340861999999
-3.874860031596164 2.1858887210270024 126.33786304891123 294.4992702999998
-3.8755879286387582 2.1713726139592335 127.16429673030267 294.56385489999957
-2.6442062983907135 2.676081909039808 127.15531874276661 294.6287851999996
-1.7998381055277335 2.629264320959498 126.16299799655695 294.69344720000026
-0.9925776655318828 2.9351479412388732 125.53033980529959 294.7578746999998
0.19634185750268074 2.7788140893849818 127.07709292121442 294.82235690000016
0.8282242691721393 2.6985328748032225 126.39841481304347 294.8867473999999
0.9050059687249004 2.6750313047498517 127.06631228410151 294.95168509999985
2.699945619681017 2.2096796820149267 126.82701855385312 295.01796829999967
3.3480651206009 2.2336604525799704 126.26976319199606 295.0832217999996
3.412328283708 2.0049041666312677 126.6469921677906 295.14794189999975
4.627095761250821 1.0574560899403647 125.8382468812953 295.2127843999997
4.8969386564302795 1.0507894213467923 126.57910410164727 295.2771295000002
5.695991402471876 0.8618365567815565 124.8789049605746 295.3430655000002
5.716519916276837 0.7188858445093601 125.13198378081059 295.4090150000002
6.01691145910295 -0.07709108214568017 124.85314923570243 295.4746021000001
6.022315096049205 -0.32641451849720426 125.01059367617637 295.5401724000003
5.971865223058572 -0.3686724883852066 125.23869051167303 295.6060918000003
5.937216387483964 -0.9749126518209497 125.31288376865946 295.67208519999986
6.061537431648979 -1.140861395837694 124.75604572657062 295.73653680000007
5.9927669792600184 -1.3121620674253012 125.05778604699636 295.8017043
4.879798166003837 -1.665367235966988 125.2825590092775 295.8661202000003
4.562426680688752 -1.9000558627536388 125.00968318124012 295.9321594000003
4.247315253714476 -2.0087862496756266 124.54340983922658 295.99769689999994
2.72827775750563 -2.2526542388343755 124.64238988895545 296.0624299000001
2.273062886168155 -2.3758146335945027 124.6440995550341 296.12715169999956
1.5968814102266933 -2.3480824905591193 125.14071282584399 296.19275670000025
-0.2570563383990603 -2.3408493523172647 125.12789476824516 296.2582814999996
-0.6198862903170834 -2.355851002757748 124.94633656030511 296.32329180000033
-0.7927113179466332 -2.353326385869227 124.50808220321406 296.3884687
-0.9959573341287893 -2.2830461067284293 124.12014361111432 296.4533545000004
-2.8776125555568512 -2.0192906432146125 125.17284619202978 296.5184505999996
-3.2678066232271874 -1.9871091749491194 124.97539058964296 296.5826428999999
-3.4184674607974372 -1.770941393330764 124.46910616531548 296.64728509999986
-4.588712111875466 -1.2967202215208053 124.88080777122467 296.7131258999998
-4.737627022212294 -1.1419849968634497 124.58041264089529 296.7788645999999
-5.020639720226455 -0.9845464884605966 125.06662004667 296.8448496000001
-5.524607057943413 -0.41683030621304495 124.9455446600844 296.9092658999998
-5.690525456376513 -0.24345595935309516 125.37632517745561 296.97326169999997
-5.69649662997417 -0.08222157864640756 125.32116818174296 297.0389895999997
-5.442694020555898 0.5678202592828571 125.07216270906468 297.1044517999999
-5.543208541183233 0.6684675719014216 125.3664628355054 297.1682503000002
-5.160215397393337 0.959361420963601 124.33912040086179 297.23409919999995
-4.752630933597182 1.7149424754777427 126.65480376466917 297.30011660000036
-4.0701604198436385 1.853660877963397 125.7715223685491 297.3670195000004
-3.7024682513887512 2.1119622018947646 125.38681197783174 297.43283379999957
-2.9681780951211465 2.5372838647221876 127.43475006675698 297.49753450000026
-2.0010516660303566 2.5754653347898513 125.76180915308672 297.5615367999999
-1.841835059251153 2.859281344085895 126.55097003711191 297.6277448999999
-0.034970325228790955 2.7839302358094242 126.06274539791734 297.69416830000046
0.30179566793828627 2.8846243113718173 126.75338895725766 297.75832290000017
0.6622774217080476 2.845887440928751 127.02226759097144 297.8236649999999
2.314265499149947 2.38859903801414 126.72809966721584 297.8896039000001
2.7820088758337533 2.4429043036630325 126.52807052209286 297.95545500000026
2.921635777086408 2.1226382117205764 126.78836948386366 298.0211196
3.5550057155962733 2.0553542607858013 126.12089968711129 298.0856715
4.71900117933928 1.2716004750270202 125.98629399516514 298.1494636999996
5.156112857996753 1.0344100792499726 125.46654873129943 298.2149142999997
5.313150177295633 1.011765045938794 125.85346579043313 298.28019760000006
5.759916549551079 0.0927076811491041 125.61518302427923 298.34464370000023
5.851719067589997 -0.05771882338351875 125.2931242776475 298.41049889999977
5.9692081117173075 -0.18149830632048447 125.15103022094625 298.47521870000037
6.0552178992060846 -0.8437733603591917 124.90020953474736 298.53875640000024
5.856704092765845 -1.0182848094931003 125.67272709070862 298.6043163000004
6.025261811930186 -1.0567754589558436 124.92391720573815 298.6693446999998
5.301981899794896 -1.5738508411194623 124.72672624459004 298.7338159000001
5.19648425353634 -1.729635241389298 124.40630605025997 298.7993303000003
4.723114782285222 -1.7240918097837228 124.86878072285914 298.8639457999998
3.1117222226384555 -2.0992016367605446 125.08665367081376 298.9293275
2.9622851504168963 -2.1727740413780214 124.07016497848134 298.99456869999995
2.9622851504168963 -2.1727740413780214 124.07016497848134 299.0601434
1.8636515689479083 -2.2384386897245276 124.83841461149021 299.1252948000001
0.014536309195932517 -2.3198831618733875 124.70588185983713 299.1910114000002
-0.5157360034784446 -2.341246987349066 125.24315366608931 299.2560136000002
-1.8497920279949582 -2.178972619803818 124.74961884890934 299.32170849999966
-1.8497920279949582 -2.178972619803818 124.74961884890934 299.3860252000004
-2.157589603468601 -2.083871918027599 124.48761450302491 299.4513730999997
-2.5219486433270575 -1.9888502117865956 124.83665589250195 299.5166730000001
-4.19703420688932 -1.527453802062451 124.5239840039733 299.5823909999999
-4.478620673944292 -1.333481622243486 124.68263133570802 299.64771980000023
-5.022929361154858 -0.8950921273502896 124.57106122752305 299.71335139999974
-5.721263969017983 -0.7846733164616533 126.03664325544689 299.7775730000003
-5.597769929125313 -0.6306325293003971 125.20594443867897 299.8431448000001
-5.834590762253228 -0.35184111327597445 125.68240886273277 299.90724489999957
-5.594603248613147 0.42757724758965965 125.79318929563752 299.9727429000004
-5.313010245994434 0.5548047726101815 125.35854402047786 300.0380293999997
-5.224463385135927 0.7744115513511748 125.76772319192497 300.10411250000016
-4.8368760054268165 1.2429748178335922 126.07365062094092 300.1690950000002
-4.835750877900999 1.4953394156204225 126.06749177015882 300.2333528999998
-4.630436710949795 1.6599110446142777 125.5493980933142 300.29901510000036
-3.2627909092753242 2.469614651062657 126.61077715631835 300.36464290000004
-2.9751248977834024 2.4086623687808038 127.05670292147647 300.42934200000036
-2.388235523468083 2.6916193160706965 126.240740715866 300.4933936999996
-1.2158853070653421 2.883900791253927 126.8499393048734 300.5597036999998
-1.0055471282572697 2.59556764132648 126.66602638362112 300.62469260000034
0.1844628065442535 2.918507139068675 126.66175947497732 300.69122890000017
0.5386601852204791 2.6010213651709346 127.03565277773087 300.750849
2.2631554742936615 2.3504856800390908 126.73626225923378 300.81706120000035
2.2631554742936615 2.3504856800390908 126.73626225923378 300.88351200000034
3.7986504840187862 1.7590726966334347 125.99522537351588 300.9562334000002
3.9322615436121637 1.5290936040049052 126.11368417975685 301.0204131999999
4.526673231459043 1.733270207280531 126.18889327760088 301.0855061000002
5.033394405599516 1.016774366693381 125.476035808646 301.1513111000004
5.366008507816183 0.49594902487712117 125.96525522327568 301.2164137999998
5.449149537842324 0.37654007934376493 125.80573463754239 301.27406989999963
5.63375411716023 0.3008719303364143 125.49538574320331 301.3328316999996
5.676768452230284 -0.34482596456176773 125.35070286016214 301.39894300000014
5.843045948754039 -0.7821461704746933 124.5315243888537 301.45916490000036
5.881745877268202 -0.8632591995803274 124.47228087217138 301.52387890000045
5.8122436978776335 -1.3435625985024213 124.87524755043903 301.5898622000004
5.8110992233637475 -1.467767826761158 124.70608467634217 301.64854040000046
5.42246980655171 -1.483050866571086 125.37823121641425 301.7242435999997
3.9850227440452812 -2.023624099133493 124.99358728484076 301.8233147000001
3.337528331633365 -2.163662612878741 124.46513256883647 301.8905943999998
2.065304657464921 -2.37480230464683 124.47628576671319 301.9583001000001
1.5258826561369077 -2.3425584237141788 124.94565995786371 302.02470859999994
0.8260142647670179 -2.3758032866217937 125.34876916273736 302.09105249999993
-0.3757457035956193 -2.2866110290274007 124.04943261241392 302.16404799999964
-0.8923123304806211 -2.3214079869769204 124.53165672760818 302.22851079999964
-1.7583284225136708 -2.241085344427422 124.78649856315276 302.29249139999956
-3.1085942045608874 -2.049866075436189 125.5858043556766 302.35820129999956
-3.4412744488606606 -1.9104737565899232 125.13254060928472 302.4240657999999
-3.5494590053294743 -1.8351164309364947 124.62447137656508 302.45658470000035
-3.7676286355326383 -1.629017034683709 124.38420495916715 302.5211398000001
-4.770690944278456 -1.0059812591757054 124.60869212896142 302.58498059999965
-5.263216756964901 -0.9675711073150373 125.29467682935937 302.6494561999998
-5.203133086772681 -0.7634833376781909 124.598322969555 302.7153549000004
-5.5838097267989255 -0.15425609766704107 124.76332758836084 302.7800278000004
-5.7938736468291765 -0.022685746716880617 125.50693256429598 302.8466613999999
-5.45448022258234 0.2340478176236287 124.59421563352879 302.9101128000002
-5.841279863855718 0.7689399338196922 125.82035201252725 302.97446839999975
-5.701593572788823 1.0500350610876248 125.57460656299601 303.04081789999964