1.004598848287678 -1.4489625305737763 123.69494003056548 0.6285791000000245
0.5244621512598329 -1.3147768470593095 123.72792933421738 0.6500317999998515
-0.1366190856730043 -1.144007383841261 124.44654987327057 0.6725114000000758
-0.35527631851018526 -1.0470594652081333 124.16524744979083 0.7211682999995901
-0.6551298348828212 -0.8160870166883578 123.54561096145275 0.7521454999996422
-1.1263317666857233 -0.6684294388924441 124.20478173486583 0.7848863999997775
-1.4040006701212704 -0.48279566087247194 124.02354295025496 0.8154571999994005
-2.205203691532013 -0.37961017551089715 125.06392122607821 0.8499187999996138
-2.4138607785654287 -0.2904702444229599 124.2348002391861 0.8805634999998802
-2.820498431748142 -0.06829197380758534 124.4424058130516 0.9124593999995341
-3.2955797340290616 -0.025533605249310365 124.55815156892227 0.9451854999997522
-3.6907814238016243 0.17149011570348638 124.51410437719483 0.9769668999997521
-3.715859686128809 0.48333911532963775 123.86987344014625 1.0073922999999922
-4.3842965549997786 0.5117133911282375 125.06962393257248 1.0400135999998383
-4.270531519924681 0.6899744461310257 123.76291826301083 1.0871593000001667
-4.861105532644615 0.8478799699552451 124.86550668539653 1.1192786000001433
-5.225632453727329 1.001156379160036 125.14790466751316 1.1508913999996366
-5.309742184926428 1.1929178155834648 124.58967483842947 1.1831984000000375
-5.415772092717411 1.4188542181471002 124.59542019529016 1.2164418000002115
-5.585612709135972 1.56688837222914 124.38025301654625 1.2490438999993785
-5.680611381092568 1.6976598251100272 124.29773781272227 1.280607599999712
-5.536668200632974 1.9156608786185623 123.90533989674317 1.311357699999462
-6.155965069580013 2.0495359386299894 125.42686733476307 1.3431609999997818
-5.989236419246666 2.1724252847490266 124.45375403936549 1.375816499999928
-5.850339495718202 2.2872883434949993 124.3407947815965 1.4074320999998235
-6.197749604282585 2.4395691910408055 125.19673401667086 1.457541400000082
-6.121813654019618 2.397992745586786 124.88387307336447 1.48736370000006
-5.904706151628503 2.5482268759840503 124.31897607837439 1.5207915000000867
-6.192477959855587 2.6188007340395814 125.10383636315234 1.5519304999997985
-6.041811295647079 2.668364891648099 124.66565696992555 1.5835043999995833
-5.757214836071135 2.7061008722814464 123.92090781162157 1.6164240999996764
-6.2073613080319845 2.596629626231455 125.55917886194634 1.648617899999408
-5.393375347068776 2.684113420176293 124.77182852545218 1.680003399999805
-4.971490717122521 2.628378057951134 124.83573247678342 1.7121495000001232
-4.9240135292407174 2.428554383218659 125.48769440346751 1.7433700000001409
-4.9240135292407174 2.428554383218659 125.48769440346751 1.76181219999944
-4.319367917819342 2.343516215350423 125.39826590544855 1.8249252999994496
-3.5505751711912694 2.218131572190287 124.37393276244671 1.857566499999848
-3.5442196724176966 2.181396433545401 125.11229292456882 1.8886594999994486
-3.206904826405612 1.9134377106850715 125.33344738964097 1.9209108999993987
-2.710077219581322 1.891147109313707 124.71413826908372 1.9514909999998054
-2.6018149829815584 1.775437119553509 125.31988942171945 1.9853111000002173
-2.084337829214185 1.4407619228424113 125.48041159668857 2.016172199999346
-1.3451359063467265 1.462782082744062 124.46829779117522 2.0481081999996604
-1.1123576184539203 1.2446525368629584 124.89488763180005 2.0798877999995966
-0.74850666675772 0.929353299861884 124.89381006772807 2.1111039999996137
-0.74850666675772 0.929353299861884 124.89381006772807 2.1300016999994114
-0.16929593258768705 0.952659368866805 124.81498550981058 2.146506999999474
0.9051365303029044 0.45770386215172754 124.39023567177952 2.226520399999572
1.2110322492668217 0.3809817017985234 124.69403539305064 2.256003999999848
1.8020569613482778 0.16094095256257257 124.4706657695756 2.2882654999993974
2.0042948645699923 -0.0960315105442261 124.5482624891438 2.3215259999997215
2.4115360239529835 -0.07955992821409641 124.35978847030374 2.3511463999993794
2.7255099775028526 -0.3556949179021802 124.55502503276065 2.3828734999997323
3.293603420886704 -0.5642911779199213 124.24593208323701 2.416673499999888
3.4328549396574957 -0.5444408462129793 124.63562405575512 2.4476497999994535
3.7653718429510405 -0.8736374732179684 124.61934479224105 2.4809834999996383
3.7653718429510405 -0.8736374732179684 124.61934479224105 2.498302299999523
4.42683557881341 -0.8963152772684047 123.73527841952557 2.516762899999776
4.806544224504272 -0.9270756735574803 123.2450920491913 2.560102899999947
4.855231510682842 -1.3356600927528621 123.51310101595828 2.5916529999994964
5.4321979936456515 -1.3468499399399891 123.8255831890042 2.656063699999322
5.702564694287425 -1.5341526921506414 123.82100100757457 2.6872787000002063
5.731270359453269 -1.7292099067421645 123.63425326268907 2.7195824999998877
5.637552298020665 -1.8273639151885788 124.13536213163422 2.7530900000001566
5.993827773293006 -1.8738408927552714 123.41349295494886 2.784019400000034
6.044665233654648 -2.016757916718858 123.45494811054874 2.816045900000063
6.21578904353742 -1.9880733982269962 122.81344909164797 2.8474461999994674
6.21578904353742 -1.9880733982269962 122.81344909164797 2.8659030999997412
6.235976207522981 -2.074191178579773 122.96207473726943 2.8842673999997714
6.124692760583322 -2.1007551750667153 123.30831682671663 2.9279986000001372
6.465913118652217 -2.081437294545975 122.02915982656329 2.959291899999698
6.244815389462751 -2.1779446768312565 122.84971580727245 3.024228499999481
6.415342427098565 -2.1069047273991304 122.21098109102356 3.0562628999996377
6.218719420715431 -2.1897343322725247 122.86132477359548 3.0877338999998756
6.048757529180115 -2.2134658654730566 123.02995698682291 3.1205396999994264
5.611629439024263 -2.231418668779243 123.39019681747185 3.150917699999809
5.176228961335923 -2.3811434159573057 124.020173117958 3.184351500000048
4.9947112776108185 -2.284529819415802 123.70928994466713 3.215686800000185
4.9947112776108185 -2.284529819415802 123.70928994466713 3.234216699999706
4.502244781159639 -2.316698089041169 123.99790637469243 3.2638949000001958
4.163106353143625 -2.2643417172102596 123.86218867356425 3.2968684999996185
3.6052927382917375 -2.0747117064373137 124.15918812669456 3.328947399999379
3.238837026076993 -2.0495066779912916 124.00935608987753 3.360303699999349
2.779849572868514 -1.843523019065921 123.7930009332325 3.393409899999824
1.9983306792219295 -1.698364861930739 123.67402645214493 3.4574955999996746
1.7078451436798971 -1.6095794979010583 123.41888431547007 3.4890832999999475
1.0615797902667978 -1.478774020989603 124.2114800371618 3.520204499999636
0.493374705795695 -1.3252496515003118 124.34451179419578 3.5523714000000837
0.22719591644614923 -1.1502099712695943 123.6598141479406 3.5833680999994613
0.22719591644614923 -1.1502099712695943 123.6598141479406 3.6022660999997242
-0.1308994611325005 -1.0093144703707444 123.72652197763144 3.632565599999907
-0.5663609440718744 -0.8986499835739847 123.73755735957221 3.6639399999994566
-0.922247282042008 -0.7455044578185601 123.69251986114104 3.695904199999859
-1.476754950833545 -0.5784063260948031 124.43831009670087 3.7285547999999835
-1.8570153755426375 -0.38313683908029783 124.26513348422841 3.76002569999946
-2.483719166721862 -0.3453456498870302 124.85481795708078 3.79194649999954
-3.315855953959442 0.06281498703256894 124.97331766847122 3.85631899999953
-3.6468241407853625 0.10888745393303079 124.56565956836282 3.8876433999994333
-3.648662964892438 0.37382880348118214 123.75256795590978 3.9220207999997
-4.1471396672598715 0.4369286370361008 124.46575970277051 3.9520685999996203
-4.1471396672598715 0.4369286370361008 124.46575970277051 3.96959009999955
-4.464795531750376 0.635051087397087 124.4143111560471 4.00128229999973
-4.688096823831543 0.750008981073127 124.5943480820615 4.032927899999777
-4.57385974721722 0.9993666264336072 123.67419443496877 4.064991499999451
-5.350998349439493 1.0293942307313149 124.94200677048389 4.095813500000077
-5.546713131205543 1.2963434182629179 124.79244997712937 4.127468900000167
-5.7568876107169515 1.513442720268909 125.09019237511762 4.159126399999877
-5.903093224170632 1.641675764077319 125.00997166213976 4.190463999999338
-5.867716344382963 2.047848140475793 124.46263234858459 4.254801600000064
-5.86353068961472 2.17196764554025 124.4497369736079 4.289076199999727
-5.896817021387882 2.282378419401556 124.46932907356121 4.31969509999999
-5.896817021387882 2.282378419401556 124.46932907356121 4.338389599999573
-6.089171722795122 2.3318231203790214 125.07299813220288 4.368217899999763
-6.153581692671011 2.45284930536715 125.1460816789999 4.400053499999558
-6.2617802519826995 2.4756055289205556 125.46895906229078 4.430725499999426
-5.960266311789304 2.587162235575767 124.71222562504697 4.464548599999944
-6.101385060726763 2.6197254394721186 125.09308259973464 4.496612899999491
-6.101385060726763 2.6197254394721186 125.09308259973464 4.528031400000145
-5.987035701832305 2.646514412309064 124.85332926059843 4.559431300000142
-5.700034273028194 2.6737505657303173 125.13081509615803 4.591649899999538
-5.2578248039466615 2.4383814473560075 125.99288387753963 4.65624680000019
-4.521178273891344 2.3726561221815246 124.9026780612135 4.6878310000001875
-4.521178273891344 2.3726561221815246 124.9026780612135 4.706087800000205
-4.49555080717807 2.3833083582978927 125.79870935461751 4.736268399999972
-3.5915321453648232 2.2069438480423105 124.48276367092411 4.767632999999478
-3.7375676074348263 2.0960869786229237 125.27503979180962 4.800461899999391
-3.310532143822712 2.0280414429715448 125.42450785257594 4.831326200000149
-2.6401640276935225 1.8694887182129991 124.96875678426534 4.863274700000147
-2.4753033110032305 1.7062361104075578 125.42844654990911 4.895644100000027
-2.173352086469521 1.5751723548797758 125.53616384223348 4.928589099999954
-1.4438851021272967 1.3712545806201262 125.08596911917783 4.960719099999551
-0.9700092294723106 1.3377864954967889 124.46099300324951 4.991018300000178
0.12212711912495422 0.8584994950222512 123.89738699681725 5.055738399999427
0.12212711912495422 0.8584994950222512 123.89738699681725 5.0744897999993555
0.374380666702244 0.894940848343757 124.5094428099696 5.103798199999801
0.7563939934528037 0.41326342582020104 124.51111567758831 5.135255600000164
1.4480279382701013 0.31047061087731725 123.44375179411252 5.1669968999995035
1.5591179589349409 0.3191865290106196 124.70487611128289 5.199024300000019
2.0609591451034177 -0.06101276499490449 124.69362179458476 5.23131469999953
2.287742787834752 -0.15834821944546074 124.50713260687604 5.264399900000171
2.631489756864113 -0.249621808383501 124.72326185079295 5.295743499999844
3.0885850939298223 -0.48324230212610275 124.51246225788498 5.327620199999728
3.3628062334968405 -0.5648626912895329 124.06249550425848 5.360829499999454
3.831010329729537 -0.8754551972763864 124.08348770185917 5.391602300000159
4.136110840736308 -0.8927699086224177 124.26576733740272 5.424151600000187
4.552707974610222 -1.1265652019788435 124.708431162288 5.472533699999985
4.983718457141073 -1.1863065156146733 124.02851170761232 5.504616499999429
5.158027262309673 -1.2439014130230268 124.09992406179961 5.535732299999836
5.267739352302584 -1.4459354756509373 124.2155266624278 5.567218199999843
5.69232485528341 -1.4810822337129146 123.22886786657634 5.601627199999712
5.63348881658775 -1.569116314801668 123.98506877702273 5.633393699999942
5.637552298020665 -1.8273639151885788 124.13536213163422 5.66495599999962
5.8688671703744575 -1.87381944048545 123.42012719682417 5.696268799999416
6.202432660185259 -1.8833967192115302 122.77827477935368 5.729169999999613
6.174662156118558 -1.9532414787390264 123.12729562057399 5.76056299999982
6.2711183276877165 -2.0607557462678034 122.75400214359297 5.791762500000004
6.062613551323075 -2.1087969809598324 123.39459368019145 5.839699199999814
6.291706143879935 -2.153385898915348 122.68158756656229 5.871650999999474
6.291706143879935 -2.153385898915348 122.68158756656229 5.902994299999591
6.291706143879935 -2.153385898915348 122.68158756656229 5.9356784999999945
6.244815389462751 -2.1779446768312565 122.84971580727245 5.968130599999313
6.291706143879935 -2.153385898915348 122.68158756656229 5.999664699999812
6.2515751264191195 -2.1784494096892493 122.66289546844644 6.032300899999427
5.723699755782832 -2.2641352366786105 123.42395676611076 6.0634549999995215
5.238937949576275 -2.3168045502716357 124.07819970869532 6.0960745000002134
5.123388763378692 -2.241487345822206 123.23231675015272 6.128448499999649
4.755171217127021 -2.2300503212609186 123.31240911837358 6.160896200000025
4.227731442255532 -2.207737706079982 123.56440624567513 6.208444599999893
3.736133572506077 -2.0306451099410725 123.92733802371 6.241648499999428
3.3125820885193846 -2.066823981411236 123.96633473210495 6.271711999999752
2.995312811930141 -1.878482808570253 123.56413380772403 6.304561399999329
2.485897370479428 -1.782258441381039 123.96947179704146 6.336165199999414
2.009205015265451 -1.7709047464657952 124.23332403896819 6.36842759999945
1.5518758389500107 -1.6006342514688856 123.91889400444066 6.399590099999841
1.2070150908497723 -1.5102764466487941 123.64091513910815 6.432807899999716
0.4840480602375976 -1.3788180470315292 124.37616125817071 6.4655149999998685
0.14404666695816104 -1.3034948848462018 124.15593049580565 6.495404399999643
-0.16817530750893894 -1.0600340584915637 123.69589870871401 6.528565900000103
-0.5134016940035622 -0.938356968386171 123.56545835482264 6.57680419999997
-0.9222479420298413 -0.7664027188478004 123.9641050229976 6.608018599999923
-1.18816118598712 -0.6507342416871122 123.94686503303058 6.639673699999548
-1.6936950554071046 -0.5496806183911707 124.23339789366577 6.671112099999846
-2.200713152405534 -0.3425868617582877 124.00240418461573 6.703983100000187
-2.3667227536826587 -0.18304042257095254 123.65508891321151 6.735311699999329
-2.821803732580541 -0.014795455197956886 123.79286720114162 6.767959699999665
-3.688499941804409 0.11957957240972605 125.15704557060911 6.799098499999673
-3.8129849825106135 0.2471959941747235 124.321895766427 6.833499299999858
-4.1471396672598715 0.4369286370361008 124.46575970277051 6.864346499999556
-4.389391083527251 0.6782263640657704 124.4786242421767 6.897010099999534
-4.642220108413703 0.6871501152025167 124.45869593538431 6.945893499999329
-4.886642561435806 0.9365120234027328 124.44486533050328 6.976569499999641
-5.038585408403556 1.14171394281765 124.24622314812001 7.008414599999924
-5.536303521654496 1.2660713740205602 125.03537288531147 7.040125099999386
-5.63302400039408 1.4727449451651844 124.74663100112791 7.073081300000013
-5.736763438492652 1.6638856322686224 124.61879034531657 7.104714799999783
-5.566539921506475 1.8296384998506428 123.97931341242744 7.135861300000215
-5.832738069693583 2.0461454207143195 124.46896724894138 7.168974799999887
-5.714004791585658 2.2158467035794835 124.0471667575874 7.200278799999978
-6.160211753857851 2.2501042508232154 125.08977552645875 7.2317488999997295
-6.015518994892815 2.418101624455816 124.69882509511937 7.263313399999788
-5.776805622109357 2.493287996610718 124.3852769035608 7.312812099999974
-5.979250466678003 2.494527000759036 125.1020824739259 7.343339399999422
-5.677568077013547 2.6485703847668836 124.47525245745521 7.3752183999995395
-5.974779576772434 2.6192646374178072 125.08837260571842 7.408894099999998
-6.066286551402605 2.6215450756347627 125.27792548875883 7.438421899999412
-5.616604368833684 2.6789117185985347 124.14108401911395 7.471311599999353
-5.953906860722157 2.604997139344129 125.38002302949359 7.503650300000118
-5.0464536687142285 2.6620463529144986 124.39033591627917 7.535869999999704
-4.978288862754383 2.6633643905481 125.27591243954855 7.568196199999875
-4.509814899587219 2.4933433247971046 124.93486769151731 7.600129399999787
-4.081851494483885 2.4683708678143166 124.36248253300275 7.631765199999791
-4.371093437593849 2.314882167306358 125.91053273432246 7.680145100000118
-3.549564663858412 2.253125939777491 124.98871114545231 7.710460499999499
-2.946940712502716 2.234052762302185 124.31672427035521 7.743162499999926
-2.9648071238108713 1.9240143580203737 125.1724154740262 7.775681600000098
-2.8996166927960303 1.7718274828929428 125.58386365941338 7.807856399999764
-2.388176739002567 1.6343129182668834 125.40185763707007 7.84036500000002
-1.7959112129443682 1.5454930051893718 125.15651717350917 7.87286419999964
-1.4454337431718685 1.215886479611563 125.39583077302518 7.9032148999995115
-0.4381684758259894 1.1823753508483652 123.93088680372567 7.934908999999607
-0.33416417877567994 1.1093416453708955 124.84697310531647 7.967270799999824
0.10195044696924782 0.6794525726734353 124.92564292712946 8.000566599999729
0.6586638189452287 0.6527668480146033 124.47379631877834 8.047596299999896
0.9746937610361641 0.4866910694135538 124.99840912523062 8.079199099999641
1.4608163145612494 0.2560690303574488 124.69219840745569 8.11165279999932
2.104718761854734 0.14321661595136026 123.92171318727128 8.143187099999523
2.3841556303129394 -0.07333716873191742 124.17265639392555 8.176970800000163
2.6842369824363885 -0.1983033434490583 124.35585037725687 8.208352099999502
3.0286785729107066 -0.4578907819951865 124.37508245951031 8.238988699999936
3.398987289409419 -0.582257561982791 124.15099853186314 8.271546599999965
3.6404764103272313 -0.7927182072706729 124.38385580451333 8.30461860000014
4.398037703628162 -0.8184072082554712 123.45578253698987 8.334278499999527
4.486403615542692 -0.937838208993071 124.03326948519766 8.366837900000064
4.707590992874778 -1.123635393649304 124.05228232940392 8.416645499999504
5.12881733988133 -1.3412281974302216 123.63180536901149 8.446956299999329
5.323318987004065 -1.4298381764466828 123.92712426978815 8.479613999999856
5.3515495223118705 -1.516730502616788 124.2957306962421 8.513971299999866
5.539813985084933 -1.7328226983295347 123.71225882122162 8.545643999999811
5.69708609319769 -1.782530674993259 123.84419641898081 8.575926299999992
5.824828315000495 -1.8571772808037963 123.82649347920538 8.608514200000172
5.964819057219692 -1.9269246886795108 123.18822191243821 8.639919299999747
6.1421080091568925 -1.9883517312902086 122.77758331997842 8.67122879999988
6.147294870841868 -2.0056663508234274 122.84015941069589 8.703746899999715
6.1452703694230095 -2.1836874904797963 122.76815239677858 8.73717140000008
6.1446603710991 -2.1652174742817145 122.68843430201791 8.783226999999897
6.1452703694230095 -2.1836874904797963 122.76815239677858 8.817245999999614
5.8519415631206755 -2.331792518927601 123.80435224710925 8.849952999999914
5.983021393025879 -2.3777251608067465 123.40656093565129 8.87930950000009
6.081818542197347 -2.278862440986202 123.07936389041092 8.911735099999532
6.084992283817122 -2.333113712602295 122.9857861742216 8.943304100000205
5.549274206519051 -2.3134127379826004 123.9983851578848 8.975047199999608
5.2183946735967695 -2.4019364229791584 124.1490946458912 9.007567699999527
5.099240916350048 -2.3326052549102116 123.53466492045676 9.040086399999382
4.613426702481064 -2.299018472740194 123.96453404233606 9.071122599999399
4.361759597465024 -2.2511217657797475 123.5308147708839 9.102966999999808
3.9315696811153984 -2.14416058414056 123.52405704153892 9.152101399999992
3.364071165237192 -2.049622918216751 124.00414823375101 9.185410500000216
3.0875296295978174 -1.9535474886032516 123.5125505414998 9.216409300000123
2.7191627958381446 -1.855224897687406 123.409527326962 9.248029399999723
2.092979313465456 -1.764801084802957 124.3140866612304 9.281223199999658
1.8341705799088004 -1.6426663625563291 123.68227832761256 9.311955899999703
1.1723468392557734 -1.58854384623812 124.57279289013844 9.344563799999378
0.6921009328574357 -1.3270711699373652 124.13928446426733 9.37641100000019
0.19063904947134347 -1.3305547694751652 124.3962616170725 9.407904799999415
-0.1905962808977293 -1.1014867510616455 123.95377380012879 9.43808110000009
-0.6788725141550813 -0.9482017910592049 124.39477456116684 9.47191599999951
-0.9060391801688183 -0.835481097137609 123.94406947747301 9.520083399999749
-1.111020809931233 -0.6473271408160046 123.77634563831356 9.552135199999611
-1.6094635631037022 -0.49897503147247035 124.34917342313302 9.58354589999999
-2.2075034416711716 -0.3936279536396814 124.4378598453979 9.61549289999948
-2.4036095636155963 -0.282305430329989 124.01318843540413 9.649480799999765
-2.8467859782058937 -0.07692304799150385 124.44803996308468 9.680261200000132
-3.317188680539658 0.04587517997124513 124.51229539299743 9.710827599999902
-3.73582473551636 0.18493844470296616 124.4649823283548 9.743918699999995
-4.076461872721211 0.4316971699675218 124.51243703276387 9.775409899999431
-4.473693108511021 0.5376900831500295 124.68224344723714 9.80720250000013
-4.642220108413703 0.6871501152025167 124.45869593538431 9.839803400000164
-4.78990692641846 0.9483019623157143 124.34791255845194 9.887718999999379
-5.266706685289485 1.0031376185869303 125.15642439066526 9.921391199999562
-5.166981701637489 1.2281524576127532 124.08829724157903 9.952406899999914
-5.681433134713522 1.4118272082994654 124.88698003415169 9.985328499999923
-5.621870109843776 1.5689454244068481 124.3778829476632 10.016644700000143
-5.728972376126606 1.7023285858465278 124.26200982802513 10.048282099999597
-6.072091649168968 1.9141664818121067 124.78996786194361 10.08123230000001
-5.922736766961691 2.0522615607471755 124.3739868207302 10.111089600000014
-6.215259045267764 2.1298113334459625 125.0020319209846 10.143868499999371
-5.939454159595748 2.301963844396633 124.38665910952476 10.174707799999851
-5.939454159595748 2.301963844396633 124.38665910952476 10.19201879999946
-6.0933126724911375 2.4139095768475363 124.73948232776503 10.2551997999999
-5.904706151628503 2.5482268759840503 124.31897607837439 10.288502899999912
-6.1630830617136 2.5169384692351455 124.9251796180132 10.319459899999856
-6.089864481192109 2.584929387707078 124.65151969674828 10.352845399999751
-5.9290829323030465 2.6073241374670375 124.4532542352587 10.383717400000023
-6.0203807296787275 2.522613555838336 125.67391910590914 10.417022799999359
-5.50380174593608 2.649845041816749 125.49594407822273 10.448474599999827
-5.082717228254097 2.5739836391481212 125.8583877267786 10.479541300000164
-4.531815843806406 2.433410985156599 125.68953013972501 10.511864399999467
-4.0453754073959445 2.3649719264275797 125.2223393312669 10.544594199999665
-4.0453754073959445 2.3649719264275797 125.2223393312669 10.564374399999906
-3.8967308621602896 2.1309712880101923 125.16259127810025 10.623981199999434
-3.5204748572989857 2.0579642107199194 124.93773680687237 10.655533399999513
-2.6365913043903006 1.9671818959748448 124.35562053313188 10.68765699999949
-2.5471869501015476 1.8267965313243761 125.528060056743 10.71888989999934
-2.1288708458005985 1.6090731956725683 125.21789543237644 10.75289089999933
-1.5380916009920256 1.4737259077794347 125.23499510712519 10.782782999999654
-1.16860379133432 1.327583010474187 125.38347164286567 10.814857599999414
-0.6391484500789417 1.1491914958660383 124.66629069857612 10.848499900000206
-0.4293363838735118 0.8912477396691907 124.71488325430533 10.88059819999944
-0.3756513730730191 0.721737062050001 125.26128980603926 10.911896099999467
-0.3756513730730191 0.721737062050001 125.26128980603926 10.929918099999668
0.36248701022307017 0.5341215167853146 124.92913201206582 10.959635700000035
1.2073180943658954 0.4735599104940061 124.4469351239607 10.99108410000008
1.780086685764573 -0.04968714611269687 124.52569793772894 11.055300299999544
2.4721043170754697 -0.051544236238990626 123.9305815229866 11.088706599999568
2.6823348443362462 -0.07409190640085694 124.13497658779804 11.118977399999494
3.013194536501203 -0.5266145730379432 124.27641737810843 11.152430399999503
3.4431833288342375 -0.5176241582177139 123.48211701811475 11.182335099999364
3.769950585394753 -0.7344848425252901 123.79368618671114 11.216824299999644
4.376951426845139 -0.8377063032068695 123.42934343400427 11.246467699999812
4.516684109962085 -0.9080972530984377 123.71658283837114 11.278342900000098
4.516684109962085 -0.9080972530984377 123.71658283837114 11.296858599999723
4.601045030608155 -1.2292453832251677 124.52787783149125 11.328619699999763
5.374820681494995 -1.17581963680519 122.65911993442431 11.358977699999741
5.6399667364262385 -1.4829183538892172 123.27246723675894 11.422929899999872
5.62419193173865 -1.6262495975660958 123.4108593883996 11.456553500000155
5.871479967892235 -1.7500588750556454 123.40886673068675 11.488060399999995
5.822719455593273 -1.7824200636110077 123.83695039037424 11.518874800000049
5.761881566173955 -1.9439060885941881 124.23035091857311 11.551692000000003
5.942937601875819 -2.030753990969806 123.85280380535268 11.583418999999594
6.127935256454407 -1.9770574735187791 123.29466168649903 11.61599919999935
5.923513168823021 -2.167865029035379 123.84137923637905 11.64638819999982
5.923513168823021 -2.167865029035379 123.84137923637905 11.664118499999859
6.268836386754309 -2.1652334165871308 122.68198563864331 11.696462099999735
6.244815389462751 -2.1779446768312565 122.84971580727245 11.727350999999544
5.937596418416682 -2.2792925599733214 123.87568387834672 11.759129999999459
6.244815389462751 -2.1779446768312565 122.84971580727245 11.824063799999749
6.039461008850992 -2.2445677188230286 123.39674183465009 11.857108600000174
5.771618265692737 -2.327397826944477 123.4730224937743 11.886417400000028
5.548023746435518 -2.2232683216990163 123.31555711075072 11.92012749999958
5.219370146556663 -2.243710560534966 123.38857879901883 11.952723100000185
4.850362371910265 -2.2634764082559498 123.46405310927058 11.984564200000023
4.318186976796106 -2.2382122523014196 124.15752701889667 12.016726099999687
4.318186976796106 -2.2382122523014196 124.15752701889667 12.03461789999983
4.103143367956321 -2.2194168308063187 123.48860366723423 12.064973499999724
3.6170918531632026 -2.002922265803762 123.54628012082759 12.095727799999622
3.128974221731802 -2.0181906237446436 123.6073762312266 12.127232699999695
2.7565979665652023 -1.8936925556875517 123.61481070412682 12.159295099999326
2.384247810775058 -1.7691668785205459 123.62207005813016 12.191175599999951
1.190379023527015 -1.581408626132316 124.37462109421672 12.255872300000192
0.8871219511033601 -1.5051022289489224 123.94428947058475 12.287304099999346
0.4875233792779454 -1.2583305004133423 123.72340912791758 12.318905499999346
-0.1934501081467701 -1.1351822964348963 124.43232014378593 12.352444499999365
-0.5285385513652656 -1.0517668535075326 124.20067808188767 12.383634699999675
-0.5285385513652656 -1.0517668535075326 124.20067808188767 12.402789400000074
-0.8539097158815423 -0.8432960070345072 123.97176147540367 12.432933500000217
-1.158233848138991 -0.7314410254273525 124.03096096880205 12.464528699999391
-1.5209652210057527 -0.5522372406193179 124.20070290728992 12.49621819999993
-2.1351161663518994 -0.4800706141035549 124.85884780613122 12.52790189999996
-2.1991880005176156 -0.245658668088371 123.70577607157529 12.559858900000108
-2.685292685023313 -0.03780832639950693 123.96961476702364 12.591394999999466
-3.688997432275471 0.24679074007928287 124.50687346432362 12.654947600000014
-3.947697190936985 0.441921191262951 124.42926209430168 12.688878899999509
-4.261181797737429 0.5723303607136527 124.36646116390688 12.720122900000206
-4.327172420523858 0.6634719588401602 123.95247802246293 12.751612199999727
-4.327172420523858 0.6634719588401602 123.95247802246293 12.768979800000125
-4.408493272963277 0.9390834212362931 123.62738248757073 12.799294800000098
-5.005905259505354 1.052916301252933 124.46172733699555 12.83114999999998
-5.258867361389775 1.1874619046469288 124.6195504586239 12.86517509999976
-5.401891873058695 1.4467618146260435 124.3189509122056 12.896090899999763
-5.585612709135972 1.56688837222914 124.38025301654625 12.927536399999553
-5.816684961331781 1.7297181529945906 124.74114047964154 12.959970699999758
-5.763133118948197 1.9441677163922935 124.2829434176905 12.993219199999658
-5.918218648657458 2.1762882048898518 124.36020099680562 13.057589399999415
-6.01427456516533 2.3428537187296374 124.69484066383649 13.08823299999949
-6.01427456516533 2.3428537187296374 124.69484066383649 13.107044200000018
-6.087612387362327 2.396525556931837 124.89283074013855 13.124201599999651
-5.855179591555945 2.4201415417156786 124.42401059441377 13.168704900000193
-5.963810647352332 2.537843490722138 124.7244539763856 13.200528899999881
-6.102333865883374 2.573022506908604 125.17374588596061 13.23146110000016
-5.960726363933269 2.644561922721853 124.81259377076616 13.263393999999607
-5.675017894026681 2.672942299902971 124.33811750677121 13.296029399999497
-5.886134049751753 2.6170097738990004 125.36787322011777 13.328267899999446
-5.747869361344648 2.5989572594802803 125.43217030131734 13.360430699999597
-5.191344359955913 2.564090369307819 125.03924896752952 13.391584899999543
-4.7016127940265875 2.344654978116292 125.41764819282234 13.457372099999702
-4.7016127940265875 2.344654978116292 125.41764819282234 13.475240899999335
-4.097809023195339 2.3091023707197893 124.83174001569877 13.492370199999641
-3.917070223043389 2.1722813099894296 125.28744055260421 13.535321700000168
-3.473106765192128 2.1151586540922107 124.93433697615487 13.567273900000146
-3.1878334768082013 2.037279788517318 125.13450871779963 13.601117000000158
-2.767867115779417 1.8385860049277913 125.37092220317811 13.632896000000073
-2.474354282820478 1.7751320695167838 125.31247243722521 13.664548099999593
-1.948773052845759 1.452798237271346 125.2596547845988 13.696848900000077
-0.881471977532442 1.4950763767149065 124.120331439183 13.728200300000026
-1.173648778527017 1.3290844179503933 125.48293545693504 13.759226999999555
-0.7581455630418645 0.7696488099151474 125.33043771218694 13.791885199999342
0.15790102680254847 0.9810761693458812 124.08610619960986 13.822947900000145
0.37659566127423716 0.791249197693768 125.13100097941468 13.85453890000008
0.94438277846875 0.39570692341512415 124.55067014685399 13.902462000000014
1.3281660889978681 0.3787086368387822 124.64310283416981 13.934695099999772
1.7773234411929835 0.18522952370688284 124.73020956787775 13.968353100000058
2.4176316875714647 -0.10609984712240161 123.76561733616602 13.999543699999776
2.4068971491557036 -0.13831127107355168 124.9360264311885 14.031639699999687
2.9629321786370113 -0.3111629001216869 124.65601553132419 14.063536699999531
3.6953213645356797 -0.39880700256559787 123.37993308458891 14.095096799999737
3.452440599907476 -0.6171277347939281 124.54407979029334 14.128797100000156
3.870056125884652 -0.9215315365776451 124.45447855365103 14.158371299999999
4.560211437967254 -0.855531343326088 123.24945099593862 14.191311099999439
4.455908271313 -1.073537533525609 124.06121754925533 14.224242199999935
4.803880509789927 -1.3406231649883238 123.6129365675748 14.272174199999426
5.1359155880412 -1.2781991173199416 123.69386169429819 14.303603999999723
5.402360621361396 -1.411364966557492 123.86506214026954 14.335426199999347
5.4520193657717755 -1.5710765434432603 124.04751658256306 14.3685717999997
5.801688221448067 -1.725129042280853 123.21924984398802 14.399856199999704
5.886030040364247 -1.774510234790836 123.74829824068065 14.43147929999941
6.117168178231765 -1.82762846951917 122.94451515174055 14.464269699999932
6.00266664357666 -1.9771838914626936 123.30275502106554 14.495581099999981
6.085856481860652 -2.0320983569930404 123.06114987338348 14.527084999999715
6.002977213203977 -2.0600852414648196 123.555525109037 14.558812499999476
6.0936531481600085 -2.2051343004130164 122.97960356636503 14.591419399999722
6.207540476024377 -2.156727427543972 122.54463474957639 14.639559899999767
6.207540476024377 -2.156727427543972 122.54463474957639 14.671852499999659
5.844503766925854 -2.355786792956362 123.90570027457919 14.703909799999565
5.921615781510141 -2.391865152651703 123.70915677056966 14.736315600000125
6.081818542197347 -2.278862440986202 123.07936389041092 14.767151199999716
6.026476685437636 -2.2672864007145113 123.05976941446691 14.799565399999665
5.547756801547571 -2.2976278802998005 123.86159343945752 14.83068060000005
5.346464019773336 -2.28798893694891 123.3161816109061 14.86460999999963
4.812288429219393 -2.31731155816941 123.91378788412561 14.89728389999982
4.715094070225028 -2.136625483710357 123.0565038866555 14.927307699999801
4.266673998587926 -2.194669298450945 123.21456297950657 14.960724599999594
3.6145542751770208 -2.0498363841438585 123.99361615208102 15.008611700000074
3.2332121775032547 -2.061619376533615 123.9497208109623 15.040671599999769
2.881170528143727 -1.8939406968932153 123.61029879785876 15.070851099999345
2.4983462243669194 -1.7540872701203876 123.57631423719772 15.10512849999941
2.2350261694926346 -1.6740424598629784 123.13564461139309 15.135831999999937
1.3689795630991952 -1.58237044232935 124.32356467102561 15.16730759999973
1.1824707031279402 -1.4955214396282615 123.40214649826784 15.200362599999607
0.48763283345794406 -1.3597031714868515 123.95972821581907 15.23290999999972
0.14389715205825837 -1.222609285771751 123.68371086467488 15.263161500000024
-0.33140485940734266 -1.0105650004401023 123.70140788278715 15.2955307000002
-0.6758492657677522 -0.8697765090418204 123.69446458524695 15.327870899999652
-0.9882517460467213 -0.771430696462579 123.77962230839404 15.376144099999692
-1.476754950833545 -0.5784063260948031 124.43831009670087 15.407804299999952
-2.0309794562997823 -0.4902356098681864 124.84855161600134 15.440166999999747
-2.314236761289294 -0.29942578296258304 124.2344426305249 15.471376200000122
-2.733914335557749 -0.17874044198503358 124.2642967700426 15.50446120000015
-2.9717961361497416 0.10059726442543249 123.90255041846932 15.535418899999968
-3.6104659378913553 0.18455698199797643 124.46138092843134 15.569168299999546
-4.0621463092833 0.33063926712125086 124.9374223859289 15.60007029999997
-4.1867490452296465 0.4392156685434667 124.47184391622149 15.632737099999758
-4.316348667034568 0.6533933966154033 124.06269741949127 15.664955799999916
-4.49133204733036 0.8585379951719196 123.85745327544791 15.69622679999975
-4.886642561435806 0.9365120234027328 124.44486533050328 15.744813700000122
-5.232608273957901 1.1744408379860565 124.53755726823472 15.775042599999324
-5.394350221265192 1.3718033723957934 124.61503701666068 15.808259899999939
-5.852063081723529 1.4937593004543437 125.21148792382137 15.84050709999974
-5.889083430589345 1.6598897082849722 124.87262216542878 15.871092499999577
-6.037598520985881 1.7778119489458692 124.86479174676718 15.905306499999824
-5.845842370384361 1.968838736067703 124.07193009241888 15.936637899999369
-6.130430109106577 2.1489175929480226 124.9102865726501 15.969035999999505
-6.126118297669763 2.2734663219548477 124.89706856348712 15.999263699999574
-5.752815416199596 2.3873625072776132 123.9738773822831 16.03102989999934
-6.225767152395711 2.431214668211183 125.34031340836549 16.064396799999486
-6.08340488766045 2.5210588477738405 124.87989185791582 16.1126419000002
-5.926903047127219 2.594917471295116 124.55413405006294 16.14414029999989
-6.193112303304197 2.621993029187917 125.28261500357738 16.176552099999753
-6.266412285707339 2.618353075230428 125.38080013376022 16.206398799999988
-6.125433188335208 2.609323356900754 125.26633225494996 16.239155899999787
-5.603014046900562 2.6336751023942964 125.03803622910914 16.270921700000144
-5.18177347377533 2.6247025339019485 124.89807527308348 16.303521899999396
-5.300674953772621 2.4438850690877265 125.93945810599027 16.33395819999987
-4.684599264771137 2.373968104951151 124.90470826219929 16.3664248999994
-4.319367917819342 2.343516215350423 125.39826590544855 16.399735099999816
-3.5974702681875783 2.254633363152088 124.6872845985348 16.431141899999602
-3.2279428598735365 2.157823437483164 124.59043967094196 16.47897550000016
-3.0850861963175547 2.016631612623165 124.71833699152448 16.511275599999863
-2.836574447740915 1.891488993421278 124.7204353536077 16.54370839999956
-2.7766899356710226 1.6461268974047025 125.59238305763093 16.576322899999468
-1.8803560853220063 1.6315079833137816 124.8265194336205 16.609556800000064
-1.6287905563429703 1.4809406255742839 125.01820441023509 16.638166799999453
-1.1694790966549178 1.1137587887438054 125.07262757740628 16.672354799999994
-0.31439913732054237 1.1489073464577488 123.6984290063486 16.704151599999932
-0.2580119458873611 0.8618184460272242 124.95675942762487 16.73635849999937
0.20457684732441095 0.601798156948869 125.12919456576782 16.768386400000054
0.934010483580181 0.6060045911091059 124.5163712254412 16.798718199999712
1.2772468859256847 0.27896374194375795 125.15237774385326 16.84751529999994
1.8777244153537396 0.2719573202788613 124.4752223004221 16.879283700000087
1.9905669274900006 0.012819717228086724 124.66648376568844 16.9116125999999
2.52083885573996 -0.12770111096542203 124.26565547246426 16.945536399999582
2.7807430358955614 -0.2759376290160731 124.36725886669633 16.977192299999842
3.0967517351030835 -0.5098978906993268 124.20373687242326 17.008660999999847
3.6231371032306967 -0.6484371605740418 123.58142455666182 17.03923560000021
3.865309609348536 -0.6848848286797422 124.03108832004402 17.071305599999505
4.254318434517948 -1.0121074760195028 124.11514790491648 17.10276789999989
4.733320743951566 -1.0114755811908211 123.42276204758514 17.136739800000214
4.995776336965747 -1.2240595775692655 123.66908130461803 17.16759319999983
5.35446946492489 -1.2583607150558493 123.40674572652198 17.216848999999456
5.504532342552082 -1.3787738386685389 123.3949342970243 17.24771509999937
5.62419193173865 -1.6262495975660958 123.4108593883996 17.279488299999684
5.880236811911175 -1.6517412640849707 122.95771445209347 17.312946299999567
5.790117621103782 -1.8194374526520725 123.48373119124547 17.34384940000018
5.963579144297654 -1.9086309983472627 123.05773026242154 17.37616799999978
6.167934574241457 -1.9255209562687159 122.76464111703902 17.40902829999959
6.132117155472642 -2.0177673119185915 123.03092164510241 17.440328699999554
6.041854602022362 -2.120756998392468 123.38630713097083 17.47237159999986
6.039461008850992 -2.2445677188230286 123.39674183465009 17.6557772999995
6.121463918061927 -2.2244788571325365 123.32192865261563 17.720917399999962
5.381556071630477 -2.363729208090159 123.35470124210448 17.7852256999995
4.924899970653499 -2.3122138198635396 123.95472490467347 17.851235899999665
4.655514235224935 -2.2840163136618092 123.79938503502305 17.91769260000001
4.378394054957077 -2.2402174600406894 123.25853906909273 17.982296700000006
2.41069356686463 -1.8382852808532983 124.21244581669445 18.048195399999713
2.09857791555541 -1.8054583636598744 124.01911539266547 18.11197429999993
0.07228791505480814 -1.2893977581364302 124.54540370428403 18.177887799999553
-0.1604387610232294 -1.0957947468659708 123.74411171958073 18.243169399999715
-0.8565878516539058 -0.953362657881512 124.44307224299946 18.308371699999952
-1.032622365177943 -0.8485115588649548 124.0254047866752 18.37401460000001
-2.4755543933564113 -0.1487840330677488 123.98210256705069 18.437974099999337
-3.068544423581983 0.056763107394690926 124.44060756247953 18.50311640000018
-3.553655701781004 0.14921731237039615 124.88000685599648 18.567906799999946
-4.681350189372189 0.73689107561861 124.5669221656852 18.634285099999943
-5.059571383938575 1.0262228776979314 124.92981312299436 18.69999259999986
-5.596242700957738 1.1068195067357323 125.55337843102885 18.76599929999975
-6.124453013912067 1.6955999108705382 125.16912401491359 18.830794999999853
-5.861903759715524 1.9420353512590378 124.35103741019897 18.895178299999316
-6.238433048820468 2.0561371404645343 125.37933348285158 18.961600699999508
-5.951959826752507 2.3781931559605995 124.96165355531977 19.026265299999977
-5.584011756425156 2.528618034384476 124.70689087462348 19.091447299999345
-5.251058216604221 2.65229387536149 124.39699248874659 19.156438799999705
-5.405813208695065 2.514180442110838 124.90007884379365 19.22177659999943
-5.346863661202832 2.3882952482908504 125.64258244004192 19.285676699999385
-3.8897362272107188 2.1137370275899325 125.24789361925761 19.351890799999637
-3.4537531377448545 1.9698264339185247 125.43299949547931 19.424189800000022
-2.894145816023631 1.8070872625572874 124.9314986337624 19.534993999999642
-1.0875583339677988 1.2570361170736566 124.74721727948884 19.598669099999825
-0.7831131190334162 1.1900972158272656 124.79659411599529 19.663440199999968
0.5209587169946772 0.6852229274308491 124.76160472740213 19.729340400000183
0.9681041247677413 0.30957468247365005 124.79993238291303 19.81042989999969
1.8643751697572313 0.012990725261855185 124.6726343345024 19.875829799999337
2.1324189976576378 -0.17474431822728986 124.66878927327176 19.942255699999805
3.8867334209992848 -0.7135827020878542 123.8374086081453 20.007227999999486
4.157953185432909 -0.8530255370483595 124.47699599779081 20.07336429999941
5.464705881638665 -1.2032427178054281 122.49038477376507 20.138038299999607
5.102162886445768 -1.3921646325592016 124.29831583589463 20.202448999999433
5.573902837313845 -1.7323789861121401 123.9044820032945 20.267301599999882
6.120001946938629 -1.7043919868849327 122.93240857641703 20.33190689999992
6.018321790601348 -2.068073309034885 123.66060141276455 20.39665479999985
5.964720196971726 -2.3275153814206115 123.524926590568 20.461800399999447
5.9912155564275125 -2.254427118334906 123.68215433839681 20.52725659999942
6.183386837201567 -2.28358832478623 122.79745951942083 20.590777599999456
5.800434724145774 -2.4374571343677567 123.92122710952509 20.662705499999902
5.565947426348586 -2.3759078473541084 124.04735236621872 20.72638199999983
4.352465595959323 -2.2793387517467623 123.64054461480735 20.79158969999935
4.352465595959323 -2.2793387517467623 123.64054461480735 20.856695899999977
3.9120626540951875 -2.2077008534800764 123.5111128980129 20.92302800000016
2.1753157325689685 -1.8105673124343427 124.04544725513706 20.988580499999443
1.091473994231805 -1.5146220365284928 124.34214723062534 21.054562199999964
0.690064657408513 -1.4236140994736228 124.11770182473866 21.1202444999999
-0.4692541676241646 -0.9635414440643724 123.74391690279238 21.184699100000216
-1.0060772896460861 -0.7799988844739849 124.14518348281163 21.250481000000036
-1.2546261171139577 -0.736630489267313 124.18878605953651 21.315027900000132
-2.809771171987002 -0.049539502019745885 124.23179413869086 21.38067779999983
-3.5415481574108156 0.2883330228521094 123.83495132978362 21.446103199999925
-4.148294875061104 0.5220475316873764 124.93338040808587 21.51116649999949
-4.67846340494139 0.9598638601520686 124.21271519126395 21.57711349999954
-5.249290786075825 1.1387616557416802 125.03838616031368 21.639830999999504
-5.24899577829504 1.3021614481062718 124.44398039242708 21.705515099999502
-6.045182877203956 1.911562994300493 124.85322595313261 21.77063409999937
-6.17946582447194 2.01843537620666 124.97572514693667 21.835216299999956
-5.913707415849366 2.300291259548556 124.34643703011378 21.901456900000085
-6.043995452367639 2.526069374402307 124.77078261819565 21.966897399999652
-6.105303580486186 2.512763033259128 125.0070485949251 22.03258949999963
-6.369672817346121 2.5982787566955183 125.55629905781254 22.097441899999467
-5.225781702751924 2.555483416035341 125.20260853819431 22.162115399999493
-5.371086751579824 2.337238148798142 125.60645832528891 22.22676109999975
-4.100710366945712 2.21500451228978 124.53027661360127 22.292699999999968
-4.100710366945712 2.21500451228978 124.53027661360127 22.357607899999493
-2.43013117824713 1.7296734578769701 125.11610283604563 22.422401299999365
-2.0468853719405047 1.639872401337756 124.70862406788493 22.487228399999367
-1.750904407190987 1.4753940899906408 125.2551062858584 22.552773499999603
-1.2427990449664463 1.279961074779179 124.40992320746686 22.618896199999654
0.25907505654568297 0.4047910576007296 125.21115564342955 22.683591999999408
1.2005247791551383 0.5542196080267855 123.97980620141374 22.749496699999327
2.989631459595941 -0.32446028727656206 124.07716887961396 22.813974799999414
3.6074677610910513 -0.3134135514374603 124.0860586112071 22.879275399999642
3.825762963268936 -0.5209755789643884 124.17233076174465 22.944324799999777
4.658330495787446 -1.144128488201034 124.23600951859547 23.00943229999939
4.852811481439893 -1.2675796932371102 124.30080241978327 23.07460649999939
5.254220969653893 -1.4233970234556343 123.87125438291663 23.139564099999916
5.768156298332222 -1.8622065448712757 123.42203670781397 23.204115900000033
6.150466136452707 -1.8826189565283808 122.88152761371707 23.268844199999876
5.942937601875819 -2.030753990969806 123.85280380535268 23.334524699999747
5.788228454467799 -2.402838019107292 124.1859995057157 23.39879219999966
6.183386837201567 -2.28358832478623 122.79745951942083 23.463168100000075
5.996509904743924 -2.3974888914119195 123.7426019385611 23.528242899999896
6.039643921458854 -2.388229336323848 123.47845171060165 23.59653049999997
5.157729081978417 -2.3326599198606406 123.46415859610707 23.66093019999971
4.844329501686886 -2.2438773075588525 123.40844792413537 23.726614700000027
4.471887672887611 -2.26431104652703 123.57902037691419 23.791278099999545
2.674772995008631 -1.9358176973050107 124.03160662354972 23.856359200000043
2.2403050795373147 -1.799825324742789 124.03602338470691 23.92272899999989
2.068539393978263 -1.6783764833657107 123.15395261233726 23.988513399999647
-0.02401127017510163 -1.2473503212693415 124.14551975270956 24.05300399999942
-0.3990843113215021 -1.0180456586349131 123.7196210334836 24.11798269999963
-0.9076262727740172 -0.8488195292723755 124.02111959679614 24.18380849999994
-2.3617820960083336 -0.28545200701922924 124.19141787680248 24.247655499999382
-2.840804358500222 -0.08890764902291026 124.50148486401021 24.31232970000019
-3.427696127349904 0.1488693648777999 124.87597383226456 24.377195299999585
-4.642220108413703 0.6871501152025167 124.45869593538431 24.442692499999794
-4.547893351364081 0.9872744192840898 123.7710208206325 24.508289599999443
-5.099924887785498 1.0502436531170598 124.69815720986044 24.573082400000203
-5.425709560694237 1.2383270119317127 124.73548616793663 24.638264799999888
-6.061476916265541 1.76860813528874 124.99722749385782 24.702916600000208
-6.1240520554692 1.8891633712258427 125.06558537300347 24.768063200000142
-5.931138134517873 2.4644564211181357 124.91354912851327 24.832763899999918
-6.007283931626844 2.4747340545806704 125.45821072572427 24.898080099999788
-5.701894084646327 2.5798818151406278 125.03509112435174 24.96262149999984
-5.088433424138458 2.6966025095241006 123.77434533143943 25.02734849999979
-5.300052908343609 2.4570786407923078 125.62509605850266 25.09226839999974
-4.780779120177819 2.481147773808719 125.29571022111061 25.1584428999995
-4.562713034549432 2.3407604163587186 125.51793895739094 25.223043099999813
-2.9250300384069305 1.9037138484903302 124.68855510463777 25.287698299999647
-2.6415106998891886 1.843420149897068 125.22660029816527 25.353904599999623
-2.0840896253186116 1.7576576177984455 124.7453837699412 25.419196199999533
-0.2670397561579847 0.9836021124887027 124.16974701310193 25.484004699999787
-0.2502875937873128 0.819054046882331 124.78558263580204 25.549129699999867
0.4517234571904609 0.5675387323252626 124.79828911471712 25.615015100000164
2.2119278245044427 0.04667588853654281 124.33277375336704 25.679835599999933
2.622767359103719 -0.16555885319921004 124.4757322496485 25.743578399999933
2.973956376871776 -0.3854643303594574 124.19851645914477 25.807972399999926
4.409871322565884 -0.9146827349823221 123.87137490588086 25.872519900000043
4.649280204760807 -1.1805933961414337 123.98116059097634 25.936545200000182
5.017712266876039 -1.2788400049204363 123.75395532020181 26.001092900000003
5.290953055085666 -1.3378786253740977 123.6630818003151 26.06589840000015
5.946228212801493 -1.7377425321819735 123.36486603311138 26.131391199999598
6.005919850852848 -1.8535080065145562 123.28911304985976 26.1955896999998
5.968047368673609 -2.0797711647272754 123.50936108040561 26.261614999999438
5.9912155564275125 -2.254427118334906 123.68215433839681 26.326257199999418
5.921442697693237 -2.292200164476089 123.85056036967792 26.391728499999772
5.984633696280717 -2.3877427151795074 123.53678701013602 26.457583299999897
5.4986451512007335 -2.2729780384793203 123.75494853580541 26.522906000000148
5.212038250658928 -2.3140762056289232 123.4947867786276 26.587854700000207
4.93058788236128 -2.2847068367328616 123.63701958545356 26.654316499999368
3.3863532759233905 -1.9914494517106434 123.28511705119158 26.720648900000015
2.803175721788257 -1.95680750802571 123.66447336308764 26.78533470000002
2.3655106504631433 -1.7999882268056564 124.03105613237689 26.849907599999824
0.4677791868408079 -1.302745829922403 124.18483281662739 26.915490499999578
0.06821399269617956 -1.1738112821598503 124.12434970900706 26.981259299999692
-0.30522568465831057 -1.0487415917744969 124.1295653331727 27.046829899999466
-0.8855016987572242 -0.8933220488776124 124.45737169228167 27.111387799999648
-2.3984436139803194 -0.24324292058393437 124.21700950799843 27.176161700000193
-2.820498431748142 -0.06829197380758534 124.4424058130516 27.242276399999355
-3.3489231294016335 0.025501655250838362 124.89874274779464 27.307067699999607
-4.684263814037507 0.6615645284516328 124.86171851537556 27.372612899999694
-4.648558409955058 0.8334323497920861 124.27021770918458 27.438587599999664
-5.165483661132825 1.0152041256763733 125.04816486549319 27.503106499999376
-5.912698705662663 1.6711405345642296 124.76697197710571 27.568861099999594
-5.867465046144616 1.9053942134785877 124.56098143680236 27.634718299999804
-6.194802137175202 1.9916619191336213 125.25439772838182 27.69967649999944
-6.425402003167555 2.3421026116928783 125.6415886073361 27.766073899999355
-6.037807803428102 2.4591679018470147 124.82482970530394 27.829577299999983
-6.223822929624724 2.48837362439176 125.435011160597 27.895735399999467
-5.6582246711140485 2.6120766871250596 125.1881495055594 27.96002359999966
-5.42237608942002 2.5762766997452102 125.56913212709905 28.02552949999972
-4.8666528245637934 2.3458750124614833 125.42141147704459 28.0901187999998
-3.7850132515212707 2.071017311192106 125.64374354923574 28.15578699999969
-3.7850132515212707 2.071017311192106 125.64374354923574 28.221704699999464
-2.7949711305639156 1.7814902929196963 125.18381822422472 28.28724340000008
-1.1476233511661462 1.210657734512681 125.39519505602095 28.351582999999664
-0.6509165140714686 0.9306761200422502 124.9395734815287 28.416915799999515
1.298345999510552 0.47306809569605884 123.49695975659048 28.48324589999993
1.5178318572938707 0.5064586844244103 124.63460598667808 28.549053599999752
2.15397758591741 0.02630894485056745 123.62082361905685 28.613358399999925
2.4148211333322536 -0.11253381849606736 124.63002933626078 28.679499299999407
2.633788081328831 -0.4361276691398426 124.72953727354192 28.744245699999738
4.348150937255717 -1.0390904894599893 124.154206456158 28.81156329999976
4.783452884158542 -1.0389113326003845 123.86314927748664 28.876323200000115
5.5792510830669 -1.4666001995178015 123.21362627614955 28.941098899999815
5.626832519025044 -1.5025253831290968 123.39958644861319 29.00645540000005
6.0560748854116255 -1.747878813848632 122.86085861652616 29.072833499999433
6.033884986042423 -1.8104560329775339 123.2438562466237 29.13808229999995
6.084881726117004 -2.1367516621567546 122.98492185184404 29.20337130000007
5.971117907502844 -2.219288641351773 123.20024065884695 29.26908269999967
5.902212909464872 -2.344715619138987 123.61447351890455 29.334888899999896
5.922814116593322 -2.247475558578667 123.62483077610898 29.40141979999953
5.4770800414503285 -2.2904449908457716 123.8141610871351 29.46674239999993
5.289481837063001 -2.244729497413908 123.43665631321373 29.532136699999683
3.73020497906208 -2.083222566914296 123.57871388123317 29.59678249999979
3.73020497906208 -2.083222566914296 123.57871388123317 29.66220809999959
2.2598948046039595 -1.677175523327607 123.20759804188211 29.72719640000014
1.617574531152897 -1.5504346817830923 124.04666434962027 29.793157899999642
1.106757565085573 -1.575617698785576 124.16708861259075 29.85871390000011
0.23943751502525146 -1.235078683424915 123.96158326178717 29.922476599999754
-1.073081989809026 -0.7998996877941436 124.2318700037403 29.98735239999951
-1.3574297389004855 -0.5876422051684178 123.89916777319111 30.054030299999795
-1.9563827567376464 -0.5117309957883933 124.42965789533275 30.117529399999512
-3.567347701040589 0.18254825783278583 124.446182489703 30.183199299999615
-4.319222090330811 0.5783630670115587 124.92378490417592 30.247825999999804
-4.265675836176413 0.6606771742600557 124.10129057726216 30.314329299999372
-5.389560927038012 1.1285284277694663 125.14925512520698 30.37910539999939
-5.222076871646038 1.2871569426788285 123.92293816428833 30.443839900000057
-5.52726065418134 1.4471951143938737 124.32251470044743 30.50839939999969
-6.038449795894834 2.1606496315839037 124.83188642958235 30.574700199999825
-5.86636537679955 2.305687626881361 124.28717877702502 30.63926529999935
-6.197606938160817 2.497046833269479 125.29637448322217 30.704185799999323
-6.073885166861714 2.5989775046456254 124.92994134257759 30.76957549999952
-5.914460780835405 2.646847894869728 124.58027696168308 30.835178799999994
-6.177073858790735 2.594593588970677 125.50950721972364 30.901371899999504
-4.170400086640299 2.5829072829700106 124.5444292376708 30.966334099999585
-4.193534873577271 2.390091762462406 124.82258424384862 31.03119229999993
-3.717152986265397 2.1760114133375397 125.17924639837258 31.0968342999995
-3.717152986265397 2.1760114133375397 125.17924639837258 31.16225619999932
-1.9754365183605316 1.5409140977777662 125.12537632282417 31.227180199999566
-1.3357766595174354 1.4532347183609162 124.82882786865956 31.29302539999935
-1.0292060240700138 1.3404218979289624 125.26950455685484 31.358791599999677
0.8384738295054959 0.6307293841648998 124.68920463961196 31.42463299999963
1.0223140378918742 0.3974975298944844 124.65355733312687 31.490444099999877
1.37270919999834 0.17591848977227498 124.91016146934955 31.554823899999974
3.0286785729107066 -0.4578907819951865 124.37508245951031 31.619735700000092
3.354467057405415 -0.694045242209079 124.5885333962926 31.686567300000206
3.8519447271761322 -0.7967820975695343 123.95636806732128 31.75078450000001
5.180591745269595 -1.3404468687093347 123.58903027285287 31.816826799999944
5.553620758421829 -1.42049456806255 123.11723500160251 31.882335700000112
5.765221909185605 -1.4828318769114057 123.26436479919792 31.948007599999983
5.872193772323477 -1.9205400315205203 123.87894442730709 32.011356399999386
6.197295705250497 -2.000205135069284 122.79785520905264 32.0771778999997
6.1930069303127695 -2.0259865810229885 122.95234056043475 32.14225429999988
6.291706143879935 -2.153385898915348 122.68158756656229 32.20734730000004
5.921442697693237 -2.292200164476089 123.85056036967792 32.27286619999995
5.921442697693237 -2.292200164476089 123.85056036967792 32.338013699999465
4.899131414654548 -2.2302125746429358 123.8893311429467 32.40252009999949
4.787008977813102 -2.2758948389817504 123.4703190001483 32.46704829999999
4.3332946893572455 -2.202411413334838 123.46788107387681 32.53200449999986
3.913881938539326 -2.0058381076816754 123.65711309623711 32.59717360000013
2.009032088212969 -1.75622163173936 124.16436639688722 32.66377370000009
1.6759258746555403 -1.6852596722953899 124.0588076998313 32.72811939999974
1.1314677361258845 -1.5645900413146934 124.09223880347304 32.793363699999645
-0.6572539992755964 -0.9251619570258134 123.98179405437271 32.859195299999556
-0.8408431047569564 -0.7438808541574717 123.70479247621032 32.92301539999971
-1.3748100562246819 -0.5897483017644523 124.6329621810958 32.98931739999989
-3.0209900293967067 -0.07502724425312535 124.67328217744868 33.05456179999965
-3.2614567846678995 0.14951114792706244 124.0237715316372 33.12023919999956
-3.631374023430226 0.25190545080574983 124.26292769736712 33.18598919999931
-5.062486458704079 0.9014676815743168 124.93946629204525 33.25055609999981
-5.134162521621569 1.0616113305591752 124.44116775878771 33.31446609999966
-5.345148199819484 1.193623581580184 124.40616976081039 33.380660400000124
-6.057366966790482 1.8933059098317095 124.98451155236245 33.44508319999932
-6.024029946790371 2.104366031387265 124.90096329103393 33.51043149999987
-6.271589973347538 2.2253212760734646 125.49871952179082 33.57453480000004
-5.907389603315352 2.5831479054476745 124.80746214211567 33.639421899999434
-5.693613910578634 2.675505718679405 124.2514240223184 33.70469929999945
-6.0616450254824485 2.6887225449490293 125.16344565801144 33.76953169999979
-5.952957413873911 2.6451156152310227 124.86266483515823 33.83465780000006
-4.717435065023068 2.365380087876337 125.06570098751519 33.899697699999706
-4.492355883479831 2.34821261318796 125.28573893964231 33.96470549999958
-4.073581846207041 2.26473132758602 125.52473010500756 34.02991049999946
-2.2120169188628864 1.9615638455266666 124.45709491183231 34.09537050000017
-1.9699771550537903 1.5676489270185656 124.85200171321415 34.16047609999987
-1.555930973531808 1.4367900372335596 124.85275066641886 34.22479099999964
-0.16953506805692342 0.804374893973874 124.77488773548569 34.29072989999986
0.2919342685166555 0.5385358331330683 124.96409544539449 34.35532289999992
0.8673392152958499 0.45112479523830545 124.7386988089517 34.42054289999942
2.692829536325 -0.2824515001586916 125.02641593145269 34.486083299999336
3.105019258156041 -0.35583728944755544 124.53234929644351 34.54944869999963
3.3655170421887703 -0.509137039761272 123.97654913655202 34.61446089999936
4.75716168214533 -1.1747588810645877 123.87702921234833 34.679188399999475
4.975033351524409 -1.3009256708720218 123.90196613022209 34.74282479999965
5.245741448957993 -1.3914645404167323 124.1227735937684 34.80739970000013
5.446602712868078 -1.554135434335009 123.93017362623848 34.87353919999987
5.927753039713188 -1.9192439262785244 123.82267216019636 34.93988079999963
5.995517186961436 -2.0063794509386077 123.66314900673832 35.00473299999976
6.122428742740816 -1.9986261368363172 123.42261054387927 35.07065710000006
6.112124965298229 -2.207409043782297 123.21799738603664 35.13587000000007
6.206790052918102 -2.260077525915647 122.98953520909357 35.20179300000018
5.9979115800023095 -2.273456670004074 123.73581878783165 35.26730469999984
5.1608995858453355 -2.306785515722181 123.83551552417883 35.33271710000008
4.671943501208531 -2.173738620609159 123.89622299414113 35.39884220000022
4.349090110458079 -2.166992720708729 123.86659674559006 35.46523829999933
2.733239052351408 -1.8453629771434858 123.5352010284847 35.53111009999975
2.135080028242321 -1.7710345409633694 124.22688518061261 35.5967485000001
1.7882424713223912 -1.611586019964844 123.87629840315698 35.66223069999978
-0.06554907532950693 -1.1017280297723009 123.94912454302057 35.728331100000105
-0.6391822465978194 -1.003713425318565 124.39342714335369 35.79294789999949
-0.6996161369558251 -0.8011744831886667 123.49298412064226 35.85715679999976
-2.2801277116225904 -0.25894635349084083 123.76317891971725 35.921665899999425
-2.7754987125848487 0.007947324646377596 124.20402085570875 35.98777209999935
-3.3079505717429427 0.13330180721795903 124.30715586637928 36.05365079999956
-4.562686553389213 0.7495926990840024 124.59119442828437 36.12030210000012
-4.840355185208587 0.9123651284882176 124.65976944849787 36.18464519999998
-5.150943284397407 1.0458565558927502 124.7365673084559 36.24912679999943
-5.150943284397407 1.0458565558927502 124.7365673084559 36.3155526999999
-6.105920800858392 1.8326879186762333 125.12475334441639 36.380187199999455
-5.914522367366104 2.0523502597805074 124.42276333161591 36.44449590000022
-6.014015780869535 2.1068912490595055 124.5905530377569 36.509669699999904
-5.631789412946411 2.5730876063780856 124.08627081509948 36.574573099999725
-5.631789412946411 2.5730876063780856 124.08627081509948 36.64042890000019
-5.942106544152132 2.627329656350064 124.93175773398396 36.70490239999981
-5.154454953559927 2.601708855518523 125.35125350538905 36.769614299999375
-4.852850274390001 2.378485487135383 125.21259006244004 36.835048999999344
-4.782792638317943 2.274952698150879 125.7249015444731 36.89966490000006
-3.691822148382869 2.0915039668238746 125.39536646474991 36.965515400000186
-2.9902714139418336 1.6880307509134949 124.98768407466527 37.03010079999967
-2.4537355982985503 1.6610459082555193 125.32654738405033 37.0798120999998
-1.5549339441143886 1.3840087312719966 124.43380536266429 37.14628129999983
0.23947693226148203 0.9001302575924597 124.40230602392981 37.21130799999992
0.5320675063070013 0.8034510988657609 124.87076000997035 37.2762173000001
2.114714359596313 0.04628822099923868 123.87156333413876 37.35672319999958
2.3222190684193507 -0.06702572812029306 124.09339514618999 37.42269390000001
2.5898086754647522 -0.12966120464536535 124.08470996841882 37.488181099999565
4.519976864357105 -0.8603144817746327 123.85399649349418 37.55360829999972
4.785928970709989 -0.994988056392069 124.09805477108075 37.618192299999464
4.84877888560419 -1.3432245669806684 124.37614934193581 37.66847779999989
5.500420977196455 -1.671948494052942 123.87851522026646 37.732100600000194
5.736716433758829 -1.749427952659616 123.54533458335005 37.79855319999933
5.820003464549124 -1.9066386188158901 123.84850750059617 37.84821899999952
6.085856481860652 -2.0320983569930404 123.06114987338348 37.913589599999796
6.044271225531006 -1.9969649109352545 123.3757952825592 37.97887279999941
6.218719420715431 -2.1897343322725247 122.86132477359548 38.044356100000186
6.218719420715431 -2.1897343322725247 122.86132477359548 38.10998539999946
5.691413450265536 -2.375917485857836 124.04168121753618 38.17539609999949
5.158731301801993 -2.375875965278817 123.92177310359527 38.23969930000021
4.940717310714142 -2.251753929370258 123.22686089858666 38.28960259999985
4.55096586503354 -2.251597165384123 123.37985556172245 38.35494639999979
3.1851015497092945 -2.0192373423348298 123.54763091984157 38.41926059999969
2.7905973661714825 -1.814824573497257 123.40685668936884 38.484916299999895
2.3777320651472493 -1.7832346900732667 123.78741336678392 38.55006859999958
1.813802431348897 -1.6914847712948928 124.01161142608228 38.61551259999942
-0.42944015851290374 -0.9906835366170204 123.99917335753909 38.68176519999997
-0.6551298348828212 -0.8160870166883578 123.54561096145275 38.747366699999475
-1.9757761398861007 -0.439440860549994 124.37444532427092 38.81275329999971
-2.2888958198974905 -0.2908394698048924 124.23142032105775 38.87784839999949
-2.8002327205611266 -0.015224146484881018 124.49141867792802 38.94229689999975
-3.228487286591161 0.11741765663846493 124.47313947267371 39.00755630000003
-4.68117479126208 0.8358518542712564 124.22181016103372 39.07234209999933
-5.097579831867726 1.060523371225693 124.6233497101702 39.13782699999956
-5.52576130556465 1.5310601803998258 123.97403008546043 39.202778099999705
-5.66157819949818 1.7065803659194172 124.17804073179433 39.26828939999996
-6.162441889543338 1.8650571349289893 125.27037496209128 39.332605099999455
-6.343610363150276 2.3466073855186793 125.59177736744967 39.397551199999725
-6.0368797393211295 2.516472576749882 124.92115021081558 39.46450769999956
-6.221555111427605 2.5561965086269183 125.32734002084847 39.52954349999982
-6.221555111427605 2.5561965086269183 125.32734002084847 39.594135899999856
-5.496224351297869 2.6672989014850295 125.11553547967547 39.6595212000002
-5.153739990628296 2.6587059827871293 125.34630630010912 39.724623600000086
-4.874821277496672 2.4202624113707794 125.44590158406562 39.78900489999978
-4.431070838803855 2.373155567086032 124.89247593635324 39.85391199999958
-2.9019065860044364 2.0353074180091544 124.35983949256611 39.918756299999586
-2.851236658291377 1.800722972809996 124.98471407850535 39.98432859999957
-0.575115307113073 1.265354089090014 124.28960564628282 40.0486992999995
-0.49064968453089364 1.097557354007543 125.2256254253239 40.113865199999964
-0.12103024918346961 0.7213718201880315 125.24630453034558 40.17834069999935
1.8162809984406678 0.13508113361067664 123.97960182146507 40.244858199999726
2.1359783794343983 0.05124274420498898 124.17302123624935 40.309260500000164
2.4057947414674743 -0.27020391974681457 124.93237738223048 40.37510159999965
4.243677530309782 -0.794992458899499 123.20527185857082 40.43958119999934
4.3573865595986945 -0.9066473970944338 124.10900577532662 40.50550489999932
4.650586183618358 -1.2062528355976587 124.35615690747358 40.57161519999954
5.503964838345226 -1.510567354485978 123.6483524973721 40.63726450000013
5.437763436764051 -1.6936509267700668 124.13202799238402 40.702914899999996
5.69708609319769 -1.782530674993259 123.84419641898081 40.7679748999999
6.188935819611551 -2.037528780125422 122.77363224694889 40.8313576999999
6.042967359919039 -2.140570183351375 123.46286209127011 40.897007499999745
5.986084956307735 -2.2452367858833178 123.44708282593858 40.96269080000002
5.986084956307735 -2.2452367858833178 123.44708282593858 41.02720709999994
5.795906136102751 -2.2922780999574965 123.85741442986613 41.09290770000007
5.53945181562289 -2.244705277463763 123.42355633864096 41.15759359999993
5.389525040957146 -2.2787509471949625 123.05960254060726 41.22330520000014
3.7329267298249036 -2.0176191180009866 123.72456888943863 41.2895110999998
3.453504001245136 -1.990458523067772 123.34466012131269 41.352968399999554
2.995312811930141 -1.878482808570253 123.56413380772403 41.418038899999374
1.0315777858328232 -1.4997295638926902 124.06376402840034 41.483746699999756
0.36777350325089486 -1.325033234961667 124.34966950585927 41.54966969999987
-0.09134101513610204 -1.2207135384526397 124.68410024436358 41.6162233999994
-1.395990351872868 -0.5525937629265103 124.19715965428269 41.68162359999951
-1.9497417014289056 -0.4651798846777122 124.60814636520644 41.746994499999346
-2.394578625473656 -0.3126271907281475 124.39782341844949 41.81136419999984
-3.7263700444642893 0.40686583954213146 124.00625625135666 41.87656999999945
-4.135744826611649 0.571953034743152 124.36249430040871 41.940686099999766
-4.208713711565373 0.6746561910330106 123.79596967715291 42.005591600000116
-5.509980589566979 1.2138319669666182 124.78685039335728 42.06987759999993
-5.5388392389114 1.4378074848076348 124.42251715217931 42.13569449999977
-5.676509670372795 1.6094866411138602 124.38003491877399 42.20030979999956
-5.982478973236013 1.7730993104668524 124.9536805851973 42.2653436999999
-5.999923657919169 2.2730124414937 124.89292855337295 42.33078539999951
-5.951959826752507 2.3781931559605995 124.96165355531977 42.39516430000003
-5.94494457822433 2.513722112188361 125.19000573460146 42.45932249999987
-6.034728538549345 2.6088781642504975 125.49966807584381 42.52428989999953
-6.062774001046172 2.5720153773933427 125.95914835724322 42.58919369999967
-5.514940395915197 2.557557939027793 125.20573052677902 42.65381399999933
-3.8633825909492074 2.1539416228206094 124.95983410946408 42.71928529999968
-3.6968478804831832 2.095721845639364 125.270436376249 42.783369499999935
-3.3139736681351764 1.9512329821668517 125.55610216245213 42.84858040000017
-0.8617620777406216 1.4318993028081861 123.64999369475915 42.91317639999943
-0.7555430178070353 1.4552745741435449 124.4884158858477 42.977796999999555
-0.47116390469454217 0.8424796101807196 124.58120892985929 43.041906800000106
1.0735951511392372 0.2849652743432393 124.46358569090305 43.107701999999335
1.324386150324166 0.0804754133289507 125.35961179938829 43.17170530000021
2.3271344361413355 -0.10722361355016541 124.57010185203403 43.237136499999906
2.8503071030614677 -0.051761536532289876 123.905602192669 43.30177370000001
3.8693516920300723 -0.9125455182246183 124.23994384033173 43.366808099999616
4.611319833190059 -0.9473335126693152 122.8377292352518 43.43130190000011
4.6069938683181135 -0.9286602563421424 123.88639888950763 43.496814499999346
5.726050193812604 -1.3818088565344868 124.12775213075744 43.562273800000185
6.055451014852061 -1.6972153781421628 122.85890152036079 43.62822739999956
5.790117621103782 -1.8194374526520725 123.48373119124547 43.69428830000015
6.0959318536482385 -2.041372805775467 123.27207948514705 43.75823179999952
6.221719894072351 -2.066456612311115 122.84856367454645 43.82385699999941
6.218719420715431 -2.1897343322725247 122.86132477359548 43.887885899999674
5.921442697693237 -2.292200164476089 123.85056036967792 43.95378239999991
5.868304246884492 -2.2859478762712007 123.6751154038278 44.01842469999974
5.489677284035388 -2.2774747893853453 123.8530759566409 44.0830304000001
4.2915800331188265 -2.2188212789963973 123.55641274315731 44.14791789999981
3.721232132909691 -2.064448303341264 124.03476432213715 44.21414899999945
3.238837026076993 -2.0495066779912916 124.00935608987753 44.27986239999973
3.0876063051193157 -1.943574133365869 123.33122660501675 44.34403239999938
1.0752288788019086 -1.5389772082850133 124.24410576944345 44.410489699999744
0.5649251308677066 -1.423354393253618 124.12212857612926 44.474819500000194
0.32744914586348983 -1.1829229692041938 123.48450319145951 44.54274869999972
-1.3493694147436912 -0.6141282527174707 124.04592124813058 44.60773809999955
-2.125388413611496 -0.4598476212931677 125.32607342396507 44.67389209999965
-2.305534733108253 -0.37701300478663513 124.43113276959589 44.738871200000176
-3.6425963856129187 0.2969753099552689 123.84117833256587 44.80394100000012
-4.218014282216899 0.5273357803130639 124.8842233692764 44.86913469999945
-4.43320679335298 0.6116117018160943 124.5694087672868 44.933861599999545
-5.390073476995902 1.3009533297096072 124.52452536055378 44.99946679999994
-5.596254338351336 1.4335038016868507 124.47939375045405 45.064917499999865
-5.969164180079609 1.5711449389829761 125.26696884086196 45.12933299999986
-6.17536360942556 2.143093178506672 124.96306642823522 45.19392759999937
-6.097014004079959 2.2894841265885786 124.75104708976032 45.25941409999996
-6.176320165468631 2.4555146080612165 125.0719539058947 45.32518329999948
-6.149763172698854 2.5776489497068553 125.1341789213856 45.38973449999958
-6.25688188686253 2.6007085942071164 125.45410142753349 45.455698499999926
-5.82478247671493 2.6162695933903333 125.06137904077296 45.52089350000006
-4.319367917819342 2.343516215350423 125.39826590544855 45.58661249999932
-4.299364485114332 2.1349394039512255 125.7690771518756 45.65161649999936
-3.0568743063242465 1.8280808980559793 125.55429983525535 45.71588100000008
-2.69615530823814 1.6508100057753694 125.46633872858845 45.781868199999735
-1.669254860491911 1.5189462243984446 125.51908151950263 45.84607219999998
-1.6719797040730882 1.323267695019109 125.53717017446483 45.91195460000017
-0.7213435147186047 0.9102008488955928 124.50991728285446 45.9766939000001
1.1365901455266112 0.5066146995907991 124.66110639196032 46.04231410000011
1.67635866414237 0.16116374384829402 124.47580350360666 46.10774570000012
2.5305583220539916 -0.37632143212179403 124.10369630773461 46.172923600000104
3.279575434942757 -0.5156393757271227 124.20968020836739 46.23808959999951
3.5663300851605655 -0.8941101257343123 124.21722616167713 46.304347100000086
4.202514646165746 -0.8774054467049701 123.58202575245895 46.369233299999905
5.302902214215692 -1.5053649162185603 123.9983128264108 46.4337002000002
5.5622604169630065 -1.5037266051358866 123.57938816323774 46.49899980000009
6.052159140742148 -1.7845057751209907 122.65725092484772 46.562812199999826
5.9160958762186695 -1.9141985540898228 123.14577593694027 46.628822599999694
5.8000874338462864 -2.143652245580983 123.69859250029747 46.694149599999946
6.13370563092392 -2.1012670250499688 122.56384985898063 46.760576099999525
5.915617698687704 -2.342942154362432 123.26081060167287 46.82518149999942
5.915617698687704 -2.342942154362432 123.26081060167287 46.890563799999654
5.8652029883390355 -2.348785643106112 123.30322666773549 46.9558305999999
5.8652029883390355 -2.348785643106112 123.30322666773549 47.02122409999993
4.3066827137981605 -2.271716424869739 123.7419652603745 47.087249999999585
3.8122638542736524 -2.191799718573287 123.95037457766675 47.15215739999985
2.5462513268582114 -1.8810080257508615 123.96700490872186 47.21808129999954
2.144875901493684 -1.7327907930954183 123.99556859142518 47.28348300000016
1.719057407425872 -1.6122270357916189 123.82501105494431 47.348805799999354
-0.20611942456702792 -1.1115018752928454 123.92777751937611 47.414327599999524
-0.8774292528838785 -0.8080228626290722 123.74356262652681 47.47961329999998
-1.1535513669481645 -0.7213621635477143 123.7592598001998 47.54473700000017
-2.600040513582286 -0.26271858981489793 124.52385961125945 47.60993469999994
-2.892838836154368 -0.07479330332703005 124.47144856029219 47.6750820999996
-3.4424571164746283 0.046276196580889106 124.51555802410817 47.74038349999955
-3.7988897015627217 0.2366706897097594 124.50400488664148 47.80667170000015
-5.276337336090734 1.034442873631669 124.90896050850994 47.87207119999948
-5.385422445020318 1.176986508182707 124.51649557565285 47.93831669999963
-5.8689130998702055 1.6939321431656849 124.3731080406243 48.00393389999954
-6.1476095492375435 1.8920156561657844 124.99306779429271 48.06870869999966
-5.842388356940681 2.0925876945981705 124.06104585863658 48.13341129999935
-5.895323932111857 2.202756157249585 124.13356079828877 48.19767839999986
-5.779223142385042 2.5656220868462856 124.2179516014525 48.26211569999941
-6.25688188686253 2.6007085942071164 125.45410142753349 48.32783430000018
-6.25688188686253 2.6007085942071164 125.45410142753349 48.39264099999946
-5.035110622975502 2.595389782151474 125.4055834263515 48.45711299999948
-4.551965042477036 2.372013154658438 125.24347619131062 48.52221109999937
-4.300811941318642 2.3628468146862205 125.0532170552335 48.5881516999998
-4.2502178786016245 2.2364264535598517 125.34506352076293 48.652419299999565
-2.5975721152603697 1.8493613872019559 125.16837302797079 48.71745209999972
-2.1268941239922086 1.6688439969892384 125.06061833790335 48.7825186
-0.5040233085298382 0.8534101368959432 125.1261684269453 48.84655029999976
-0.03464719000138672 0.7506069305381226 124.84323818230094 48.91068809999979
0.3984922464214833 0.553755723118713 124.90247125191706 48.976274900000135
2.1964147734663015 -0.06686928849220686 124.10027577947822 49.04218359999959
2.5959845266112964 -0.20099081622984638 124.20533312543701 49.1075179999998
3.258191525816237 -0.4510275956829022 124.21207689839234 49.17290890000004
4.3621789979197985 -0.9143766060345211 124.41591999067175 49.23855949999961
4.7805513612906125 -1.1630264726198747 123.8751125205851 49.30379300000004
5.303237502495023 -1.208143037524933 122.82799796225223 49.3694061999995
5.2702889809925395 -1.2359355490476276 123.98569114318533 49.43471640000007
5.735691558034397 -1.7709769536332765 123.62375329371106 49.50054349999937
5.746704694308136 -1.9205362956349998 123.88563344238108 49.56597520000014
6.209434289599436 -2.136724545822472 122.97813054919239 49.6324668999996
5.937982730350534 -2.175698814352629 123.95082276538864 49.69802989999971
5.937596418416682 -2.2792925599733214 123.87568387834672 49.76258989999951
5.9912155564275125 -2.254427118334906 123.68215433839681 49.82780889999958
5.53945181562289 -2.244705277463763 123.42355633864096 49.892999300000156
5.1608995858453355 -2.306785515722181 123.83551552417883 49.9571791999997
4.735093537302262 -2.1876656084892083 123.8882411168677 50.02185019999979
3.1292152984944224 -1.9534192452511818 123.95804978778335 50.08686799999941
2.662033483124951 -1.8385606891864215 124.20057043673083 50.15251819999958
2.3777320651472493 -1.7832346900732667 123.78741336678392 50.21813839999959
0.32684074727111323 -1.4003637322211788 124.3314519309628 50.28317069999957
-0.18203154167428437 -1.1732456986679334 124.13289724331835 50.34920919999968
-0.7153298810514812 -1.0041250585115111 124.36594802914391 50.414590399999724
-2.150872960218159 -0.4574258720947524 124.48478014874735 50.47958639999979
-2.3945242785164353 -0.22489077041447625 124.02422904718664 50.54532560000007
-2.8967028370271564 -0.08194271654158491 124.48390128714007 50.611492899999575
-4.33690981064305 0.5668529593255135 124.40370294302808 50.67749149999963
-4.438043247410519 0.7199777377897397 124.02320018675685 50.741286299999956
-4.600391172117192 0.9517681145724237 124.08793902485336 50.80743549999988
-5.842382862750739 1.6368274430656653 125.08392320487549 50.87341579999975
-5.95122276873137 1.7232869983970347 124.97907596258652 50.93920419999995
-5.763133118948197 1.9441677163922935 124.2829434176905 51.00461610000002
-6.052729357497888 2.128269213674151 125.00255952117695 51.070220399999926
-5.6576998914203 2.4412827786590316 124.22617576606072 51.13484369999969
-5.897726093684703 2.4986472656648306 125.05197288578194 51.20079420000002
-5.880026879957811 2.4743024731889665 125.4527236276295 51.265596399999595
-4.93881719120435 2.6728222766644714 124.22151746040767 51.3312506000002
-5.189445652753697 2.5276005409745403 125.00139487597318 51.395590499999344
-5.229862758945366 2.4258302511055314 125.9537410968549 51.4610275999994
-3.4634048517806093 2.1752560921161814 125.16746295297737 51.52599839999948
-3.4385776359414493 1.913498237416044 126.03179889388375 51.59044939999967
-2.261714983176212 1.846906942135707 124.20737935062569 51.655530799999724
-0.8137677628214064 1.3132538621317855 124.86451181842001 51.72229830000015
-0.36559160082131825 0.8963641734195087 124.63448775746447 51.786375199999384
-0.20993154338236053 0.8610687326556472 125.06068948444799 51.85208280000006
1.894460524245936 0.09721236455322535 124.33193101710401 51.91681770000014
2.3175586322823847 0.006510727886722245 124.74457354827378 51.9819422999999
2.7036429510600186 -0.1680521340018355 124.5530410690255 52.04798329999994
3.9322060500241207 -0.8868061493295749 124.08142796789994 52.113234499999635
4.291908451423311 -0.9378017488083941 124.15327821118161 52.17746790000001
4.70872453562518 -1.0381053240898894 123.83226726244219 52.24170259999937
5.5769283046246585 -1.5342489557129233 123.82829940388247 52.30663920000006
5.916264033231606 -1.6447409195629445 123.0282820657094 52.372277499999655
5.915016745637018 -1.819440780632788 123.4776420122718 52.43731320000006
6.092898289469495 -1.7668093141622592 122.95055788846987 52.50288519999958
6.0226603486403505 -2.2036592777981743 123.45456184292449 52.567014299999755
6.039461008850992 -2.2445677188230286 123.39674183465009 52.632716600000094
5.9912155564275125 -2.254427118334906 123.68215433839681 52.698663600000145
5.788165246597046 -2.3069896035809636 123.80215299686867 52.76444689999971
5.419342021673074 -2.2924573651478832 123.87763440161532 52.828325999999834
5.22955493991892 -2.2668973651445077 123.6745812282035 52.89309999999932
3.791068471750151 -2.0305424670403323 123.58088440786027 52.95827670000017
3.264197477184233 -1.9590896524112864 123.71633429676314 53.02341939999951
2.859879277101662 -1.834212809110927 123.6016360305774 53.08864780000022
0.9544146299232779 -1.4945877733251032 124.03977691331933 53.152698099999725
0.2715699942249543 -1.2895917247507462 124.5763944691878 53.217588699999396
-0.0259977924506245 -1.212871299312501 124.55300790742683 53.282036999999946
-1.3206054123023065 -0.45701317400242414 123.77459531673439 53.3468514999995
-2.1908892283314216 -0.3644792203093694 124.9526125652765 53.41269399999965
-2.314236761289294 -0.29942578296258304 124.2344426305249 53.47847709999951
-2.6950979389286616 -0.06863429085725148 124.43848340566187 53.54368239999985
-3.967778671471166 0.6482933707794252 124.02106307398459 53.609001899999384
-4.5926271833662184 0.6532840830204162 124.88501329343255 53.67422369999986
-4.897416014116267 0.8406285115187151 124.89700212067899 53.73916999999983
-5.667188220787892 1.4197080602171197 124.60296016725219 53.80447219999951
-5.92955898943638 1.5373471920377928 124.88233339097924 53.86900609999975
-5.5528231327295785 1.7794771139169858 123.6311808040894 53.91989819999981
-6.125108052674037 2.3185278116021877 125.10143451123385 53.98503199999959
-5.961365839682614 2.396078185238882 124.8885819661763 54.04986790000021
-5.406212348995858 2.4728170214373373 123.63535791121333 54.114037800000006
-6.056727289872512 2.6114753181002692 125.42326259612274 54.17967700000008
-5.82597273259077 2.5458283943272093 125.19934036279578 54.2458302999994
-5.354063987731919 2.565330557158574 125.03829878401531 54.31158079999932
-5.307173933248059 2.436821130523138 125.99775916534838 54.37696129999949
-3.721636891155299 2.0511134106779982 125.19366904611842 54.44286519999969
-3.404521344987046 1.8866370350535502 125.44354960195417 54.5087053999996
-1.7582025192419195 1.3837997690314827 124.77518992847689 54.57379539999965
-0.7790889826774077 1.182943793548421 125.03298302243468 54.63877689999936
-0.41786213734178546 1.006349473833109 124.72445813158511 54.70377049999934
-0.1008706949908671 0.9258651583720905 124.39556939351583 54.7692664999995
1.6278851789376318 0.07671759981355752 124.60906537532092 54.834324899999956
2.087049856643162 0.014803923672472408 124.5307141052418 54.8985518999998
3.603689933469184 -0.42323148884735895 123.22796063675695 54.96318109999993
3.403892805444194 -0.5827364409279958 124.36687320118826 55.02829119999933
4.503197621007892 -0.8238052404852791 123.5289296097869 55.09333229999993
4.436431055175838 -1.0130891392331218 123.9939301916199 55.15703769999982
5.42348446272095 -1.735148332501503 123.93302376032433 55.22353320000002
5.72001848082968 -1.6228663786046895 123.53000875237602 55.289408799999364
5.72001848082968 -1.6228663786046895 123.53000875237602 55.355478099999345
6.0511785418594854 -2.0434588463865717 123.82505464549055 55.420563599999696
6.115647312748315 -2.2254721945627405 123.28536331489609 55.48495019999973
6.287154509049699 -2.171706498038607 122.78004204021614 55.551070999999865
6.103707148197799 -2.3609910778274203 123.24730548965468 55.616222699999526
6.103707148197799 -2.3609910778274203 123.24730548965468 55.68176200000016
5.847914398258268 -2.3461000503966365 123.41665730842291 55.74751800000013
5.482904486131645 -2.3363168820422127 124.00883371843052 55.81362970000009
3.7665142347026332 -2.104077427540226 123.71888770330067 55.878090899999734
3.358151375974849 -2.0171746485325373 123.7396288508128 55.943963099999564
2.0221784036621457 -1.7088354171692965 124.34534994965614 56.00885389999985
1.5381290168476554 -1.6111671126419531 123.88643506828826 56.074338699999316
1.1184933228966472 -1.459387883946368 123.64916591130611 56.14106459999948
-0.5785673644683555 -0.8862316500749556 123.70169436160208 56.205623199999536
-1.245223805583727 -0.5778021288326629 123.61300274551122 56.27124499999991
-1.8030733731269066 -0.3623227012153978 124.22886773629664 56.33618089999982
-3.068544423581983 0.056763107394690926 124.44060756247953 56.400377500000104
-3.567347701040589 0.18254825783278583 124.446182489703 56.46553700000004
-3.7286519794969735 0.3490138427490232 123.97776253090936 56.54761640000015
-4.103089252827161 0.5590547250231874 124.44597326628961 56.611810200000036
-5.294895358741819 1.3340669445863438 124.19936081010574 56.67863659999966
-5.455563228239676 1.5053822090362043 124.14978139509383 56.742543999999725
-5.683856869707299 2.0519962618793004 123.80228594333194 56.8089215
-6.064928234875623 2.1631668227892047 124.76746013613177 56.87207330000001
-6.135635769771767 2.266070232974312 124.95597034881696 56.93721310000001
-6.221555111427605 2.5561965086269183 125.32734002084847 57.00202889999946
-5.8419951650042705 2.7378986608340887 124.46026904630803 57.06584819999989
-5.812423049910969 2.669906694777503 124.58199348767455 57.131240499999876
-5.812423049910969 2.669906694777503 124.58199348767455 57.196417199999814
-4.861071400946017 2.4647566365471048 125.38205090754761 57.26227849999941
-4.4520685816348475 2.391357036972103 125.53268200845444 57.32754889999978
-2.721946716214532 1.9272485625644111 125.0496543584067 57.39305280000008
-2.128420455887813 1.6013514587444473 125.26167920825453 57.45944779999991
-2.128420455887813 1.6013514587444473 125.26167920825453 57.52537779999966
-1.750904407190987 1.4753940899906408 125.2551062858584 57.59138519999942
0.09845515866214782 0.554511371264502 124.93821468890678 57.65625910000017
0.8572349088175102 0.6189666990251015 124.16273898751933 57.72239019999961
1.2251274890925359 0.47238988172704244 124.3103102998071 57.78667789999963
3.3254057219199424 -0.2703333657182334 123.46064447797094 57.85194339999998
3.1762813286652616 -0.44729642600129327 124.1439795707822 57.91603849999956
3.3939422279719835 -0.6596597773490946 124.45808145248922 57.98247730000003
4.75716168214533 -1.1747588810645877 123.87702921234833 58.04765839999982
5.207352273615264 -1.2631767386208097 123.67998345458749 58.112145499999315
5.329657170977647 -1.3670203578867337 123.36368493796031 58.17686009999943
6.005919850852848 -1.8535080065145562 123.28911304985976 58.24161749999985
5.879842302332179 -2.022910271181583 123.77436874177182 58.30734829999983
6.031875396052023 -2.082347097694176 123.67227952478244 58.37033979999978
6.164478017605646 -2.244514223757779 123.38990725892354 58.43580979999933
6.284785701907801 -2.2947798848571797 122.79050628973705 58.500105000000076
6.284785701907801 -2.2947798848571797 122.79050628973705 58.56356479999977
6.1138784553472405 -2.349022122328841 123.29354291450997 58.62950000000001
5.099994937972532 -2.3449430592258187 123.44928231232613 58.69361469999967
4.72153528348948 -2.23774789351037 123.40448264565997 58.75980559999971
4.320790071668384 -2.2392280883990425 123.32558968835836 58.824616899999455
2.549593533842412 -1.9355767944883375 124.0365522786311 58.889688999999635
2.050148565326218 -1.8103096110601422 124.05027269442876 58.95504449999953
1.6934391931124395 -1.6452114440465846 123.5871774577784 59.02138670000022
-0.29500638849830096 -1.1134673361885792 124.7354719778634 59.086557300000095
-0.731681364317069 -0.9396563919348346 124.36808841086324 59.15158269999938
-0.8335002647589747 -0.8083713210763721 123.52755613139801 59.21556529999998
-2.38192314242238 -0.20592141879180892 123.8077577311004 59.28081029999976
-3.049294485928172 0.02326678228314616 124.67232943606224 59.346265700000004
-3.6572178302668803 0.13940223893967496 124.99593701445107 59.410921300000155
-4.642220108413703 0.6871501152025167 124.45869593538431 59.475818799999615
-4.801706499925537 0.9505674836059874 124.28030824269715 59.54092949999995
-5.079064768944562 1.1352139230392502 124.2884572704587 59.606068799999775
-6.074453745157598 1.7061913439545304 125.14395146029949 59.671620000000075
-5.707288304344601 1.958733982501979 124.06163803073244 59.73719989999972
-6.161329647006319 2.0075137343473686 125.0964812740073 59.80031859999963
-6.294011637887294 2.0579703482922973 125.21608221829639 59.8653819000001
-5.653903214215909 2.5651509919509667 124.21431957184878 59.930251799999496
-5.65320625497376 2.5472996113377593 124.30996659723257 59.995383099999344
-5.653903214215909 2.5651509919509667 124.21431957184878 60.060382599999684
-4.8577784538017 2.55738286326744 125.08412841756028 60.12553049999951
-4.583653326875854 2.2977750220628455 125.21855101525594 60.19162219999998
-4.222224263570361 2.3123316912641627 125.01579660253046 60.257150999999794
-2.728308051545696 1.8625843839823597 125.04088049488249 60.32147040000018
-2.505688056030131 1.7910237479409528 125.22018291297704 60.386877599999934
-2.3062508609236545 1.5663071051828372 125.72984449784182 60.45190449999973
-0.21681468977367047 0.8960390541031025 124.3304669283748 60.51676739999948
0.26864766375538096 0.877082528101085 124.79049466471267 60.581967399999485
0.6818202569332215 0.6441733937454819 124.59334959054316 60.6477219999997
2.3774142784444336 -0.08831484982817084 124.39641929161756 60.712374499999896
2.633068955069838 -0.2210227811595521 124.52447669721177 60.77787790000002
3.2331457425760917 -0.42388089119958283 123.95375242561468 60.8446071999997
3.5034477539678903 -0.5860726446958853 124.37349583956457 60.90978819999964
4.658616126457368 -1.1020783676516894 124.46787137194168 60.973852899999656
4.848674721921398 -1.301089455382006 123.9114974370473 61.03708439999991
5.209273661531526 -1.3968703051239482 123.83821205647561 61.10185679999995
5.872603497709861 -1.8824163029511056 123.65948071891873 61.16641459999937
5.984180533195314 -1.8950328088486104 123.61944374204882 61.2323065999999
5.942937601875819 -2.030753990969806 123.85280380535268 61.29694159999963
5.964720196971726 -2.3275153814206115 123.524926590568 61.36240869999983
5.921442697693237 -2.292200164476089 123.85056036967792 61.42741089999981
5.921442697693237 -2.292200164476089 123.85056036967792 61.4928388999997
5.350179919374973 -2.431779170629212 123.90344800374311 61.55867979999948
5.263311272336551 -2.335158375197251 123.0383828768729 61.62363449999975
4.793829507824569 -2.263089744720237 123.52630857047045 61.68835630000012
3.2051957035624667 -1.9898981571267003 123.35268214920386 61.75450240000009
2.660622964714868 -1.8610540172719112 123.85318954478431 61.819662199999584
2.33557033252756 -1.787415130921448 123.79790072695687 61.88516929999969
1.5690167598978633 -1.6782130340357146 124.67814970439632 61.950662700000066
-0.008504657105063984 -1.1333602304829822 123.7308859557789 62.016024699999434
-0.4692541676241646 -0.9635414440643724 123.74391690279238 62.08160619999944
-2.2071822223949127 -0.48832417541520035 124.88668510712473 62.147578999999496
-2.360599513576318 -0.20437593566587942 123.81740702877204 62.21174489999976
-2.856982463840538 -0.054180100457023594 124.26042844643818 62.2763458999998
-3.4250020117475515 0.11107985252202568 124.50161578157287 62.34175959999993
-4.434053374474722 0.7109545382308448 124.22525829928817 62.406395500000144
-4.709572814229951 0.9522011952162255 124.23034652887459 62.47178369999983
-4.925580955935338 1.0847499714157585 124.20923364532533 62.53671699999995
-5.801697792702747 1.679590003148086 124.45825051153773 62.6010269999997
-6.029016737976704 1.8530868269345235 124.74160690830486 62.666062899999815
-5.982502898990056 1.9836054264823824 124.68252979231833 62.73188089999985
-5.923857032932261 2.419278494864993 124.68634564591335 62.796121200000016
-6.293867639393653 2.4669597839255895 125.62350413073916 62.8610262000002
-6.105857018721565 2.494983785037372 125.10676310801513 62.924908299999515
-6.1027084325437855 2.583117323238283 125.5471116246995 62.99007530000017
-5.227588012718805 2.5487027892686696 126.17633329720607 63.05520780000006
-4.473714946217193 2.3772061480926703 125.20036294658627 63.12059909999971
-3.3559656213940556 2.042213833211877 125.00690191972186 63.186194400000204
-3.1124476081997727 2.0068494938511563 124.8681256784693 63.249724599999354
-1.7891170796558313 1.5453018363258535 125.05419308391139 63.31408190000002
-1.1001841649975646 1.2259604607076193 124.24953996884955 63.37914480000018
-0.3969049594408105 0.9470048436298175 124.80846259835799 63.442703799999435
0.22505068881589096 0.7357150180944422 124.26774081822862 63.508269899999505
0.4731224109833576 0.8062751106097001 124.79333307187642 63.572994899999685
2.2771745505766035 -0.10512730832144757 124.52415998201243 63.638657800000146
2.694202429469186 -0.15966241909211576 124.4571108478858 63.70406229999935
3.6373120011731217 -0.6252392442772188 124.03420094881608 63.769993500000055
4.409871322565884 -0.9146827349823221 123.87137490588086 63.83450720000019
4.650586183618358 -1.2062528355976587 124.35615690747358 63.899409799999376
5.351654808040173 -1.1936470359588711 122.82184077573879 63.965009099999406
5.92617490343774 -1.7252283917505138 123.21365060212725 64.03009829999974
6.081700624207272 -1.8090698185063414 122.84861444753172 64.09432379999998
5.999336372728301 -2.1494334966647317 123.72895833700962 64.15933210000003
5.9912155564275125 -2.254427118334906 123.68215433839681 64.22402039999997
6.268836386754309 -2.1652334165871308 122.68198563864331 64.28789609999967
5.996509904743924 -2.3974888914119195 123.7426019385611 64.3524894000002
5.6150231987365515 -2.336986770302888 124.23738821136604 64.41804749999937
5.6150231987365515 -2.336986770302888 124.23738821136604 64.48281929999939
5.493182064946673 -2.409343528467242 123.69411482107995 64.54822179999974
5.27525440967316 -2.2999551612212987 123.18698496247947 64.61303529999986
3.108002434026872 -2.061433367729749 123.95500586908145 64.67913210000006
2.843321711866558 -1.8554802108971713 123.40567311094276 64.74463980000019
1.4912237529814831 -1.5839719223290185 123.6411949514495 64.80893019999985
1.0142586255287185 -1.4725944306939565 123.66295980190668 64.87400849999995
0.45339211805085 -1.3128106261700943 124.15581606877163 64.93850380000003
-0.105806049385194 -1.1397987791117843 124.32619169276919 65.00288809999984
-2.155985561930585 -0.4123876109374194 124.84817735123357 65.06870759999947
-2.342900138741129 -0.23911162033794697 124.05453117598671 65.13345089999984
-2.6547348971039497 -0.017971547818785516 123.96283490978051 65.19737389999955
-4.091137989766018 0.41317850241764126 124.7053825561312 65.26328279999962
-4.469701388632153 0.5105712895968173 125.06663839102816 65.32838660000016
-4.434053374474722 0.7109545382308448 124.22525829928817 65.39381299999968
-5.793200547509393 1.537762227834918 124.81662492627186 65.45981479999955
-5.588767963771609 1.7291901044357585 123.98150139838879 65.52415089999977
-5.595968083111039 1.9679049357417442 124.06594484195229 65.58984299999975
-6.1712656476984264 2.26772959704419 124.9504223499016 65.65418020000016
-6.0786686501239515 2.378630564275679 124.96695146861744 65.71946620000017
-5.923857032932261 2.419278494864993 124.68634564591335 65.78518789999998
-5.8037254288243645 2.5181639038035932 124.8289211856264 65.85129379999944
-5.435236824213419 2.6255677733374934 124.90959016808002 65.91742319999958
-5.435236824213419 2.6255677733374934 124.90959016808002 65.9833123999997
-4.375530665852473 2.249945012275375 125.89638160374281 66.04872699999942
-3.5915321453648232 2.2069438480423105 124.48276367092411 66.11430659999951
-3.5165773379214116 2.1845955103999604 125.00325541317467 66.17890989999978
-3.2879363203509797 1.8700750944766797 125.79566985254792 66.24345449999964
-1.271929564094897 1.4121795199357687 125.0396890627335 66.3092999999999
-0.8599311212115168 1.152149784083007 125.32725512670778 66.37479919999987
0.8569986888965744 0.4871456831192546 124.22493226007307 66.44044489999942
1.0950810619553906 0.3094680511776336 124.79188658610992 66.50413190000017
1.684851489164295 0.20357640415112277 124.55559624108945 66.56880619999993
3.2573672384763483 -0.4971243342051701 124.00223020277578 66.6331427999994
3.816334648086695 -0.6086651088777906 123.26764058421648 66.69754149999972
3.8264236210308695 -0.8670025802931531 124.5436229475801 66.76276129999951
4.387932842756129 -0.9465615027969283 124.17255829441113 66.82815669999945
5.506210417333854 -1.3866302470688434 123.63865019099542 66.89344590000019
5.757210757083783 -1.4836507638287437 123.2118740480697 66.95938219999971
5.545721356671386 -1.7795267968312998 124.15822373461862 67.02444169999944
6.038006212292423 -2.037636914672372 123.150928431819 67.08959689999938
6.083828999492745 -2.155473132318168 123.07028343962122 67.15428079999947
5.916164782959996 -2.28153193803129 123.64559556639479 67.21974330000012
6.255051543463615 -2.2242404117746495 122.56884940995069 67.28430200000003
6.255051543463615 -2.2242404117746495 122.56884940995069 67.35049230000004
5.804332801892777 -2.272963951708465 123.68487457118263 67.41520089999995
4.721469398356078 -2.120102118997641 123.40586033018704 67.48030749999998
4.161328355148569 -2.2079851566216053 123.50112116935436 67.54574439999942
3.73020497906208 -2.083222566914296 123.57871388123317 67.61197389999961
2.0303808053762396 -1.7190705154217722 123.82012649948545 67.67791149999994
1.5484122124529947 -1.5882395508984124 123.82378709981585 67.74215929999991
1.1414164017408766 -1.5188674138447964 123.65301213811735 67.8079072999999
-0.5785673644683555 -0.8862316500749556 123.70169436160208 67.87298490000012
-0.922247282042008 -0.7455044578185601 123.69251986114104 67.93740239999988
-1.2755690303201348 -0.5757196248618346 123.75367901008536 68.00365859999965
-3.0310932325450537 0.08377753905975249 124.2245470365232 68.06826899999942
-3.565516327144053 0.17108259660227887 124.51090187841525 68.13405090000015
-3.7263700444642893 0.40686583954213146 124.00625625135666 68.19821159999992
-4.179374242188587 0.4290467818840677 124.48688521934729 68.26421489999939
-5.293258504510582 1.1007655519901716 124.7053443787117 68.32954340000015
-5.416815463779976 1.3131795613316113 124.42989728113942 68.39538780000021
-5.724221761240187 1.4739525260663884 124.8336041436448 68.45993949999956
-5.86353068961472 2.17196764554025 124.4497369736079 68.52450679999947
-6.017922653751256 2.2263581518309374 124.70688043226261 68.59020299999975
-6.157675252131462 2.3100316938168812 125.2572907828022 68.65580129999944
-6.023516488862732 2.5771847943050696 125.13058365899185 68.72021619999941
-6.162331346004876 2.5917885629646324 125.60529812433815 68.78545870000016
-5.9394557075405245 2.621099789764605 125.2731663624557 68.85156139999981
-4.595254502946403 2.3904822162153527 124.98562766402475 68.91534039999988
-4.5913137219880795 2.313232893961188 125.8603778144419 68.98061909999979
-4.027881667935098 2.1550618326975264 125.35134855704803 69.04573479999999
-2.303852297963367 1.8010902748076036 125.03723704557815 69.11096110000017
-2.173352086469521 1.5751723548797758 125.53616384223348 69.17749599999934
-1.627790467412055 1.349979304414211 125.26216019390851 69.24238890000015
-1.1270309419610314 1.2938179183230634 125.14253911528847 69.3069175999999
0.6718696586687685 0.4084845873427899 125.1652843440941 69.37311390000013
1.0057012818370055 0.3983143015403938 125.15819198197545 69.43782959999953
2.9435837242860288 -0.36777314769687686 124.73896181883164 69.50287949999984
3.377299297444054 -0.37701844682482655 124.16987486716182 69.56739029999972
3.445691879202869 -0.6451225229918458 124.2028486837401 69.63262239999949
4.215077414983952 -0.8705085907396639 123.2949800367658 69.69767799999954
5.187667735595966 -1.1741022038810884 123.80728335249728 69.76293709999936
5.448632743127284 -1.4299017000089798 123.9212163753896 69.82844489999934
5.720665037540606 -1.4476629011265079 122.90711924066088 69.89346939999996
6.188494886582781 -1.887969168563409 122.52848732605611 69.9595946999998
6.291927968141124 -1.9256127856577208 122.75900824136271 70.02363220000007
5.966371616844725 -2.203637596191481 123.51718391764709 70.08824039999945
6.040096605890767 -2.343033482737735 123.2553637511862 70.15395470000021
6.039461008850992 -2.2445677188230286 123.39674183465009 70.2181000999999
5.829125579472056 -2.3790221432402228 124.21779262342916 70.2838313000002
5.938842191174864 -2.381330265264862 123.42182698297222 70.34859929999948
4.8013455865514345 -2.2244634083973662 123.28658511589123 70.41477119999945
4.319801640270107 -2.2502580086082435 123.24927898116724 70.47881869999947
2.4680551973815597 -1.863520659453091 124.02561216945901 70.54418369999985
2.1587288374183515 -1.7631571142400322 123.94621275313317 70.60857409999971
1.611317529475535 -1.6301081106282265 124.06464989872647 70.67301090000001
1.3065048039477603 -1.4958693161897054 123.39873339733929 70.73765079999976
-0.6582795688769849 -0.9139489184431984 124.14500590260087 70.80317539999942
-0.8693396466386147 -0.7544279885157719 123.91627014636776 70.87062569999944
-1.351344535339095 -0.5787285450932851 124.43415188957329 70.93605799999932
-3.233340658723357 0.01812327387458823 124.92644708278239 71.0020115999996
-3.537043064197661 0.19041865567057437 124.43008420372468 71.06807639999988
-3.7221023283396093 0.32825181413479676 124.24888147259261 71.13255570000001
-4.762590984999541 0.9579387635808437 124.20604923456382 71.1974924999995
-5.134162521621569 1.0616113305591752 124.44116775878771 71.26380379999955
-5.38836194255591 1.1781215454169418 124.70215616724681 71.32929779999995
-6.045182877203956 1.911562994300493 124.85322595313261 71.3951360000001
-6.14361635245325 2.0167214782221925 124.98069365139203 71.46052299999974
-5.910228647808182 2.1764157988681676 124.4095996372903 71.52551739999944
-5.811792704768173 2.5719465288862295 124.99398625671394 71.59058399999958
-5.547133475935567 2.5845240093164614 124.70662263459724 71.6556002999996
-5.626724119765825 2.647794897076076 124.75286661342034 71.71985459999996
-5.76631662402248 2.580020129295624 125.76829764722153 71.78616109999984
-4.884791290971705 2.580061896595412 124.63885131209682 71.85267609999937
-4.616515194851047 2.217662338510049 125.34616107350155 71.91826630000014
-2.8476029174599944 1.855422502583166 125.03062184153507 71.98302759999933
-2.2069180731385103 1.8542772611998068 124.98035838011666 72.0495904999998
-1.4650626704848122 1.2873874593039734 125.21849921366845 72.11398379999991
-1.1573798480384951 0.9316974315757501 124.96447658295743 72.17990629999986
-0.42595302614923014 0.9185816196862671 124.86326295951908 72.24458460000005
0.7826383692787289 0.4507416065271647 124.02207972952253 72.31011659999967
1.3861129995671817 0.4320993225606204 123.90388909800575 72.37641660000008
2.704726865996875 -0.28158300462823815 124.33264002156858 72.44058239999958
3.2551934211858224 -0.3041400451973171 124.16917722604092 72.50633469999957
4.392448468146341 -0.78385059540743 123.69563098683794 72.5707754999994
4.769264037095688 -1.1549032491105213 123.75715791483032 72.63491350000004
5.207018233700488 -1.2345265700103218 123.37084177331639 72.69998409999971
5.367170084925263 -1.2749308100985328 123.61120276199925 72.76632789999985
5.924027762615722 -1.848740296901958 123.22319654969596 72.8310219999994
5.753997674383022 -2.0230782691055404 123.7825967495243 72.89566539999942
5.846538109567376 -2.231395151070424 123.89666665920728 72.95989379999992
5.999426746545943 -2.100885722450719 123.31635515683759 73.02553249999983
6.082240351888153 -2.2601066898444815 122.9962799180967 73.09124830000019
5.923331222538721 -2.2677961560853896 123.70116622638946 73.15602529999978
5.4016859808258175 -2.1942765104367967 123.72631544054835 73.22061369999938
5.4016859808258175 -2.1942765104367967 123.72631544054835 73.28488279999965
5.046474815232074 -2.2979183600378477 123.88519647647966 73.35007909999968
3.678281545724289 -1.9991877476518662 123.18255993034686 73.41509489999953
2.535550236240887 -1.8608822751331786 123.8584759536841 73.48018270000011
2.23782910248152 -1.7092756380047343 123.619524744537 73.5461021000001
0.8816317824093431 -1.3249394210441312 123.69235538006099 73.60991909999939
0.27310755979922874 -1.2745955298883767 124.37663097053846 73.67459309999958
-0.2845475568306597 -1.138950143828492 124.37513078234375 73.7408405999995
-0.6127677718216589 -0.97520687360737 123.99317177613528 73.80704969999988
-2.4458055544519866 -0.23001674627604163 124.06530620339036 73.87117049999961
-2.966066728623794 -0.08849521229057544 124.50481111369025 73.93560590000016
-4.10602352958368 0.43475269537020395 124.45582170252992 74.00067829999989
-4.178958144848593 0.5486846544401172 123.85319015996129 74.06736659999933
-4.546595557746009 0.6992121736200624 124.36428914650321 74.13278589999936
-4.716051330241918 0.8949700099953204 124.0693280738846 74.19701459999942
-5.679974609856821 1.7652494437143755 124.19634938490526 74.26239329999953
-5.793077071580001 1.9278259636280064 124.43175478311356 74.32795600000009
-5.793077071580001 1.9278259636280064 124.43175478311356 74.39368399999967
-5.811641081434949 2.41009699066418 124.33569872172885 74.4579662999995
-5.838682535885418 2.462372495855603 124.72167397037236 74.52402919999986
-5.812791180242208 2.5630585488672377 125.16787387407632 74.58966199999941
-5.747869361344648 2.5989572594802803 125.43217030131734 74.65291100000013
-5.3216762804188775 2.642880678677849 124.84018316118961 74.71803240000008
-5.417663976883951 2.4697099826738262 125.67286077497603 74.78243879999991
-3.8440200760311214 2.1763933116080194 125.18504393711757 74.84751289999986
-3.7178495119120143 2.0261652263536343 126.05028348608444 74.91187019999961
-2.6365913043903006 1.9671818959748448 124.35562053313188 74.97734599999967
-1.0003952959138331 1.3884316675315889 124.6729603136496 75.0426225000001
-0.5849544586828372 1.1314293333388705 124.73304099620321 75.10636049999994
-0.24646996917552855 0.9667508487465488 124.53141830659186 75.17216049999934
1.4480201929768128 0.08852267538555658 124.53684590159928 75.23641640000005
2.0527780565689895 0.07360511777870438 123.72919272898807 75.30223819999992
2.232778983172473 -0.0016711386652606963 124.66725729830094 75.36686550000013
3.7081630998248656 -0.7511614652976375 124.0785411951581 75.43294329999935
3.9691842762635616 -0.851915096779529 124.4975808559927 75.4984456000002
4.515455938055538 -0.9462355820931312 124.16027108143027 75.56379130000005
4.86681112989983 -1.0200196467010938 123.54663449983198 75.63002789999973
5.378893338875393 -1.7180980237345786 124.34101140362212 75.69459649999953
5.634327912529955 -1.774821799732757 123.76493100344561 75.75823270000001
5.714164577677877 -1.8803393643076913 124.1777809650944 75.82388910000009
5.988648272514212 -2.121418404349223 123.43594241103956 75.88922409999941
6.144110631701857 -2.251856930314578 122.85522225137113 75.95456959999956
6.042174014936052 -2.2194606373755272 123.24601061095609 76.01960539999982
6.199590842561861 -2.184230738596714 122.71168682770674 76.08515119999993
5.728228781182352 -2.2901298112339625 123.80017863981521 76.15179009999974
5.484921077416445 -2.251597817451677 123.48009169163365 76.2154260999996
3.920258095905581 -2.173738131906541 123.92988215563553 76.28036789999987
3.5413720012427348 -2.0435964097434876 123.9549521582175 76.34653639999942
3.108002434026872 -2.061433367729749 123.95500586908145 76.4120667999996
1.3672063039215203 -1.5500394545883873 124.05622297135027 76.47713500000009
0.8495819206585651 -1.4980740910657517 124.1261143867576 76.55892049999966
0.47798337658631596 -1.2746644155685762 123.67896378017144 76.62378189999981
-1.075879699907965 -0.6980687227828428 123.78299336105638 76.68861809999999
-1.7319109097888727 -0.5388771644195509 124.81619582756684 76.7528142000001
-2.1014452787870894 -0.4523006155856806 124.4500479990012 76.81711759999962
-3.5995399781896467 0.20370792279662275 124.25423495483467 76.88187579999976
-3.9806716103953406 0.434359329782358 124.45230654401382 76.94705859999976
-4.386933018431932 0.5977942951836401 124.71760855989578 77.01215830000001
-5.376013316582281 1.1567794865687855 124.87218128503778 77.07641890000014
-5.543337764677517 1.2954500765280692 124.7161802277773 77.14262009999948
-5.654351753087035 1.553348714893184 124.42747306985976 77.20719099999951
-6.096043394900747 2.1473932325533247 124.91876106982066 77.27302090000012
-6.0918252696545 2.2719703701195124 124.90578726528015 77.33733299999949
-6.266683007366794 2.350476440040721 125.48383191782214 77.40113959999962
-5.636023800444612 2.449367230463696 124.09931369394056 77.46736779999992
-5.618636382924926 2.638115342918007 124.90199996376148 77.53168089999963
-5.397210656977364 2.670299105029951 124.28689305387795 77.59667649999938
-5.644758834245778 2.5758072428300367 125.11945270964934 77.66162110000005
-4.114998231948427 2.2221318788132316 125.28062981075736 77.72811860000002
-3.5399155283314627 2.2048687434598797 124.66317608219515 77.79280370000015
-3.666423224895084 2.0438927514616863 125.2074820667265 77.85828169999968
-1.7674136154489304 1.3686076545687333 124.97530300409316 77.92360980000012
-1.2998636601098141 1.4244422768722762 125.02263511284403 77.98933709999983
-0.5772570456474 1.1701199125070016 124.27654769610724 78.05469449999964
0.7628412186129339 0.3626605931836678 124.64447909634782 78.11926919999951
1.6799981187997517 0.47476395967359913 124.08232039552477 78.18535269999938
2.2572732742477797 0.18084325229770437 123.88531017075242 78.25100419999944
3.4309268179268955 -0.6257025550129225 123.62730307430587 78.3150513999999
3.532696225640507 -0.5249732469032788 124.34509759289621 78.3811753
4.0583074622637625 -0.8867744858676609 124.07354647117641 78.44595479999953
4.982643995521656 -1.505506770902774 123.95734771048114 78.51096580000012
5.432049380174476 -1.5466904553493914 123.82221692802258 78.57770530000016
5.765221909185605 -1.4828318769114057 123.26436479919792 78.64193230000001
6.127935256454407 -1.9770574735187791 123.29466168649903 78.70710400000007
6.093971476094701 -2.180315194507926 123.44875932672043 78.77244389999942
6.381613320478188 -2.1014105677179398 122.55115836151002 78.83606640000016
5.9979115800023095 -2.273456670004074 123.73581878783165 78.90209179999965
6.045618826295559 -2.371445868571973 123.62890924864703 78.96847439999965
6.037090945092054 -2.3683967692038137 123.40709761727022 79.03232310000021
5.735396343576021 -2.436935537058229 123.85094613899393 79.09882239999934
4.415489173890322 -2.292559578327945 123.92915796800256 79.16431049999937
4.083704069499937 -2.202211658044503 123.47909487232465 79.22888199999943
3.6584800033416798 -2.054481319357212 123.54212899200003 79.29416369999944
1.9082097847805315 -1.7625468463056833 123.95689323736059 79.3580449000001
1.4267930973428165 -1.6004574125215885 123.92393294007236 79.42444049999995
0.9544146299232779 -1.4945877733251032 124.03977691331933 79.49067669999931
-0.9557104749577903 -0.8724013117232226 124.33913138056039 79.55540819999987
-1.1980492419402893 -0.7995394631392339 124.23539694624581 79.62158779999936
-1.6021618708756193 -0.5780805850812976 124.44242719858393 79.68618979999974
-3.252579727963365 0.10865123171418745 124.47227176033044 79.75177919999987
-3.805922770625017 0.13772712082815397 124.95817042079669 79.81774679999944
-3.5580579756935364 0.3857559888478005 123.48823600348426 79.88355899999988
-4.454523985066039 0.5642095785029754 124.94339142278665 79.94906730000002
-4.979400230048654 1.2309658169197828 123.8361048347271 80.01427009999952
-5.082998958170251 1.3737275224625227 123.6816545658995 80.07954950000021
-6.068509269598501 2.038675977838111 124.77871068133037 80.14468829999987
-6.096043394900747 2.1473932325533247 124.91876106982066 80.21036319999985
-6.1712656476984264 2.26772959704419 124.9504223499016 80.27596149999954
-6.087612387362327 2.396525556931837 124.89283074013855 80.34161789999962
-6.25688188686253 2.6007085942071164 125.45410142753349 80.40807179999956
-6.193112303304197 2.621993029187917 125.28261500357738 80.47355900000002
-6.164732443157817 2.601346269268328 125.44047304910902 80.53969079999933
-4.857811152271935 2.4608756796517888 125.57151726850171 80.60490039999968
-4.416163555125834 2.3556247016220446 125.3889068168734 80.66925329999958
-4.074170300048685 2.092563174288604 125.41564142337377 80.73529879999933
-2.4222194385528937 1.796910613485757 125.16044123239023 80.80049090000011
-2.156441083901612 1.5413013884292526 125.90723447636626 80.86698530000012
-0.8231707002789079 0.954101089124409 125.052040242528 80.93256099999962
0.13440268529047472 0.9795627844463365 124.07587112257005 80.99695840000004
0.3116577371800062 0.7882989735871155 124.97719930202389 81.06179369999973
1.376512569247069 0.4508125617439128 124.70169201882685 81.12765119999949
2.825615111058177 -0.36709978136737353 124.55903054535305 81.19401759999982
3.0967517351030835 -0.5098978906993268 124.20373687242326 81.25909369999954
3.318574895263538 -0.617254924724983 124.73816203920136 81.32441310000013
4.6387210313833265 -1.0703729982972092 124.16476052492968 81.38990180000019
4.940231567919852 -1.3926108805945474 124.18575186305173 81.45455089999996
5.487623699231158 -1.464337361632475 123.15510310275883 81.51936059999935
6.049171566341954 -1.7494377995781583 123.35454727222867 81.58651589999954
5.947929266105426 -1.981421460570496 123.83005310839933 81.6498432999997
5.867589831224997 -2.1691652531750387 123.89923764537801 81.71507839999958
6.255051543463615 -2.2242404117746495 122.56884940995069 81.78077239999948
6.268836386754309 -2.1652334165871308 122.68198563864331 81.84462329999951
6.09377304966624 -2.342886149398822 123.20302032335194 81.9111912999997
5.921442697693237 -2.292200164476089 123.85056036967792 81.9749783999996
5.289481837063001 -2.244729497413908 123.43665631321373 82.04030629999943
4.999401404918821 -2.297433718418444 123.61266826490129 82.10620639999979
3.374142150515226 -2.033413395443673 123.76099558395828 82.17134609999994
2.4256611496169143 -1.8110697201746415 124.03568950834563 82.23672149999948
1.942207318590647 -1.7706834208819182 124.17583440639034 82.30134149999958
0.6080414394516325 -1.3448866399425348 123.896325340346 82.36756309999964
0.07706096157835418 -1.275329867945254 124.3355433480451 82.43131219999941
-0.4749851707075976 -1.1126961542267448 124.78520258276863 82.49647860000005
-2.013347415666132 -0.4096202061673262 124.66949016387977 82.5610431999994
-2.6282934757927947 -0.1879253483205099 124.24668756056676 82.62662369999998
-3.105833840995814 0.07049039631265719 124.3687480927961 82.69159969999964
-4.191639174932725 0.42213325135508184 124.70683792877676 82.75673629999983
-4.231493462542673 0.6878432240007004 123.75744102819048 82.82217059999948
-4.776062250779837 0.744943446789132 124.55435534862889 82.88773369999944
-5.020714082548253 0.9876426834887375 124.65274757425968 82.95250289999967
-5.618357630955465 1.6930196486782108 124.3667706262984 83.01846789999945
-6.053260990396609 2.0179821445845967 124.97180965765472 83.0847576999995
-5.796829637713138 2.1164120150893133 124.19503610566144 83.14972849999958
-5.765677777196345 2.406011698206663 124.44904756798518 83.21524219999992
-5.698201532476837 2.55164159348473 124.26542557805143 83.2809271999995
-5.731287948920873 2.5529760324683393 124.2541593185373 83.34678780000013
-5.952957413873911 2.6451156152310227 124.86266483515823 83.4117968999999
-5.091556012426317 2.4368920753095047 125.98854545241365 83.47690899999998
-5.091556012426317 2.4368920753095047 125.98854545241365 83.54221859999961
-3.306654656728078 2.18839024186072 124.86493788352944 83.60915310000019
-3.0008353837651143 2.058808174891868 124.17989774985323 83.67362460000004
-2.8547672775221713 1.8484562695329396 125.11341466677004 83.73879849999958
-2.2114739280814533 1.911492051481515 124.39705297739752 83.80432229999951
-0.6196862604911004 0.9985885287170699 124.14627711840365 83.8690805999995
0.33387600983883203 0.7675587218035391 122.94211009749168 83.9342987
1.6706016058729958 0.4204946426910274 124.36139394289347 84.00072360000013
2.2831643859927198 -0.013103179393034736 124.93107966907493 84.06451199999992
2.635517658637383 -0.0736698417312377 124.16005303132168 84.12940509999953
3.6173095332265817 -0.8109560552518391 124.62408970301335 84.19433769999978
4.154969402237214 -0.9505682764647898 123.5056517035616 84.25882309999997
4.521125091164016 -0.9483063876771913 124.21678835594572 84.32339760000013
5.29170738417681 -1.1430667923655613 122.82127062666044 84.38954269999977
5.625907245561407 -1.6719682882103468 123.87183391247875 84.45400809999956
5.735691558034397 -1.7709769536332765 123.62375329371106 84.51877049999985
5.928634998152049 -1.8956618460572146 123.67666144102658 84.58467229999951
6.083828999492745 -2.155473132318168 123.07028343962122 84.65027109999937
5.923331222538721 -2.2677961560853896 123.70116622638946 84.71566209999946
5.9622200428659085 -2.3077612526348665 123.45389798363233 84.78150899999946
6.074472507821753 -2.2524632672308713 122.8030903940656 84.84731800000009
5.611013782386017 -2.3125757325492575 123.8521645064569 84.91259230000014
5.239870920378905 -2.2991594280187337 123.93630503808753 84.97713669999939
3.8751263201287856 -2.1433189989548036 123.58579171468377 85.04303869999967
3.5612663960413116 -1.97587866225647 123.3190704036279 85.1083695999996
3.004178309715762 -1.941359257322543 124.04046762316547 85.17448819999936
1.2925903196475517 -1.5441711753467504 124.02315764982421 85.23973119999937
0.6762339711663117 -1.4460242444096463 124.2612320356737 85.30570910000006
0.3361042142778885 -1.2541471069176076 123.66296536091387 85.3697218999996
-0.07140445197824619 -1.1475313179253417 123.73520342630466 85.43450750000011
-1.7951874083279762 -0.46466845377259913 124.57419122253845 85.49913349999952
-2.3015444943637533 -0.3290548317277342 124.41948628697574 85.5644427999996
-2.4063034793892015 -0.20195434453511873 123.84181928979291 85.63071159999981
-4.1471396672598715 0.4369286370361008 124.46575970277051 85.6964283999996
-4.29987820209773 0.6075911879147414 124.06019573251376 85.7609610999998
-4.642220108413703 0.6871501152025167 124.45869593538431 85.82631649999985
-5.679710575190555 1.4026110412284798 124.91636953327134 85.89099929999975
-5.604727559255302 1.6834969423051713 124.35953045162715 85.95715949999976
-5.7258924873722705 1.807951410325829 124.3499525303537 86.02197549999983
-5.86426743140936 2.3138630567925214 124.28227623929206 86.08874219999961
-6.015518994892815 2.418101624455816 124.69882509511937 86.15370139999959
-6.153581692671011 2.45284930536715 125.1460816789999 86.21924859999945
-6.054142291821904 2.6249909792258226 125.03407757798563 86.28516440000021
-6.058952859266675 2.5814371232656854 125.77565367375462 86.34926819999964
-5.5492567623561655 2.6869960383514364 125.72395697845364 86.41564749999998
-4.15968068687274 2.1963508768570317 124.94185081682059 86.4797282999998
-3.8185791823635995 2.1062843689230846 125.08079647786028 86.54400709999936
-3.469100962038276 2.1119564863183893 125.22794371981621 86.60883829999966
-1.2522088460901486 1.4524409344708094 124.55233575559934 86.67395109999961
-0.9804736608842788 1.2126894987372614 124.41533926340338 86.73904599999969
-0.8337270670872101 1.2367678790580006 125.05605468315936 86.80473389999952
-0.3641792023182191 0.9962907090409936 124.66128615495877 86.86984699999994
1.3773670097457043 0.2155439847638293 124.41909333894178 86.93513379999968
1.773600011649343 0.060321627858472726 124.74399706860649 87.0011684000001
2.250604814553661 -0.08832163584189412 124.40528851730411 87.06679489999988
3.746841603005606 -0.769409860762517 124.15781532658598 87.13218659999984
4.135469679622709 -0.8287350050885396 124.26857696393772 87.19633429999976
4.47841927712318 -0.9695332659169882 124.36314188530459 87.26276700000017
5.377310733373136 -1.5476682088090827 123.87490162008851 87.32637499999964
5.598764311490818 -1.7079043463227004 123.5028666332743 87.3919793999994
5.749039892627131 -1.7962496201792852 123.87540776999917 87.45772859999943
5.809780812142556 -2.090354578204496 124.28101942738311 87.52355399999942
6.084881726117004 -2.1367516621567546 122.98492185184404 87.58924879999995
6.108730571520773 -2.197467755673622 122.98065499023731 87.6557455000002
6.0171850282791155 -2.306290832052429 123.39858528605545 87.72097459999986
6.137719249371628 -2.234539607557705 122.79699959323332 87.7873724000001
5.6531917609269655 -2.373265227325028 123.67347919523499 87.85263549999945
5.348552378288581 -2.3328596829193353 123.52446396842264 87.91783020000003
3.9315696811153984 -2.14416058414056 123.52405704153892 87.98335249999946
3.5449273088649775 -1.996492862917406 123.50383394400859 88.04887939999935
1.8358927261501776 -1.5946045869209797 123.77492971354967 88.11469979999947
1.2012306855600698 -1.5081531848307304 124.2408998679393 88.18077350000021
0.9213537255845097 -1.3977523811431616 123.71786462508568 88.24448399999983
0.38335058096644303 -1.3143073866879522 124.10753841970964 88.30937180000001
-1.123013758957029 -0.7232637105872062 123.81270678160622 88.37462760000017
-1.7963871882601055 -0.46547472155542735 124.77646221115052 88.43832879999991
-2.2075034416711716 -0.3936279536396814 124.4378598453979 88.50292749999971
-3.7354349375509983 0.17390646969360557 124.53420776758428 88.56964929999958
-3.9806716103953406 0.434359329782358 124.45230654401382 88.63348499999938
-4.296744420532114 0.5647561546852657 124.39684250267321 88.69845649999934
-5.345148199819484 1.193623581580184 124.40616976081039 88.76408099999935
-5.441170720148449 1.4399462427272698 124.3579029942072 88.82975589999933
-5.802565149481843 1.5277647551801081 124.90981048637524 88.8951761999997
-5.989236419246666 2.1724252847490266 124.45375403936549 88.96050449999984
-6.053590825063168 2.2954003405378423 124.7021565177523 89.02543239999977
-6.0786686501239515 2.378630564275679 124.96695146861744 89.09143469999981
-5.362677686622625 2.650003539981883 124.50096478986558 89.15549529999953
-5.161166792421142 2.6651292159110325 124.63873644895058 89.2211169000002
-5.079410424738214 2.6589688608382347 124.68678217101856 89.28591950000009
-4.6427733684996255 2.3659505928737428 125.25405911935789 89.35064509999938
-4.6427733684996255 2.3659505928737428 125.25405911935789 89.41596539999955
-3.9003939772877487 2.1176387121693097 125.13980439961416 89.48188329999994
-3.569167830622959 2.0953977965029527 125.26265357472596 89.54699859999982
-1.9065974765663611 1.447310990975705 125.51427189071859 89.61247949999961
-1.2516494655307397 1.3547915713872833 125.11558516436277 89.67713389999972
-0.21731433409600953 0.7567739398762313 124.75474759142678 89.74323399999957
0.04523075208543759 0.6003695724758027 125.23779823972173 89.80908159999944
1.1179238846402555 0.35626152192856125 125.00085659479271 89.8750530999996
1.5761509061930497 0.05334215715037449 124.85567188355657 89.94074399999954
3.408335196487066 -0.5580195899641522 123.98785937269416 90.00637360000019
3.706949123763067 -0.6833039056251968 123.94842753775583 90.071594
4.580395324693249 -1.0800918496050185 124.30805902108045 90.13674720000017
5.175483957592775 -1.2256833143827413 123.25283197684566 90.2028620000001
5.501878330871122 -1.5024799478016027 123.40621164194019 90.26943149999988
5.55288468768692 -1.5464917888032659 123.30856573987721 90.33485969999947
5.989903408792038 -1.9508540573113358 122.96315543548145 90.40030339999976
6.145536971030715 -1.9596576285090248 122.43662795172918 90.4651899999999
5.861799968692793 -2.240835225131504 123.47885731226233 90.53014789999997
5.798349408492918 -2.2677087903518527 123.70663511790461 90.59567349999998
6.1446603710991 -2.1652174742817145 122.68843430201791 90.66191220000019
6.149003308563586 -2.1391908002160207 122.53405187610181 90.72766859999956
4.860899482939722 -2.2513973083268564 123.50865905945139 90.7944950000001
4.860899482939722 -2.2513973083268564 123.50865905945139 90.85852400000022
4.554549011734494 -2.145009840868177 123.49941459669337 90.9233248999999
2.7856988105757168 -1.8612204761864928 123.84786684694163 90.9878706999998
2.2880903629163925 -1.6815029866612883 122.67550473710887 91.05346289999943
1.6797354230823274 -1.4971162630196684 123.34061933101786 91.11952490000021
0.07971673220595221 -1.1875600420445058 124.16175203441165 91.18345219999992
-0.4035486100593815 -1.052095910155591 124.19695500314211 91.24878699999954
-0.9005964950562557 -0.813675181791774 124.38600970092243 91.31499319999966
-2.4128916159804064 -0.2466761970093695 124.26971988110492 91.37960250000015
-2.796803242319875 -0.07237793733452957 124.60448902697284 91.44495319999987
-3.5551220500945178 0.20118864030759553 124.23488832204126 91.5107822
-4.55502187135513 0.7469665597084197 124.49188506001875 91.57598059999964
-4.761327122767966 0.9360849322260054 124.44158203951336 91.6419335999999
-5.059571383938575 1.0262228776979314 124.92981312299436 91.70808119999947
-5.730533950651335 1.683918111253135 124.36412341310766 91.77413669999987
-6.100266622485485 2.0227940909579516 124.93175178677328 91.8395774999999
-5.790634924829362 2.1939501353916535 124.25350703328047 91.90544619999946
-6.387248356877549 2.411669955853195 125.71755951822736 91.9712843999996
-6.153581692671011 2.45284930536715 125.1460816789999 92.03667529999984
-6.08340488766045 2.5210588477738405 124.87989185791582 92.1023611999999
-5.309348881608045 2.6369166370585404 124.59691390793475 92.16689809999934
-5.302362658417344 2.5131345449379685 125.62533376946516 92.23217099999965
-4.679856963504172 2.366978865957143 125.25015365282773 92.29758059999949
-4.679856963504172 2.366978865957143 125.25015365282773 92.36465799999951
-3.2036480492955945 1.843799163807802 125.43482811404726 92.42987569999968
-2.7116236596679926 1.8481505724866691 125.5148889210487 92.49517539999943
-0.9055384440100056 1.2512551567518415 124.83611807614898 92.56032989999949
-0.6773885362432353 1.0486663464202952 125.03027465293029 92.6254170000002
-0.3070205212031496 0.7957866904261865 124.95987869907223 92.69105810000019
0.3956859873441445 0.6761617853510183 124.39734184541639 92.75646400000005
2.292393875244045 -0.02706882206057659 124.24571103786954 92.82139169999937
2.4790819789551577 -0.10608893327559299 124.54472582832788 92.88652659999934
2.798970980191804 -0.48082927351083815 124.59248044203567 92.95068829999946
4.329162459831224 -0.9322935737618958 123.93786345883825 93.01590429999942
4.531859121238675 -1.102243183172945 124.47657237793186 93.0815536
4.725304062357004 -1.21865445954732 124.37184577264209 93.14675869999974
5.640254629288357 -1.8027779820351983 123.98459568612094 93.21242410000013
5.932968007772331 -1.7514462718768815 123.58091830018137 93.27750839999953
6.033884986042423 -1.8104560329775339 123.2438562466237 93.34313269999984
6.083828999492745 -2.155473132318168 123.07028343962122 93.40876149999986
6.18511881043176 -2.169632367055483 122.75845492671924 93.4729470000002
6.159683944229066 -2.197285100334321 122.93750203661435 93.53681529999994
5.896441322458685 -2.3274626067870177 123.46715534555325 93.60310079999999
5.599338592148342 -2.305459945094335 123.73430567591319 93.66821629999959
5.272356271419284 -2.3270735933785556 123.49613446722343 93.73422329999994
4.910026190965311 -2.3066500317408556 123.84852735908247 93.79929699999957
3.4045580084000235 -1.953503163651657 123.55937973633105 93.86313579999933
2.8790614496014797 -1.952801256660671 123.96783415373403 93.92794969999977
2.436724414865914 -1.799553695065582 124.07573694455708 93.99372140000014
0.41985081067757335 -1.3258800068660541 124.30820290391388 94.05819280000014
-0.05824540247844823 -1.205554434612209 124.39744112160322 94.12417310000001
-0.43255828779236793 -1.080279275822376 124.40300177094795 94.1889102999994
-2.028826858363331 -0.36530825890759244 124.84056839449491 94.2530442999996
-2.2459639216701603 -0.2806993911262985 124.14592032329546 94.3189940000002
-2.639376831434305 -0.06328746815460307 124.38517605445891 94.38535739999952
-4.103089252827161 0.5590547250231874 124.44597326628961 94.45095739999942
-4.479239366894447 0.6851100493384842 124.63756239558747 94.51580879999983
-4.856726667687326 0.8383700780851955 124.88879989351166 94.58112530000017
-5.588994930907411 1.4427738927430758 124.39101834678145 94.64709859999948
-5.903093224170632 1.641675764077319 125.00997166213976 94.71281529999942
-6.025352227289254 1.766851921131337 125.00151711265798 94.77851459999965
-6.047593131217624 2.34408756676124 124.6837197124174 94.84262189999936
-6.110334424555944 2.370218656568907 125.12046167546384 94.9083284999997
-6.086194500861666 2.4804374271558434 125.40095840113915 94.9740955999996
-5.626724119765825 2.647794897076076 124.75286661342034 95.03866070000004
-5.826679155012911 2.604562347849705 125.37435621476975 95.10327059999963
-5.484446872532111 2.4699780002506286 125.53575517207685 95.16846949999945
-4.8212712267808655 2.4796440812688108 125.22465549758779 95.2325979999996
-3.908740720288854 1.9612146275495894 125.47817102646778 95.29874849999942
-3.13881766817952 1.8608332849300886 124.89859547597379 95.3649432000002
-2.4657680208049157 1.9429709894600993 124.77961245688168 95.43001860000004
-0.8873876851054163 1.3772628126902267 124.78018502661122 95.4960046999995
-0.6947422757442823 0.9316575569148176 124.95405817531866 95.56038999999964
-0.20311431803583702 0.9752517289769764 124.65988491530078 95.62679690000004
1.9944108973396553 0.3841701365069782 123.80996340801275 95.69168239999999
2.1738587519215713 -0.2307207791933944 124.60165167902585 95.7577440999994
2.6016007190177604 -0.004269362335935667 124.04994938322697 95.82340219999969
3.6916073221511567 -0.7118354026792155 124.20686717641718 95.88805929999944
3.9412414887172673 -1.08147241914137 124.80525149471718 95.9538394000001
5.161157605720632 -0.9450516406129639 123.02483678859416 96.01851050000005
5.501067420111021 -1.3577508101726656 123.97147822276276 96.08486079999966
5.575114178988628 -1.695490719842483 124.05182087218662 96.14891219999936
5.927922234331092 -1.8711447878598357 122.88289148763113 96.21511800000007
6.074850729582124 -2.061388244604132 123.59626749578726 96.28210820000004
6.128227892666196 -2.059999848859636 123.54865773094686 96.34722469999997
5.921442697693237 -2.292200164476089 123.85056036967792 96.41309679999995
6.291706143879935 -2.153385898915348 122.68158756656229 96.47810289999961
6.218719420715431 -2.1897343322725247 122.86132477359548 96.5440480999996
5.6727643220703285 -2.3115164519154585 123.7708676288643 96.62505069999952
4.106539514259708 -2.199008817069972 124.1411323948195 96.6894026
3.8542066519648586 -2.095201412460907 123.49607950073819 96.75488510000014
3.4792554714212756 -2.029940375743224 123.66994583222653 96.82076509999933
1.5805519044641088 -1.6515892463233621 124.28978613912787 96.88541609999993
1.1952377067429296 -1.541849593941989 123.8170149705185 96.94960009999977
0.6080414394516325 -1.3448866399425348 123.896325340346 97.01472569999987
0.3857494184301018 -1.244423618221866 123.46570178075731 97.08037559999957
-1.2638750443438767 -0.5878167977016366 123.79060578785928 97.1456819999994
-1.850651458629926 -0.45297808005189233 124.44204951382875 97.21115259999988
-2.349497215970622 -0.31419815244920035 124.3778787409503 97.27593290000004
-3.6307358420415525 0.2633888927574333 124.08718986389232 97.34110199999941
-4.173771872920781 0.45306624274282353 124.81961885469734 97.40814779999982
-4.42980562203509 0.6602159237718823 124.66328452748178 97.47200960000009
-5.638603416903102 1.254337841554603 125.14565144536682 97.53698600000007
-5.494824078622315 1.521076742539472 124.23460656356946 97.6023269999996
-5.719259790994251 1.6731442976601578 124.50290878338068 97.66581479999968
-6.206605856985831 2.247083053519865 125.3239292844393 97.73026539999955
-5.830499888771854 2.3820537213641133 124.36635354903346 97.79463880000003
-5.830499888771854 2.3820537213641133 124.36635354903346 97.85976529999971
-5.62756241101701 2.6967860437563775 124.07325117348392 97.92549809999946
-6.162331346004876 2.5917885629646324 125.60529812433815 97.99000879999949
-5.835228418872212 2.6077567258940215 125.26145410244793 98.0554474999999
-4.399972630801905 2.406265082116736 125.3397805608763 98.12031649999972
-4.399972630801905 2.406265082116736 125.3397805608763 98.18558690000009
-4.030878503006676 2.25224273843682 124.92790749121906 98.25001489999977
-3.469100962038276 2.1119564863183893 125.22794371981621 98.31629590000011
-1.9920421265230104 1.4713692874615496 125.37183125226365 98.38118940000004
-0.48742234036841126 1.080057193081861 123.22414805211235 98.44583700000021
0.7512108031648168 0.6422085149560592 123.17729847257083 98.51107270000011
0.9484147629244148 0.8341552937137567 123.79209071498929 98.57575289999932
1.236897603565346 0.3622021106010214 124.87065106581028 98.64251469999999
1.934755330404208 0.2818074898676458 123.74041509393378 98.7072035000001
3.225403666201487 -0.7072245493092222 124.41720106631172 98.77193989999978
3.8897246057390262 -0.7531367395329343 124.09621531218431 98.8370602999994
4.5982886782409125 -1.2188750054501463 124.38179791289961 98.9014873999995
5.133206195613482 -1.2626873713811393 123.6467478558862 98.96721489999982
5.328433394073471 -1.4102513761065096 123.83117985848867 99.03159159999996
5.501878330871122 -1.5024799478016027 123.40621164194019 99.09789069999988
6.127935256454407 -1.9770574735187791 123.29466168649903 99.1632998999994
5.995517186961436 -2.0063794509386077 123.66314900673832 99.22907529999975
5.993114486036582 -2.286130980070285 123.67012269781529 99.29505489999974
5.806412248597219 -2.3400827341537096 124.29627939197094 99.35912250000001
6.218719420715431 -2.1897343322725247 122.86132477359548 99.42543999999998
6.218719420715431 -2.1897343322725247 122.86132477359548 99.48902439999983
4.757332271519303 -2.219122291522774 123.5512212847751 99.55426819999957
4.271347851850059 -2.2305798618818238 123.92200691886498 99.61955599999965
4.271347851850059 -2.2305798618818238 123.92200691886498 99.68539539999983
2.621100298282755 -1.8780244896674647 123.57944202828836 99.74979540000004
2.1660302642511766 -1.793836624910226 124.00159929040348 99.81616029999986
1.814621097760309 -1.6564750113375744 123.51791832759088 99.88120809999964
0.5908381393088646 -1.389404560526744 124.35537246861944 99.9476267
-0.7101600870058178 -1.0125676699186847 124.41892781852273 100.01177319999988
-1.1055395483837955 -0.8145045981546568 124.37233811312203 100.07721119999951
-2.129439113479471 -0.18874543559304346 123.38621389620498 100.14313119999952
-2.8280324743934955 0.06707993603087425 124.31984729852446 100.20877119999932
-3.5863244219531936 0.3362648418909165 124.06545083926335 100.27281519999997
-4.546595557746009 0.6992121736200624 124.36428914650321 100.33830059999946
-4.816922962209517 0.9314648397147722 124.49375231827703 100.40273759999945
-4.809752470716276 1.101993433367307 123.87966269356619 100.46739539999999
-5.316672579880709 1.759450724313354 123.2983959192208 100.53200219999962
-5.763133118948197 1.9441677163922935 124.2829434176905 100.59781939999993
-6.215259045267764 2.1298113334459625 125.0020319209846 100.6619770999996
-5.86410125922194 2.4477478638106285 124.18258171122537 100.72773299999972
-6.117516304553789 2.5224969336033967 124.87070042874328 100.79105919999984
-6.266670644991976 2.550408514110933 125.38124174022497 100.85730549999971
-6.346534313622691 2.61395212654969 125.42658584939149 100.92171899999994
-5.081568672086668 2.552164124998088 125.28753903271084 100.98866439999983
-4.533264173918305 2.3536281518618165 125.22801923012064 101.05352089999997
-4.290589018318961 2.251300452979476 125.86135450521164 101.11819299999934
-3.0568135543202715 1.9507138208382353 125.53688291161185 101.18371529999968
-2.6828265998628353 1.8316621623771001 125.41731271635383 101.24933689999943
-2.2151086642034983 1.6088304392924744 125.21958741210324 101.31449389999943
-0.3214353660491227 0.8952938887650795 124.6191694416281 101.37933249999969
0.08872285277420389 0.4839023354682216 125.62437172617194 101.44645969999965
0.08872285277420389 0.4839023354682216 125.62437172617194 101.51110789999984
2.8124526258846174 -0.06527478268767095 123.87601365451626 101.57588759999999
2.889714877503934 -0.09650439656887921 124.49516255766454 101.64165469999989
3.2923879086892285 -0.4176674379583085 123.88300950138802 101.7060292999995
4.383658725305494 -1.0710583742111628 124.18934249422914 101.7709445999999
5.056652741907399 -0.9271412720642216 123.23002446386796 101.83757590000005
5.011221675119991 -1.2805279532123683 123.71871587985154 101.90249239999957
5.880733796114107 -1.7068885150431536 123.15420751333075 101.96693229999983
5.928152748233181 -1.8668269625741227 123.34411851681436 102.03186069999992
5.929921190048788 -1.7949588393541753 123.81315058317543 102.09663819999969
5.986084956307735 -2.2452367858833178 123.44708282593858 102.16142589999981
5.986084956307735 -2.2452367858833178 123.44708282593858 102.22721599999932
6.248191188596813 -2.054749206098329 122.83556300465627 102.29236270000001
6.039461008850992 -2.2445677188230286 123.39674183465009 102.35831719999987
5.53945181562289 -2.244705277463763 123.42355633864096 102.4229693999996
5.224631797003163 -2.2637958261056044 123.44708127412365 102.4883818999997
4.9860800973313175 -2.167723778644714 123.20546873963131 102.55416989999958
3.2294197219081013 -2.0294844174413944 123.68025634576799 102.62029480000001
2.7565979665652023 -1.8936925556875517 123.61481070412682 102.68590979999954
2.291395357577123 -1.7939745707850747 123.99605517203817 102.75053839999964
0.43797144576295466 -1.2836151788218855 124.05839457480846 102.81714099999954
-0.15888849937145721 -1.1391616456207696 124.37003749642624 102.88212500000009
-0.4385603540930916 -0.9769619776159706 123.95487788718899 102.94781539999985
-2.3310144211126556 -0.4509237716049119 125.26578374194786 103.01268919999984
-2.372852269753416 -0.2612495199545738 123.81726149104546 103.07732479999959
-2.892838836154368 -0.07479330332703005 124.47144856029219 103.14229249999971
-4.2862968707885045 0.5423334694966446 124.6087231642563 103.20769219999966
-4.567991717450461 0.6923446342028213 124.42583010777363 103.27213080000001
-4.78990692641846 0.9483019623157143 124.34791255845194 103.33737190000011
-5.1853533225069555 1.0266561433154706 124.93294423633263 103.4028400999996
-5.875978431301355 1.657013461889064 124.90360238211767 103.46867669999938
-5.763133118948197 1.9441677163922935 124.2829434176905 103.53353669999979
-6.131292577015678 2.0587711514473823 125.29209127540649 103.59898329999942
-6.153104853158446 2.434933201575671 125.2433173079204 103.6639282999995
-5.805048430087631 2.5494629957158956 124.35576130263348 103.72895929999959
-6.1133345943012145 2.5585371528164105 125.23702462063474 103.79389259999971
-5.6208629924574325 2.610776974657192 125.11812776558284 103.86013459999958
-5.296852243281215 2.6405273617369533 125.68433710734888 103.92482259999997
-5.002123205702304 2.510283944820223 125.80961783130785 103.98990409999988
-3.523892702556388 2.09069871921189 125.38431698208369 104.05600129999948
-3.2248787154553042 2.0278573737904346 125.42466887979819 104.12058559999969
-2.767867115779417 1.8385860049277913 125.37092220317811 104.18626239999958
-1.3646477092405007 1.2194200818645695 125.36772370032698 104.25284240000019
-0.5439855458579999 0.9310299171498069 124.64635438104894 104.3188184999999
0.17389764801234975 0.9850993485968262 124.02475459737107 104.3833408999999
2.027975842676682 0.060337585780196434 124.7261254493188 104.4471423999994
2.896514637032041 0.03773518838247136 122.82614112127227 104.51130149999972
2.4374784224100168 -0.18632437653836809 124.68415443891111 104.57610839999961
4.206354191855219 -0.8486574216977687 123.19128372088035 104.64057729999968
4.3451250901645935 -0.8150719611084163 124.29099254561982 104.70585729999948
4.7476517313362265 -1.1001134155915735 123.67229387517806 104.77069179999944
4.970908401333844 -1.2366505705808937 123.3195988278328 104.83850269999948
5.8550079950784735 -1.733990904604826 123.85937419174113 104.90266549999978
5.886030040364247 -1.774510234790836 123.74829824068065 104.96686799999952
5.872193772323477 -1.9205400315205203 123.87894442730709 105.0323228999996
6.033729806411955 -2.190926377673599 123.49897925651699 105.09750189999977
6.115647312748315 -2.2254721945627405 123.28536331489609 105.16300479999973
6.291706143879935 -2.153385898915348 122.68158756656229 105.22898069999974
5.788165246597046 -2.3069896035809636 123.80215299686867 105.29407139999967
5.625629441722289 -2.2092884416266823 123.2655136244621 105.35846450000008
5.2760200788108875 -2.2578843251977734 123.40295508665488 105.42333390000022
3.6731573183174504 -2.005371841023638 123.72091678399555 105.48898139999983
3.3523687305296477 -2.003270183756979 123.34961636844115 105.55277519999981
2.859879277101662 -1.834212809110927 123.6016360305774 105.61900739999965
0.8953860456915166 -1.5080409435624413 124.30010775870338 105.68408139999974
0.5671171954668779 -1.332748359313221 123.71141872381045 105.7496658
-0.0259977924506245 -1.212871299312501 124.55300790742683 105.81536199999937
-0.37838104803540773 -1.0498551536179268 124.09253364760146 105.88099220000004
-2.1602431935809747 -0.39537795686670485 125.11574397211709 105.94637299999977
-2.3179757149000864 -0.28747050449115985 124.17434745913313 106.00960010000017
-2.607685446968894 -0.07988348334225548 123.8166620899135 106.07421319999958
-4.309965842552579 0.5357127521812297 124.86152669022056 106.13996829999996
-4.6909551957642535 0.6506397798298259 124.94930678570049 106.2050019999997
-4.728737287577729 0.8189854183806344 124.422207070559 106.27107869999963
-5.766534515422336 1.5348212447175698 124.87987808252903 106.33633490000011
-5.863964340810824 1.6661613629558902 124.80243098629559 106.4011332
-6.03301862488599 1.902360049247036 124.85080388578893 106.46578979999958
-6.274672068290762 2.3682281048590452 125.40629106090692 106.53135079999993
-6.0786686501239515 2.378630564275679 124.96695146861744 106.59568769999987
-6.0786686501239515 2.378630564275679 124.96695146861744 106.6595054999998
-6.012897786102251 2.6174548820816117 125.37224710158328 106.72547119999945
-5.894285572687743 2.5804288460622216 125.77484443947887 106.79085940000004
-5.376030954238331 2.5369333314545734 125.55945379786435 106.85697979999986
-4.316197430866531 2.0950464332789167 125.5330367856359 106.92260579999947
-4.316197430866531 2.0950464332789167 125.5330367856359 106.98858279999968
-3.646073424558452 2.0702224542495333 124.83853459697853 107.05336669999997
-2.776476749112348 1.8673117396159467 125.14375042529174 107.11934609999935
-0.960872654013734 1.2567838711652195 124.74015511876974 107.18496109999978
-0.6474077944780774 1.055573113839987 124.9271885216541 107.24960329999976
0.6485706004219907 0.5978049677835109 124.50782701652346 107.31514419999985
0.8867069323507195 0.30620497162416116 124.93068190640696 107.38086440000006
1.9613042669329204 0.1954069476432576 123.98819911918427 107.44562909999968
2.5388276673215344 -0.18416027224874953 123.99648279128866 107.51214919999984
4.279098359209293 -0.7241399723357154 122.9985734856727 107.5766506
4.207114035256744 -0.8310165006521377 124.30806524665026 107.64292029999979
5.421272477649389 -1.2565193105466366 123.56012851134508 107.7065977000002
5.434264914085745 -1.237274736509184 123.80670173963898 107.77065369999946
5.418751681862119 -1.8308036700299022 123.56834968760442 107.83668510000007
5.68313517834769 -1.6918608720287742 123.58571084912583 107.90211790000012
5.909005992681493 -2.1052897331443905 123.72135416981703 107.9668071999995
6.1452703694230095 -2.1836874904797963 122.76815239677858 108.03366800000003
6.081818542197347 -2.278862440986202 123.07936389041092 108.0980628999996
6.039461008850992 -2.2445677188230286 123.39674183465009 108.16368340000008
6.039461008850992 -2.2445677188230286 123.39674183465009 108.22806779999974
5.686685723384301 -2.241751258867114 123.27873966146409 108.29407709999941
4.1742283532616895 -2.2002166268813452 123.90443602840045 108.3603191000002
3.7234276398325576 -2.042827892889583 123.8908085887135 108.4261035999998
3.7234276398325576 -2.042827892889583 123.8908085887135 108.49128370000017
1.954763483718196 -1.745058006242032 124.0084606761787 108.55702250000013
1.615832381796558 -1.5842383912456452 123.63680546967338 108.62204380000003
0.6477929856952898 -1.3378484962001314 123.7258649642762 108.68764819999978
-0.8390536468887788 -0.7311010606759298 123.5154230282797 108.75222549999944
-0.8390536468887788 -0.7311010606759298 123.5154230282797 108.81707300000016
-1.474492956895034 -0.6108785027915409 124.79028903906412 108.88107649999984
-3.0567427463680943 0.05454431530186998 124.32543219373186 108.94695270000011
-3.6796102554358114 0.1495687990567296 124.88398764138941 109.01293139999962
-3.5652364823578466 0.39873942241318094 123.51761369048222 109.07753330000014
-4.886642561435806 0.9365120234027328 124.44486533050328 109.14275480000015
-5.261457528183563 1.0883442305387576 124.78979973590916 109.20862699999998
-5.536303521654496 1.2660713740205602 125.03537288531147 109.27416649999941
-6.14361635245325 2.0167214782221925 124.98069365139203 109.34069219999947
-5.814358851209036 2.1964800543529828 124.18160572094554 109.40642279999975
-6.29828027333717 2.341650022964517 125.63704863118171 109.47090630000002
-5.893469377536277 2.6086718408942033 124.5325428575466 109.53784869999981
-6.219827857119654 2.6134850865034194 125.42260638628188 109.60206609999932
-5.914460780835405 2.646847894869728 124.58027696168308 109.66738900000018
-4.985056930676983 2.461289248944736 125.57696959921994 109.73353909999969
-4.253684233659371 2.5074761759844213 124.74949252123217 109.79778929999975
-3.998100771696187 2.4678890918228067 124.62127861955663 109.86412699999983
-3.4294158482004278 2.1488403830553455 124.3777178661971 109.92928679999932
-2.4762382977905446 1.6916197983891845 124.65748362633369 109.99408129999938
-1.6878637231658118 1.735440750995026 124.86109685317508 110.05995209999946
-1.3798296723637975 1.5156729618994087 125.33298653090338 110.1255412999999
0.1483619071269544 0.679041533085942 124.90406550345197 110.18940459999976
1.2601864748409213 0.4030490920773273 124.53788004293314 110.25404299999991
1.2601864748409213 0.4030490920773273 124.53788004293314 110.31957090000014
2.8950791344501283 -0.2939629903163019 124.38085751937088 110.38591819999965
3.202510094984582 -0.46332833427893494 124.4119085172574 110.45054759999948
3.4887545945521126 -0.5649140474092589 124.05496290957838 110.51588170000014
4.748468307591644 -1.2109157659686598 124.2134969945029 110.5816334000001
5.0823349129009685 -1.263100437017587 123.68565883616168 110.64799700000003
5.077417982927152 -1.4537077074937108 124.31123663252993 110.71319869999934
5.676636735689115 -1.9193903205363254 123.83666282065317 110.77853419999974
6.167934574241457 -1.9255209562687159 122.76464111703902 110.84412659999998
6.031998453513758 -1.9852038770524159 123.1975229956765 110.90824609999981
6.082240351888153 -2.2601066898444815 122.9962799180967 110.9737083
6.1607946212273035 -2.294691671328416 122.79602944816315 111.03884389999985
6.082240351888153 -2.2601066898444815 122.9962799180967 111.10389609999947
5.18808617222431 -2.3014396768950243 124.04568283762181 111.17017179999948
5.116340106492842 -2.3167447381206436 123.09177052921824 111.23510689999966
4.7263205342183525 -2.2083745424237464 123.54455743712553 111.30047740000009
4.23572349290793 -2.1845258239936323 124.21282020449296 111.36668920000011
2.529257677396089 -1.8434284956392673 123.80519869138483 111.43113039999935
2.1761729216934143 -1.6994027972205799 123.62110944803604 111.49560620000011
1.6118607799970448 -1.6955579479837577 124.06685939497646 111.56222829999933
-0.3093215140914438 -1.0656345284015811 124.33368617017695 111.62610099999984
-0.678627651817159 -0.9236458282860933 124.13454616174907 111.6905743999996
-0.9526441936017065 -0.7876111826317036 124.16928981253778 111.75578059999953
-2.295031906516293 -0.22455108316378525 123.51941711379192 111.82004640000014
-3.05108553958857 -0.014489584221692886 124.4989424985789 111.88485390000005
-3.553655701781004 0.14921731237039615 124.88000685599648 111.95037859999957
-4.642220108413703 0.6871501152025167 124.45869593538431 112.01583059999939
-4.877520090650066 0.9467857711587624 124.35088139046583 112.07994879999933
-5.097909114381139 1.068606359263636 124.41044838797818 112.14555810000002
-6.025352227289254 1.766851921131337 125.00151711265798 112.21116470000015
-6.057366966790482 1.8933059098317095 124.98451155236245 112.27576429999954
-6.096043394900747 2.1473932325533247 124.91876106982066 112.3414031000002
-5.66897910011334 2.450893585965028 124.0879120646725 112.40631630000007
-5.965112902405259 2.5442474802770962 125.52433957959921 112.47178089999943
-5.313805617985118 2.6773097891761646 124.40736080325554 112.53688039999997
-5.456256022783762 2.5972343688269213 125.42455338427224 112.60283519999939
-5.0271345561617835 2.512835029715978 124.88671371658181 112.66842799999995
-4.914326040018707 2.412164923127065 125.34987945005562 112.7353935000001
-3.440960850002405 2.0426637675772916 125.00578490956559 112.80036479999944
-3.048373656794382 2.048406518112364 125.16352841996233 112.86593799999991
-2.743680466609277 1.6604473166321472 125.24950643682841 112.93167059999996
-2.0558694459653566 1.680895831999433 124.90222100046466 112.99677129999964
-0.5209665345959564 0.9574026346860713 124.53687721459886 113.0619429999997
-0.29845508028057566 0.677734930428431 124.92039881583594 113.12728249999964
0.4062202850087786 0.6374355118814978 124.60342601635644 113.19267519999994
2.3904426992042787 -0.12327865321364462 124.63377457600522 113.2595881999996
2.9974111214637773 -0.2928693421940227 123.90971214534672 113.32334029999947
3.006269796062547 -0.3226136133761297 124.16539146576525 113.38788709999972
4.401179237571057 -1.0815825972574518 124.35848869322574 113.45457739999983
4.694083413365895 -1.1246573405089026 124.2004478425367 113.51821459999974
4.902710340740434 -1.2062370490384977 124.3424836672029 113.58448789999966
5.7601735510569725 -1.7746705205689022 123.75665484247713 113.64844129999983
5.94173519247957 -1.7713163419520819 123.69512810855637 113.71463539999968
5.950269226039133 -1.8571793134281678 123.81975567810214 113.78004220000003
6.0226603486403505 -2.2036592777981743 123.45456184292449 113.8449187999995
6.159683944229066 -2.197285100334321 122.93750203661435 113.90903459999936
6.039461008850992 -2.2445677188230286 123.39674183465009 113.97369369999979
5.986084956307735 -2.2452367858833178 123.44708282593858 114.03974349999953
5.239870920378905 -2.2991594280187337 123.93630503808753 114.10387290000017
5.0869385993308995 -2.307916628301595 123.49995878206428 114.16909859999942
4.789504120856229 -2.2211941687938586 123.37529157652585 114.23518469999999
3.1080802096286746 -1.9584285568022546 123.59739117426582 114.3004646999998
2.999303215714967 -1.6604345279761525 122.76776515703162 114.3654547999995
2.3495727701516813 -1.6935614617392956 123.58336204513769 114.43066910000016
0.20792088414768273 -1.2391122394145913 124.7207604910388 114.49609199999941
-0.27681583450893754 -1.1540834373464488 124.42277061750231 114.5614316000001
-0.6127677718216589 -0.97520687360737 123.99317177613528 114.6275055999995
-2.3773230675391304 -0.38426790596373395 125.19609332794668 114.6923197999995
-2.4908201995406998 -0.22776732902766628 124.0872647635329 114.75793059999978
-2.6547348971039497 -0.017971547818785516 123.96283490978051 114.8227195999998
-4.386933018431932 0.5977942951836401 124.71760855989578 114.88796279999951
-4.64456750024803 0.6769590440415286 124.5349683750725 114.95394679999936
-4.851682229566457 0.9248372708113448 124.70135024783049 115.03755929999988
-5.622983300286641 1.5601873220698952 124.41348479746914 115.13322629999948
-6.029349231696067 1.642106967483679 125.01393704524078 115.19912279999971
-6.053590825063168 2.2954003405378423 124.7021565177523 115.26439549999941
-6.197749604282585 2.4395691910408055 125.19673401667086 115.33083100000022
-6.121813654019618 2.397992745586786 124.88387307336447 115.39553829999932
-6.266412285707339 2.618353075230428 125.38080013376022 115.46055419999993
-6.182623754395934 2.64676630495551 125.59316689393413 115.52523299999939
-5.580444984216797 2.606919724481673 125.24861747432608 115.59105799999998
-4.077141558902355 2.257856519596001 124.88420540672205 115.65568179999991
-3.460564942971544 2.175761392727041 124.11035101844539 115.72115070000018
-3.5124765020587887 2.0439296102264155 125.23972745398842 115.7869369
-3.5124765020587887 2.0439296102264155 125.23972745398842 115.85285459999977
-1.2455566188631764 1.3477022193259895 125.02508701925457 115.91796239999985
-0.7445528015704568 1.1613730223301446 124.5359515320734 115.98293819999981
0.771480123661874 0.47666012299809546 124.95558599643327 116.04817749999984
1.3923521845996092 0.30124322955139893 124.38797714961355 116.11253769999985
1.3923521845996092 0.30124322955139893 124.38797714961355 116.17675569999938
1.6529588641373536 0.05256979069233658 124.88029687764312 116.24273159999939
3.6616812297008536 -0.6883920979200331 124.02529657881753 116.30743220000022
3.985828436928635 -0.8135562080776841 124.0510788554576 116.37250069999936
4.332331722797576 -0.9995581922499981 124.06406052683478 116.4365700999997
5.254220969653893 -1.4233970234556343 123.87125438291663 116.50173619999987
5.369291994480598 -1.5158992783087464 124.12559653102082 116.56574360000013
5.6694234848806815 -1.5718389928360486 123.4713951584631 116.6320283999994
6.1421080091568925 -1.9883517312902086 122.77758331997842 116.71321050000006
5.988648272514212 -2.121418404349223 123.43594241103956 116.77760989999933
6.108730571520773 -2.197467755673622 122.98065499023731 116.84330559999944
6.1674831885231285 -2.1534108968088694 122.68825728086792 116.90750740000021
6.257857368538545 -2.187187543721846 122.34138497467791 116.9736482999997
6.144110631701857 -2.251856930314578 122.85522225137113 117.0371968999998
4.477413400204391 -2.2795266035069712 123.63510448704997 117.10310449999997
4.275904124515222 -2.0971172576926125 122.97608060480663 117.16745609999998
2.7856988105757168 -1.8612204761864928 123.84786684694163 117.2325652999998
2.360436218418478 -1.782228100925861 123.97535384012768 117.29723250000006
1.7724182936040407 -1.6398000108259545 124.2731350353032 117.36188219999985
1.4130772603541288 -1.6109504445589153 123.89144702402433 117.42793519999941
-0.9799587921671247 -0.8147507845694733 124.36747336777836 117.4916659999999
-1.1417376182328667 -0.7134433573253409 123.99296654538325 117.55664650000017
-1.4724340613705493 -0.4897477866480422 124.04269348748815 117.62337899999966
-2.852761703120656 -0.14468047406114004 124.53635509892997 117.68702219999977
-3.2633436635990805 0.09920347359877058 124.65468432858589 117.75201089999973
-3.747993068999918 0.22456258671058993 124.64300262790533 117.81688489999942
-3.964169177392563 0.44141067936059936 124.40370336440064 117.88259669999934
-5.0935715331730265 1.2243827049373697 124.09139333498507 117.94673299999977
-5.0935715331730265 1.2243827049373697 124.09139333498507 118.01119709999966
-5.821664581565571 1.8340803975938558 124.17642258616999 118.07717429999957
-6.134748960989214 2.0243464901630324 124.92352677102586 118.14157009999963
-6.100719206760438 2.1650395408038787 124.76262535146999 118.20690599999944
-6.126118297669763 2.2734663219548477 124.89706856348712 118.27210070000001
-6.219827857119654 2.6134850865034194 125.42260638628188 118.33818819999942
-5.846856280990252 2.6682290640297026 124.39837221144893 118.40369759999976
-5.2475701117976286 2.5938100708194227 125.6556589185254 118.46847319999961
-4.918392324109057 2.512006972163654 125.6035740156754 118.53335539999989
-4.411713841167945 2.387208604943019 125.66740049578951 118.59911579999971
-2.8912170883708797 2.004478522079493 124.67307047861587 118.66521180000018
-2.5421015992894027 1.9484448215600683 124.88976942951471 118.72971280000002
-2.3224155655369714 1.6580994758551755 125.22538664578606 118.79419999999936
-1.7053198040452742 1.6040108358664753 124.97511280160458 118.85928009999952
-0.3715569511251857 0.8469686903123803 125.2469090024697 118.9237406000002
0.038920711416857046 0.5927671635936341 125.18441017879755 118.98863919999985
0.555237163281312 0.47857652706967363 125.06880879466232 119.05431679999947
2.421932683063538 -0.15624576622614117 125.02090432959679 119.12018459999945
3.0037418244159397 -0.33724172475033165 124.38081594976778 119.18450109999958
3.216058377079925 -0.41746513381320516 123.85765079325922 119.24832960000003
4.503391801066499 -1.1365812598022562 124.11193484803135 119.31259689999933
4.762012016815547 -1.19451119393165 124.16920997742322 119.37888569999996
5.207352273615264 -1.2631767386208097 123.67998345458749 119.44374419999986
5.984407391993038 -1.782412805416579 123.03387859011937 119.50928769999973
6.167934574241457 -1.9255209562687159 122.76464111703902 119.57441329999983
6.0535603304165875 -1.9810339358225697 123.45307745804 119.64025349999974
6.009316013578896 -2.252916707508847 124.09032507889688 119.70451309999953
6.50019493907805 -2.176552907872901 122.10249030667373 119.76929269999982
6.50019493907805 -2.176552907872901 122.10249030667373 119.83394299999964
6.343381310152445 -2.189661756610089 122.85368859553097 119.89947519999987
5.348552378288581 -2.3328596829193353 123.52446396842264 119.96512600000005
5.064903975938577 -2.252043170744722 123.22231276506143 120.03035180000006
4.597382153811559 -2.321530200070336 123.86199101828065 120.09512360000008
2.881170528143727 -1.8939406968932153 123.61029879785876 120.15958179999961
2.4336282227695847 -1.782692395284582 124.01154973245028 120.22498579999956
2.1242483365204166 -1.6132533208157978 123.51581307169556 120.28958349999994
0.1509416299052191 -1.2127641307823718 123.73576565362406 120.35459290000017
-0.6011983673245069 -1.1124705867443874 124.79062160217295 120.4196222999999
-0.9084296324596153 -0.8887699296720193 124.38353843365635 120.48463619999984
-2.2721425379465714 -0.34921287199955153 124.02944711988798 120.55108969999947
-2.855656743500319 -0.18297720501486692 124.95648816592251 120.61433539999962
-3.1751060527331987 0.023610191125462143 124.67666690873891 120.67916520000017
-4.40212068071483 0.6396026717070808 124.16056384323475 120.74344709999968
-4.6682518422906085 0.8237634504034775 124.35609320805167 120.80842649999977
-5.005884229078816 0.9734035794174632 124.70437111288662 120.87486790000003
-5.261457528183563 1.0883442305387576 124.78979973590916 120.93894069999988
-5.94983358471427 1.789190443204893 124.7978642417067 121.00300349999998
-5.729867102787921 2.0815557277364887 123.91758485390612 121.06886149999991
-5.946309961536677 2.191199469952896 124.51571831351481 121.13271239999995
-5.823990745907913 2.5520933288526444 124.27015207291149 121.19813340000019
-6.011697647888511 2.5424528734202037 124.68693576570269 121.26384710000002
-6.193112303304197 2.621993029187917 125.28261500357738 121.32796999999937
-5.247618110788096 2.649063154455475 125.48043037447354 121.39368310000009
-4.918168414840473 2.501839840694548 125.77963390189501 121.45942639999976
-4.0372201956358325 2.4644137251411307 124.48348316603479 121.52573940000002
-3.2284210829997875 2.091823417723886 125.44659063779848 121.59112929999992
-2.837904488207883 1.923662001509249 125.16625041695393 121.65651119999984
-2.598884621533287 1.6194057449062287 125.01084942861773 121.72069819999979
-0.440906858096362 0.9534257439807111 123.60657096761375 121.78548349999983
-0.08415929971886982 1.1580906676659986 124.4001723428101 121.85097589999987
0.42978124482696956 0.6616839204975336 124.48662149254297 121.91687730000012
2.134383963216152 0.02850482080048866 124.52725561870679 121.98214889999963
2.3109890635185124 -0.12765915227538427 124.91581812038731 122.04705740000009
2.599025574985518 -0.35563491178891904 124.56244414583227 122.11049409999941
4.191942274424868 -1.038523259761434 124.33640769811548 122.17518310000014
4.953337679710486 -0.9386729343919651 123.38252452736342 122.23944539999957
5.078883105376214 -1.057073632322785 123.91191017276861 122.30442959999982
5.392770216172629 -1.3594758683967574 123.27494023288718 122.37058350000007
5.69708609319769 -1.782530674993259 123.84419641898081 122.43529769999986
5.872193772323477 -1.9205400315205203 123.87894442730709 122.50140869999996
6.090211096591133 -1.8901027860217683 122.96205939351927 122.56697859999986
5.922814116593322 -2.247475558578667 123.62483077610898 122.63257329999942
5.986084956307735 -2.2452367858833178 123.44708282593858 122.6975751
6.21771770149617 -2.165185185754706 122.72551743139132 122.7625081999995
5.662471521764168 -2.2657387074732886 123.59242547717217 122.82671039999968
5.239870920378905 -2.2991594280187337 123.93630503808753 122.89228970000022
5.055384443665716 -2.2848879669701656 123.63201216118235 122.95840649999991
3.4339834171730956 -2.034314829656702 123.68931184400073 123.02331689999937
3.0466674575026502 -1.9685152548707352 123.59665555720282 123.08755029999975
2.4907210174175844 -1.8001454378920592 124.026050275655 123.15277460000016
0.6805625102582411 -1.351161628868152 123.93695076986106 123.2181687000002
0.09069043246999797 -1.2907456725981148 124.36525999129725 123.28402539999934
-0.3060660023973867 -1.115037971446249 124.0013541922608 123.34803789999933
-1.95521864670755 -0.4889772429320025 124.87805778182282 123.41277979999995
-2.3202413877865453 -0.3056628730735691 124.36322514701796 123.47890980000011
-2.4755543933564113 -0.1487840330677488 123.98210256705069 123.54432449999968
-3.003814418156317 -0.016507113705066856 124.47239493671026 123.61041759999989
-4.341926026950922 0.6364541091369529 124.31350298967854 123.67750849999993
-4.55897084961606 0.7113887928608047 124.22810601524696 123.7405134999999
-4.804485103604769 1.005290411406603 124.17232954956651 123.80547729999944
-5.799646079573144 1.6524522263920958 124.90029625464969 123.87266089999957
-5.90885058077383 1.7956083135496776 124.75496391873276 123.93572179999956
-5.615153713910523 1.9761112420358973 123.77555971702485 124.00117729999965
-6.152964648847693 2.3847372634056527 125.245870083286 124.06693600000017
-6.223822929624724 2.48837362439176 125.435011160597 124.13175669999964
-5.991324290838165 2.5220360066715655 124.86650575039927 124.19626179999977
-5.9254248123270585 2.607651370414567 125.27140958561714 124.2617838999995
-5.270750678918866 2.6566160848645195 125.16659526490861 124.32708809999986
-5.082717228254097 2.5739836391481212 125.8583877267786 124.39149219999945
-3.460564942971544 2.175761392727041 124.11035101844539 124.45806319999974
-3.687872899086919 2.0467328600038455 125.96701953697065 124.5235533999994
-2.6821674530778807 1.848434894104006 125.0897518524453 124.5892417999994
-0.864935593983418 1.4941179885567237 124.96207571984057 124.65417900000011
-0.4502591012420396 1.02948771167521 124.58432563283684 124.72025109999959
-0.28572651144227024 0.903842018934401 124.58193702553147 124.78541499999938
1.1520992832549766 0.2595548247870438 125.52583679496804 124.84998649999943
2.341698503275893 -0.04388303723775122 123.80180586118618 124.91602460000013
2.341698503275893 -0.04388303723775122 123.80180586118618 124.9808181999997
2.508192035017231 0.036213174066841325 124.37260176960935 125.04660400000012
4.134775574329339 -0.9259721806206025 123.88882413938394 125.11192140000003
4.600327238852444 -1.0182238269606803 123.7044810731784 125.17769239999961
4.809923995633149 -1.0927428446804175 123.58830454837334 125.24187660000007
5.86171855265065 -1.4269149857284376 122.67399129172128 125.30713469999955
5.569904178614145 -1.6784397097942123 123.93319430716029 125.37352049999936
5.69708609319769 -1.782530674993259 123.84419641898081 125.43834509999942
6.066362671519684 -2.149339472873167 122.96852424470104 125.50389439999981
6.1452703694230095 -2.1836874904797963 122.76815239677858 125.56938149999951
5.906826100872394 -2.31479300475414 123.51394349116218 125.63514399999985
6.082240351888153 -2.2601066898444815 122.9962799180967 125.70097960000021
6.082240351888153 -2.2601066898444815 122.9962799180967 125.76610439999968
5.602649548119544 -2.2902932625585994 123.80720134527638 125.83177019999948
3.9315696811153984 -2.14416058414056 123.52405704153892 125.89682689999972
3.5449273088649775 -1.996492862917406 123.50383394400859 125.96269959999972
3.250401143453672 -1.9261654112755062 123.18302832480829 126.02880579999965
1.9217916754718658 -1.5859171973917974 123.56789335945744 126.09505139999965
1.301749433330393 -1.5601823660397236 124.06706647458898 126.16020529999969
0.7846204576929736 -1.345737569854772 123.85082435317163 126.22518559999935
-1.2715715082452022 -0.6700991738687792 124.19561429429216 126.29087780000009
-1.7252493070494666 -0.45331165707191 124.43798721394849 126.35658340000009
-2.3773230675391304 -0.38426790596373395 125.19609332794668 126.4226434000002
-3.5468145088103 0.12629658771422747 125.1063262709671 126.48861979999947
-3.8288436499765623 0.193000590717208 124.44718862256222 126.55450609999934
-3.8502377459697783 0.4732014535045669 123.97053236073847 126.62035860000015
-4.465963571760128 0.6355111600734085 125.05454014795059 126.68516670000008
-5.401891873058695 1.4467618146260435 124.3189509122056 126.74987509999937
-5.401891873058695 1.4467618146260435 124.3189509122056 126.81516419999934
-6.215616472059793 1.997023828218278 125.35152879556443 126.88093279999975
-5.86353068961472 2.17196764554025 124.4497369736079 126.94547869999951
-5.855269258116643 2.365672544737042 124.50090451894881 127.00971140000001
-6.0878242586461795 2.39937474440362 125.06989675460508 127.07451279999987
-5.987035701832305 2.646514412309064 124.85332926059843 127.13976920000005
-5.987035701832305 2.646514412309064 124.85332926059843 127.2046319000001
-4.653044140552716 2.4076859467142797 125.45604941606575 127.27118679999967
-4.1775247411859695 2.3723538173876424 124.87996979316625 127.33632810000017
-4.1233944245014555 2.236030970728589 125.33991924080793 127.40237100000013
-2.505688056030131 1.7910237479409528 125.22018291297704 127.46868269999959
-2.1725976207387987 1.67134436471015 125.16191227920385 127.5338843999998
-1.5894134952806525 1.487836648337526 125.07468520902678 127.59807790000013
0.2741109137925264 0.8471525432092536 124.9600583404553 127.66351649999979
0.7302922907730292 0.6772848835648283 124.6948894487988 127.72989449999932
0.9902045780268551 0.38856434040508364 124.68056154092218 127.79470979999951
1.3995598157275069 0.3101760712308333 124.74286935136375 127.85994049999954
2.974979933386315 -0.38319473219290856 124.77289501886077 127.92448249999961
3.6649847511489924 -0.5641453277546158 124.01234423253715 127.99046379999982
3.917150530186582 -0.5640953310637864 123.99617011821822 128.05673729999944
4.579246127118836 -1.1850270982847912 124.77692497276054 128.12237189999996
4.845243779069911 -1.468055468281289 124.39044003723187 128.18827189999956
5.6198192813130206 -1.3711426361965944 123.4292565859283 128.25391789999958
5.961718419304198 -1.83533346328135 123.69892447437397 128.31796739999936
6.116965136908959 -1.9603878929585798 123.1969116491894 128.38282170000002
5.974208729425307 -2.1069345539471978 123.88055076080421 128.4483768
6.169132281870553 -2.200241990550001 123.15107009954862 128.51347110000006
5.9912155564275125 -2.254427118334906 123.68215433839681 128.5787292999994
6.031709070359348 -2.314786401399292 123.50799329359909 128.64305239999976
5.300192102265889 -2.3164752072339905 123.17610618986424 128.70914240000002
4.785824055631373 -2.1822362219622544 123.84901480822812 128.77320700000018
4.431428858793566 -2.2839286360701325 123.65676785131485 128.83856469999955
2.6995678034888684 -1.7628772507023713 123.82170632092361 128.90446599999996
2.518572795250087 -1.742737528721975 123.3064304569891 128.97020470000007
1.8441237072848153 -1.6123996817162487 123.81978220702095 129.0360725999999
1.3139211511446192 -1.549094328484013 124.10276611348357 129.10075499999948
-0.4982977847425545 -1.0570122497499266 124.15219577674037 129.16694279999956
-0.9583108355515648 -0.8541861550386058 124.06130524680684 129.23173479999969
-2.4138607785654287 -0.2904702444229599 124.2348002391861 129.29648719999932
-2.6853474651112563 -0.11657368274162228 124.1124672508312 129.3618835999996
-3.4631965060689183 0.11001624404944044 125.15705915680061 129.4272093999998
-3.878834236852029 0.250759983302111 125.0939624197105 129.49338279999938
-4.78990692641846 0.9483019623157143 124.34791255845194 129.55887299999995
-5.099924887785498 1.0502436531170598 124.69815720986044 129.6243426000001
-5.130612180604551 1.2701268784439743 124.07925962544311 129.68998079999983
-5.84606405968146 1.8858246685821893 124.41479547676617 129.75451859999976
-6.071513317240438 2.091132588924892 124.96072865376034 129.8189524999998
-6.017922653751256 2.2263581518309374 124.70688043226261 129.88477220000004
-6.2073613080319845 2.596629626231455 125.55917886194634 129.94912310000018
-6.054142291821904 2.6249909792258226 125.03407757798563 130.01436579999972
-5.960117411928977 2.662228072168499 124.71289092281675 130.07892529999936
-5.243585485597997 2.6617298694717655 125.53814054205847 130.14500559999942
-4.773149205005986 2.541633666641083 125.15667747304235 130.20976489999975
-4.324086706411009 2.4571124555586232 124.6614180607513 130.27580989999933
-3.1793055944538224 2.0593292137301082 124.99877005894734 130.33981829999993
-2.9319431212055775 1.9020040921315227 125.41676031123366 130.4042142999997
-2.0843334470608212 1.7293371578109025 124.988275317182 130.47048919999997
-1.609933284669438 1.691933948820994 124.97291845238128 130.5359757999995
-0.10390210251787835 0.7763741546388607 124.44679012177237 130.6016798999999
0.31031200756617494 0.8211832086480315 124.58335052090203 130.66692039999998
0.8660132718828493 0.5173024579225425 124.44031697798123 130.73260909999954
2.6744619734471655 -0.21412393971249533 124.46390578279292 130.79813319999994
2.8180298640902564 -0.3385935168325278 124.22348561204355 130.8640867999993
2.846916460450622 -0.6321832044646343 124.8519332414636 130.92890759999955
4.65505159547925 -1.1629933269867794 123.88181427308345 130.99559820000013
4.9153105869196665 -1.0890422642599211 124.28600739618336 131.05948939999962
5.130939077878523 -1.4685249316350846 124.3364365850038 131.12537659999998
5.790117621103782 -1.8194374526520725 123.48373119124547 131.19038439999986
5.929921190048788 -1.7949588393541753 123.81315058317543 131.25422929999968
5.931001902883288 -2.0226571453791826 123.88644703200424 131.31918330000008
6.291706143879935 -2.153385898915348 122.68158756656229 131.38448890000018
6.291706143879935 -2.153385898915348 122.68158756656229 131.4500638999998
6.244815389462751 -2.1779446768312565 122.84971580727245 131.51488509999945
6.244815389462751 -2.1779446768312565 122.84971580727245 131.58111120000012
5.289965359734694 -2.2508511694259847 123.43664103429114 131.64701049999985
4.851148402293859 -2.166703097598848 123.84028882228823 131.71170429999984
3.376704246331137 -2.045522716563725 123.6753865340983 131.77824650000002
2.881170528143727 -1.8939406968932153 123.61029879785876 131.84296219999942
2.3906204149649497 -1.7459878186375586 123.92386943697193 131.90712660000008
1.8531833029939904 -1.7152917331436748 124.50860256292316 131.97254650000013
0.07971673220595221 -1.1875600420445058 124.16175203441165 132.03847979999955
-0.29392627600105214 -1.0622883560003349 124.16746519095103 132.10314539999945
-0.8743937636336696 -0.8095435877283861 124.28003471000874 132.16930929999944
-2.2433400860550776 -0.19319605399173045 123.764583706546 132.23441269999967
-2.713618018555927 -0.07014205433503073 124.41979808424882 132.30015279999952
-3.0877807029934345 0.0712240861495742 124.17876073020656 132.36549169999944
-4.613339821228379 0.6489265896193559 124.9424755409804 132.43056389999947
-4.802853698301199 0.8721106734369005 124.48881766086404 132.49497129999963
-5.20490983454966 1.0078850630878486 125.08837150136442 132.5591402
-5.7471494437009625 1.5693982442815355 124.3810541506597 132.62385879999965
-5.986052329641048 1.7911331492720668 124.79412120428383 132.68979020000006
-5.9808347641975175 1.9134604265723247 124.60301450547546 132.7552472999996
-5.9543757364785534 2.4286512429953473 124.28878230399272 132.8200872999996
-6.200438733262665 2.503661437031618 124.9572785655104 132.88562769999953
-6.008123325496491 2.654979934575925 124.42970949188253 132.95029419999992
-5.629201137511238 2.6017130961022508 125.31397776125017 133.02277419999973
-5.160391472240619 2.6052499954701958 125.23100001057422 133.09019549999994
-4.695055003153854 2.472811078109193 125.58345377481095 133.15423099999953
-3.822479159403521 2.077621556980167 125.57537713554149 133.21855809999943
-3.0850861963175547 2.016631612623165 124.71833699152448 133.2845338999996
-2.984320574257552 1.7034846798262993 124.67396981237628 133.35008310000012
-1.9279037788742173 1.6557222606037727 123.92734402862779 133.4148964999995
-0.628506657016942 1.269303435091842 124.53359085745109 133.48071609999988
-0.02580676995813036 0.7110613678452763 124.41808962141265 133.5457938999998
0.4835176627095308 0.726690393998965 124.15778237067859 133.6119306999999
2.0003860906080817 0.14746302208647966 124.48188754994204 133.67703989999973
2.5303191275742094 -0.20832192834680086 124.37842250629215 133.74240809999992
3.6658022246896067 -0.5420247397188407 123.87540376085495 133.80777969999963
4.42683557881341 -0.8963152772684047 123.73527841952557 133.87337369999932
4.5925251325474505 -0.9887621234708086 124.0449027028994 133.9373240999994
4.911131231250792 -1.2124177869073811 123.45217631809953 134.0027798000001
5.534297675568581 -1.7587155103130763 124.22880387422394 134.06713659999969
5.534297675568581 -1.7587155103130763 124.22880387422394 134.13182179999967
5.915998166435962 -1.7648533834719053 123.56070476927715 134.19527500000004
6.137328658023783 -2.1492272423712144 123.01474370776963 134.26099749999958
6.042174014936052 -2.2194606373755272 123.24601061095609 134.3257655999996
6.0412934881994715 -2.264394098680526 123.47069698098986 134.39098430000013
6.039461008850992 -2.2445677188230286 123.39674183465009 134.45544840000002
5.801636953068012 -2.313140095120302 123.91517979103348 134.5198733999996
5.662471521764168 -2.2657387074732886 123.59242547717217 134.58591029999934
5.352026778192979 -2.2208442516285913 123.28077769845433 134.65061849999984
3.2668662240574733 -1.9955077643185288 123.89073946506187 134.71673199999987
2.6490536698568263 -1.889258519607107 124.24671637137656 134.78247289999945
1.4207184500812673 -1.5761904725709024 124.28160191815992 134.84803999999986
1.105689959282742 -1.4766031886916426 123.88732645185036 134.91220710000016
0.7063908428616443 -1.3231810093739291 123.7360306338753 134.97651339999993
0.18178255625138462 -1.2504561483091408 123.94863184908364 135.04228030000013
-2.013347415666132 -0.4096202061673262 124.66949016387977 135.10827679999966
-2.349908486240359 -0.32717864811039377 124.44947050481186 135.17301229999975
-3.5716222493282928 0.21683788516517788 124.67034048391834 135.23842179999974
-3.801599067923661 0.314678686267704 124.40320389907248 135.30345699999998
-4.2943412104284775 0.5034758453204926 125.09832409183403 135.36868830000003
-4.5926271833662184 0.6532840830204162 124.88501329343255 135.43436250000013
-5.643985695916676 1.409742459152659 124.8871392641475 135.49903300000005
-5.643985695916676 1.409742459152659 124.8871392641475 135.56508829999984
-5.92955898943638 1.5373471920377928 124.88233339097924 135.62981369999943
-5.974118850800174 2.214084780009782 124.75446037552756 135.69523260000005
-5.783453232259866 2.423809751151543 124.3282507451485 135.76033310000003
-6.040968363904348 2.3918820516708186 124.93379209474665 135.82478059999994
-6.021828436237989 2.5593550217311325 125.22476847756292 135.89196489999995
-6.09311746247927 2.6130205720308446 125.41856375885307 135.9569410999993
-6.02224624902037 2.5808404991054816 125.78130544725602 136.02282829999967
-4.578501967173011 2.337495345623071 125.4637379017845 136.08781790000012
-4.073581846207041 2.26473132758602 125.52473010500756 136.15352600000006
-3.2527413429628638 2.213092671624886 124.481764353635 136.2187113
-2.0259568984179452 1.5581077578825564 124.94587158148411 136.2831798999996
-1.6576726057807747 1.4389896308935088 125.45223626072266 136.3493886999995
-1.021147815816569 1.342743869492994 125.24001969232928 136.41442409999945
0.7618562544323524 0.652757087103322 124.53954112890369 136.47864739999932
1.0279189185533397 0.43652567801812586 124.95727240686449 136.54337849999956
1.5818194981181932 0.1991466220444137 124.48721616179068 136.60890349999954
3.202872760727729 -0.40748887735513817 124.40075746825185 136.67525529999966
3.535623851090037 -0.5757289380680248 124.10289810025434 136.75581789999978
3.6947179405191193 -0.7697407271946208 124.20020697047075 136.82225319999998
5.101403103615112 -1.3007534269330607 123.89234394245658 136.88785519999965
5.335056755090015 -1.405009908253068 124.27218542739313 136.95162339999933
5.451301269690177 -1.5343370341272689 123.83553170164744 137.0157621999997
5.751128095793845 -2.0251945560873494 123.73177257278135 137.0819448000002
6.049184788316204 -1.9074577200076908 122.66982051112456 137.1465022000002
5.841919905204087 -2.060081367671209 123.43997210569722 137.2126859
6.287818985814262 -2.1448008490060135 121.82643077012749 137.2771241999999
5.999604196035271 -2.2468092476993395 122.77059780719843 137.34276279999995
5.999604196035271 -2.2468092476993395 122.77059780719843 137.4072153999996
4.984706395944826 -2.3121563459071552 123.88145176685043 137.47212519999994
4.81653178399538 -2.2514613375323544 123.23138770293284 137.53838149999956
4.284130996963022 -2.1818600759196674 123.8744205563892 137.6036052999998
2.4907210174175844 -1.8001454378920592 124.026050275655 137.66914469999938
2.1194238597566724 -1.809230683372232 124.10164654256205 137.73371940000015
1.5463885845587626 -1.5763252453740106 124.27597687865648 137.79931709999983
1.176603770665487 -1.5598967693172883 124.0716820477607 137.86514110000007
-0.5212272489848289 -0.961327713198032 123.78761281064175 137.93071379999947
-0.5947146111680226 -0.6885531407335013 123.18869299857727 137.99677619999966
-1.2307675029837597 -0.6017123221240122 123.98884114655603 138.06099360000007
-2.966066728623794 -0.08849521229057544 124.50481111369025 138.12479239999993
-3.2114196129421586 0.13562750948900204 124.05811983684677 138.19001649999973
-3.7756519267887185 0.3113506517652527 124.65478852624526 138.25458199999957
-4.886642561435806 0.9365120234027328 124.44486533050328 138.31818569999996
-5.137601649344319 1.051755619052995 124.51978545019568 138.38243619999957
-5.576290203041836 1.2589414124109504 125.076626281157 138.44768909999948
-5.861903759715524 1.9420353512590378 124.35103741019897 138.51289309999993
-5.929264826441049 2.132671654645818 124.40201332640524 138.57732959999976
-5.868115350121002 2.323937115990183 124.19497071797724 138.6426451999996
-6.14853983543739 2.5598106846348037 125.22936178129179 138.70900769999935
-6.219827857119654 2.6134850865034194 125.42260638628188 138.77396150000004
-6.101567211103266 2.637424945748606 124.99538661334023 138.83997569999974
-5.960117411928977 2.662228072168499 124.71289092281675 138.90510790000008
-4.696779828792948 2.469746686237804 125.40251306114733 138.97041619999982
-4.469314859549179 2.4281200039673068 125.18468093549873 139.03556369999933
-4.357428848835603 2.2086780676996307 125.57667260428008 139.1008485000002
-2.5038185972309464 1.7693832920792993 125.2291784945416 139.16626889999952
-1.4631640809913407 1.7742076981927863 124.49750360240569 139.23247399999946
-1.0878894439835776 1.578018284897889 124.63049885059242 139.29788670000016
-0.008271092947516934 0.6951330167909335 124.89484295886265 139.36199870000019
0.4767937864167493 0.6745521296644518 125.06317229829966 139.4275394999995
1.2017600607507646 0.4484328431236946 123.99099963543694 139.49222379999992
2.8245501692055015 -0.27132298223372775 124.20388738675365 139.55709339999976
3.0286785729107066 -0.4578907819951865 124.37508245951031 139.62199239999973
3.4585190533219645 -0.5588527774776682 123.9507601400087 139.68701819999933
4.861179764155629 -1.0699028783438573 123.41039139661783 139.7521624000001
4.84877888560419 -1.3432245669806684 124.37614934193581 139.81840589999956
5.5071669261899245 -1.2974559205503224 123.14119429361249 139.8832425999999
5.971849350193921 -1.8123909214117235 123.41206445612785 139.9474398000002
6.0901264250337945 -1.8619245278236631 123.12683795936418 140.01326710000012
5.925616823564617 -2.0435461340639067 123.83208244277712 140.07911019999938
6.000449380615123 -2.1840607751039345 123.56648943282768 140.14341549999972
6.218719420715431 -2.1897343322725247 122.86132477359548 140.2070179000002
6.218719420715431 -2.1897343322725247 122.86132477359548 140.2725929999997
6.218719420715431 -2.1897343322725247 122.86132477359548 140.33792839999933
5.254546605035081 -2.256784524447989 123.36289202704238 140.40265550000004
4.851027335933004 -2.2207869923112615 123.45720383272952 140.46762969999963
4.312545005675069 -2.1924935495661786 123.93053967789658 140.53254239999933
2.793926183327976 -1.8174516732952908 123.61765154885067 140.59808969999995
2.3777320651472493 -1.7832346900732667 123.78741336678392 140.6620836000002
1.8184765072560154 -1.7001443085816996 124.0731343846579 140.72796370000015
-0.18367877390591758 -1.0658187862529134 124.32847758241167 140.79203619999953
-0.5069034778276986 -0.9852032847593142 123.97392041308663 140.8577948000002
-0.9526441936017065 -0.7876111826317036 124.16928981253778 140.92268179999974
-2.2514375963553306 -0.22686495454588773 123.50094299827549 140.9872052999999
-2.809771171987002 -0.049539502019745885 124.23179413869086 141.05205800000022
-3.5273055212851148 0.145631475013267 124.94380274898583 141.11819689999993
-4.516900483023861 0.686731711132648 124.45536627447066 141.1842018999996
-4.88516145350021 0.9755884386868925 124.79201930810454 141.24907239999993
-5.090398613196328 1.0386740111408272 124.84177127711905 141.31336629999987
-5.911286946302596 1.7773871882882808 124.86028028301656 141.37839840000015
-5.911286946302596 1.7773871882882808 124.86028028301656 141.44184140000016
-6.1547488893416045 2.0273190409220287 124.84133844492163 141.50765890000002
-5.895323932111857 2.202756157249585 124.13356079828877 141.5718863000002
-5.997707093313835 2.528178910296739 124.53992368665178 141.6374383000002
-6.1630830617136 2.5169384692351455 124.9251796180132 141.70301689999997
-5.962609691055796 2.60817943171095 125.26774890161727 141.77019819999987
-5.225599960328921 2.5527091795018055 125.12576556261823 141.83640659999946
-4.914199682957204 2.3978593213871235 125.49284870968019 141.90205030000016
-4.469314859549179 2.4281200039673068 125.18468093549873 141.9665533999996
-2.976134624034124 1.9279077039840264 125.06357935560663 142.03169479999997
-2.894859292809201 1.8971977095235164 125.56827353791064 142.0967215999999
-1.2837377244434478 1.3409182735511291 125.28359525178931 142.16217020000022
-0.8785096547819435 1.2364894029851088 125.07081837395454 142.22707879999962
-0.04145578843069586 0.8811364907565041 124.71581122004842 142.29259809999985
0.33332281803645714 0.6087208271312018 124.97089774350218 142.35852410000007
2.2432008301896715 -0.027757314922891685 124.2763068641004 142.42368429999988
2.575504181598234 -0.24208371315231902 124.56254085545882 142.4873388999995
3.030492663920498 -0.35459366351250954 124.50150033480232 142.5530976
3.030492663920498 -0.35459366351250954 124.50150033480232 142.61827689999973
4.732233713480291 -1.2117210664513849 123.51072872560636 142.6830485999999
5.214338909029017 -1.2286968512787109 123.08665430964416 142.74880519999988
5.314882997067123 -1.2808733113220927 123.65707779305308 142.81564470000012
5.72938768863682 -1.7340652805305585 123.86645243190047 142.8820472999996
5.996443116128404 -1.7500822007426584 123.40218695249628 142.94582730000002
5.872193772323477 -1.9205400315205203 123.87894442730709 143.0123279999998
5.923331222538721 -2.2677961560853896 123.70116622638946 143.07849019999958
6.1631626433583335 -2.171617188622 122.7856016852949 143.1444352999997
5.865327111129211 -2.2935040247313307 123.90925155882074 143.20838469999944
5.8484743316886 -2.264204056080479 123.41808597462797 143.27499420000004
5.365176092493165 -2.299164603142795 123.93053565075634 143.3394988
5.237931647149637 -2.3154076924157354 123.26176742955252 143.4057869999997
3.1568116130513104 -2.056326216022639 123.92319332574348 143.47166349999952
2.674772995008631 -1.9358176973050107 124.03160662354972 143.53444049999962
1.4179228270789253 -1.5443494954220398 124.0178688946072 143.5996457000001
0.7802721293247643 -1.406693778887682 124.34295266891833 143.6645570999999
0.36777350325089486 -1.325033234961667 124.34966950585927 143.72939789999964
0.1386804220451907 -1.1202439837258484 123.46734988428175 143.79377250000016
-2.1324519130743766 -0.3551786131233028 124.84935452766246 143.8601235999995
-1.852614044872503 -0.17637550266120194 122.79421143817515 143.9251844999999
-2.818300102867738 -0.08010960860783833 124.50684278459795 143.9906366999994
-3.966647506945826 0.36375621457125507 124.5186076412049 144.0583200000001
-4.176608124839298 0.5533882846618733 124.47750400803545 144.12342869999975
-4.648839567756241 0.6484584087644918 124.9375689212886 144.18907109999964
-4.685325152162029 0.9023549878821233 124.05352872230984 144.2542383
-5.7258924873722705 1.807951410325829 124.3499525303537 144.3194023999995
-5.7258924873722705 1.807951410325829 124.3499525303537 144.38459030000013
-5.848938062649999 2.26253985009627 124.00055756239084 144.44910119999986
-5.907391368877683 2.3697502203005527 124.40423124062166 144.51426179999999
-5.9009777943272255 2.4273733506557953 124.5565567648765 144.57884409999951
-5.9177534335653235 2.5256111866283675 124.76619243213457 144.6439053999993
-5.844394482076908 2.5931460000055537 124.84767590886086 144.7096449999999
-5.791115233745316 2.6037747942367453 125.38158269929714 144.7750170999998
-4.545057269401049 2.262230841976771 125.69146578737912 144.84128129999954
-3.932690884574498 2.175815589858749 125.19186072633232 144.90790469999956
-3.6067069044968036 2.0544395642763646 125.08180450385373 144.97190580000006
-1.9856751237061658 1.8176535775746736 124.97714209742111 145.03663849999975
-1.423142064035467 1.0594302454778994 124.89758772045363 145.10228889999962
0.0006541569613887077 1.4562538255007285 122.90717594443349 145.16812839999966
1.032627132053669 0.4978230164978157 124.74329898584986 145.23244879999947
1.4864856776055646 0.29158101092575733 124.40930259069273 145.29938700000002
1.54927984917083 0.3194574813318542 124.82687668981397 145.36455659999956
3.015121508877442 -0.5432415646778399 124.39763412504561 145.42949239999962
3.6131204197070375 -0.6813477011248181 124.13546608899726 145.49384219999956
4.044298907135861 -0.7399330357977165 124.08498358309234 145.55970919999982
4.475978098841871 -0.9213671560271441 123.93773616199866 145.62450009999975
5.256034484601621 -1.3866251298592527 123.65051114409546 145.69019759999992
5.307341825514925 -1.6471469907807212 123.68779876505481 145.75455559999955
5.5408498182211545 -1.6696997658185966 124.05636004532617 145.8191839000001
6.165542722374639 -2.0485602329095944 122.77513856435034 145.8853577
5.9946008125758965 -2.0206798090205704 123.5539315663482 145.94851719999951
5.916164782959996 -2.28153193803129 123.64559556639479 146.0141238999995
6.220001535084066 -2.2677929161112886 122.58324525144248 146.07873999999993
6.268836386754309 -2.1652334165871308 122.68198563864331 146.14387410000018
5.979393309473501 -2.360815811118006 123.25219575376862 146.20925239999997
4.504199474740929 -2.251655820058125 124.15466278621983 146.27487819999988
4.254233306530985 -2.2399901212909006 123.26283722298629 146.34051360000012
3.608863536802332 -2.062143827824652 123.93364728029304 146.4066469999998
1.8920101217623966 -1.7887619240748815 124.28580507299031 146.47253959999944
1.423383302547819 -1.5580728388641196 124.20138286905578 146.53759480000008
1.0394866038725183 -1.4862060624111328 123.89975183278753 146.60300009999992
0.4970022944890786 -1.308952415665912 124.2607301400764 146.66687209999964
-1.0774452046528893 -0.776687330233514 124.47274291519167 146.73138870000002
-1.1445137659569866 -0.43138835408447807 123.45955047890821 146.79635059999964
-2.0361999758084366 -0.4189051941999642 124.66525660198764 146.8614590999996
-3.6101817781161216 0.17348927523014535 124.5310528514021 146.9287261999998
-3.9044611149804993 0.37225513787455766 124.59867212085895 146.99287189999995
-4.231281223073687 0.559833724459277 124.64111396641275 147.05742139999984
-5.1335158520195705 1.1986107351681685 124.4475053127765 147.12190029999965
-5.476174818355098 1.348486873569036 124.83811925759584 147.1871973999996
-5.840768455393899 1.4427136556886708 125.18308098551434 147.2524784999996
-6.249604389564297 2.1333799988303013 125.27487852970893 147.3194739999999
-5.872138194228405 2.2001058370077136 124.20738639670043 147.38313130000006
-6.005317525096203 2.2883110322026834 124.56397365099018 147.44694249999975
-5.688681342587081 2.626443476433696 124.92081884741187 147.51244159999987
-5.74149910065519 2.660177312386269 125.66453244217465 147.57822140000007
-5.308507472739237 2.625133846461979 124.90386827938745 147.6441623999999
-5.212245936144839 2.645347870717493 124.74448549160778 147.7092763999999
-4.527636359657308 2.3497748155752927 125.35029216921825 147.77317510000012
-4.074170300048685 2.092563174288604 125.41564142337377 147.83833659999982
-2.421264007411807 1.8211030480010304 124.7081689762026 147.9042690999995
-2.254914942031462 1.548509637758185 126.02276714191032 147.96906429999945
-1.2433508450140351 1.436472720230295 124.08152313222338 148.03465719999986
-1.2352112365706347 1.369743720834112 124.88830705621656 148.10061529999984
0.775048313564227 0.5098496695993278 124.83661890964281 148.16468050000003
1.2278093439079214 0.39380714393826877 124.56694562528966 148.2303082999997
1.713908331579077 0.2640005180448489 124.52867491065642 148.295975
3.196690889188858 -0.5204906716361493 124.20540790705562 148.36196829999972
3.4335635385827388 -0.6380085139325067 124.08973074920917 148.42744459999994
3.8507182121136267 -0.7208766901721826 124.38344968814309 148.49241279999933
5.131151595251644 -1.2991348883300975 123.86757399345912 148.55806810000013
5.3569346872541885 -1.4856293503332085 123.86847420265964 148.6238601999994
5.451301269690177 -1.5343370341272689 123.83553170164744 148.6894403999995
6.087900699075028 -1.908738334979771 123.05196422845728 148.75336659999994
5.966988570258195 -2.0600387933840922 123.43313563295567 148.81885890000012
6.223936026489525 -2.0221948792233437 122.56536503725256 148.8841225999995
5.865327111129211 -2.2935040247313307 123.90925155882074 148.9504390000002
6.137719249371628 -2.234539607557705 122.79699959323332 149.01525069999934
6.137719249371628 -2.234539607557705 122.79699959323332 149.0795533999999
6.082240351888153 -2.2601066898444815 122.9962799180967 149.14382260000002
4.6603935335137265 -2.182152722314724 123.8554363900044 149.21098979999988
4.378394054957077 -2.2402174600406894 123.25853906909273 149.2762241999999
3.8953468233442123 -2.059497810101792 123.49282707971874 149.34159099999943
2.0469558077314645 -1.701328658765724 124.26172088473731 149.40711109999938
1.6204382681349117 -1.6837953721928698 124.11316494158585 149.47184930000003
1.3468502253791215 -1.4914964824868333 123.39147692423957 149.53683759999967
-0.6099055837084322 -0.8371702013904607 123.91112990389435 149.6017465999994
-0.9526441936017065 -0.7876111826317036 124.16928981253778 149.66713119999986
-1.2853122026714985 -0.5940502453336309 123.9686282651627 149.73317379999935
-2.898623261780415 0.015447078329540398 124.2008297040008 149.7981393
-3.5560503597296744 0.2183624474071958 124.69773488547554 149.86348149999958
-3.9723717561578056 0.2769864411368695 124.89736916755066 149.93064239999967
-4.852317922437948 1.0198899443924332 124.10028799406463 149.99321109999983
-5.050492292200609 1.0851979127546825 124.21196912066848 150.05810839999958
-5.202328640978628 1.3454011406878814 124.11467530523325 150.12309809999988
-5.9474221018102185 1.9818869807593429 124.68886369830597 150.18766890000006
-5.86353068961472 2.17196764554025 124.4497369736079 150.2530225999999
-6.0918252696545 2.2719703701195124 124.90578726528015 150.31920569999966
-5.9395558476822 2.5634971075203725 125.17281756434754 150.38497539999935
-5.181501118274298 2.704428648962679 123.62303567808995 150.4493123000002
-5.130180661144472 2.6810575504635157 125.1765838771462 150.51495319999958
-4.911235411285084 2.706650216107149 124.66715645212354 150.5800789999994
-5.0438533861339465 2.4563038021118357 125.61002617928546 150.64548339999965
-4.366186158302433 2.351716101925663 125.14510582664784 150.70992810000007
-3.9418732006045474 2.346348875199606 125.25314052927963 150.77638949999982
-2.3353537607974957 1.9888653707298842 125.06039584445503 150.83929519999947
-2.1957989547033208 1.5903467627282213 125.41648600953465 150.90506910000022
-0.06476507449019664 1.1933516863968006 124.7147427258787 150.97068450000006
1.1156427194871554 0.9334400684520376 123.83294013272591 151.03514739999991
0.9631832502578348 0.756316943712696 124.77469175587908 151.1005959999993
0.9620803645070879 0.40354298759844043 124.57015915394864 151.16477329999998
2.8943361107143843 -0.2631783328045406 123.38116721584355 151.23063120000006
3.1177346942879254 -0.3162857957390035 124.05105311941887 151.29598999999962
4.264710893734289 -0.8224038318208569 124.16795882600017 151.3624061999999
4.755427288260201 -0.9525612958509886 123.50716078167126 151.42761539999992
5.017819067740184 -1.3216227482578806 124.22019434581787 151.49265289999948
5.392029484617851 -1.402640119022911 123.7424010153184 151.55837019999944
5.932968007772331 -1.7514462718768815 123.58091830018137 151.62460310000006
5.932968007772331 -1.7514462718768815 123.58091830018137 151.6898728999995
5.999557602815152 -1.9538436027538642 123.17262136470593 151.75530849999996
6.147444584859542 -2.0059120027889663 122.89433044618697 151.82218359999933
5.806412248597219 -2.3400827341537096 124.29627939197094 151.8864571999993
6.1607946212273035 -2.294691671328416 122.79602944816315 151.9518833000002
5.780915228932862 -2.3138969750361986 123.05276375433887 152.0164138
5.414463980624774 -2.244721025553465 123.43013153741629 152.08109160000004
5.113948515256467 -2.3037188281742247 123.34712919897987 152.1466405000001
3.415954859911615 -2.0435227801765445 123.96089726735407 152.21215369999936
2.7527773008076366 -1.919921328171121 123.6975313083347 152.27643589999934
2.2484731192757863 -1.7393708717810732 123.73633849685152 152.3428113
0.9178294528343471 -1.3711291431566814 123.49064455791152 152.4085223000002
0.38335058096644303 -1.3143073866879522 124.10753841970964 152.4726738999998
-0.08109717256843396 -1.1117772405773605 123.92316189552815 152.53711740000017
-1.7311973596839465 -0.4584398481271472 124.22876995621675 152.60340779999933
-2.360599513576318 -0.20437593566587942 123.81740702877204 152.6693379999997
-2.857684465678304 0.01254340567168255 124.3810735261311 152.73539549999987
-4.218014282216899 0.5273357803130639 124.8842233692764 152.79928589999963
-4.43243947289141 0.6607982732793032 124.85411293089271 152.86455990000013
-4.6808199920174545 0.786258732443604 124.85051172511527 152.9332829999994
-5.49989259184305 1.4759134323370495 124.76421445132036 152.99859279999964
-5.593497004382414 1.6727140121545414 124.49880512314668 153.06197229999998
-5.6673968529449965 1.8624525010001343 124.60334156119542 153.1271925000001
-5.6673968529449965 1.8624525010001343 124.60334156119542 153.19251369999984
-6.012185062334439 2.349614445765133 125.47315104416856 153.25750479999988
-5.788550653129967 2.39096435841697 124.92560343362587 153.32346059999963
-5.7844630098886824 2.5155482570848977 124.91290506086125 153.38942450000013
-5.396247048341422 2.6127963850915688 124.18534251972486 153.45393169999988
-5.891534672122297 2.5088387944663717 125.90197463227243 153.52046470000005
-5.020533491280688 2.507975899192126 124.7300806567374 153.58655480000016
-3.7387731119282037 2.135987934353353 125.06471677410946 153.65241939999942
-3.491462998266492 2.007996381774488 124.88402649139016 153.71932109999943
-3.183667902052946 1.8910571865595012 125.27481533487942 153.78345189999982
-1.0791968203244195 1.5062409984736644 124.71860289847163 153.8489316999994
-0.7252803543300814 1.11077627913943 125.1089946577707 153.91595299999972
-0.05872303526389544 1.0741588738313723 123.73376138234319 153.98099989999992
1.4372070416583185 0.4242867255905737 124.15254605853399 154.04656400000022
1.625571616855467 0.011862472083472686 124.54848162460462 154.11234389999936
2.4121243664579097 0.06887480055689654 123.9986878808355 154.17780439999933
3.8146662841907357 -0.7209261786190317 123.56196143202304 154.24286500000017
3.9751797725188496 -0.9571609886300843 124.40323847566604 154.3081059999995
4.3854769444973485 -0.9187089182330026 123.87665141958766 154.37406379999993
5.404712340733653 -1.4927783787109217 124.10736076992022 154.43834590000006
5.391240008176197 -1.5704181718670336 124.2192987962283 154.50354779999998
5.69708609319769 -1.782530674993259 123.84419641898081 154.5674911999995
6.06208725013591 -1.7277521986514195 123.22970142124998 154.63322879999942
6.160751518441593 -2.0927507465777686 123.01388419043019 154.6992395999996
6.21771770149617 -2.165185185754706 122.72551743139132 154.76381929999934
6.31316726117619 -2.180348371737504 122.27775516281066 154.82840169999963
6.268836386754309 -2.1652334165871308 122.68198563864331 154.89424099999997
5.940433087065429 -2.274474944152984 123.14956897526106 154.9583034999996
5.237128756079926 -2.3223770560706742 124.08773170347165 155.0241076000002
4.027708802859081 -2.2603605706058882 123.74787568266052 155.08815270000014
3.6055681609567145 -2.083030904231363 123.58351937648479 155.15359079999962
3.3344518563477124 -2.0158346212611704 123.40274656590282 155.22061919999942
1.2950542996079548 -1.5760497188507196 124.28717835981918 155.28612749999957
0.9489517176697149 -1.474185356665782 123.59920489182228 155.3516880999996
0.31761488332305277 -1.323797254131922 124.38546365267594 155.41676189999998
-0.9961458364587514 -0.6358776139085474 123.7285919257365 155.4816976000002
-1.702255306007423 -0.50565504258215 125.05326931089328 155.54664400000001
-2.109463682010656 -0.42826498848432126 124.89509717226385 155.61218680000002
-3.5230741511901655 0.19876209341849616 124.28378152099293 155.67766309999934
-3.9287395282553277 0.42820767941198395 124.48019708941406 155.7436392999998
-4.386933018431932 0.5977942951836401 124.71760855989578 155.80860479999956
-5.354588409268203 1.0598727688734755 124.50247873097898 155.87370759999976
-5.385163349371119 1.3414696090631244 124.17591516414211 155.93798359999982
-5.780832278988825 1.516487045784619 125.0184320700723 156.00276179999946
-5.903093224170632 1.641675764077319 125.00997166213976 156.0671781000001
-6.0193100541624815 2.275859783964547 124.80894416456803 156.13200210000014
-6.251798781763782 2.347420247368907 125.57970876168417 156.19759949999934
-5.72947346023831 2.4196797046838796 124.41987884251235 156.26223059999938
-5.582687191188498 2.6608169149162304 124.70203659255894 156.32692789999965
-5.582687191188498 2.6608169149162304 124.70203659255894 156.39192809999986
-5.759366018608262 2.6165673258339996 125.36343500750999 156.45710520000011
-4.242523877538723 2.2224958025218564 125.2878262469089 156.52177859999938
-3.9539093421457494 2.2218916508606856 125.42904831736196 156.58734829999958
-3.897160914594913 2.0875388973483266 125.5180695423392 156.65264630000001
-1.9751043842570013 1.4243157705500407 124.9784422144712 156.7189000999997
-1.1568641903118362 1.382265553320948 124.68973833347818 156.79905390000022
-0.7790889826774077 1.182943793548421 125.03298302243468 156.8634519999996
1.2116750609922775 0.5355669700806815 123.53213153084812 156.92964799999936
1.189314469622353 0.49056058888657983 124.83632778218907 156.9936315999994
1.6540569338822024 -0.04949654592963959 124.53187471131452 157.05817579999984
3.4606406696035563 -0.4347212382745751 123.9419472158409 157.12442800000008
3.462222563762296 -0.5322574715523041 124.4550312199952 157.1889142
3.5949212847254444 -0.979872752536507 124.56536339533353 157.2538354999997
5.182193717734094 -1.3839007998581403 124.04672102280374 157.31923129999996
5.305551290268397 -1.5082717190898975 124.05005442391753 157.3840894999994
5.522155114517773 -1.6597028766805675 123.88233990431446 157.44922309999947
6.046384059875649 -1.9723604015475025 123.22712665298796 157.51452160000008
6.087538775221347 -2.0134169635970003 122.97351452821788 157.58006750000004
5.988648272514212 -2.121418404349223 123.43594241103956 157.64585559999978
5.923331222538721 -2.2677961560853896 123.70116622638946 157.71160340000006
6.201227225319798 -2.230768470461238 122.62740196137926 157.77688729999954
6.201227225319798 -2.230768470461238 122.62740196137926 157.8430115000001
5.74112557215998 -2.299131935455112 123.91297314812628 157.9073929999995
4.474592092563526 -2.166935255868095 123.86010456452637 157.97363189999942
3.9777745280159778 -2.2142017014905733 124.31890034135921 158.0371772999997
3.7257134892723087 -2.0502897965545683 123.30785870130546 158.10231860000022
1.8920101217623966 -1.7887619240748815 124.28580507299031 158.16605079999954
1.3503589457342215 -1.5696490455093688 124.23370994312046 158.23099920000004
0.9938921639476774 -1.4591054075104903 123.65344937983456 158.29540110000016
-0.7600054254208573 -0.815582578237303 123.7628166791263 158.36114069999985
-1.0163372373454749 -0.7123255099946642 123.7896848283245 158.42726519999997
-1.4990128678185428 -0.543283911471041 124.20720241280726 158.49101950000022
-3.0169116634375044 0.20914809591817396 124.34174713461287 158.55644289999964
-3.509272489824845 0.1574827959277112 124.52823386423967 158.62077109999973
-3.509272489824845 0.1574827959277112 124.52823386423967 158.68648589999975
-4.925580955935338 1.0847499714157585 124.20923364532533 158.7518167999997
-5.338527137934449 1.164136001334603 124.83742792836391 158.81731049999962
-5.294295080196903 1.378484242291596 124.2571914833907 158.88165089999984
-6.053260990396609 2.0179821445845967 124.97180965765472 158.94761310000013
-6.053260990396609 2.0179821445845967 124.97180965765472 159.01210979999996
-5.834652716579683 2.322270524319265 124.20464739603207 159.07725309999933
-6.0786686501239515 2.378630564275679 124.96695146861744 159.1433317000001
-5.374084905033719 2.646908461227153 124.74294228176002 159.20755219999955
-5.064625086632816 2.6732632954345115 124.22666390781664 159.2721630999995
-5.461595592409971 2.553485337619615 125.30135560093252 159.3376920999999
-5.060487193207557 2.3682161682033653 125.26605913622335 159.40186799999992
-4.319367917819342 2.343516215350423 125.39826590544855 159.46672649999982
-3.618615336880083 2.167116755741275 124.2777294509331 159.5314182000002
-2.323048122905206 1.754191963492682 124.85900437525025 159.5964353999998
-1.8378395648605235 1.5154851969060372 124.71294634066153 159.66215980000015
-0.4291158990722792 1.0196620191371653 124.56544588508439 159.72731019999992
0.1463116618563305 0.9517905638301682 123.92481693974419 159.79309490000014
0.11855588385866866 0.6694180190975338 124.92333106369469 159.8577835999995
0.9746937610361641 0.4866910694135538 124.99840912523062 159.92266130000007
2.8827622312618217 -0.29321854475109244 124.51772260182872 159.98857749999934
3.280040637677061 -0.4864972512618686 124.00445495407317 160.0537992999998
3.4811604389636557 -0.5482277148280637 123.95274769472809 160.11905149999984
4.500590282544984 -0.9616244135773635 124.20950532104757 160.18430509999962
5.335489210728298 -1.2196108903381704 123.2028303205751 160.24872489999962
5.596545151063111 -1.3849768757126912 123.26378216440345 160.3140401999999
5.714918667748158 -1.4837969951996857 123.30185959434182 160.37893840000015
6.221439880004553 -1.9561243253779939 122.92603656602795 160.44517259999975
6.221439880004553 -1.9561243253779939 122.92603656602795 160.50916659999984
6.218719420715431 -2.1897343322725247 122.86132477359548 160.57377579999957
5.921442697693237 -2.292200164476089 123.85056036967792 160.63833780000004
6.02733513026655 -2.313261198638873 123.21699762430576 160.70311390000006
6.2794213170472375 -2.212640926470018 122.56420221416334 160.76850819999981
5.170822491234723 -2.3142156733361294 124.02336550092777 160.83497649999936
5.203111521965845 -2.263394052994293 122.77122213078003 160.89972129999933
3.3317368083825727 -1.9957429061332679 123.95694011750706 160.96387390000018
2.5974312071038668 -1.817624301889806 123.58034341512 161.0291430999996
2.0474254492048303 -1.7014277134296516 124.20605338351518 161.09352249999938
0.6412445284450854 -1.2978993266825394 124.14828649887734 161.15855759999977
0.09028007017381867 -1.2641071681016778 124.36805105457522 161.22325619999992
-0.3528285210888882 -1.053879128000771 124.15849027432924 161.2878641999996
-0.7002603512393151 -0.9251705261232692 124.22913344826156 161.35366749999957
-1.073081989809026 -0.7998996877941436 124.2318700037403 161.41751059999933
-2.842427439573683 0.033883497950121466 123.85118516763946 161.48276689999966
-3.352826801873995 0.19576467044651968 124.25835488556667 161.54886159999933
-4.351979967898906 0.6735336567205119 124.51587128061655 161.61313249999967
-4.639114616570701 0.8114136226099928 124.44847064612603 161.6789472999999
-4.754824047109068 1.0213207741606145 124.0723075168922 161.744909
-5.6596633270077135 1.668337736122064 124.57935160624913 161.8103302999998
-6.1476095492375435 1.8920156561657844 124.99306779429271 161.87509020000016
-5.668601678517888 2.1038611984954887 123.68216882661658 161.94012119999934
-6.110334424555944 2.370218656568907 125.12046167546384 162.00424759999987
-5.851014400374446 2.5441960655766067 124.41118024239083 162.06914809999944
-5.851014400374446 2.5441960655766067 124.41118024239083 162.135585
-5.79359696691418 2.602921335845041 125.31607803450231 162.19988149999972
-5.063545301790803 2.52714104390746 124.99816776332737 162.26466329999948
-5.063545301790803 2.52714104390746 124.99816776332737 162.3285182999998
-5.096045649476245 2.3217247306844384 125.825222299859 162.3939792000001
-3.2665613575730603 2.04747951033307 124.93247920513699 162.45970969999962
-2.6682006605057182 1.8928382920691031 124.89764121188495 162.52516319999995
-2.449839394391219 1.78617188286682 125.31345251277187 162.59018379999998
-0.7252803543300814 1.11077627913943 125.1089946577707 162.6562127999996
-0.3357052995114742 0.9454642228930701 124.87214457368059 162.72176089999994
0.17715582372015604 0.8189913604615061 124.74111418019339 162.78727660000004
1.9797959754533423 0.14368472234719887 124.5490309865926 162.8536082999999
2.575615315674952 -0.14666565365424222 124.20625860473157 162.9179605999998
3.007688481467234 -0.2126974151752581 124.36578680743276 162.9831951999995
4.162726083000173 -0.812496422484827 124.00600943410008 163.04937109999992
4.566928004472722 -1.0265339541735354 123.67877286230178 163.1145846999998
4.75716168214533 -1.1747588810645877 123.87702921234833 163.17945599999985
5.514763771971836 -1.694907541148603 124.22302790696517 163.2459533000001
5.854127325876632 -1.6392267979045547 123.38780621782546 163.3101471
5.6932236828699985 -1.8027509806965925 123.9361849662518 163.37423769999987
6.124692760583322 -2.1007551750667153 123.30831682671663 163.43913199999952
6.291706143879935 -2.153385898915348 122.68158756656229 163.5040313999998
6.208149061298769 -2.1555738868326864 123.06455338835426 163.57014249999975
5.921442697693237 -2.292200164476089 123.85056036967792 163.63440019999962
5.910701508551185 -2.1973225434221995 122.95091735204178 163.69955109999955
5.41179170477502 -2.3068907906267495 123.82231467078888 163.7644467
5.340003262659096 -2.1892665546542314 122.7208482133848 163.83066820000022
3.477055614202307 -2.0498262999795642 123.31705213162522 163.89464940000016
3.0057452511431606 -1.89418479869819 123.6057589223359 163.95956209999986
2.5508393987531264 -1.8113143348990017 124.03075724241984 164.02514579999934
0.8502124864648053 -1.3993467435891773 123.67264515949049 164.08962859999974
0.25775850250255417 -1.2251442601771638 123.97901497155465 164.15394599999945
-0.22782577846447793 -1.0541859593601843 124.15464606777766 164.21864779999942
-1.7466832495222349 -0.4184592862979124 124.20589016473322 164.28392389999954
-2.223955616746636 -0.31449197146326213 124.37336784870979 164.3501108999999
-2.4839709349529002 -0.1609824828568579 124.18512255055673 164.41404409999996
-4.2943412104284775 0.5034758453204926 125.09832409183403 164.48024199999963
-4.5583537572308686 0.6611798281893383 124.85794285923524 164.54460199999994
-4.639114616570701 0.8114136226099928 124.44847064612603 164.6092182000002
-5.375473537951287 1.4351111843590494 124.41727011865757 164.67379249999976
-5.776832948853951 1.6412473891407535 125.00594324959238 164.73904099999982
-5.458999442901977 1.8685242582277577 123.62110018563433 164.80494869999984
-5.788777407020852 2.051910290590481 124.41854075116393 164.86901959999977
-6.387248356877549 2.411669955853195 125.71755951822736 164.9332915999994
-6.121813654019618 2.397992745586786 124.88387307336447 164.99878369999988
-6.314136851278043 2.48724045906018 125.44354601096889 165.06354079999983
-6.002387275276085 2.5998274827488657 125.44328613783406 165.1284429999996
-5.503923302953332 2.5849919554563896 125.38087624679831 165.19211639999958
-5.12659596585172 2.546325930696977 125.34301339275517 165.25740150000001
-3.501626495617707 2.223106542580861 124.30511271350346 165.32237609999993
-3.51872502711835 2.1472363583122682 125.47854426194785 165.3871349000001
-3.3074333345529467 1.954098618016122 125.55312251004192 165.45163649999995
-0.7349324913377018 1.2711605684816758 124.13417396055756 165.5165692999999
-0.22684957306375964 1.5092076737209241 124.4499597772919 165.58190269999977
0.336597593386621 0.9461477076832931 123.9848626106698 165.6472659000001
1.671174672123449 0.39750546196168635 123.7153678101663 165.71226169999954
1.8499423806453876 0.21499106813059798 124.34862918902091 165.7776334
2.2729686812402363 -0.16882444115482487 124.61051334774395 165.84210350000012
3.8247028076758625 -0.6270797854637711 124.1993340961672 165.90752429999975
4.111226146039876 -1.0072593537906789 123.9704686938774 165.97223200000008
4.515455938055538 -0.9462355820931312 124.16027108143027 166.03673459999936
5.039597787355035 -0.9965952763180996 123.37405948286703 166.10264439999992
5.679365137006343 -1.6015266366240826 123.21528768496579 166.16613469999993
5.623552177938009 -1.7962378568922026 123.88209305300654 166.2317721999998
5.69708609319769 -1.782530674993259 123.84419641898081 166.29708010000013
6.084881726117004 -2.1367516621567546 122.98492185184404 166.36197899999934
5.923331222538721 -2.2677961560853896 123.70116622638946 166.42839319999985
6.120111994108669 -2.1780426312963552 122.85754969988797 166.4931329000001
6.2039255020468715 -2.2128754076761927 122.53497434245445 166.5587276999995
5.831293948146005 -2.29721672036038 123.01407920518903 166.6233943999996
5.351519723709025 -2.2905853211441936 123.82106027701415 166.68949299999986
3.9945863932316144 -2.1550509507909688 123.51924205490172 166.75427229999968
3.567706496859735 -2.0089975807312443 123.58313933771198 166.81863539999995
3.333004982150044 -1.9410174510550502 123.11105942784707 166.88390399999935
1.301749433330393 -1.5601823660397236 124.06706647458898 166.94948719999957
0.8271002590606784 -1.4380396627240937 124.14966295769491 167.01673969999956
0.5589556802850453 -1.2217550530789416 123.87047228280473 167.08054540000012
-0.15888849937145721 -1.1391616456207696 124.37003749642624 167.14555889999974
-1.8042654859243328 -0.4795769821458118 124.87034937087073 167.2112019999995
-2.3069574422880734 -0.42234269794761126 124.85618767426881 167.2752120999994
-2.6006788415550517 -0.3264724428434034 124.45718188045849 167.3410060999995
-3.8446604129937256 0.4527871283307943 124.24352547337755 167.40575099999933
-4.484255212892172 0.6400787344131511 124.96936915024618 167.47070230000008
-4.612003227144491 0.6843772014825336 124.51401356424394 167.53527609999946
-5.500778769257643 1.4355583976931978 124.42040051627923 167.60084219999953
-5.741876467911361 1.54117729222205 124.81075101218539 167.66575180000018
-5.864671775842574 1.7316979378063038 124.62834415431499 167.73004669999955
-6.337930034688888 2.122500522253426 125.3422116158038 167.79597999999987
-6.364437999983522 2.427212902908027 125.58953231341982 167.86202539999977
-5.923857032932261 2.419278494864993 124.68634564591335 167.92653379999956
-5.2213019426569645 2.6803359426996107 125.18864376218467 167.99170289999984
-5.065749769097756 2.6989635691737743 124.81942857833538 168.0563401999998
-4.9736326680802065 2.417697487982222 125.40783333011777 168.12132310000015
-4.667254646536755 2.3919924670923782 125.54392767411763 168.18537749999996
-3.935506481780074 2.088413861580072 125.51739451356968 168.2519784999995
-3.3335767684250897 2.1417802622364426 124.71613616751438 168.3171115999994
-3.2736729532788544 2.00043719518823 125.60906045796396 168.3825380999997
-0.7966336753858911 1.4617528057302378 124.42806326204663 168.44757669999944
0.06964947434205015 0.922284626319393 124.29343278666576 168.5139462999996
0.3201016675653179 0.7203073204803673 125.07552943901231 168.57743909999954
1.1763444577757056 0.372107284396237 124.73018447860258 168.64213669999936
1.5800380152066822 0.03042114674316798 125.11817473264944 168.7073233000001
2.5944151599431677 -0.04390682618438213 123.78272535137086 168.77205839999988
3.69839127743149 -0.4303333850366098 123.9758190383474 168.8382400999999
4.006567527367984 -1.0113047985274999 124.06234667164833 168.90297949999967
4.772286823935268 -1.3049484205494601 123.98523263625732 168.96854910000002
4.936685457938346 -1.4660343778819294 123.82453784761104 169.03232200000002
5.621201206917853 -1.5156912070815598 124.11080534250095 169.0968154000002
5.7497070450286145 -1.7584598842016574 123.65579110793041 169.16257159999986
6.317405176992956 -1.9232342078052076 122.71877378349954 169.22739139999976
6.317405176992956 -1.9232342078052076 122.71877378349954 169.29284759999973
6.2286255796101955 -2.0696406754946217 123.01501887866807 169.35810559999936
5.9908073766594185 -2.2934987564621876 123.90265812947987 169.4237745999999
5.9912155564275125 -2.254427118334906 123.68215433839681 169.48908739999933
5.788165246597046 -2.3069896035809636 123.80215299686867 169.5558145999994
4.851148402293859 -2.166703097598848 123.84028882228823 169.6205562999994
4.443065483326755 -2.264981837522376 123.9940036598091 169.68576799999937
4.091804831589307 -2.0662826964046053 123.53078651448226 169.7515185000002
2.4256611496169143 -1.8110697201746415 124.03568950834563 169.8177722999999
1.3271659705785979 -1.5082128203225436 124.23446958423608 169.88303540000015
0.8824057277984991 -1.4397746747190214 124.09588231330208 169.94830579999962
-0.4385603540930916 -0.9769619776159706 123.95487788718899 170.01461299999937
-1.0061894982820192 -0.8259125306793405 124.57792284342112 170.07946939999965
-0.7050134182159695 -0.6543552214451784 122.80634759442793 170.1459832999999
-1.3743070827003976 -0.48686152951639894 123.97491537620478 170.21218580000004
-3.672177291270451 0.24846371660027022 124.42805734035088 170.27664689999983
-3.8120201530125826 0.4713229096145158 124.15097286493032 170.3423226999994
-4.663127535973217 0.9386485219035043 124.37570366241985 170.40749849999975
-5.091562608796771 1.0182941272362174 124.95001164229438 170.47347959999934
-5.21578307848074 1.1904869903771966 124.31543770233284 170.53964050000013
-5.5963229539034955 1.2797341441807395 124.92786827626693 170.6038134999999
-6.02161700360773 2.1019535413520822 124.71844285867569 170.66817119999996
-6.126118297669763 2.2734663219548477 124.89706856348712 170.73347439999998
-6.126118297669763 2.2734663219548477 124.89706856348712 170.79870289999963
-6.14853983543739 2.5598106846348037 125.22936178129179 170.86355639999965
-6.219827857119654 2.6134850865034194 125.42260638628188 170.92834330000005
-5.3504342603787975 2.6205026041971373 125.02237677121558 170.9929820999996
-4.4206195649733715 2.472522675954264 124.63186101836303 171.05799560000014
-4.4206195649733715 2.472522675954264 124.63186101836303 171.12394769999992
-4.180244371744259 2.2988896246968595 125.10590911347045 171.1893653999996
-2.68545881803238 1.84327454278081 125.23926340542288 171.25513789999968
-2.386688825923258 1.807975235973311 125.12883862378915 171.3194537999998
-2.069507346166965 1.3810039799036833 125.48514686716553 171.38452119999965
0.34599752961329244 0.9187372595063531 123.34374652334566 171.44938339999953
0.3750527918882014 0.7940587041446142 124.8987273006784 171.51399279999987
1.04795637929481 0.34002752660739616 124.40631522207185 171.5786791999999
2.6457796084886667 -0.05096007089457011 123.8966702810386 171.64395869999953
2.84071737432739 -0.15835174358997228 124.45242081556742 171.70821149999938
3.1933121868943175 -0.5317699699233491 123.88051199588982 171.77271969999947
3.557280097924796 -0.5534526567101627 123.96884916285363 171.83821809999972
4.78538747793035 -1.1019038815850162 124.45907790667783 171.9029542999997
5.119799735931565 -1.3915442120377524 124.13007035365892 171.9672811999999
5.7601735510569725 -1.7746705205689022 123.75665484247713 172.03398969999944
5.874533962520253 -1.7962542635177794 123.86866881060766 172.0975260999994
5.969407678754521 -1.9362053867422468 123.4226377579751 172.1633455000001
5.991229351985041 -1.9976196990324468 123.42474528039882 172.22796370000015
6.218719420715431 -2.1897343322725247 122.86132477359548 172.29404539999996
5.921442697693237 -2.292200164476089 123.85056036967792 172.35900439999932
5.964720196971726 -2.3275153814206115 123.524926590568 172.42400409999937
5.239870920378905 -2.2991594280187337 123.93630503808753 172.48945899999944
5.064903975938577 -2.252043170744722 123.22231276506143 172.5554188999995
4.539527085117172 -2.2067101588468057 124.23159496501711 172.61953319999975
3.068208660114088 -1.8779103752801212 123.60306728758492 172.6843170000002
2.7832191039397216 -1.8072358252481542 123.92899666361346 172.74864999999954
2.2644437743311414 -1.6195795515509053 123.70592793112924 172.81438660000003
0.06712419414383675 -1.2400149610712035 123.99522054889786 172.87920609999946
-0.1308994611325005 -1.0093144703707444 123.72652197763144 172.9437852000001
-0.7834388310295353 -0.8211278881618493 124.40869886934851 173.01013650000004
-2.394578625473656 -0.3126271907281475 124.39782341844949 173.07640850000007
-2.6418638784821553 -0.10021896593998236 124.0229153882384 173.1415348999999
-3.126345043197709 0.015735282504134807 124.90564218945015 173.20650289999958
-4.6331218200404365 0.6373551686400628 125.06610175211952 173.27202289999968
-4.7288063411478305 0.7998706968789584 124.70717619823984 173.33788089999962
-4.886642561435806 0.9365120234027328 124.44486533050328 173.40175779999936
-5.352157414215178 1.1356987559695557 125.11519178535524 173.4661959999994
-5.494235732513175 1.8522126481604848 123.78416038388451 173.53172379999978
-6.053260990396609 2.0179821445845967 124.97180965765472 173.59699369999998
-6.096043394900747 2.1473932325533247 124.91876106982066 173.66310410000006
-5.836276190647645 2.5696494181920913 124.13528193184796 173.72758929999964
-6.10477199681857 2.53003904247261 124.8371285213355 173.7928420999997
-6.266412285707339 2.618353075230428 125.38080013376022 173.85886709999977
-5.366049637854736 2.597672329688903 125.41494005702778 173.92430559999957
-4.861763307633467 2.4709495269187354 125.40616838116159 173.98971429999983
-4.169414232560449 2.515001113675967 124.55123172523378 174.05478499999936
-3.381697392645954 2.112298456532605 125.22379628426003 174.11920269999973
-2.722907955482448 1.9147819301160465 124.90143814681994 174.18572929999937
-2.381945458688236 1.9323362570152294 124.96933442562192 174.25024399999984
-0.6116247030897313 1.038976436754325 124.51162732378104 174.31584349999957
0.20857445163545663 0.7762831136681413 123.65047854056664 174.38104119999934
0.37070545728040116 0.9637412836048892 124.3993069958688 174.4462837000001
0.8628100292806309 0.40206260053044196 125.01042258215766 174.5104513999995
2.8093205577221525 0.13445433470222612 123.83402667664649 174.57737670000006
2.918157672661792 -0.3362961811106424 123.62126533481027 174.64243129999977
4.557447770381003 -0.9556125984721449 123.1259266138695 174.70783930000016
4.554416928983123 -0.8513484233127249 123.62073871172161 174.77344979999998
4.961434956812745 -1.2352318109530664 123.30215785115176 174.83824539999932
4.90316714357688 -1.2871874620132844 123.88032588564283 174.90268829999968
5.883920092868216 -1.7299683382758966 123.28356399928946 174.96889699999974
5.8688671703744575 -1.87381944048545 123.42012719682417 175.0357094000001
5.91920954734384 -1.9598399951378074 123.60246843490694 175.1009807999999
6.115647312748315 -2.2254721945627405 123.28536331489609 175.16665459999967
6.166659122123065 -2.2195466999188596 123.24048982686827 175.2326783999997
6.169132281870553 -2.200241990550001 123.15107009954862 175.29781569999977
5.723699755782832 -2.2641352366786105 123.42395676611076 175.36313410000002
5.397167245030417 -2.3271642370186756 123.49040964764865 175.42857109999932
5.167724736064159 -2.236614658608354 123.21379737399126 175.49258479999935
3.278721494589327 -2.083133232397667 124.29847501923038 175.55820779999976
3.041106103373103 -1.959013117979791 123.53748798604866 175.62334889999966
2.5421442101160707 -1.79423210432254 123.98482391764847 175.68919219999952
0.8579337561857869 -1.3103527840454854 123.45255381478015 175.75351109999974
0.275425111269044 -1.2131033256110344 123.73207661909129 175.8189500999997
-0.4356122050403073 -1.1063279263956243 124.61746107725226 175.88310289999936
-0.6651882670434404 -0.8432585638497965 123.96465441151749 175.94908729999952
-2.278668013838768 -0.32007232218280746 124.42341792671579 176.01597069999934
-2.6446637495143364 -0.19995083037119232 124.47300670573017 176.08082839999952
-4.071479764677875 0.5669822998427831 124.61070611351315 176.14570809999987
-4.368447757140018 0.6652884338734344 124.59511743753302 176.21141959999932
-4.724661648974312 0.7104234255663854 124.79112865863783 176.2759817999995
-4.886642561435806 0.9365120234027328 124.44486533050328 176.34172359999957
-5.903093224170632 1.641675764077319 125.00997166213976 176.40684429999965
-6.025352227289254 1.766851921131337 125.00151711265798 176.4738255000002
-5.982885534518694 1.9807837327939624 124.60852277837823 176.53915460000007
-6.309551231459004 2.2988705060528267 125.3225487635245 176.6043407999996
-6.120417067186523 2.5358379481597995 124.98939074809547 176.66882819999955
-6.105303580486186 2.512763033259128 125.0070485949251 176.73547390000022
-5.649385593442709 2.634395777172884 124.74604122347188 176.79996579999988
-5.464732746388606 2.6604110504170677 125.49222090064846 176.86612419999983
-3.920731630501031 2.5658286461075526 124.60987713579134 176.9309121999995
-3.8831839410342823 2.2490787150202562 125.00299872085824 176.99629399999958
-3.354119233420093 2.0841662940204078 125.43295787263406 177.0612771999995
-2.9209348645117856 1.979226516008532 125.26752171764902 177.12541319999946
-1.2544727838462109 1.3409063883780452 125.19368243738438 177.1908800000001
-0.8000173689724832 1.1737806091668987 125.02233959479672 177.25638199999958
0.9004769822345509 0.7002297905823895 123.66361117667313 177.32157319999988
0.920990167085705 0.5905583282776582 124.50115025755052 177.38718340000014
2.007909888591904 0.17125495560698378 124.10188991843722 177.45132079999985
2.2751469212598323 0.007734140329900718 124.5120065365739 177.51689139999962
3.77942046370093 -0.8068924393161399 123.99073591005664 177.59764540000015
4.084314954139067 -0.7716800702571902 124.29913393928982 177.66310599999997
4.9993041198542585 -1.251833683688458 123.95291130328279 177.7275340999995
5.308361970887503 -1.3837701171396035 124.0383409145533 177.79276589999972
5.50279547711645 -1.547696034925914 123.86822452974467 177.8591219
5.90958223208203 -1.7187629382652814 123.11177631826864 177.9241135000002
5.966988570258195 -2.0600387933840922 123.43313563295567 177.9886980000001
5.988648272514212 -2.121418404349223 123.43594241103956 178.05454009999994
5.988648272514212 -2.121418404349223 123.43594241103956 178.12048069999946
6.239504787723618 -2.1988327650077673 122.32451085829153 178.1865369999996
6.0108394185429646 -2.2955555169172768 123.1963193256387 178.2518470999994
5.611013782386017 -2.3125757325492575 123.8521645064569 178.31681919999937
5.457189305852459 -2.2119661476654073 123.1205775193488 178.3826111999997
4.239222427021758 -2.1745453800884906 123.9738407296149 178.44712889999937
3.840437266688781 -2.1106476525431876 123.75476582447367 178.51286100000016
2.1398444005919544 -1.6803540261135095 124.10961292468872 178.57854749999933
1.7028768963612748 -1.639036698489459 124.22439000365449 178.6425922999997
0.7909662742248926 -1.361673076419661 123.9029715046974 178.70801399999982
-0.5069034778276986 -0.9852032847593142 123.97392041308663 178.77293519999967
-0.9526441936017065 -0.7876111826317036 124.16928981253778 178.83804509999936
-1.0962648636669456 -0.6269030722098907 123.73176202788854 178.9021842000002
-2.9431490517568264 0.056412707833377485 124.43674674416506 178.96871099999953
-4.050866181231449 0.32180124420259837 125.11926042976576 179.03254779999952
-4.023090895048831 0.45922965242192926 124.22314111461968 179.09833309999976
-4.023777747998082 0.613190153834033 123.79522451833391 179.16272879999997
-5.2252431773974735 1.0289488852063864 124.93896555342397 179.22837979999986
-5.0101864017266 1.3037749061405495 123.89740655550729 179.29269759999988
-5.593233915275114 1.4044306421139072 124.91783789192199 179.35846669999955
-5.723361493087822 1.5489150052274205 124.51562834655628 179.42298969999956
-5.985056224974777 2.2965263595448357 124.44090671027537 179.48922380000022
-5.609554460941062 2.4789542693399387 123.5867447880807 179.5531148
-6.183824773574834 2.579305567627942 125.12455423084462 179.61789229999977
-6.018136487821245 2.6761413893325887 124.53402421645418 179.6820958999997
-6.25688188686253 2.6007085942071164 125.45410142753349 179.74776209999982
-5.884060393091474 2.6025508999122904 125.32655894226875 179.81170849999944
-4.340028303570001 2.1868768513973116 125.86187331083667 179.8771440999999
-4.340028303570001 2.1868768513973116 125.86187331083667 179.94199239999944
-2.62804875390556 1.8233411638741828 125.42383682995134 180.0072613000002
-1.87801220349413 1.8064873782904856 124.95458170390057 180.07211000000007
-1.9185389360056746 1.6707389780718023 125.14849578313161 180.13778269999966
0.6192051144669009 0.6887930236079508 124.06776818767666 180.2022096999999
0.5422176949460535 0.8864340484168873 124.56294698062388 180.2676738
1.0275402211838696 0.4013429905953855 124.48826443918813 180.33311259999937
1.6254479752506725 0.27315583457513976 123.65075534598328 180.39860820000013
2.9932427132964747 -0.16604664659611768 124.6513046839658 180.4636233000001
3.3010448573126325 -0.6663922495850725 123.76099701853931 180.52775199999996
4.609032813165584 -1.0621095178185673 124.03891885468171 180.59202249999998
5.062558198704629 -1.1583050838365907 123.83812408477786 180.65748749999966
5.425384701719359 -1.2887556536356408 123.62167580381539 180.72282110000015
5.5818797287135595 -1.3431802272649027 123.20244473859985 180.7881837999994
6.033554858225834 -1.861664092025805 123.19010301033191 180.85276780000004
5.969747148460712 -1.9559164122790853 123.50145914933199 180.91754690000016
6.116191991134777 -1.9976331363561033 123.41810857327387 180.9838533000002
5.9979115800023095 -2.273456670004074 123.73581878783165 181.04966269999932
5.9912155564275125 -2.254427118334906 123.68215433839681 181.11410969999997
6.048318104843247 -2.267877265209734 123.69565802042058 181.1792016999998
5.2920356787643 -2.236785724353188 123.20886550362192 181.24297959999967
4.718478903759241 -2.129439427086764 124.08742023157153 181.30805359999977
4.295446995819482 -2.2309490750673744 124.28913525385654 181.37411059999977
4.156351464785558 -2.1303155463167114 123.25358146205164 181.43905529999938
2.4621782486615373 -1.7412383394849398 123.36680659931383 181.5032360999994
1.7647932583261152 -1.6520569398284306 124.22068032939706 181.56913170000007
-0.06554907532950693 -1.1017280297723009 123.94912454302057 181.6332655999995
-0.34477627452854165 -0.963896676015318 123.74034158695243 181.69746579999992
-0.9005964950562557 -0.813675181791774 124.38600970092243 181.76364079999985
-1.147903245604276 -0.6774753437591812 124.19721756221873 181.8276780999995
-2.8467859782058937 -0.07692304799150385 124.44803996308468 181.8931778999995
-3.271021679178169 0.11934561474176997 124.29857120947027 181.9572924999993
-3.8131446612909627 0.2847834609250097 124.8684255299293 182.02273090000017
-4.982473773205307 0.84571030991048 124.77936509527227 182.0879917000002
-4.9932592365491075 1.0102591771945475 124.21603864545777 182.15320689999953
-5.035155554377312 1.2455785626650648 123.72031274988771 182.21814929999982
-5.9462491303719744 1.9137162675457746 124.7865723981529 182.2838657000002
-6.211821760767748 2.06498285869322 125.2395628139156 182.34800469999936
-5.989236419246666 2.1724252847490266 124.45375403936549 182.41282739999951
-5.86636537679955 2.305687626881361 124.28717877702502 182.4779540999998
-6.002387275276085 2.5998274827488657 125.44328613783406 182.5427749999999
-5.334932385063631 2.720517384276204 124.39326706254093 182.60783919999994
-4.40366940075387 2.676668055892182 124.21688423769986 182.6726033999994
-4.676594837491763 2.4888203792905936 125.05608176659774 182.7365423000001
-4.7070464721636185 2.357914040607792 125.3956038825787 182.8007458000002
-4.198641501724339 2.2878191974580657 125.0889367304423 182.86703239999952
-2.4065388151124623 2.0183525520907013 124.34634309791235 182.93135249999978
-2.260291819876052 1.8076136175003263 125.12394812045952 182.9952863999997
-1.8507079916472051 1.3561007170793067 125.1762651166606 183.0602927
-0.09507810564169006 0.9540151840240294 124.84943655076974 183.12556510000013
0.2251183445339322 0.5543031768330661 124.93161004424137 183.19164769999952
0.8215445788433797 0.6047750791226878 124.34891849703509 183.25656419999996
2.6196987547583035 -0.17284272173029602 124.4713643499041 183.3214780999997
2.8824640893530145 -0.34576100503341034 124.52293985194511 183.3869966000002
3.1818277967507953 -0.5026483267801194 124.69220151679409 183.45248439999978
4.623321688723493 -1.018284775813775 124.12861852467773 183.51797910000005
4.874169982691498 -1.24410440341356 123.98167136227451 183.58314639999935
5.131151595251644 -1.2991348883300975 123.86757399345912 183.6475320999998
5.862915836501301 -1.819666874404568 123.52391034919762 183.7123461000001
5.929921190048788 -1.7949588393541753 123.81315058317543 183.77696789999936
5.991229351985041 -1.9976196990324468 123.42474528039882 183.8419726000002
6.257857368538545 -2.187187543721846 122.34138497467791 183.90782499999932
6.255051543463615 -2.2242404117746495 122.56884940995069 183.97279780000008
6.039461008850992 -2.2445677188230286 123.39674183465009 184.03776459999972
5.921615781510141 -2.391865152651703 123.70915677056966 184.1032725999994
5.317367502357065 -2.272444792417087 123.0164766951102 184.17034969999986
4.93058788236128 -2.2847068367328616 123.63701958545356 184.23522729999968
4.474592092563526 -2.166935255868095 123.86010456452637 184.30067939999935
2.7676770503751413 -1.8553389707113874 123.75470631678711 184.36578849999933
2.4215538098316216 -1.6931527991813318 123.6246776957038 184.43083620000016
2.087185512435589 -1.6600821688260656 123.58417280423039 184.49659220000012
0.04144240758672879 -1.229532781434117 124.53607345034396 184.56200910000007
-0.27227385863974973 -0.9620603440340205 123.7806146598135 184.62726629999997
-0.8783442693736419 -0.8246748259835879 124.36289854070749 184.69350010000016
-2.324366343712903 -0.31839149188920257 124.44577225764259 184.75941239999975
-2.519785955962085 -0.1453961578607038 123.81294941942225 184.82300510000005
-3.250118604732677 0.1241075903966774 125.08150324205502 184.88904339999954
-4.476196942246929 0.6845477011188461 124.44653980511636 184.9542978999998
-4.68117479126208 0.8358518542712564 124.22181016103372 185.0203732
-5.165483661132825 1.0152041256763733 125.04816486549319 185.08613429999969
-5.3596525644194415 1.1575498984189077 124.89744304917608 185.15078509999967
-5.8946785360370555 1.7907686769485116 124.60727942414613 185.21662169999945
-6.100266622485485 2.0227940909579516 124.93175178677328 185.2827367
-6.223822929624724 2.48837362439176 125.435011160597 185.3475225000002
-6.223822929624724 2.48837362439176 125.435011160597 185.41302300000007
-5.805048430087631 2.5494629957158956 124.35576130263348 185.47937249999995
-6.139657205541141 2.617902649474945 125.3765562199761 185.54425720000017
-5.407910994870797 2.6628341408233904 125.53881468562648 185.60945300000003
-4.873292383866222 2.5208009470084534 124.73645160040586 185.6754917999997
-3.9446896955411646 2.263121469047274 125.43867771222827 185.73970569999983
-3.419790837957727 2.200209039190359 124.90327713841587 185.80394869999964
-2.810481197846414 1.8319517406462906 125.42480812540354 185.87017729999934
-2.674618218174224 1.8271125729904987 125.53472062130744 185.93478719999985
-0.8212899502291435 0.9319342246148361 124.96016730140703 186.00022799999988
-0.05559446932439016 0.9850264244978039 124.2281129615108 186.06432049999967
1.104120230038184 0.4142915003345822 124.88889951075019 186.1301308000002
1.596821958681538 0.25548476626969063 124.56427748948056 186.1956922999998
2.337351012268577 -0.10975337317040657 124.52645726536933 186.2610684000001
2.802658935023608 -0.28286533827117166 124.19930430503886 186.3268306
4.2491819076785475 -0.8208559391133501 124.08393193314066 186.39202810000006
4.577666566516179 -1.056698456546698 123.93528211825118 186.45744670000022
4.6018509237741725 -1.0940906647431996 124.36750960668745 186.5229989999998
6.004118972857789 -1.3347679210744596 122.90269399378172 186.58796579999944
5.743911190965342 -1.8737918057454825 123.42671351619707 186.65225639999971
5.92617490343774 -1.7252283917505138 123.21365060212725 186.71751979999954
5.8621358690362655 -1.8240664672016527 123.6943111328856 186.78358659999958
5.861799968692793 -2.240835225131504 123.47885731226233 186.8472353999996
5.861799968692793 -2.240835225131504 123.47885731226233 186.91163349999988
6.093597385706474 -2.165121106053274 122.73170289196673 186.97668109999995
5.798349408492918 -2.2677087903518527 123.70663511790461 187.04263309999988
5.22955493991892 -2.2668973651445077 123.6745812282035 187.10783759999958
5.043416110287154 -2.236438501123401 123.21870221243661 187.17364159999943
3.9085547612267533 -2.051230648621241 123.2347473095647 187.2378405999998
3.254290658954723 -1.941840807845209 124.03123727655726 187.30415429999994
1.4775238905973893 -1.58726434539116 124.29682802843568 187.3691202
0.5486616353431018 -1.3192519096958528 124.29096014766672 187.43386980000014
0.19334291575727747 -1.1740879789251755 124.12001794719257 187.49966289999975
-0.8390536468887788 -0.7311010606759298 123.5154230282797 187.5647644999999
-1.374018277157127 -0.5436155384879231 124.20356951207297 187.63054909999937
-1.769033732416446 -0.42734500877551707 124.20051986898021 187.69640459999937
-3.4455037892498552 0.21136932172444678 124.23830268709507 187.76226309999947
-4.177172503198037 0.5916351657955117 124.83697716790005 187.8276240999994
-4.391578235976006 0.6863160513053056 124.45198822929645 187.8931752999997
-4.464695814401516 0.846529953376458 123.95592713468498 187.95814719999998
-5.500836785147733 1.3500525697144188 124.87101860249753 188.02383929999996
-5.678050239345104 1.536442899836494 124.87617730568569 188.08872559999963
-5.5747585501436845 1.7092237262280328 124.18060462710626 188.1539434999995
-5.9462491303719744 1.9137162675457746 124.7865723981529 188.21908219999932
-6.150600596324779 2.5025467111488293 125.2373307318068 188.2834146999994
-6.150600596324779 2.5025467111488293 125.2373307318068 188.35033269999985
-5.812423049910969 2.669906694777503 124.58199348767455 188.4143484999995
-5.834309988486083 2.6617552950399794 124.70932964938098 188.47985189999963
-6.002387275276085 2.5998274827488657 125.44328613783406 188.54465079999954
-4.0842999288062884 2.551749862855841 125.15357572587895 188.6104878999995
-4.2502178786016245 2.2364264535598517 125.34506352076293 188.6752588999998
-4.020371789285065 2.1245730600330655 125.08520811821283 188.74007859999983
-1.8780725538858078 1.6787309487194935 125.01842323600859 188.80621489999976
-1.5452486107084482 1.4439674730947876 125.56511769032713 188.8714844999995
-0.9565778493736872 1.3618858586319305 125.04864352565222 188.9366355000002
0.9635795341038929 0.6606007521830246 124.07648703441326 189.0021396000002
1.3408921526495305 0.5132283104013737 124.52633568864123 189.06802629999947
1.715965453825227 0.2525116159375668 124.6718571703239 189.13391950000005
2.4184245025856583 0.1495603710561535 123.69496410464751 189.1986662999998
3.4148975291092825 -0.5418210249382698 123.88825797839502 189.26375240000016
3.7603552255988575 -0.749441882291265 124.0383831708726 189.32980439999938
5.045338889744258 -1.2678598282751454 123.73676257097578 189.39539090000017
5.379704237630648 -1.4234328579836806 123.86458124145243 189.46042699999998
5.7273665567783425 -1.3970523520679183 122.93669977931658 189.52475679999952
5.54901391647919 -1.7351698183554696 123.92639211260695 189.5904504
5.991229351985041 -1.9976196990324468 123.42474528039882 189.65598989999944
6.165001596381096 -1.9507198315195287 122.91463359986741 189.72024090000014
5.988648272514212 -2.121418404349223 123.43594241103956 189.7859153999998
6.295734970027453 -2.2105406788334663 122.34160208705039 189.8507982000001
6.039461008850992 -2.2445677188230286 123.39674183465009 189.91599169999972
5.96876883056742 -2.2584390226701796 123.427593770309 189.98157939999965
4.726377112361433 -2.2205697765593806 123.46250495956016 190.04633039999953
4.182909156970169 -2.247320058870721 124.16985420187093 190.11027259999992
3.8421279405688225 -2.0661800712848564 123.54183656015897 190.17531689999942
2.383934001348642 -1.677491495798873 123.20343051359349 190.2415990999998
1.6727804106145143 -1.5508570690930017 123.99402437635773 190.3046678999999
1.1887638742809088 -1.5488564961347073 124.10735078567112 190.37084109999978
-0.7050751016272088 -0.912385117244825 124.17074200845468 190.43505019999975
-0.9974912992543779 -0.7857549274065114 124.18948208726857 190.50002320000021
-1.35087830300548 -0.5651831955745512 124.36121144989137 190.56463339999937
-1.6440625505290711 -0.4277082428048369 124.19702522328063 190.62915449999946
-3.440248780805767 0.17067790106027025 124.50765751831626 190.6949956999997
-3.847433450736631 0.35623961660316 124.5338674992538 190.75969629999963
-4.010304231686973 0.5715787808175247 124.3584745192903 190.82466149999982
-5.20966555399518 1.1542655225589944 124.86194052376246 190.88969910000014
-5.370658509087633 1.289436504022604 124.64251969653492 190.95505159999993
-5.471028075256491 1.4330423759181725 124.47658332912617 191.01957859999948
-5.791922683082262 2.118833070754481 124.25623015444326 191.08542979999947
-5.930913134604481 2.1861046471132224 124.36575280894039 191.1501800999995
-6.229984251990373 2.306210861419399 125.35330369938322 191.2162029000001
-6.334534745026929 2.597073977587523 125.56406775293897 191.28219269999954
-6.0792029092013635 2.645570298923876 124.86697097865235 191.34783869999956
-6.0521976196211185 2.6641486495398308 124.90337297719938 191.4131086999996
-4.763553071238682 2.379744680374773 125.20547061893566 191.47866189999968
-4.527239293510576 2.406662141918743 125.34608101485203 191.54307960000006
-4.097126683194254 2.2481475431192015 125.01043613144058 191.6088878999999
-3.8070795371539177 2.18844214554221 125.19824050676829 191.67488739999953
-2.3124144236577777 1.6233484878622684 125.69924466074711 191.73983989999942
-1.7108329597120857 1.5381216336925598 125.20344467138413 191.80560609999975
0.0976103564625248 0.8437587814889332 125.12404985243344 191.87123809999957
0.6818202569332215 0.6441733937454819 124.59334959054316 191.93606790000013
1.1641205757995152 0.512180475535327 124.56547728435274 192.00056789999962
1.5305622357995148 0.3939704590212925 124.52137400631975 192.06597899999997
2.9682838524391855 -0.32702308638749256 124.28945959821453 192.13109019999956
3.314792867277248 -0.5648819876804965 124.09089101823642 192.1949469000001
3.66774335607937 -0.6760546953584081 124.5117006974961 192.26071890000003
4.956854795566308 -1.1979195141711623 124.04235959935875 192.3271439
5.158630695894274 -1.308905874365938 123.99193807218636 192.39339800000016
5.414965230450683 -1.4652174511853726 123.73782683408089 192.45738769999934
5.698376106520939 -1.9518747559021783 124.31723865119493 192.52300579999974
5.869878889752982 -2.0448438067612895 123.88913465513065 192.5884578999994
5.925616823564617 -2.0435461340639067 123.83208244277712 192.65412229999947
6.218719420715431 -2.1897343322725247 122.86132477359548 192.71866649999993
6.255051543463615 -2.2242404117746495 122.56884940995069 192.7844955999999
6.218719420715431 -2.1897343322725247 122.86132477359548 192.8495226999994
5.1363460086256225 -2.2895547892451344 123.64126148229586 192.91356319999977
4.732332122521903 -2.181997285628811 123.96007886545323 192.9791611999999
4.370802054095137 -2.2833784146198552 123.73287348569293 193.04403559999992
4.037419734180304 -2.084078011677529 123.50215199397988 193.11014389999946
2.1032072053216737 -1.7190019087653265 124.56213744993038 193.17504169999938
1.7882424713223912 -1.611586019964844 123.87629840315698 193.23894269999982
1.4047584896377288 -1.5094452175993203 123.67472284116775 193.3050029999995
-0.4692541676241646 -0.9635414440643724 123.74391690279238 193.37041769999996
-0.7424886208691603 -0.7402509632032215 123.6340775659655 193.43603669999993
-1.0902062822876388 -0.638621230878561 123.78660951873997 193.50220069999978
-2.7372521750832703 0.08087129973039198 124.20003010758003 193.56790199999978
-3.26858390855147 0.16801273881267265 124.47952464918866 193.6325538000001
-3.478918257915055 0.34822780576520407 123.9704119877703 193.69738589999997
-4.717774577735646 0.9623003954081784 124.21843608401511 193.76184620000004
-5.047731413085636 1.1215486829083954 124.47596481336993 193.82742549999966
-5.431077916021302 1.277003512604528 124.91989384606946 193.89315709999937
-6.079810630765422 1.943365334650219 125.14727154609625 193.9580477999998
-6.066773526024221 2.1662917301611966 124.84766183349194 194.02281549999952
-6.1712656476984264 2.26772959704419 124.9504223499016 194.08712419999938
-5.964376329600377 2.650767950583804 124.47744928774704 194.15264859999934
-5.964376329600377 2.650767950583804 124.47744928774704 194.21858249999968
-6.0859221547072195 2.662703240366306 124.7163946824947 194.28401699999995
-6.113226374724263 2.6469789571072653 124.85755095271092 194.34897499999988
-4.4822037790649105 2.5439581599776506 125.01115631532686 194.41507399999955
-4.226454543467291 2.5394974948216262 125.13174848196851 194.4799535000002
-3.522281997421608 2.1601155463907897 125.38508474666959 194.54522749999978
-3.2679698594887725 2.0213228754144863 125.479010387673 194.61199659999966
-2.449839394391219 1.78617188286682 125.31345251277187 194.67589599999974
-2.082842949804345 1.5441428872926 125.73228258266734 194.73953619999975
0.4006077480597625 0.9308632473174682 123.18286193143295 194.80393249999997
0.23455385934606454 0.8476748488898459 125.16641743679376 194.86933529999988
1.867384673609081 0.13774009986429736 124.661137335397 194.93425599999955
2.3895973424410997 -0.06075720574822152 123.99544864706668 194.9995772000002
2.912108357012272 -0.30893941639710465 123.99018888769707 195.06527329999972
3.129379241336892 -0.6383630152109825 124.14597775479993 195.13029430000006
4.653525231343444 -0.9772213092747961 123.97576825815848 195.19598679999945
4.9830402597630155 -1.1557788148443886 124.08960677886063 195.2616240999996
5.628286604872386 -1.5477170051300644 123.86149372565748 195.32670899999994
5.672571197657447 -1.7409541906462613 123.92952987479637 195.39293679999992
5.754979292328322 -1.8428626052422294 124.32957741823927 195.45668399999977
5.91920954734384 -1.9598399951378074 123.60246843490694 195.52081259999977
6.083828999492745 -2.155473132318168 123.07028343962122 195.58651559999998
6.233174044673461 -2.1974902065861937 122.97413172918982 195.65221070000007
6.233174044673461 -2.1974902065861937 122.97413172918982 195.71708529999978
5.801636953068012 -2.313140095120302 123.91517979103348 195.78211849999934
5.114571282794223 -2.299146425511626 123.94203273231166 195.8480144999994
4.850973002058183 -2.2085203398158697 123.5395270419732 195.9137939000002
3.748417317988867 -2.0342120997309596 123.74751414951612 195.97940039999958
3.279785452069653 -1.9533237613693895 123.56462860901206 196.04433710000012
2.7856988105757168 -1.8612204761864928 123.84786684694163 196.10916819999966
0.7476280875848289 -1.4415136782629268 124.71253255207986 196.17469579999943
0.45339211805085 -1.3128106261700943 124.15581606877163 196.23903979999977
-0.22029649216726455 -0.9642487502183057 123.73673629831009 196.30343589999939
-1.4040006701212704 -0.48279566087247194 124.02354295025496 196.36753979999958
-2.1324519130743766 -0.3551786131233028 124.84935452766246 196.43359819999932
-2.361106345227583 -0.3041130514914796 124.26220128123659 196.4984446999997
-3.8148654903946664 0.46074231283543254 124.22890527337883 196.5639798000002
-4.198950899817824 0.5564375815685122 124.50622598757775 196.6296414999997
-4.610962438787723 0.9565699987829406 124.2312515054613 196.6951952999998
-4.978895451624091 1.058524418360118 124.4938183529532 196.7595322999996
-5.585612709135972 1.56688837222914 124.38025301654625 196.82494029999998
-5.879383989083358 1.7255990869782438 124.81217622286731 196.89020399999936
-5.840122874209214 1.9397683873399894 124.32233576043555 196.95513159999973
-5.9017880533387554 2.158277366678065 124.48434740056469 197.01958289999948
-6.149763172698854 2.5776489497068553 125.1341789213856 197.08514849999938
-6.149763172698854 2.5776489497068553 125.1341789213856 197.15065869999944
-6.129637517922625 2.600266677129867 125.44873155918235 197.21670360000007
-5.6813546898716965 2.687393594247053 125.14852231677223 197.28085659999942
-5.2052334572614285 2.6594272850217244 124.69067812094487 197.34595099999933
-3.9229554749090383 2.2396613101110736 125.23096433734108 197.4118613999999
-3.645991138891496 2.1539457824636195 125.33160349372096 197.47747119999985
-3.1977353597880978 2.0646503185271277 125.05367648819104 197.54250629999933
-1.3687993356787018 1.1169226534886902 124.9595198475986 197.60852999999952
-0.45882549788847626 1.414759779539025 123.92537918244022 197.67377279999982
-0.3415725680058941 1.1871265683552836 124.61969769319452 197.73902069999986
1.131981774626155 0.1907302589472386 124.75064290009365 197.80418439999994
1.7282378921506094 0.21838802223598075 124.25841748505317 197.87018179999995
2.190891737884577 0.07929982611628517 124.52836966737135 197.93641919999936
3.351542996075416 -0.6054184034259451 124.54250935945589 198.00276249999933
4.029725913993552 -0.7434870731350522 123.955930867351 198.06866660000014
4.414949873166428 -0.81236963386489 123.98946796569057 198.1334649999999
5.504532342552082 -1.3787738386685389 123.3949342970243 198.19795879999947
5.50279547711645 -1.547696034925914 123.86822452974467 198.2630610999995
5.682299794482802 -1.647458638743621 123.67117865413088 198.3283504000001
6.046384059875649 -1.9723604015475025 123.22712665298796 198.40922349999983
5.874664462274197 -2.0668033468386926 124.01497424964761 198.4748012
6.162335136220477 -2.073992218419537 122.92609172736782 198.54045069999938
6.083828999492745 -2.155473132318168 123.07028343962122 198.60578420000002
6.0412934881994715 -2.264394098680526 123.47069698098986 198.6708792999998
5.916164782959996 -2.28153193803129 123.64559556639479 198.73658029999933
4.568691292592 -2.111176614906253 123.9032337052947 198.80178799999976
4.113958828728542 -2.174474544301354 123.97928527472492 198.8660801999995
3.9865835370128906 -1.924013707261766 122.82079897533106 198.93204659999992
3.2820922913625665 -2.0008749671832593 123.9915556733851 198.99761549999948
1.5161801819977825 -1.5549272419689029 124.12431596983626 199.06148979999944
1.1979415825260986 -1.4748719478858354 123.59088957848068 199.12702959999933
0.63289390599585 -1.2258747039410514 123.96486119519382 199.19236289999935
-0.8760527179674966 -0.6829716928071596 123.54087653151971 199.2580250000001
-1.6323806675085635 -0.5419163516876746 124.71581378615808 199.32441579999977
-1.7473455820506345 -0.3618409613048468 123.98016819875983 199.38868060000004
-3.627338855387073 0.14214333111970634 124.91177066929913 199.4543064999998
-3.68550687502605 0.4706457429087538 123.95951351059146 199.51839849999942
-4.144032971622728 0.5612192360467219 124.45542247214496 199.58389679999982
-5.27445814883567 1.235387704679893 124.58388458978622 199.6481936
-5.378344767619495 1.3198529004476924 124.39376166002418 199.71459270000014
-5.780832278988825 1.516487045784619 125.0184320700723 199.7805355999999
-6.325781806383702 2.111686939287426 125.47978852121899 199.84617009999965
-6.11279003580961 2.263381326396736 125.03041894720384 199.9111230999997
-6.1912612888401455 2.3616272467644617 125.4516197925458 199.97690479999983
-5.72155691076609 2.618350588883232 125.07875263949164 200.0429312999995
-5.376750732628658 2.6958721251833806 124.06469445020679 200.10741710000002
-5.399468466478517 2.68805862356699 124.19500181925913 200.17293619999964
-5.399468466478517 2.68805862356699 124.19500181925913 200.2392749999999
-4.3648465094949245 2.347836390111433 125.2786657082523 200.3039571999998
-3.9794954098004567 2.3478574826260585 125.32392122178935 200.36854479999965
-3.5474229828284933 2.154561271920203 124.6878054048546 200.43326999999954
-2.003187540229618 1.4244056606481457 125.09244537687856 200.49929900000006
-1.0816365449623646 1.4841985611610164 123.94420585810505 200.56453950000014
-0.8742273954891573 1.4462233938177733 124.86985666347043 200.6300529
1.1329089923038893 0.6510178531951729 123.49519763419259 200.6934086000001
1.1424090305222308 0.556074731990949 124.78123810873396 200.75837559999945
1.6180292130179694 0.26283685332815354 124.6619272905449 200.82388609999998
3.0930051875394966 -0.3859839073069049 124.86897848464935 200.88959069999964
3.5335543390415367 -0.5582147813677869 123.98249395756825 200.95497830000022
3.820535556253141 -0.7698212134894546 124.1935791817531 201.0205863000001
4.870333806891232 -1.2671653882411407 124.13444140716321 201.08587669999997
5.379704237630648 -1.4234328579836806 123.86458124145243 201.1515577
5.58096479788621 -1.4465574053108226 124.02714799059557 201.21619779999946
5.956748310761199 -1.9038703656110734 124.27449566747705 201.28156630000012
6.064723534762244 -1.8952016937222607 123.69887592163728 201.34588089999943
5.942937601875819 -2.030753990969806 123.85280380535268 201.4115695999999
6.2269717975645875 -2.1929160773673515 123.0228112127448 201.4770338999997
6.125138377838496 -2.204532138803704 123.64062535805627 201.54243609999958
6.233174044673461 -2.1974902065861937 122.97413172918982 201.6082889999998
6.044741673963799 -2.2254833552411384 123.23781865933218 201.6740577999999
4.778067768213596 -2.1337424056426264 123.4204973498905 201.73975699999937
4.248894525687916 -2.143938500117103 123.57157070051319 201.80532649999986
3.8488994856280243 -2.042815970522578 123.88453812050871 201.87139070000012
1.9679733793858887 -1.740643468416267 124.66802977388714 201.93711369999983
1.594490629505259 -1.668143370222459 124.31863425394182 202.00265349999972
1.1645321799145805 -1.486436870263573 123.89482561303997 202.06771969999954
-0.7210527995364799 -0.9054207286000142 124.37849204652588 202.13325029999942
-1.073081989809026 -0.7998996877941436 124.2318700037403 202.1988540000002
-1.3493694147436912 -0.6141282527174707 124.04592124813058 202.2643109999999
-2.9325818075655903 0.07499945445108191 124.2272067368675 202.3293708000001
-3.674284950935487 0.19577558696831843 124.92574106283982 202.3946163999999
-3.6926516610048097 0.3362652017890477 124.23514518195505 202.46026919999986
-4.83212087759469 1.010328279332445 124.2928888932261 202.5264274000001
-5.389560927038012 1.1285284277694663 125.14925512520698 202.5918026999998
-5.239220740546699 1.3383830993296129 124.14743341532925 202.65685029999986
-5.998986307381678 1.9271445136174525 124.66121290569154 202.72142389999954
-6.139625039089658 2.141406328151768 124.96832769549621 202.78721039999982
-6.019345126487252 2.293730643546387 124.71073037292864 202.85148299999946
-6.149763172698854 2.5776489497068553 125.1341789213856 202.93174970000018
-6.219827857119654 2.6134850865034194 125.42260638628188 202.99681409999994
-6.219827857119654 2.6134850865034194 125.42260638628188 203.06101279999984
-5.047504567635819 2.5650215264175813 126.16145097612971 203.12606719999985
-4.331801476634105 2.518060219960458 124.72034587082548 203.1916223999997
-4.342473278437154 2.427715095413631 125.17913522172202 203.2569642999997
-3.0479018162725566 1.8622141413203936 125.23307928737607 203.3229867
-3.0479018162725566 1.8622141413203936 125.23307928737607 203.38838589999978
-2.3871689921544927 1.8776096923333463 124.57584509316193 203.45349859999988
-2.086228626396192 1.731101769238808 125.0084657838002 203.51963399999931
0.01707077223039022 0.847224131091235 124.98419345727284 203.58446679999997
1.4264246953704927 0.24707662499662847 124.72772541198081 203.64889519999997
1.9797959754533423 0.14368472234719887 124.5490309865926 203.71468069999992
2.278672975195981 -0.06452731598487749 124.72187181657787 203.77862189999996
2.6711282810789996 -0.16897287123106763 123.89134371573155 203.84284919999936
3.7987766172592146 -0.40586203640023677 123.78023706328686 203.90805159999945
5.020359120443224 -0.8721481486037066 123.96306376571061 203.97374709999985
5.273310732966948 -1.3054635267364576 123.96275823097668 204.03818299999966
5.547633155257799 -1.6549151941024558 124.14965275189665 204.1035978
5.7922126402992475 -1.6956366195904016 123.4745279990591 204.16914369999995
5.930454221298547 -1.7716424649871896 123.66831968941042 204.23332159999973
6.21476921246213 -1.8900802282827107 122.95517489367066 204.29849639999975
6.041854602022362 -2.120756998392468 123.38630713097083 204.36234590000004
6.062613551323075 -2.1087969809598324 123.39459368019145 204.4282151999996
6.062613551323075 -2.1087969809598324 123.39459368019145 204.49405070000012
5.77492898944265 -2.244681473275311 123.76782567498324 204.55816719999984
5.36650416919877 -2.153380082919972 123.84970324733246 204.62371189999976
4.820229683222756 -2.0498894629094324 123.16963856346808 204.68777769999997
3.192934780277639 -1.8780822844861214 123.59799811964002 204.75186399999984
3.192934780277639 -1.8780822844861214 123.59799811964002 204.81652880000001
2.7342131328616617 -1.8123655415331137 123.96144578872568 204.88096179999957
0.671124141283947 -1.3262377508811634 124.29752399640249 204.94629309999982
0.42496143993061963 -1.2726629535272178 123.72669200870276 205.01091850000012
-0.6813977438724805 -0.9552553925219824 124.40395607073994 205.0758667
-1.7274812119298417 -0.41341298979658725 124.59993077744132 205.13953969999966
-2.187918238124631 -0.38435573898157105 124.45158796799038 205.20437589999983
-2.4458055544519866 -0.23001674627604163 124.06530620339036 205.2685692999994
-4.010741186338024 0.42626516650662805 124.46777138299403 205.33257820000017
-4.43243947289141 0.6607982732793032 124.85411293089271 205.39905329999965
-4.88516145350021 0.9755884386868925 124.79201930810454 205.4647033000001
-5.723469308863173 1.3867102621165528 125.1032468115707 205.5305873999996
-5.377257641704482 1.6048226060390738 123.80505076133115 205.5960172999994
-5.982478973236013 1.7730993104668524 124.9536805851973 205.66029889999936
-6.021912131907733 1.9619784890808556 125.06622576142975 205.72823719999997
-6.266683007366794 2.350476440040721 125.48383191782214 205.7917067999997
-5.725309601250338 2.5437307775261058 124.40702219953577 205.85682170000018
-6.125711647714077 2.590446692684301 125.60964708014838 205.92194729999937
-6.0352002265465785 2.5913335406070397 125.60055743510354 205.98609279999982
-5.639350981112692 2.578242738334411 125.69153328103957 206.05078159999994
-5.006474714094047 2.6202632898073728 125.00121313212173 206.1155877000001
-3.774833451097983 2.218568642949624 125.46353625938728 206.18031239999982
-3.0377623686756365 1.919651916053336 125.27644307765978 206.2450700999998
-3.0377623686756365 1.919651916053336 125.27644307765978 206.31099519999952
-1.4185839874608561 1.3360184908256865 125.44682405516535 206.37712479999936
-0.7866075651953963 1.2375918995277093 125.03538081090312 206.4425884000002
-0.4029047275695561 1.057182495458387 125.02781987331541 206.50933519999944
1.470628277768057 0.2060559473561865 124.44170644812311 206.57435309999983
1.9252864225786368 0.1823970514176394 124.25045540281448 206.63866599999983
2.2054699978830925 0.008222145191544072 124.77918331112139 206.70324470000014
3.571501810111961 -0.6452171471317529 124.19627977528599 206.76839909999944
4.161820637253676 -0.7904764893556195 123.87278378218521 206.83431969999947
4.284685227380621 -0.8528988122353982 124.46842660836433 206.9002405000001
5.482546619888055 -1.4855831743001504 123.86146478595198 206.96592509999937
5.517708193937409 -1.5702155482687479 124.21068325988578 207.03151679999974
5.680970179391856 -1.6708351697480008 123.81774338095202 207.09705500000018
5.846653200427042 -1.8319662960676344 123.49929481368073 207.1625414
5.867589831224997 -2.1691652531750387 123.89923764537801 207.22725489999993
5.988648272514212 -2.121418404349223 123.43594241103956 207.2931837999995
6.1631626433583335 -2.171617188622 122.7856016852949 207.35898369999995
5.922814116593322 -2.247475558578667 123.62483077610898 207.42557429999943
5.728228781182352 -2.2901298112339625 123.80017863981521 207.48961679999957
5.53945181562289 -2.244705277463763 123.42355633864096 207.55526409999948
4.048987768285308 -2.1999459220191873 123.91007152955457 207.6208115999998
3.6834424712371927 -2.0200429069529213 123.52855304067577 207.6866270999999
3.1568329054032773 -2.000691938198914 123.99686141266812 207.75160640000013
1.2631402554541467 -1.5269289241484576 124.23859000231356 207.81751689999965
0.8771741383596208 -1.464666514560891 124.35554816817684 207.88339089999954
0.48947652494705807 -1.2356370927101226 123.95231158052846 207.94892189999973
-1.1959498443889558 -0.6753412825285849 124.22742893682761 208.01455480000004
-1.3869347659038311 -0.46369459546977376 123.78813938456409 208.0790554999994
-2.078805272666358 -0.36372363577002953 124.8736473508017 208.14301669999986
-3.6008028580654 0.26094420864416834 124.3270660926572 208.20900689999962
-3.7276753991381284 0.4852566616577617 123.80082569872668 208.2736673999998
-4.306520963791137 0.6604198725598438 124.8502290778947 208.3381634999996
-5.111880179570548 1.2612168686619007 124.27454043931426 208.4021874
-5.601885256879335 1.3489305284858144 124.84126736159803 208.46662879999985
-5.481419567094008 1.5961067805368627 124.09585107960363 208.5329542999998
-6.002045919056094 1.698176332813634 125.25189043614985 208.59923979999985
-6.053590825063168 2.2954003405378423 124.7021565177523 208.66362539999955
-6.031732293612222 2.409667379566638 124.81060122954221 208.72919529999945
-6.151025650604737 2.4995347342728937 125.0618005838548 208.79286799999954
-6.032795812827118 2.641041794651832 124.90852426856819 208.85822819999976
-6.079612124715538 2.6659214737212658 125.55694054089014 208.9234532999999
-5.475900685213553 2.690401385353064 125.0285948052999 208.98929640000006
-4.411713841167945 2.387208604943019 125.66740049578951 209.05409129999953
-3.8917127637789335 2.246181693015628 124.88565233772701 209.11909169999944
-3.729415833235599 2.222170709329908 125.32534755500316 209.18410270000004
-1.9198363157499685 1.5437994843843308 125.07184631974432 209.2513755
-1.388921876824746 1.453886062001731 125.28279019809851 209.31619189999947
-0.6374147465429232 1.3682286020310672 124.19512957488898 209.38151089999974
0.6408721092034568 0.5549196909029992 125.01333021029468 209.44655499999953
1.2190212148202235 0.3583214822287642 124.932608488761 209.51057899999978
1.4400776865400502 0.21956556650273285 125.18286757899023 209.57711589999963
2.177237297584597 -0.1059896449481692 124.58878644593125 209.64184139999998
3.5034477539678903 -0.5860726446958853 124.37349583956457 209.70744729999933
4.086295567876476 -0.8014246071938265 123.91767424406889 209.77260089999982
4.385671208863826 -0.9261624102371819 123.87599168447944 209.83760749999965
5.267739352302584 -1.4459354756509373 124.2155266624278 209.90289409999968
5.451301269690177 -1.5343370341272689 123.83553170164744 209.9681455
5.625907245561407 -1.6719682882103468 123.87183391247875 210.03374900000017
6.044271225531006 -1.9969649109352545 123.3757952825592 210.09857229999943
5.955533482048757 -2.083648089756056 123.72503750164351 210.1635537000002
5.928137487915777 -2.1889373203032796 123.90319845085475 210.2293238000002
6.287154509049699 -2.171706498038607 122.78004204021614 210.29502390000016
5.9912155564275125 -2.254427118334906 123.68215433839681 210.35922049999954
5.873339828867522 -2.2994693169175906 123.5749841756104 210.42526540000017
4.425814117232079 -2.097341117729046 124.33809226594127 210.49006279999958
4.091804831589307 -2.0662826964046053 123.53078651448226 210.5559532999996
3.608863536802332 -2.062143827824652 123.93364728029304 210.6219876999994
3.234118953314841 -1.9373732231608685 123.9450920765511 210.68691039999976
1.4449282500027394 -1.5557629350003137 124.07942379305932 210.75247669999953
0.952105097648257 -1.4383683963874696 124.14565161695964 210.81802979999975
-0.7285551164187112 -0.8639491194183433 124.04065584341764 210.88425339999958
-1.0249357583062704 -0.5873258572017062 123.9268461651149 210.9495906000002
-1.3936585576505536 -0.49499116291531875 124.06478895978259 211.0150953000002
-1.902360245167543 -0.3209826738236181 124.41095083573131 211.0811120999997
-3.525845664181581 0.333529627455874 124.21964589874219 211.1450374999995
-3.8120201530125826 0.4713229096145158 124.15097286493032 211.20956539999952
-4.062002899135997 0.5856323740713709 124.22567221808748 211.27524679999988
-5.339492202129648 1.2306427440781573 124.66127507436211 211.34157869999945
-5.279269378234879 1.4064473332686962 123.9781176614035 211.40560730000016
-5.279269378234879 1.4064473332686962 123.9781176614035 211.47158839999975
-6.049159133974079 2.1426368829082065 124.95912219546497 211.53718609999942
-5.786824626698056 2.317860365626238 124.24163485453029 211.60272780000014
-5.761427769310501 2.4498207212816774 124.10344583426388 211.66862330000004
-5.554582259312852 2.6869558388562353 125.14341118966222 211.73395879999953
-5.554582259312852 2.6869558388562353 125.14341118966222 211.7984652999994
-5.1904296769421805 2.673706800428884 124.2317461854419 211.86349439999958
-4.49385606124158 2.5127261535451972 125.65459934374316 211.9293663999997
-3.8908545245933936 2.404704627069446 125.31387927477617 211.99444679999942
-3.732156063652745 2.38256775679261 124.85553882850995 212.0593457999994
-2.552721845206392 2.0592247741482756 124.65341862680484 212.12518569999975
-2.420206897145242 1.7063649546015924 124.58610148077592 212.1902500999995
-1.7464738906154196 1.5789301942056844 124.46516525534746 212.25580159999936
0.3199478822599815 0.5445645912961734 124.950635472844 212.3200210999994
0.7288884985030464 0.6764570422647268 124.9090387848665 212.38666049999938
2.058061106462567 0.1411735703762803 124.50661930804124 212.45162999999957
2.3904426992042787 -0.12327865321364462 124.63377457600522 212.5161419999995
2.7807430358955614 -0.2759376290160731 124.36725886669633 212.58118120000017
3.283894061409498 -0.3912239254852061 124.19321561752439 212.64651569999933
3.879280151501021 -0.88757873828584 124.12574188615616 212.7108548999995
5.312491666923918 -1.2307724603405499 123.20331940974124 212.77581939999982
5.198010434291021 -1.429768387178381 123.93298937693352 212.8417387999998
5.997148503406457 -1.6677349832656492 123.15110006470832 212.90653849999944
5.788142473892044 -1.8570056007267257 123.70857985917678 212.9704142999999
5.981522990658128 -1.8658833253930314 123.29503222655396 213.03501809999943
6.00266664357666 -1.9771838914626936 123.30275502106554 213.10034670000005
5.908362588917463 -2.261097001441089 123.59519574146385 213.16535699999986
5.908362588917463 -2.261097001441089 123.59519574146385 213.229832
5.602649548119544 -2.2902932625585994 123.80720134527638 213.29548799999975
5.422693597720844 -2.2234451237276125 123.32360092809336 213.36196680000012
5.043416110287154 -2.236438501123401 123.21870221243661 213.4280418999997
4.187471192799585 -2.1923284906952345 123.93554006967476 213.49313639999946
2.494869964130352 -1.8100587021350973 124.0875726068262 213.55854519999957
2.494869964130352 -1.8100587021350973 124.0875726068262 213.62527899999986
2.1587288374183515 -1.7631571142400322 123.94621275313317 213.68874270000015
0.1455860903613626 -1.1401244303935056 124.31557117941634 213.75418629999967
-0.37578316891359265 -1.0890615073546295 124.41850872983107 213.8192451999994
-0.9201148434215156 -0.757754568861609 123.75913409486324 213.88364420000016
-2.324366343712903 -0.31839149188920257 124.44577225764259 213.9494751000002
-2.5609030189731214 -0.09839970018287048 124.03749192260747 214.0148266999995
-2.9800456734703573 0.07037431466125643 124.25655224683797 214.07985579999968
-4.5583537572308686 0.6611798281893383 124.85794285923524 214.14530959999956
-4.639114616570701 0.8114136226099928 124.44847064612603 214.2107701999994
-5.2104999414560496 1.162511999995527 124.64857744611267 214.2747104
-5.838555935232236 1.6546994164445201 124.9037694770152 214.33994259999963
-5.785568200666376 1.9095737663724477 124.50928947567513 214.40592610000022
-6.120293912323483 2.0139221345733143 125.05384890053506 214.47013639999932
-6.084995109817179 2.456552108940162 125.06009643164818 214.5346786
-5.86512909076815 2.521577583000502 124.86224851919698 214.60112630000003
-5.503429475782482 2.6531790997776983 124.40818128277526 214.6663940999997
-5.501690008945339 2.7406981726573374 125.34145359070078 214.7326535000002
-5.256919809933464 2.6814995749714305 125.18166700755235 214.7982906999996
-5.364179384786887 2.533598821505697 125.66325411173929 214.8625846999994
-3.7333462291095216 2.167871111408218 125.01469020802655 214.92752649999966
-3.3079031133274057 2.1092582106411717 125.16197517689936 214.99285809999947
-2.844683257417465 1.8697896071079048 124.99772817746404 215.05748969999968
-2.304221468787013 1.8122113828422888 124.8517039616643 215.12275789999967
-0.9600585075813726 1.0415943490656814 125.18220929875531 215.1872188999996
-0.4321976508838503 1.020726107678416 124.6588348450649 215.2528443000001
-0.022338446623528796 0.8129630819740385 124.85614692829547 215.31756059999952
1.882635712241914 0.07675558704257968 124.58904654523295 215.38275479999993
2.276063425685358 -0.01189587498924738 124.1749022269203 215.44755219999934
2.8463180313286784 -0.3474845101421351 124.41579244294536 215.51391160000003
4.410482177264058 -0.7001688622803008 123.58482981765552 215.5790804999997
4.612447479916419 -1.0079327699484686 123.94783039603021 215.6458434999995
4.713383411069337 -1.1993533713224838 124.27227691166742 215.71112970000013
5.5769283046246585 -1.5342489557129233 123.82829940388247 215.77667219999967
5.562922086049042 -1.71612007006311 124.27137407931785 215.84276499999942
5.69708609319769 -1.782530674993259 123.84419641898081 215.9084157999996
6.059332265700085 -2.0122441331873455 123.45794504375007 215.97219619999942
6.041854602022362 -2.120756998392468 123.38630713097083 216.03810749999957
6.041854602022362 -2.120756998392468 123.38630713097083 216.10338309999952
5.921442697693237 -2.292200164476089 123.85056036967792 216.16715489999933
5.566946715790316 -2.251410960634926 124.04227568410461 216.2326379999995
5.473089871027035 -2.219066479573981 123.22265248911906 216.29813599999943
5.252280485439385 -2.1618364894288935 123.21407578165531 216.3642076999995
3.498897512833828 -2.033683685396562 123.75652988762242 216.42962379999972
2.9836955772675893 -1.9369986450847847 123.95566804854231 216.49511449999954
2.631282912649489 -1.848116963954832 123.61878842250889 216.5606882000002
0.7177998532298631 -1.3033437560155896 124.17694014462353 216.6258055999997
0.3708134373244434 -1.1755925067286739 124.07282450622453 216.69109019999996
-0.23217485088596845 -1.0649928490218235 124.3585130260931 216.75552479999988
-1.7027515902314363 -0.38786240559505525 124.41164561506403 216.82109200000014
-2.3823342473186457 -0.36815611144213123 124.92179813130011 216.8873733999999
-2.6307855813957133 -0.1895018494502474 124.2799897255114 216.9527567999994
-4.130139377332952 0.4858901009618516 124.70576029605296 217.01738509999996
-4.162368819782991 0.6610683392146495 123.94215395496798 217.0819179
-4.510471656956533 0.7726864085560005 124.08413868298655 217.14763909999965
-5.659989723343472 1.475464886042035 124.68269529013037 217.21211659999972
-5.8604628642858145 1.6480128396591605 124.96261393154172 217.27740240000003
-5.922803830252384 1.786533818998221 124.86086650040909 217.34289029999945
-6.0786686501239515 2.378630564275679 124.96695146861744 217.40836020000006
-6.109044565249498 2.388081842618445 125.01872615140137 217.47277179999946
-6.197606938160817 2.497046833269479 125.29637448322217 217.53848109999944
-5.303480450415151 2.6992950018927715 123.96393859736223 217.60591289999957
-5.158626215738316 2.6529528823496595 124.38133903703948 217.6713396999994
-5.149284649589497 2.6378260116580585 124.87840521541156 217.73615489999975
-5.1026053114878 2.6189064156335506 124.95442883584195 217.8002163000001
-3.558565027793989 2.1172008575881986 125.12162769035345 217.86587689999942
-3.174361846946674 2.1840064596195106 124.98285908735077 217.93172559999948
-2.85940064702514 2.06685739755301 124.89768360766517 217.99757989999944
-1.3309865494263633 1.3279479560759424 125.49087604687253 218.06298209999932
-0.9835823677058073 1.2185982673057882 125.34902251629757 218.1286811
-0.4082289425873782 1.0285913229959018 124.5750720146346 218.19369819999974
1.2069448308889648 0.25624608163581714 124.70886123229589 218.25895189999937
1.8321803585003593 0.1299069157175804 124.62621329690977 218.32451149999997
2.45248227001823 -0.022151961460166625 124.20222318480769 218.38896620000014
3.6340132565388643 -0.7620964013655285 124.06379524711222 218.45318599999973
4.137683193394253 -0.8453317126266517 123.64108531323794 218.5178403
4.587628544357308 -0.824932252796476 123.42418028220015 218.5833888999996
5.769583726370975 -1.4022503931315793 123.71724624632176 218.6486003
5.930520467948746 -1.4782524259917107 123.1943959599401 218.71364369999992
5.5722218761474025 -1.819992831716474 124.06404812204089 218.77964069999962
5.839674360333696 -1.7602277346254898 123.70001979493108 218.84377649999988
6.044271225531006 -1.9969649109352545 123.3757952825592 218.90949659999933
5.988648272514212 -2.121418404349223 123.43594241103956 218.9739953999997
6.137719249371628 -2.234539607557705 122.79699959323332 219.0402107
6.1631626433583335 -2.171617188622 122.7856016852949 219.1055626999996
5.718103468847453 -2.286874656293195 123.88546728390146 219.1708139000002
4.295446995819482 -2.2309490750673744 124.28913525385654 219.2516031999994
3.9794851492031285 -2.083590987890596 123.56901927748142 219.31709319999936
3.75374873210248 -1.9721464063031675 123.14369516349888 219.38201260000005
1.8178706617708045 -1.6459802742577985 124.17580009073815 219.44874419999996
1.3674420951585446 -1.4924154040384012 123.91321393484026 219.51345439999932
0.9556113901507715 -1.3237269372570064 123.7277557882333 219.5783821999994
0.47665260404181 -1.2486160756239006 124.12806109190535 219.64543779999985
-0.8575301932559043 -0.6166112304131333 123.497183418375 219.70985419999943
-1.5190340446228632 -0.4391108118448728 124.37684469013674 219.77517079999961
-2.256371343558598 -0.4009456850045341 125.27567872315049 219.84079399999973
-3.906164728076874 0.2649289841308762 124.99314983342012 219.90590929999962
-3.8118679160645996 0.4833990885724838 123.97727129093704 219.9712497999999
-4.392614971406935 0.6001467743564587 124.81186629012676 220.03671329999997
-5.205805763205653 1.3085905398067468 124.39413146004037 220.1020725999997
-5.364794270839468 1.44487613316572 124.31986606326282 220.1669978
-5.776832948853951 1.6412473891407535 125.00594324959238 220.23249560000022
-5.89907907088584 2.254225437684225 124.45476425693313 220.29684899999938
-6.157404648607539 2.3280298966278097 125.15799955856497 220.3624294000001
-5.943647763471837 2.4888651047640193 124.5032734352127 220.4274319999995
-6.090697668246776 2.6806946696370737 125.31017966598459 220.49389280000014
-6.124799934558126 2.682139643099399 125.30034723637007 220.55775709999944
-6.124799934558126 2.682139643099399 125.30034723637007 220.6227242999994
-4.939882237515079 2.467163637392628 125.52066352914825 220.6873283999994
-4.280112987508311 2.292472381313246 124.962090953847 220.75353749999977
-3.8512337456074093 2.304750315449432 125.06430295425011 220.8178785
-2.2766053471885925 1.7146973703327535 125.39965353201602 220.88303839999935
-2.2766053471885925 1.7146973703327535 125.39965353201602 220.9489913999996
-2.0535763301085765 1.5797863227140327 125.40918548132291 221.01512019999973
-1.2568691656834474 1.3677984411659991 124.93923349539722 221.08040230000006
1.1345616078341578 0.4991572426166686 123.76352613953416 221.14559430000008
1.3447065975232135 0.3897394713408935 124.73717688550138 221.21140639999976
2.6196987547583035 -0.17284272173029602 124.4713643499041 221.2751214
2.9309719829989973 -0.29543064697413546 124.6459966984747 221.34155399999963
3.3662071717937394 -0.44063048243861935 124.04925421937097 221.40684760000022
3.557706485977718 -0.5831214743353108 124.32993798760018 221.47080909999931
5.349330152581118 -1.2651104294931104 123.67955034997051 221.53583569999955
5.504532342552082 -1.3787738386685389 123.3949342970243 221.6002596999997
5.577151367302051 -1.7025551841547584 124.30332661595172 221.66532499999994
5.968341971019669 -1.7668229041807701 122.9574394532304 221.73127589999967
5.746704694308136 -1.9205362956349998 123.88563344238108 221.79613590000008
5.928213326428057 -1.9893144792572137 123.29187140055468 221.86030019999998
5.839529279824923 -2.183934649970704 123.45034147675707 221.92620699999952
5.866967153959976 -2.225235640224229 123.29511216564471 221.99224479999975
5.866967153959976 -2.225235640224229 123.29511216564471 222.05607559999953
5.116215398716804 -2.1748408472750826 123.93460004466074 222.12257940000018
4.946621916769772 -2.2210547772170672 123.66175296990977 222.18704780000007
4.513330868388401 -2.1114459306460907 123.95928539414884 222.2527884000001
3.7588213865170985 -1.9922029058340343 123.27252861549685 222.31826439999986
2.119340307710466 -1.6197325089774397 123.43349506421947 222.38290529999995
2.119340307710466 -1.6197325089774397 123.43349506421947 222.4488811000001
0.0786000381074956 -1.1507824675220928 124.32917207353545 222.5141778999996
-0.47127384978106335 -1.0305062608822384 124.37464497861785 222.57889909999994
-0.6502962490532909 -0.669790559069454 123.47005805895814 222.64381969999977
-1.5209652210057527 -0.5522372406193179 124.20070290728992 222.70938769999975
-2.642114081701216 -0.0755444241033113 124.46395607839446 222.7745987999997
-2.9871936041944096 0.08161659579235137 124.2066768083498 222.84170899999936
-4.516900483023861 0.686731711132648 124.45536627447066 222.90537669999958
-4.849647699624697 0.9352509761543369 124.62709689567791 222.9718210000001
-5.099924887785498 1.0502436531170598 124.69815720986044 223.03646190000018
-5.743636411555407 1.6934746452583456 124.3699660497651 223.10282800000004
-5.763133118948197 1.9441677163922935 124.2829434176905 223.1665108999996
-5.751268996113026 2.0733707539822452 124.04356546143725 223.2329861999997
-5.904706151628503 2.5482268759840503 124.31897607837439 223.29839959999936
-5.976716382250231 2.544663780062298 124.41527680349937 223.36327979999987
-5.964376329600377 2.650767950583804 124.47744928774704 223.42882529999952
-5.580444984216797 2.606919724481673 125.24861747432608 223.49293070000022
-4.9324991145143 2.6879199679904944 125.01191316414511 223.5580976000001
-4.877201163395867 2.5558429925055153 125.84796559864078 223.6234913999997
-4.296430108584175 2.4875787506473697 125.03930431182688 223.6892773999998
-3.2520287391395044 2.0117697977300324 125.2270300844714 223.75511819999974
-2.038953971288528 1.934831614947815 124.3303323125942 223.81913160000022
-1.5214020231575631 1.432048229498698 125.69143110935879 223.88504789999934
-0.6151618443617792 0.9388793037583775 124.90357429469812 223.9500865
-0.18120001700938104 0.9158475539954218 124.24361720973488 224.01563859999987
0.2997540920032833 0.7717545164773573 124.3968719575367 224.08094709999932
2.527749495703688 0.12452906059457158 123.24669426573806 224.14646079999966
2.560643423443672 0.03838621434210132 124.33497989675898 224.2104357999997
3.006269796062547 -0.3226136133761297 124.16539146576525 224.27569679999942
4.582443949420281 -0.8157882942197732 124.07465089859548 224.34160530000008
4.955666717759257 -0.9328117438542551 123.90875935672771 224.40756859999965
4.7766435110476735 -1.2062486278366376 124.34935215398137 224.4723985999999
5.527360171905741 -1.6815029123563736 124.0063481297812 224.53772190000018
6.157230406041236 -1.6652889424201232 122.63543912052853 224.60368089999974
5.932050142422689 -1.8160502232039395 123.8839675805881 224.66904019999947
5.904742290858202 -1.961458777263322 123.76053390384448 224.73317379999935
6.167436812263247 -2.1902047350760507 122.9048478331916 224.79817279999952
6.218719420715431 -2.1897343322725247 122.86132477359548 224.86402799999996
6.1452703694230095 -2.1836874904797963 122.76815239677858 224.93022589999964
5.547498180354886 -2.3115215906965396 123.77698872141887 224.99385859999984
5.517393656356184 -2.2342190600680625 122.8250529609547 225.05980629999976
4.957111692640048 -2.3006070795681506 123.62132893372873 225.1250884000001
3.2404478183398737 -1.9252309501789382 124.00232013979466 225.19010339999932
3.11097437039669 -1.7883009638282834 123.15947110276592 225.25567469999987
2.5508393987531264 -1.8113143348990017 124.03075724241984 225.32179259999975
0.41985081067757335 -1.3258800068660541 124.30820290391388 225.38715439999942
0.2098801363480689 -1.1982613435950706 123.74467185048566 225.45302139999967
-0.19445842104164512 -1.023456281295207 123.73289013138007 225.51784659999976
-1.8987420106774877 -0.4027665890481591 124.441232808836 225.58213119999982
-2.324366343712903 -0.31839149188920257 124.44577225764259 225.6476302000001
-2.7550315235333898 -0.14165975684455845 124.4724038578792 225.71411360000002
-4.103913654727336 0.5483135283129151 124.5181823490398 225.7794200999997
-4.383015759511643 0.696895784508173 124.35871478111405 225.84452729999975
-4.471787959731095 0.7925033411973835 123.87587974918522 225.9096472000001
-5.507071779926491 1.4658272803687158 124.16891261239263 225.97617600000012
-5.536343683514616 1.704219346819667 123.99927015844116 226.0393727999999
-5.911545110907795 1.8342436177530363 124.35951811537358 226.10389119999945
-5.993423294033832 2.048302546056682 124.46662251850161 226.16929900000014
-6.08340488766045 2.5210588477738405 124.87989185791582 226.2348505
-6.193071260941615 2.564382198432951 125.18249767939035 226.30022519999966
-6.0792029092013635 2.645570298923876 124.86697097865235 226.3657174
-5.54959062506839 2.6512698745877263 124.64239263560764 226.43182230000002
-5.259829188236459 2.621122949116139 125.01204534881794 226.49746589999995
-5.1293506684945385 2.5683851376324522 125.91942015213012 226.56228529999953
-3.2954699304253623 2.126940018520993 123.81798620496474 226.6277215
-3.399703493774993 2.153455963451602 125.43762583714698 226.69326490000003
-3.0364392348164344 1.8507813399671196 125.38315386451842 226.75931519999995
-1.0875583339677988 1.2570361170736566 124.74721727948884 226.82575579999957
-0.8210808307728357 1.1468628066077842 125.25987230708618 226.89177449999988
-0.1772400726019967 0.8906643908252881 124.7041210849484 226.95733909999944
1.9964294746817117 0.1998247190336503 123.86104276651987 227.02272999999968
2.3270449153458017 0.23056388394247246 124.29626601491277 227.08727110000018
2.6596645842626288 -0.1301628910326329 123.90828342881923 227.1536716999999
3.712827761137845 -0.8255528644789938 124.29528505535602 227.21837259999938
4.231702291724616 -0.8047925485329035 123.89993019354334 227.2831802999999
4.714957347273845 -0.9068273341085189 123.56410539172381 227.34848779999993
5.38972116137289 -1.4884449637741457 124.44262081665998 227.41446309999992
5.574185431886107 -1.658430140015192 123.83987084969435 227.47970709999936
5.783816900060835 -1.7208041329875154 124.00804710703503 227.54571919999944
5.92047149916047 -1.7854249853395543 123.62311543614277 227.61013529999946
5.993860356463884 -2.1621526882686277 123.66577428826747 227.6753117999997
5.993860356463884 -2.1621526882686277 123.66577428826747 227.73885789999986
6.325235065592665 -2.061277578354435 122.69823415514469 227.80358109999997
6.0592335150952366 -2.242351724311049 123.26554849725349 227.86896160000015
5.611937100521303 -2.188284850968172 123.84730713656982 227.93462050000016
5.351693085500756 -2.307413398776452 123.89625420961647 227.99938719999955
3.85931633251667 -2.06246462025254 123.9227487313718 228.0657881999996
3.324407164982979 -2.020385506154956 124.11329022856665 228.12911339999937
2.9836955772675893 -1.9369986450847847 123.95566804854231 228.19559190000018
1.3312415909304818 -1.3799316269277377 123.63533249639778 228.26164789999984
0.6736866840202751 -1.3089045912777233 124.21845673786216 228.32763459999933
0.3535462140788326 -1.2743303261157948 123.68269569575484 228.39324919999945
-1.3168378996277283 -0.6142598801411401 124.14721350566535 228.45805810000002
-1.6418285071771734 -0.4206705580287253 124.189055145303 228.52439090000007
-2.274201245894531 -0.3326316111392631 124.48100218452994 228.59036529999958
-3.743659016521505 0.3316037202970193 124.27525064309117 228.65563359999942
-4.051291201338778 0.5529661618210543 124.47415757821634 228.72116229999938
-4.333459462630714 0.691083980301218 124.39243080912495 228.78682949999984
-5.551538344547332 1.255994845966893 125.145721575987 228.8524256999999
-5.471028075256491 1.4330423759181725 124.47658332912617 228.9171822999997
-5.738153890546684 1.6657114136845825 124.79902802971975 228.98221809999995
-5.986580500167051 1.8922209903814136 125.17590995426619 229.04818879999948
-6.0786686501239515 2.378630564275679 124.96695146861744 229.1143132999996
-5.923761091828361 2.4163978092187457 124.51113525411034 229.17743599999994
-5.9668074871661005 2.480854819381654 124.63381753040275 229.24255209999956
-6.24256720888728 2.5978227641204987 125.55153094001415 229.30811959999937
-5.918428982907933 2.604196408500812 125.38741890178161 229.37438399999974
-5.918428982907933 2.604196408500812 125.38741890178161 229.4388653999995
-4.1967720555056545 2.218046194627887 125.40694813818448 229.5030971999995
-3.9127312819352795 2.22888878029703 125.38150359639491 229.56980699999986
-3.5677439718868413 2.079430026439705 125.3274054088217 229.6349851999994
-1.619456962834299 1.5131399854894134 124.5800846348982 229.7011590000002
-1.619456962834299 1.5131399854894134 124.5800846348982 229.76707029999943
-0.5859895732525757 1.3361063424443897 124.1945729254813 229.83293419999973
1.0106744143349857 0.3838327549424652 124.76585064525884 229.89744169999994
1.5018264452886356 0.28538870772448754 124.4133492018779 229.9635092999997
1.9313241031153652 0.14370353041972694 124.57692583390252 230.02787069999977
3.1870249244398323 -0.2768268043988993 123.74459214915447 230.09305719999975
3.2901196844934475 -0.5245768511158513 124.23134378438915 230.15915889999997
3.6695379007778826 -0.7230377795713592 124.43837455605691 230.22227740000017
4.211990148688123 -0.7899558187178763 123.83736550504804 230.28779119999945
5.315165493290195 -1.4724821221158244 123.71256966419071 230.3529327999995
5.749039892627131 -1.7962496201792852 123.87540776999917 230.4176341000002
6.040019458293173 -1.8901895541362537 123.00217244133451 230.4816469999996
6.090211096591133 -1.8901027860217683 122.96205939351927 230.54725159999998
5.97280111948718 -2.010741178852161 123.40932049243713 230.61234960000002
5.814633133587357 -2.155139768550049 123.87141206634163 230.67717979999998
5.983536581041591 -2.2540320075659137 123.40302461632874 230.74230699999953
6.120111994108669 -2.1780426312963552 122.85754969988797 230.8080504999998
5.158929826600719 -2.299030203936294 123.32555397261687 230.87363000000005
4.851027335933004 -2.2207869923112615 123.45720383272952 230.93947469999966
4.406213635609738 -2.1598954902159853 123.80519436954191 231.00478889999977
4.035726762570711 -2.0397787516610277 123.30066846070496 231.06926049999947
1.7956984503395432 -1.5266406068190035 123.92423880322656 231.1344836999997
1.179676421666187 -1.525830644816942 124.47636814396442 231.20148439999957
-0.19690792949835156 -1.0911078723827015 124.36770740772019 231.28265929999998
-0.5535174577207655 -0.9239468901428383 124.13039278991334 231.34575049999967
-0.62157029168295 -0.7290217889866986 123.45632726332569 231.41050509999968
-1.111020809931233 -0.6473271408160046 123.77634563831356 231.47657829999935
-3.3165775812333607 0.1818216970655948 124.43872815520096 231.5421185999994
-3.3165775812333607 0.1818216970655948 124.43872815520096 231.60899489999974
-4.6808199920174545 0.786258732443604 124.85051172511527 231.67235720000008
-4.93670287283846 0.901038553546342 124.93631179528003 231.7375280999995
-5.012379358696954 1.0512953995316283 124.5169912875803 231.80256149999968
-5.228497092523028 1.2987234641366792 124.52467761140845 231.86771099999987
-5.693916527892078 1.95749278083996 124.16454853024022 231.9325527000001
-6.080792642138441 2.029550600414062 124.87980048764746 231.99787800000013
-5.593621189500553 2.23089738521908 123.57539114264601 232.06339799999932
-6.006083663631252 2.531595899487413 124.7709847427203 232.1287984999999
-6.263497211119336 2.607143005321359 125.47314575438295 232.19465089999994
-5.5699759679826 2.6154274975739207 125.04738016316755 232.25911039999937
-5.3790363743978205 2.6152559521976007 125.3497385599459 232.3243666999997
-5.131705789141741 2.4526377918630398 125.75082336658075 232.38848249999955
-4.613982529839355 2.415875528730969 125.16984811532316 232.4534077999997
-2.917213890328597 2.0181155487179523 124.89570244293837 232.51767310000014
-2.5717214708736407 1.9504466702248215 124.93852367465163 232.58293649999996
-2.2388114002487995 1.8183053137525669 124.98875211391068 232.64913960000013
-0.4183820709547277 0.9989018027986906 124.79350777276251 232.7143999
-0.15913120943629622 0.8103626939141874 124.81536106888862 232.7788314999998
0.3769613193039021 0.7004603251098267 124.62548738854547 232.8453688999998
2.2545814761479406 0.003924962908758767 124.58735984592523 232.90859959999943
2.6256716814969394 -0.18030564366174306 124.60107184549004 232.97472490000018
2.931984143339676 -0.34459153041895507 124.49260347076415 233.03986149999946
4.355008923054591 -0.8449823446494846 124.35874363530716 233.10512479999943
4.67487190568027 -1.1562456204085192 124.16267257228678 233.16902759999994
4.874169982691498 -1.24410440341356 123.98167136227451 233.2345938999997
5.799546868986781 -1.7119102029611741 123.58569555335784 233.3000216999999
5.996443116128404 -1.7500822007426584 123.40218695249628 233.3641415000002
5.913430123966663 -1.857034984069573 123.70178756022791 233.4305499000002
5.869878889752982 -2.0448438067612895 123.88913465513065 233.49617669999952
6.167436812263247 -2.1902047350760507 122.9048478331916 233.56215919999977
6.218719420715431 -2.1897343322725247 122.86132477359548 233.62829629999942
5.964720196971726 -2.3275153814206115 123.524926590568 233.69331929999953
5.419342021673074 -2.2924573651478832 123.87763440161532 233.7589081999995
5.343259400421559 -2.31266755599326 123.16320131741556 233.82548029999998
4.941629346007495 -2.2404358034199654 123.3045931546487 233.88925049999943
3.1712936184885905 -1.968807808448099 123.59192900097302 233.9544347000001
2.938129002978833 -1.8064832827211812 123.3415697499238 234.0195232999995
2.455298969121671 -1.767880007967114 123.66801078232595 234.08402409999962
0.5473382444532575 -1.321586183114809 124.02959195001746 234.15053230000012
-0.05802986644135899 -1.0659978483353705 124.32321823365169 234.21588579999934
-0.5336821216293046 -1.0139837519205503 124.37693591337963 234.28109909999966
-2.256371343558598 -0.4009456850045341 125.27567872315049 234.34556169999996
-2.155635601643162 -0.2593313364504892 123.75978486054223 234.4105273999994
-2.877169617086288 -0.061995909963366014 124.88008926467435 234.47623999999996
-3.191187271222219 0.18146329520823468 124.43493065622363 234.54229880000003
-4.478079369112699 0.8181668726478347 124.41522757216413 234.60757449999983
-4.592875414573861 0.9618536206346787 124.21561109611615 234.67166879999968
-5.702827569479254 1.537469775356793 124.62973342190955 234.73793399999977
-5.680611381092568 1.6976598251100272 124.29773781272227 234.80407089999972
-6.089905091808632 1.8895517361776653 125.25204551636813 234.8712175999999
-6.100266622485485 2.0227940909579516 124.93175178677328 234.93516050000017
-5.783020660010536 2.4417509954827317 124.22978294284168 235.00041669999973
-5.910673044093016 2.5160091726919704 124.91705852552407 235.06517209999947
-5.533349793922312 2.590783145795309 124.63547546671153 235.1296545999994
-5.3446260076111045 2.63464415945298 124.97204908435428 235.1960693000001
-5.6664486438961745 2.564504947026764 125.8625204313164 235.26149019999957
-5.131705789141741 2.4526377918630398 125.75082336658075 235.32695669999976
-3.873871437766276 2.1102014816139616 125.34283038564728 235.3913007000001
-3.3244830229100586 1.7757575354036716 125.39259513040885 235.4563005
-2.2846029189196173 1.9253426729128496 124.72010937404613 235.52202249999937
-0.6902705100415645 1.4168097767812782 124.98661458130391 235.5878888999996
-0.0069204336071848616 1.0326721649393507 124.27484098220057 235.65284389999943
0.036175287631316166 1.0318246273105451 124.26163387264484 235.7186670000001
1.5129037981715001 0.17289014843601536 124.85486569633953 235.78362669999933
2.087049856643162 0.014803923672472408 124.5307141052418 235.84925759999987
2.4790819789551577 -0.10608893327559299 124.54472582832788 235.9153007999994
3.1177346942879254 -0.3162857957390035 124.05105311941887 235.9805193000002
4.355008923054591 -0.8449823446494846 124.35874363530716 236.0453748
4.582979252321081 -0.9554568577171461 124.29737747977904 236.1100236000002
4.879110151122632 -1.225086402614694 123.8874773693243 236.17541849999998
5.72414987769362 -1.6886638099898348 123.41534590736141 236.24126689999957
5.932968007772331 -1.7514462718768815 123.58091830018137 236.3054621000001
6.000536190287555 -1.7727088288701154 123.52886663596821 236.37156229999982
5.923331222538721 -2.2677961560853896 123.70116622638946 236.4367855999999
6.108730571520773 -2.197467755673622 122.98065499023731 236.5027159000001
6.039461008850992 -2.2445677188230286 123.39674183465009 236.56804459999967
6.1446603710991 -2.1652174742817145 122.68843430201791 236.63295149999976
5.547756801547571 -2.2976278802998005 123.86159343945752 236.69902879999972
5.422272575430597 -2.1775190899195165 122.8646997542822 236.76543969999966
3.6667956721511104 -2.0436630576364188 123.94895761934897 236.83049630000005
3.357344580971372 -1.958844423874626 123.58793455965395 236.89710130000003
2.8422055149634176 -1.861698570545458 123.78816032633776 236.9611359999999
1.2544007300363589 -1.4439058305711483 123.23548477200309 237.0254436999994
0.7857335036814064 -1.2606386690973244 123.68034064734174 237.0917098
0.30189680284714626 -1.1485933637309365 123.72442653597447 237.15773589999935
-1.395990351872868 -0.5525937629265103 124.19715965428269 237.2226872000001
-1.9253062840280393 -0.33003446614500254 124.40733077209187 237.2877440000002
-2.1603229903477157 -0.26722638568171286 123.96557188936951 237.35367619999943
-3.855316661116696 0.43396892402314324 124.44874380831517 237.41842670000005
-4.402094218591422 0.629854640166645 125.12044724470329 237.48174219999964
-4.476196942246929 0.6845477011188461 124.44653980511636 237.54758369999945
-4.761327122767966 0.9360849322260054 124.44158203951336 237.61355769999955
-5.61472843094834 1.539080991464163 124.62669071249428 237.6789106999995
-5.788777407020852 2.051910290590481 124.41854075116393 237.74405669999942
-5.7406319857208175 2.3052349743457548 124.28260471815095 237.82328099999995
-5.680871617261737 2.443710399347751 124.15266753108462 237.88695649999954
-6.0707811711988455 2.496602908910245 125.29171757099758 237.9517651999995
-5.9503498835496345 2.705479696991506 125.03033249406309 238.01716849999957
-5.523667390094751 2.6796566337604037 124.12376572635081 238.08358619999944
-5.02522824652214 2.591823301043741 125.514966125046 238.1484802999994
-4.1423063595328955 2.4357278382042438 125.00631595984407 238.2232143000001
-3.6641940269913817 2.261999072788977 124.76863529743434 238.28858739999941
-3.4874732150864034 2.132608716230237 124.87101624061745 238.3540828999994
-2.199156285249778 1.5338609255751297 125.96654478007332 238.41877709999972
-0.9971433401290639 1.5411549880348197 124.13730172386843 238.4840193
-1.0813832135473476 1.5751164409466083 124.60935674836803 238.54898989999947
-1.0813832135473476 1.5751164409466083 124.60935674836803 238.61463559999993
1.0272723080112485 0.45801500119762534 124.48341156088404 238.67943250000008
1.5157532367444375 0.3288550147669263 124.65018090296702 238.74553099999957
2.453976690787485 0.035203376909240136 124.026761942184 238.81147969999984
3.5639059501370625 -0.4854412757532067 123.93271421417604 238.8776981000001
3.5639059501370625 -0.4854412757532067 123.93271421417604 238.94287819999954
3.9575018224959706 -0.683587826726481 123.93717315930814 239.00846999999976
5.302293477200088 -1.441411935568647 123.45782761334655 239.07427349999944
5.721858399127669 -1.328003016183482 123.5084924978591 239.13961219999965
5.723038257322251 -1.5064028053005942 124.14040456981165 239.2052236999998
6.0536340278366225 -1.895741647560576 123.67103682635523 239.27106360000016
6.40090327029732 -1.8938525592956466 122.50321358204893 239.33683389999987
5.995209612273385 -2.0504604540525473 123.88543837029769 239.40168489999996
6.048318104843247 -2.267877265209734 123.69565802042058 239.46767349999936
6.048102900245013 -2.2473905508295724 123.61808349905202 239.53197180000006
5.417527590077015 -2.2638079734570673 123.49892434127914 239.59619680000014
5.163439687494218 -2.2217289816709487 123.35858879837957 239.66251269999975
4.663186006897867 -2.1977112984335365 123.76609155117265 239.72664259999965
4.379003373371326 -2.1167947820028568 123.25485733953496 239.79229940000005
2.0469558077314645 -1.701328658765724 124.26172088473731 239.85849710000002
1.5463885845587626 -1.5763252453740106 124.27597687865648 239.92449880000004
1.2051189387387922 -1.4950812016589503 124.02929654183522 239.99092199999996
-0.1308994611325005 -1.0093144703707444 123.72652197763144 240.05676570000014
-0.4838937360855482 -0.9036070575762976 123.74766883528282 240.13792449999983
-2.349908486240359 -0.32717864811039377 124.44947050481186 240.2034947000002
-3.1516970471727817 0.028382955934466603 124.71624288622883 240.26882979999937
-3.415649531596614 0.17873622297568048 124.40458170192905 240.33516969999982
-4.506773750101921 0.6369934220498806 125.06163264234385 240.40052639999976
-4.423279375254076 0.7968785762866936 123.84261372482526 240.46504989999994
-4.856596946674678 0.9338186622544371 124.50053796511375 240.52994630000012
-4.960800345511132 1.1436004843443353 124.0585528503432 240.59380019999935
-5.906195910772517 2.005955857764274 124.47713854767036 240.65998989999935
-6.139625039089658 2.141406328151768 124.96832769549621 240.7262697999995
-6.139625039089658 2.141406328151768 124.96832769549621 240.79033479999998
-6.225767152395711 2.431214668211183 125.34031340836549 240.85521749999953
-5.926903047127219 2.594917471295116 124.55413405006294 240.9209562999995
-6.235826884217957 2.633308556031394 125.23132355192948 240.98643749999974
-5.819401166987284 2.6759616821888654 124.25617819590616 241.05050159999973
-5.007986250706807 2.5558017320220854 125.18565003207557 241.1161078999994
-4.5873315961748915 2.4540396738249663 124.92122714874937 241.18046369999956
-3.299984660655582 1.98546184382342 125.04854381078398 241.2451099
-2.975775644853975 1.9750709230365269 125.17739022232429 241.3110590999995
-2.5136118913890115 1.843166026825204 125.21782831541148 241.37660379999943
-1.0439635393570228 1.0057425102386248 125.5071871734732 241.44281390000015
-0.020902128038265744 0.950381894137016 124.35817004865321 241.50794889999997
0.4111655147380944 0.9562581776401542 124.46262219568246 241.5732309999994
2.142783269218505 -0.02777467444431614 124.27987732163487 241.63804749999963
2.4949700394652226 -0.06744540453172332 124.06167711508881 241.70357019999938
2.754558995782048 -0.10662234460025943 124.04473964899559 241.7679739999994
2.887563702254134 -0.5264672591998516 124.2821127835722 241.83324119999997
4.515455938055538 -0.9462355820931312 124.16027108143027 241.8978662999998
4.959925337832011 -1.038039252967923 123.81805662372173 241.96308489999956
5.079890245795212 -1.322314006461522 124.04674429924944 242.02739849999944
5.80545636444824 -1.7715566211603933 123.67394296791879 242.09225609999976
5.874533962520253 -1.7962542635177794 123.86866881060766 242.1584302000001
5.993827773293006 -1.8738408927552714 123.41349295494886 242.22396049999952
5.964592524950362 -2.1838908492165956 123.44355630059475 242.28962039999988
6.137312653151277 -2.1558474393141647 123.01674694603835 242.3549267999997
6.220017565570593 -2.189278590589707 122.80220902273352 242.41993550000007
5.679407112494431 -2.2857090561140887 123.60655485792763 242.48419099999956
5.3690913501822095 -2.285166158751188 123.69480903944219 242.5494908999999
5.26384100066975 -2.2120162401322716 123.03487498453717 242.61449529999936
3.445230263663042 -2.0111791745862675 123.97244917985593 242.6795777999996
2.9899836619997444 -1.9249809195500331 124.01268991859537 242.7445872999997
2.5619177085707534 -1.7997445037163975 124.07084469584484 242.80913939999937
0.9582896952847264 -1.3707340771602121 123.78142290316254 242.87365169999975
0.3843552511707671 -1.1901181461560713 124.10280343410558 242.93910419999975
-0.18367877390591758 -1.0658187862529134 124.32847758241167 243.00521649999973
-0.4784007938475625 -0.9269536095472841 123.92963149833997 243.07097259999955
-2.1457304788554623 -0.32582871433187655 124.46676191385181 243.13550679999935
-2.465934345288815 -0.11472956036873716 124.05116548118416 243.20063089999985
-3.9806716103953406 0.434359329782358 124.45230654401382 243.26640659999975
-4.337652481000731 0.6137915256607621 124.51104156156505 243.33145069999955
-4.667471751990988 0.6470687366666876 124.91932963087235 243.3961230999994
-4.886642561435806 0.9365120234027328 124.44486533050328 243.4617602999997
-5.640983406275971 1.6121649446353699 124.63693589822931 243.52605499999936
-5.851323373834113 1.8297423774487267 124.93437805067823 243.5919057000001
-6.021356792583546 1.8915757810720633 124.98910465905878 243.65937080000003
-5.738790904783244 2.447282691916547 124.17886964466247 243.72284320000017
-6.0368797393211295 2.516472576749882 124.92115021081558 243.78812560000006
-5.991324290838165 2.5220360066715655 124.86650575039927 243.85293850000016
-5.959071889113602 2.5949211808352572 125.49392072272764 243.9186897999998
-5.3290892291004255 2.706723129052099 124.97254787573763 243.98371609999958
-4.971490717122521 2.628378057951134 124.83573247678342 244.04849729999933
-3.6743820307048907 2.2999772095804083 125.16575035476433 244.1140332999994
-3.6040633751106625 2.0983377384136497 125.46666823571672 244.18013209999935
-2.9626702226413784 1.9551873781720248 125.37182923763038 244.24503209999966
-0.6620941845745136 1.5356655286543623 124.25677302437163 244.3095572000002
-0.3167890942963254 1.1487207207485426 124.5592461048692 244.37599239999963
0.39593481515436224 0.9153837509791893 123.51528886722116 244.44138459999976
0.3010412982636339 0.9649755168215022 124.49418561316543 244.50632169999972
1.9616704528754667 0.1352088813351392 123.98796700713048 244.57081759999983
2.2701638579933103 -0.03754437364530272 124.39481911269233 244.63676529999975
2.6644523379495055 -0.11825920908506715 124.63244042000645 244.70115139999962
4.148376903540516 -0.8315210046146901 124.13228191868413 244.76792579999983
4.802067564370795 -0.9314458243875783 123.07590041958665 244.83182269999998
4.759600629510132 -1.0505716251454604 123.86672604422739 244.89715179999985
5.765221909185605 -1.4828318769114057 123.26436479919792 244.9628471999995
5.630323413498552 -1.6791204095826888 124.1126836551899 245.0285006999993
5.80545636444824 -1.7715566211603933 123.67394296791879 245.09326280000005
6.0511785418594854 -2.0434588463865717 123.82505464549055 245.15843069999937
6.166877028416074 -2.12070473126558 123.37942076138644 245.22328939999989
6.166877028416074 -2.12070473126558 123.37942076138644 245.28841439999997
6.287154509049699 -2.171706498038607 122.78004204021614 245.3538493999995
5.657933158959899 -2.275251119156528 124.04584027453967 245.4194899999993
5.419342021673074 -2.2924573651478832 123.87763440161532 245.48434970000017
5.175836803879392 -2.3264747322933363 123.86120719956949 245.5494160999997
3.685565358015893 -1.9760577639499721 123.31455454070002 245.61456129999988
3.2111546840136995 -1.8960902102315003 123.3597635498573 245.68107799999962
1.4561639005146887 -1.5107470711306892 123.63230181169283 245.74547019999955
0.9746546774052618 -1.39966760476482 123.66882042103992 245.81151020000016
0.3416818471695322 -1.2914183029440456 124.35580173249694 245.87636889999976
-0.15888849937145721 -1.1391616456207696 124.37003749642624 245.94186919999993
-1.5998436591920608 -0.45364177108382897 124.43388318869579 246.00757179999982
-2.206317842156089 -0.40298103826916654 124.61740108547986 246.0738148999999
-2.4909026038735718 -0.19178045412157474 124.45750771772376 246.1380921
-3.77320938786913 0.45840803820664955 124.21708830554549 246.20221419999962
-4.232291217567628 0.549049732774481 124.71325388124798 246.2680349000002
-4.434053374474722 0.7109545382308448 124.22525829928817 246.3322780999997
-5.338372523478824 1.4418970285106378 124.38449765010695 246.398862
-5.578976109287872 1.7135611244110653 124.80470337751326 246.46427349999976
-5.473879918565615 1.8416102872949243 123.89744846532786 246.52894949999973
-5.711633185142723 2.246445400259132 124.13531385078734 246.5950370999999
-5.9009777943272255 2.4273733506557953 124.5565567648765 246.65986259999954
-5.838682535885418 2.462372495855603 124.72167397037236 246.72485199999937
-5.996706415913145 2.6234139522784155 125.32917335140017 246.78975009999976
-5.966403152762574 2.6125585841583936 125.41445843234472 246.85617730000013
-5.19111048288913 2.4850548735152183 126.13919512337581 246.92230459999973
-4.653379812381118 2.410018507353051 125.53399235976259 246.9886250999998
-4.446789323057374 2.343892815798767 125.40480120048467 247.05436949999967
-3.4489212055511587 2.2022318705744586 124.9502474307534 247.1194360999998
-2.0720044615581585 1.4702905941154563 125.81823414194665 247.1847429999998
-0.889451647024643 1.436783160823499 123.87089928538171 247.24994569999944
-0.8300011856927014 1.3811402371587027 124.7186403844644 247.3145803999996
0.3582626706831462 0.8125666648768596 124.83407443792264 247.3813057999996
1.2110322492668217 0.3809817017985234 124.69403539305064 247.44663649999984
1.7829147497449682 0.12518940502550546 124.48963896668641 247.51216419999946
2.493586805665437 -0.019871990568142706 124.11584725702632 247.57860059999985
3.7453437788444646 -0.47948045192558664 123.8144870650639 247.6438602999997
4.044932130075438 -0.9323120057075878 123.8300177374568 247.70902209999986
4.906057824500415 -1.1630534859330164 123.86835582887666 247.77568119999978
5.456385544277346 -1.4135005218342669 123.79472606209343 247.84051120000004
5.879415989834477 -1.3788989959150992 123.37477864070203 247.90598069999942
6.024724713610503 -1.6191347682152575 122.7539669106449 247.969787
6.223967555143098 -1.9722844252340823 123.17151203429096 248.03571699999975
6.223967555143098 -1.9722844252340823 123.17151203429096 248.0998023000002
6.243812767147247 -2.156567587976808 123.18332188851647 248.16435379999984
6.046987027394607 -2.292112893109654 123.84364805518476 248.22926259999986
6.00656724852108 -2.2308363614974307 124.0243772555744 248.29539879999993
5.817902162040546 -2.2514146985835914 124.03081519755087 248.36125079999965
4.8941522345163335 -2.1040643015546077 123.65960448615336 248.42726409999977
4.489576838809327 -2.201393198239597 123.80179111881505 248.4927078999999
4.1245180348618575 -2.0991206549658075 123.57212117616714 248.55674999999974
3.734088086547146 -2.062307161875835 123.92821629714834 248.62262310000006
1.5065374869290267 -1.5654849937101072 124.07952343882691 248.6876487999998
-0.2366528952414768 -1.1390558112191342 125.15451523453811 248.75288209999962
-0.4027949561129702 -0.9895897055205329 124.09453952359178 248.81816009999966
-0.6222396842443629 -0.7962284901645362 123.5315210343403 248.88226979999945
-0.9513094237067108 -0.6984114707571947 123.77928651188637 248.94680759999937
-2.5598839856871862 -0.05033846090347194 124.22535411650293 249.0131381000001
-3.7524256946847814 0.250430860459465 125.08930799569515 249.07784399999946
-3.8964783784420334 0.43612310687618616 124.45877763790178 249.1429075999995
-4.810916250205743 0.900612179267564 124.9331078506387 249.20775719999983
-4.707854886868425 1.0948229261197975 123.94150732175206 249.27411659999962
-5.273097727108691 1.1591256790091802 124.89846319143959 249.33741889999965
-5.212312830661361 1.4016160379897844 124.03375273920724 249.40273660000003
-5.8793734148283505 2.298738887680069 124.35473852311011 249.46809269999994
-5.8793734148283505 2.298738887680069 124.35473852311011 249.53375099999994
-5.985620418804906 2.341341161373043 124.64800482815625 249.59860320000007
-5.734787264017903 2.5710698700238974 124.16648341763019 249.66422109999985
-6.032795812827118 2.641041794651832 124.90852426856819 249.73029229999975
-6.032795812827118 2.641041794651832 124.90852426856819 249.79509919999964
-4.959689044432494 2.4239415336980197 125.22068825133256 249.8607291999997
-4.197918581848455 2.494924296284558 124.17000108802473 249.92544240000007
-4.216506487234717 2.381389003967312 124.9574395001984 249.99184999999943
-2.5673565270620102 1.9058734520917127 124.59036480290713 250.05664849999994
-2.505688056030131 1.7910237479409528 125.22018291297704 250.12076359999992
-2.0012181241447493 1.601072486020512 125.2549033985827 250.18707149999955
-0.3323286949177984 0.8108646610018518 124.84350952398484 250.25154979999934
0.26260779568582393 0.7353748902867714 124.92853010796613 250.31696779999947
0.8989160477222455 0.6752175445622508 124.37463845456757 250.38337929999943
2.7169507703701825 -0.07795771181392697 124.06928314437054 250.44733319999978
2.831897797957737 -0.3006598170801611 124.46415242722983 250.51233779999984
2.9752473086179165 -0.48055566064082345 124.55265420341458 250.57787029999963
4.7863677907409965 -0.9148180475749952 123.85114569692367 250.64312169999994
4.703975396620024 -1.241695389344838 124.52263492391823 250.70713149999938
5.26534387951488 -1.2263983470108013 123.13060949003793 250.77262220000011
5.775441334502062 -1.6961647140941585 123.64098174694806 250.83698949999962
6.090779758607816 -1.7571653269317489 122.71072231036592 250.90242299999954
5.906598399469644 -1.9340190397027426 123.26144497035189 250.96797199999946
6.064778596216115 -1.9396184613018694 122.91729638537176 251.03407359999983
5.795906136102751 -2.2922780999574965 123.85741442986613 251.09890759999962
5.795906136102751 -2.2922780999574965 123.85741442986613 251.16519929999959
5.97315779918803 -2.237252254168104 123.33079067478604 251.23167279999961
5.286343303763246 -2.306841996686997 123.82893886440917 251.2958149999995
5.026831198100069 -2.2413206312701703 123.0342983107578 251.36182999999983
4.611184418453391 -2.1457514742109285 123.65168707016984 251.4260304999998
2.8343133600259236 -1.8428297640588958 123.7421201210682 251.49238929999956
2.3683374041034355 -1.8259895807969144 124.30033058019231 251.55714069999976
2.196705921629693 -1.6425999933104922 123.30549407463316 251.6224102999995
0.1845568786896763 -1.102197213751966 123.93970301431705 251.68712849999974
-0.29392627600105214 -1.0622883560003349 124.16746519095103 251.75260339999932
-0.7287817585040415 -0.8152300885011519 124.35759781775027 251.81726329999947
-2.2443065316285313 -0.29292898731716166 124.21148250219457 251.8826358999995
-2.5609030189731214 -0.09839970018287048 124.03749192260747 251.9482640999995
-2.9800456734703573 0.07037431466125643 124.25655224683797 252.01324740000018
-4.432573382824728 0.622227763394073 124.49828641954349 252.07825929999944
-4.608121205308294 0.8309175710454038 124.26096987357569 252.1432675999995
-4.886642561435806 0.9365120234027328 124.44486533050328 252.20891729999948
-5.645191128876867 1.6957138753109953 124.30267693431823 252.2751002999994
-5.86068609123992 1.8587931139928513 124.69122470937552 252.3404461
-6.120293912323483 2.0139221345733143 125.05384890053506 252.40514729999995
-5.848682067890046 2.198236364273286 124.17350716517623 252.47118080000018
-6.136499923889332 2.5251904032285104 124.78575585514268 252.5377271999996
-6.084438534366491 2.6547072664413918 124.71211094189492 252.60190899999998
-5.972556983708763 2.6687002604505077 124.40249486839635 252.6668052999994
-5.236818841904309 2.729770975192562 125.91052383565876 252.73133580000012
-4.771039812836719 2.5229536518647855 125.6110519462229 252.79745189999994
-4.050499537799496 2.4865829194472395 124.96477721499951 252.86338590000014
-3.1298218417347456 2.1088340102488505 125.02638942155478 252.92756259999987
-3.192235013288638 1.8198901729286785 125.74939068021665 252.9928162999995
-2.5872313529333653 1.822536943929749 124.71739450402985 253.0578255999999
-0.20354487104548724 0.8760184285639242 125.49916443383505 253.12359529999958
0.4925424861402732 0.962130768954174 124.32433507237268 253.18820700000015
0.5534863246304624 0.9645285514554458 124.48087161880258 253.25381659999948
2.3758006639917753 0.08538973924785198 124.24960286251154 253.3182425999994
3.0138722367567112 -0.02958671220210496 123.55038568774233 253.38380289999986
3.179259166593525 -0.11355425965621213 123.8392305296985 253.4495767999997
4.284385658697879 -0.914625886170044 123.87800900093312 253.51550529999986
4.535363541664914 -0.9147337440224792 123.86468661140444 253.57982959999936
4.7476517313362265 -1.1001134155915735 123.67229387517806 253.64541180000015
4.975818665536046 -1.3429766053505854 124.36605303126187 253.71065009999984
5.860969271431621 -1.7274016281468434 123.39745305234692 253.77669960000003
6.072113676678626 -1.7137400392216513 123.21288360744597 253.84173370000008
6.041854602022362 -2.120756998392468 123.38630713097083 253.90720090000013
6.1446603710991 -2.1652174742817145 122.68843430201791 253.97293480000008
6.042174014936052 -2.2194606373755272 123.24601061095609 254.03903889999947
6.028962551305646 -2.232314073738909 123.21210750192674 254.10303250000015
5.602649548119544 -2.2902932625585994 123.80720134527638 254.16811569999936
5.414463980624774 -2.244721025553465 123.43013153741629 254.23181939999995
5.035460548636024 -2.306721483513319 123.84204493256067 254.29782669999986
3.2701676438983682 -2.026860331482223 124.1631845474845 254.3615482999994
2.9834514312770537 -1.9582135584990294 123.60207665926302 254.4267020999996
2.6333859202648 -1.7696827797537122 123.61314389861205 254.4922087999994
0.7722817473533112 -1.3381745092395958 123.72208111799863 254.55794779999997
0.3021296418123711 -1.2638803266022278 124.09272682040721 254.62288529999933
-0.2553515468130527 -1.0748895478332594 124.35662301943486 254.68929449999996
-1.677029261682513 -0.37773893661493574 124.20968376874708 254.7542666999998
-2.28572810857564 -0.29364164296813544 124.66636661209157 254.81815610000012
-2.465934345288815 -0.11472956036873716 124.05116548118416 254.88324199999988
-4.142629038670165 0.49499769825360673 124.48894611033612 254.94913309999993
-4.5667844725617 0.6425680658456672 124.98465370096923 255.01355169999988
-4.421539934985702 0.7232321687743519 124.01958217753952 255.08038229999966
-4.886642561435806 0.9365120234027328 124.44486533050328 255.14448579999953
-5.60138746225816 1.632137451209431 124.17693919672793 255.21075179999934
-5.899095744919379 1.7664177980885085 124.99752098009549 255.27637679999953
-5.85713804209697 1.9803361931270345 124.60480792924876 255.33984779999992
-6.157675252131462 2.3100316938168812 125.2572907828022 255.40578689999984
-5.883892606282551 2.524291605071041 124.77643211099672 255.47191469999962
-5.998453955528298 2.6426822369129663 125.09493919846038 255.5372526000001
-5.270481619530123 2.6557992093354446 124.76924406231873 255.60142519999954
-5.169619985657796 2.657736618222202 124.6963695412356 255.66621510000004
-4.441149358621502 2.483314289840841 125.14639043943842 255.73022649999984
-4.039722854181086 2.2976605140401385 125.27936818691424 255.79715940000006
-3.3932044170721625 2.105446535720612 125.04709214329928 255.86232829999972
-2.844683257417465 1.8697896071079048 124.99772817746404 255.92644010000004
-1.1337052379171482 1.3599988494411326 124.88385995895479 255.99215719999938
-0.7651903212680864 1.1494867364827488 124.67176631693937 256.0585781
-0.3711674141294239 0.9519577403528366 124.83969151459222 256.1245745999995
1.0073661868372952 0.4033321729999347 124.55203677459677 256.18958349999957
1.6717908477930905 0.060954162207752405 125.44621894096247 256.25449320000007
2.42082286132171 -0.09946396423542914 124.45332734731554 256.3189689000001
3.6135483493777016 -0.6251907903666807 124.63387872222579 256.38368919999994
4.1303351490465445 -0.8346336815066486 124.35563684439803 256.4483701999998
4.1303351490465445 -0.8346336815066486 124.35563684439803 256.5151606999998
5.233547345868111 -1.3613891514703949 123.86590027656236 256.58073869999953
5.5622604169630065 -1.5037266051358866 123.57938816323774 256.64616149999983
5.713616973204672 -1.760494452626416 123.70912622109796 256.71274689999973
6.133660838118189 -1.6854027314653366 122.80100936003359 256.77737069999966
5.925616823564617 -2.0435461340639067 123.83208244277712 256.84324599999945
6.1061119507004875 -2.1139479650193818 123.23512787501183 256.9077733999993
6.039461008850992 -2.2445677188230286 123.39674183465009 256.9727813999998
6.095636622922051 -2.2193278182079905 123.19453892142808 257.0376845999999
5.660848902311109 -2.2518465236080973 123.89356811446915 257.1031932999995
5.005764403964292 -2.1327343397792244 123.37043412074723 257.1697726000002
4.315260279627189 -2.120454132258133 124.15126026400509 257.23419680000006
3.936365731968806 -2.099842480983797 123.50286770484207 257.30024330000015
2.4078481008409653 -1.739473567253873 123.42039005046301 257.3653255999998
1.3271659705785979 -1.5082128203225436 124.23446958423608 257.43021640000006
1.0436585436293981 -1.4392871599349664 123.24434993818629 257.49493879999955
-0.6813977438724805 -0.9552553925219824 124.40395607073994 257.5595280999996
-0.7976131070977317 -0.745806704315999 123.68832009303681 257.6244369999995
-1.3460650444110414 -0.6495887938373495 124.61900907835455 257.68908809999994
-1.7000201564273425 -0.4443778870852362 124.43492596802264 257.75455129999955
-3.3165775812333607 0.1818216970655948 124.43872815520096 257.82076270000016
-4.221281906452212 0.51593311884756 124.96287801676301 257.8864980999997
-4.28108146728858 0.7002177143529734 124.282661352291 257.9514658999997
-5.266706685289485 1.0031376185869303 125.15642439066526 258.01689559999977
-5.283968205306238 1.1981846880920206 124.33889144070042 258.08278470000005
-5.401891873058695 1.4467618146260435 124.3189509122056 258.14933349999956
-6.155965069580013 2.0495359386299894 125.42686733476307 258.2158884999999
-5.6698090337038565 2.3779053671048573 123.95273393750121 258.28148879999935
-5.6698090337038565 2.3779053671048573 123.95273393750121 258.3457548999995
-5.560605940434627 2.6689990098067655 124.5735652551906 258.4114115000002
-5.625210986601395 2.654631344010796 124.74978177776538 258.4774368999997
-5.654167355366532 2.6396488607119117 124.89598015387908 258.5430686999998
-4.870993422653065 2.582531093579737 125.65977283586041 258.6080323999995
-4.435469014061141 2.3403638445498203 125.51215862608706 258.6737794999999
-3.895310380450695 2.351850905898596 125.19028927218403 258.7374457999995
-2.366770180127901 1.9263493969007122 124.71266968650414 258.8026454999999
-2.0266605013314347 1.816317776729027 124.78848423484598 258.86820219999936
-2.0901575674942805 1.3866662493219937 125.59424923222574 258.9334997999995
0.31060298395005503 0.9337180880009329 123.91064052652428 258.99984029999996
0.2677718019491593 0.8055214941797324 125.00710617993104 259.06404179999936
0.9510492962194732 0.4095957895649426 124.45684273216203 259.13153109999985
1.366594781042835 0.3940952742748362 124.43661281324668 259.19615650000014
3.1518442585768867 -0.3503355077711938 124.45243696489197 259.26163219999944
3.5741158363615853 -0.5207989477455821 124.18572051860231 259.3268558
4.7863677907409965 -0.9148180475749952 123.85114569692367 259.3923580999999
5.0227905472303505 -1.3052161159407158 123.9740720048556 259.4575914999996
5.231535925609016 -1.2167245370269668 123.9013716550694 259.52289519999977
5.508981496158235 -1.405034661669979 123.70627496003405 259.58742019999954
6.092898289469495 -1.7668093141622592 122.95055788846987 259.6523182000001
5.869878889752982 -2.0448438067612895 123.88913465513065 259.7174342999997
5.995517186961436 -2.0063794509386077 123.66314900673832 259.7833437999998
6.0412934881994715 -2.264394098680526 123.47069698098986 259.84864879999986
6.255051543463615 -2.2242404117746495 122.56884940995069 259.9155284999997
6.218719420715431 -2.1897343322725247 122.86132477359548 259.9803953999999
5.180183685418591 -2.285063573616161 123.62697669491796 260.0447730999995
4.658724181456961 -2.1375346019743926 124.15875522489414 260.1113330999997
4.316651735707914 -2.2504130807369216 124.2913709431962 260.1763100999997
2.882532855252947 -1.7701828018310368 123.60410414710468 260.2413147999996
2.502465727470309 -1.7835341305434005 123.7831499014301 260.30702849999943
1.8012674539433746 -1.5580895404891524 124.18117295833831 260.3710137999997
-0.09597043503681135 -1.1558547501103256 124.36601070422326 260.43563819999963
-0.31888850639570876 -1.0230932322628161 123.73641527993193 260.5006333000001
-0.9272811731176205 -0.8231624840280991 124.3944161319841 260.56697069999973
-1.4474355887264565 -0.6989976771854145 125.0139283594492 260.63299259999985
-2.7321172613949045 -0.05459080027870944 124.25749776384961 260.6990138000001
-3.3240084347398096 0.15268283792099102 124.79802413322942 260.76442679999946
-3.693468907942105 0.3073826201055341 124.63723878454054 260.8288940000002
-4.761327122767966 0.9360849322260054 124.44158203951336 260.89337479999995
-5.008851678111569 1.0611772144955178 124.43795906580995 260.9739542999996
-4.950684754433809 1.305063008818458 123.75764058294948 261.0395988
-5.2900872463009065 2.0337323903674673 122.99113675855425 261.10555190000014
-5.837807318128583 2.180344703607024 124.31222220528342 261.17159300000003
-6.1437861059078 2.492854538980755 125.38932711377996 261.23652799999945
-5.725309601250338 2.5437307775261058 124.40702219953577 261.30197450000014
-5.952999174926461 2.595749071620089 125.54918891363413 261.36719300000004
-5.231116955916548 2.738205429695345 124.35018665704146 261.4308608000001
-5.317006525070603 2.5935952230716772 125.52299588198224 261.49680499999977
-5.055991712084307 2.493149073258942 125.25199135731252 261.5607030000001
-4.521686040435419 2.5442173365899574 125.01306310860805 261.6257582999997
-3.3583903493342717 1.9960542297416608 125.86514808657407 261.6900584999994
-2.3158677423339498 1.9299283810220023 124.55497560387685 261.7567404000001
-2.150946648132809 2.0047462207682707 124.91119200241143 261.8224584999998
-0.0822445820017208 1.005900726348252 124.71813490923213 261.8885470999994
-0.0822445820017208 1.005900726348252 124.71813490923213 261.9536847999998
0.34339439095515445 0.754810502759406 124.5933916895972 262.01914750000014
1.949729863421176 0.10349501651792647 125.00354749104089 262.0846456999998
2.5212567748730663 -0.07224726762500844 124.82743929400554 262.1499851999997
3.0784100399658385 -0.25375070351227946 124.20342797341826 262.21568260000004
4.467098401075297 -0.8343427087361779 123.57180292312786 262.28018319999956
4.657950243178014 -1.0388752411859583 123.86989919950234 262.3453754000002
4.7805513612906125 -1.1630264726198747 123.8751125205851 262.41235739999956
4.949441749709521 -1.3053882331754805 123.93573576316922 262.4768002999999
5.69708609319769 -1.782530674993259 123.84419641898081 262.54330109999955
5.963579144297654 -1.9086309983472627 123.05773026242154 262.60817059999954
6.044269940890125 -2.0959028635282877 123.23659785473933 262.6735168999994
5.999426746545943 -2.100885722450719 123.31635515683759 262.7382136999995
5.795906136102751 -2.2922780999574965 123.85741442986613 262.8041578000002
6.1631626433583335 -2.171617188622 122.7856016852949 262.8697266999998
5.537979078020335 -2.2923223269209623 123.94513704213492 262.9331218999996
5.168336283036226 -2.2925328431248637 123.89083604624474 262.99914249999983
5.064903975938577 -2.252043170744722 123.22231276506143 263.0638664999997
3.3794823172189083 -1.894892509725182 123.59197240923494 263.12979730000006
2.768310402132059 -1.9020279432107317 124.18296888792214 263.1967371999999
2.488306709331667 -1.7938629509128488 124.03306226688424 263.26151930000015
0.493374705795695 -1.3252496515003118 124.34451179419578 263.32690730000013
0.17949461298459823 -1.1847932326296235 124.09016599691338 263.3920336000001
-0.38189940674424605 -0.9855082785203984 123.9694826150744 263.4574415999996
-2.123474916081399 -0.3846469821009688 125.18438085440894 263.52139889999944
-2.347172580994254 -0.25099096778749663 124.43929792741504 263.58693799999946
-2.639376831434305 -0.06328746815460307 124.38517605445891 263.6517023999995
-4.30225388402576 0.5139874922910573 124.94713122333337 263.7168082999997
-4.5926271833662184 0.6532840830204162 124.88501329343255 263.7823725999997
-4.290707976425047 0.8812083686908553 123.46545938736199 263.84641049999937
-4.974555547034605 1.0497951629996738 124.69552188833917 263.9127321999995
-5.827574795310824 1.6642029697442915 124.80576526495497 263.9772962999996
-5.9462491303719744 1.9137162675457746 124.7865723981529 264.043267
-5.958827925054749 2.0974940621606013 124.78633694561793 264.10834479999994
-6.153581692671011 2.45284930536715 125.1460816789999 264.1744738999996
-6.270540713971414 2.493301410382699 125.39354010181324 264.2393355999993
-6.334534745026929 2.597073977587523 125.56406775293897 264.30566159999944
-5.65692628091589 2.6113567789723193 125.11172839197931 264.36970049999945
-5.650783846730064 2.6743609847727345 126.07616733831422 264.4335323999994
-4.027676713269749 2.4482229518742713 124.99609164660026 264.49931819999983
-3.9679682639185643 2.233339147800047 125.2889905391281 264.5623448999995
-3.8186682375232053 2.150898842298062 125.58708781983991 264.62752739999996
-3.1655134750081544 2.081808822642457 125.35029383389629 264.69367129999955
-0.9858715300801393 1.2443572801638902 124.88882534941638 264.75865689999955
-0.6669630830338065 1.1252660249692474 124.85815862348113 264.8235500999999
0.6868883658912708 0.5957344969972863 125.19024849469618 264.8882013000002
1.149013498570902 0.43513819485361194 124.74650493504312 264.9533671999998
1.6407929093213625 0.31058077980186827 124.85983014817458 265.0185187999996
2.4115360239529835 -0.07955992821409641 124.35978847030374 265.08257049999975
2.687560071913232 -0.1678269704749451 124.7029148538143 265.1464453999997
4.111053322686693 -0.9290775841485392 124.55683130927137 265.2120272000002
4.763043277221968 -0.9351018469206152 123.40226146729191 265.2772223000002
5.481468357324189 -1.3174101731182835 123.39730862020485 265.3420335999999
5.768519741406813 -1.3592514191929497 123.25067883393561 265.4082354000002
5.8229073930922866 -1.7592468653256543 123.69280935893676 265.4739056999997
6.109884596810737 -1.7434396462682686 123.216319662082 265.5387432999996
5.955533482048757 -2.083648089756056 123.72503750164351 265.60382990000016
5.955533482048757 -2.083648089756056 123.72503750164351 265.66810069999974
6.167436812263247 -2.1902047350760507 122.9048478331916 265.73424220000015
6.291698475006115 -2.1428081462015762 122.43319774125628 265.7998001999995
5.617079768350877 -2.3274388783977846 123.74712126307539 265.86530739999944
5.414463980624774 -2.244721025553465 123.43013153741629 265.93084799999997
4.223596289023163 -2.1670405219697724 123.8730335263177 265.99636999999984
3.843875378953662 -1.942352045409589 123.5343060855392 266.0608658000001
3.4268693401363706 -1.8896537703583527 123.56180014148315 266.1262797999998
1.617574531152897 -1.5504346817830923 124.04666434962027 266.1915952999998
1.1645321799145805 -1.486436870263573 123.89482561303997 266.2563736000002
-0.6651882670434404 -0.8432585638497965 123.96465441151749 266.3219816000001
-0.9526441936017065 -0.7876111826317036 124.16928981253778 266.3870115999998
-1.1867118245222983 -0.5268403252848939 123.94091794883444 266.4523529999997
-1.7495399970360381 -0.46403078290464284 124.63704293531966 266.51816189999954
-3.5703343897813227 0.2084731173394747 124.88866354666305 266.5838398999995
-3.676534957973203 0.3827651221584094 124.11061824806562 266.64740729999994
-4.391578235976006 0.6863160513053056 124.45198822929645 266.71284490000016
-5.273097727108691 1.1591256790091802 124.89846319143959 266.7766824999999
-5.291533662021109 1.3127284369625278 124.42677827744606 266.8428452999997
-5.537717425350124 1.5436017760756993 124.58738012668361 266.90770650000013
-6.107554202851951 2.180737012416899 125.36222411893341 266.9732302000002
-5.6576998914203 2.4412827786590316 124.22617576606072 267.0382288999999
-5.883892606282551 2.524291605071041 124.77643211099672 267.1035710999995
-6.067566688245151 2.6390392501636857 125.18202072179807 267.16818890000013
-6.019702404547097 2.7019618223519792 125.11866875146232 267.23291509999945
-5.834309988486083 2.6617552950399794 124.70932964938098 267.2982312999993
-4.269043165339376 2.5416493073575275 124.92769437250303 267.36234499999955
-4.191940116657115 2.3431426041928067 125.3916564007099 267.4284788999994
-4.191940116657115 2.3431426041928067 125.3916564007099 267.4939542000002
-3.8503939758506576 2.112978975795432 125.24651836788348 267.55946219999987
-2.134966979396914 1.7174328963342314 125.20780540891954 267.62536309999996
-1.6244901476180758 1.60576501845327 125.00370224349145 267.6918393999995
-1.2963599248157323 1.3278001087038773 125.39174338032139 267.7559838999996
0.5461800503023895 0.6150352120133633 124.81149784573233 267.82137409999996
1.0956540658984153 0.5849331797940749 124.52152393458965 267.8873255999997
1.4356516106798765 0.2404416310590884 124.8480565232244 267.95265199999994
3.303521328959974 -0.33934332788938537 123.61584127507776 268.0180799
3.408335196487066 -0.5580195899641522 123.98785937269416 268.08251740000014
3.753378365153715 -0.7104441518045514 124.36957238794389 268.14797610000005
5.232477827942432 -1.134776999504933 123.40093753366915 268.2132881999996
5.319617915117419 -1.292541832876081 123.7186499482981 268.2795314999994
5.399486286250969 -1.5355311836181698 123.8771426762511 268.3439085
6.0175918778063675 -1.9023926972361158 123.00035027194005 268.41033569999945
6.087900699075028 -1.908738334979771 123.05196422845728 268.4759269999995
6.087538775221347 -2.0134169635970003 122.97351452821788 268.54167099999995
6.044269940890125 -2.0959028635282877 123.23659785473933 268.60773809999955
6.000449380615123 -2.1840607751039345 123.56648943282768 268.67183489999934
5.916164782959996 -2.28153193803129 123.64559556639479 268.7361415999994
5.227182746664205 -2.2805356420043106 123.60168635833179 268.8014985
4.735093537302262 -2.1876656084892083 123.8882411168677 268.8671330999996
4.28231378162284 -2.164897405875526 123.80788704160759 268.932554
4.099880549718968 -2.0631361289996204 123.21075031697887 268.9968147999998
2.3756082874309996 -1.6301565463590384 123.57315945079338 269.06288679999943
1.742765752337796 -1.5506243905119077 124.04182650321675 269.12735689999954
1.204988442108629 -1.5264427752042793 124.30013990444644 269.1922784999997
-0.42474547840418353 -0.8900070370783097 123.75514197442169 269.25727089999964
-0.9526048927067805 -0.7479534454677068 124.32807225819401 269.3223498999996
-1.111020809931233 -0.6473271408160046 123.77634563831356 269.38744249999945
-2.7844733958928956 0.0030123574528739816 124.26626388168398 269.45195909999984
-3.4739820929050325 0.21964478169697998 124.70966196591884 269.51776789999985
-3.7753452665046154 0.3519067371171594 124.87048613299628 269.58268919999955
-4.925740034541448 1.036381733635754 124.83566204221948 269.64848449999954
-5.209301803274769 1.1372485056391586 125.03338265156138 269.7119423999993
-5.154867362477248 1.3218423313133882 124.32345633275953 269.7772626999995
-5.982336260354202 1.9156330354059667 124.78247735907603 269.84120769999936
-5.978623659632582 2.0401136046023476 124.77084609801581 269.9069187999994
-6.0918252696545 2.2719703701195124 124.90578726528015 269.9727417999993
-6.04506154347456 2.2672701697580946 124.94644954816467 270.03856970000015
-6.149763172698854 2.5776489497068553 125.1341789213856 270.10355999999956
-5.822928726989474 2.693730346779679 124.16832413210602 270.1688200999997
-5.987035701832305 2.646514412309064 124.85332926059843 270.2340285999999
-4.964370955689574 2.39285087678938 125.56396106885076 270.29944629999954
-4.610042707609864 2.500863337694625 125.55963745528476 270.36487959999977
-4.048663882011276 2.305359041616375 125.04833683800645 270.42819169999984
-2.417806845406645 1.921832215991483 125.14582126934008 270.49388589999944
-2.2122678645661082 1.6721336323186842 125.16425095612979 270.5592612999999
-1.6347290579686273 1.4932123609716443 124.94952064269317 270.6250786999999
-0.16702578362205855 0.9220201654908465 124.91026977517824 270.69123859999945
0.4577993113175509 0.6311326565487663 124.71339210427513 270.7550203999999
1.1169088695109721 0.5187070247733603 124.43963340058824 270.82075499999974
2.587918712284747 -0.061836943506420994 124.65832178493588 270.88527710000017
3.0586403021862623 -0.34456170878383263 124.48442311853361 270.94943220000005
3.2806376933365584 -0.45807689640345073 124.36234159533352 271.0144411000001
4.644524846527446 -1.0727890347539741 124.22075798687895 271.07969799999955
4.932699788269794 -1.2596466484275906 124.05164153590887 271.1434647999995
5.243923199647625 -1.347986757468255 123.66579395274715 271.20804529999987
5.377310733373136 -1.5476682088090827 123.87490162008851 271.27423329999965
5.993827773293006 -1.8738408927552714 123.41349295494886 271.3385883000001
5.927753039713188 -1.9192439262785244 123.82267216019636 271.4040578999993
5.869878889752982 -2.0448438067612895 123.88913465513065 271.46941460000016
6.247915389820832 -2.2154919699256284 122.37691510414643 271.5337480999997
5.9770912637501326 -2.281327945032644 123.56691880922163 271.5986498000002
6.1452703694230095 -2.1836874904797963 122.76815239677858 271.6647273999997
4.9266236933505 -2.3160102006650267 124.26391041389952 271.7308905
4.940717310714142 -2.251753929370258 123.22686089858666 271.7956261999998
4.593970577258219 -2.1072748623282873 123.20606882316615 271.8603535000002
2.7926000131463837 -1.8348823866787294 123.54309958878218 271.9255020999999
2.384247810775058 -1.7691668785205459 123.62207005813016 271.99177449999934
1.8286387760237588 -1.6329467102566486 124.21735477104589 272.0566140000001
-0.04527230734010601 -1.1872088586282017 124.16558334093601 272.12185559999944
-0.37214920885656966 -0.9607656313680502 123.67869578528101 272.18666479999956
-0.7782699438844602 -0.7581654952983077 123.87247938051576 272.2512435999997
-1.0612720554192094 -0.6497481921525814 123.73962292625096 272.31667879999986
-2.572972360854763 -0.015608154640073812 123.78679097030282 272.3811786999995
-3.4445492082569444 0.2080976322275785 124.88505474595487 272.44698009999956
-4.569183639399668 0.8063159307070454 124.49692898355389 272.5132047999996
-4.821780760605002 1.0472309357735576 124.53776413243625 272.5784193999998
-4.821780760605002 1.0472309357735576 124.53776413243625 272.64328549999937
-5.334935221385081 1.288745349026111 124.82596447843936 272.7102288999995
-5.653032707351862 1.9542649351246528 124.15171110909426 272.7750895999998
-6.17946582447194 2.01843537620666 124.97572514693667 272.83895759999996
-5.814358851209036 2.1964800543529828 124.18160572094554 272.9041669999997
-5.967508023112451 2.413439796223054 124.73603136715187 272.96952770000007
-5.851014400374446 2.5441960655766067 124.41118024239083 273.03459589999966
-5.960117411928977 2.662228072168499 124.71289092281675 273.0986419999999
-5.296038158096934 2.6088133456160874 125.3971104658447 273.1640335000002
-5.116622297382854 2.336405531867886 125.59595980164431 273.2296845999999
-3.6824717514018985 2.1854239321050795 125.01016717558235 273.2952567000002
-3.6091173205105065 2.084855854608728 125.44669558210015 273.3596904999995
-3.3461510298989268 1.987280448187204 125.75926559860048 273.42404869999973
-2.554138436866019 1.8481829391125466 125.08023088172301 273.4893688000002
-0.5758599197003917 1.0018092701058492 124.8537630937205 273.55431099999987
-0.05293932817744462 0.8946956239695625 124.55597225616518 273.61947299999974
1.273278818816884 0.36045874746825834 124.89101553070628 273.6861450999995
1.6636295628407183 0.2626789961918015 124.56047678275104 273.7512816999997
1.979313401054803 -0.08701974539907686 124.9667847933964 273.8165938000002
2.577520237755543 -0.12911009745716018 124.21919494668236 273.88041369999974
2.951636284077722 -0.5938178736980642 124.42474498608787 273.9454502999997
4.546109168182312 -1.0968226683099267 124.41836802881247 274.0111373999998
5.062174299750687 -1.193930696877236 123.8915674493283 274.07603279999967
5.49687007676124 -1.5680737390488355 124.06258476203689 274.1421415999994
5.672571197657447 -1.7409541906462613 123.92952987479637 274.2068733999995
5.872193772323477 -1.9205400315205203 123.87894442730709 274.2728502
6.119233603937474 -1.9784095402599164 123.26885048181849 274.3382646
6.209434289599436 -2.136724545822472 122.97813054919239 274.4029055000001
6.209434289599436 -2.136724545822472 122.97813054919239 274.46834820000004
5.9912155564275125 -2.254427118334906 123.68215433839681 274.5339706999994
5.914449935163198 -2.244613477487694 123.40352350818452 274.6004919999996
5.485745475578632 -2.312506088076075 123.85809540050595 274.66573209999933
4.977244072510828 -2.280222338243054 123.6129741488708 274.73185079999985
3.6145542751770208 -2.0498363841438585 123.99361615208102 274.79620929999965
3.429381163075007 -1.9867817977145323 123.27081440040676 274.86108409999997
3.0057452511431606 -1.89418479869819 123.6057589223359 274.9265906999999
0.8960288770539648 -1.39002549562785 124.29787800731394 274.99207130000013
0.09459797981588025 -1.1775948459808159 124.18910309317337 275.0567567999997
-1.0838252177037049 -0.7171164080197912 123.99317494007639 275.1223431999997
-1.3087112856633993 -0.5252897381859649 123.74054151541182 275.18767279999975
-2.1297127813677506 -0.4012304721283284 125.27075070181623 275.2532113999996
-2.428207381039151 -0.2522965388671947 124.42545016303964 275.31850140000006
-3.9640773927985222 0.4881592334585117 124.50975061719268 275.3816815
-4.380420626786922 0.6366350191472245 125.05710355953711 275.44682829999965
-4.761327122767966 0.9360849322260054 124.44158203951336 275.5123499000001
-5.375473537951287 1.4351111843590494 124.41727011865757 275.5773591999996
-5.780832278988825 1.516487045784619 125.0184320700723 275.6435228999999
-5.843103443100276 1.6847302348352406 124.64721827572455 275.7080464999999
-5.720288505673025 2.264768484511331 124.06186105132136 275.7742696999994
-6.110334424555944 2.370218656568907 125.12046167546384 275.83860730000015
-5.851014400374446 2.5441960655766067 124.41118024239083 275.90461979999964
-5.987035701832305 2.646514412309064 124.85332926059843 275.9696391999996
-6.129637517922625 2.600266677129867 125.44873155918235 276.0360621
-5.6208629924574325 2.610776974657192 125.11812776558284 276.1025372999993
-4.524911424207893 2.339846369808737 125.51984574695618 276.1668181999994
-4.115535227757277 2.1574408095010496 125.5431425506471 276.23301509999965
-3.49687360401488 2.1431811403871004 124.71833797420514 276.3003447000001
-3.3023256421424136 2.049099624924349 125.17599898571683 276.36512669999956
-1.6184524988044444 1.3560729647433178 125.21418236207435 276.4304459999994
-0.2718243577622985 1.4261253472373285 123.65834793505329 276.49621059999936
0.8095574164621056 0.6326620679780804 124.7352928021592 276.5618816999995
1.34797318474849 0.38305859795591835 123.82333268529719 276.62729690000015
1.5631397541006535 0.29947133578964974 124.74609449963106 276.6928659999994
2.135033052674089 0.08151330966693737 124.52127766943934 276.7575304000002
3.3702376309313777 -0.6629082587745456 124.2484664537687 276.82314769999994
4.292078117137265 -0.7221406571188695 122.94012185239222 276.88775819999955
4.3169244425759175 -0.7063157117842431 124.28199081900668 276.95473409999977
5.355639711438059 -1.3483687993008222 123.81079061668058 277.01875539999946
5.30030643012627 -1.6108092028860277 123.92946427741558 277.0845024
5.500420977196455 -1.671948494052942 123.87851522026646 277.1497277999997
6.165001596381096 -1.9507198315195287 122.91463359986741 277.2144373000001
6.111532149406557 -2.0741664838620553 122.96863959421538 277.27912729999935
6.084881726117004 -2.1367516621567546 122.98492185184404 277.34587529999953
5.986084956307735 -2.2452367858833178 123.44708282593858 277.4107531999998
6.082240351888153 -2.2601066898444815 122.9962799180967 277.4760317999999
5.98589774286485 -2.198266644044085 123.00641419964053 277.54012950000015
4.609844426459951 -2.1875498559599054 123.8939410257572 277.6047343
4.108883632338653 -2.1870229095709197 123.9163754764428 277.6700192999997
3.6710719076071285 -2.049395293141366 123.93476606916344 277.73571230000016
3.453504001245136 -1.990458523067772 123.34466012131269 277.80119509999986
1.5520521025404577 -1.5607414050492432 124.05772593414122 277.8669804000001
1.142561194359054 -1.426260252145604 123.88871661179537 277.9330447000002
0.7100967935690363 -1.2549437747649335 123.64956574857327 277.9990643000001
-1.1028280674617434 -0.7038109600150273 124.434340560691 278.06412610000007
-1.5067001458826823 -0.5183400706794634 124.45525112787853 278.12942979999934
-2.006411651942699 -0.35545516229378404 124.84479140016892 278.1939499
-3.4310465046975054 0.2579013431011292 124.3032126829697 278.25807879999957
-3.935634297207507 0.4098824750476498 124.86104043889264 278.3239856
-4.103913654727336 0.5483135283129151 124.5181823490398 278.3887751000002
-5.1871414087119305 1.1813220309257113 124.48424722783821 278.45325349999985
-5.5812714235860525 1.3297961412774502 125.16668691763435 278.51944399999957
-5.509640064995509 1.4567126265906893 124.24450404554914 278.5851021999997
-6.155375971116321 2.0158143450705577 125.04755939139359 278.6491748999997
-6.033175891830211 2.2337555705611893 124.50420115351467 278.71530509999957
-6.236506847189354 2.315932816426786 125.2008008428124 278.7800523999995
-6.084995109817179 2.456552108940162 125.06009643164818 278.8469613999996
-5.412791744402128 2.6660416098699575 124.64671011098054 278.9107439999998
-5.331053943891128 2.6598881024152856 124.69451948725094 278.9758297999997
-4.559237313287497 2.502096752731503 124.83590656983407 279.0416543000001
-4.671813482326016 2.309160164985381 125.98105996068811 279.1063871999995
-4.021266962791209 2.1811882224930272 125.08463823443677 279.1726417
-3.729415833235599 2.222170709329908 125.32534755500316 279.23856909999995
-2.1725976207387987 1.67134436471015 125.16191227920385 279.30431450000015
-1.681737780749934 1.4251765613612826 125.04625123984614 279.3713523999995
-1.028124023120185 1.4033248107991527 124.56694741167921 279.4369872999996
0.46801945334858175 0.625013055322825 124.82947771608997 279.50153150000006
0.9750089440026954 0.39411516102667055 124.5807261753004 279.5667132999997
1.4330636617844732 0.22351356179750526 124.97489795554966 279.63149129999965
3.164283968135173 -0.3788959408508925 124.10317030041008 279.69727950000015
3.2588964479094003 -0.6523549634492158 124.93802214968808 279.76186869999947
3.746841603005606 -0.769409860762517 124.15781532658598 279.82645669999965
5.16128989021103 -1.229227358728062 123.57375069627176 279.89210269999967
5.2768328224358 -1.4113692038230097 123.87194373203117 279.9577116999999
5.559164901419493 -1.5233679518534897 123.66837036916232 280.0227531999999
5.840589837855568 -1.88010266786284 124.16911957237271 280.08758599999965
6.317405176992956 -1.9232342078052076 122.71877378349954 280.1523281
6.127935256454407 -1.9770574735187791 123.29466168649903 280.2178292999997
6.048102900245013 -2.2473905508295724 123.61808349905202 280.2831046000001
6.031709070359348 -2.314786401399292 123.50799329359909 280.3491785999995
5.97958183803599 -2.267139455408441 123.64097503714669 280.41245269999945
6.159683944229066 -2.197285100334321 122.93750203661435 280.4797079
4.736647836278827 -2.1456960030074708 123.64424639343875 280.5436394999997
4.288417377784533 -2.264580120900341 123.85617830950925 280.6089366999995
3.8650574656405965 -2.0500239221792227 123.9829276021368 280.6743599000001
2.18892494101042 -1.692240002618011 123.99799136984169 280.7388069999997
1.6631842220641389 -1.611378994986369 123.88138501132394 280.8033091999996
1.263248683797194 -1.473304105838106 123.65494196410317 280.86889840000003
-0.5266938121384328 -0.927559150954903 124.19339932417763 280.9334788999995
-0.9526441936017065 -0.7876111826317036 124.16928981253778 280.99857129999964
-1.203635203558342 -0.6054896716829903 124.05242311747662 281.0634190999999
-2.9865604879156464 0.0583584508931595 124.45277181279998 281.12997259999975
-3.675579596810543 0.25752341976004267 125.04980973178942 281.19506360000014
-3.8114636148350627 0.3715461007271281 124.50052966235944 281.26056569999946
-4.837464413583312 1.0103111780294718 124.30911159442539 281.32642549999946
-5.389560927038012 1.1285284277694663 125.14925512520698 281.3920380999998
-5.389560927038012 1.1285284277694663 125.14925512520698 281.4575258999994
-5.963374033604097 1.9246223169809964 124.66336136777697 281.52281779999976
-6.135190256979321 2.069008061694798 125.13194378745948 281.5881165999999
-6.162250876215772 2.185106104551266 125.27128179765673 281.65335139999934
-5.593943320096329 2.575064655783354 123.80694717260324 281.7196634000002
-5.593943320096329 2.575064655783354 123.80694717260324 281.8008960999996
-6.2073613080319845 2.596629626231455 125.55917886194634 281.8656026999997
-4.979882955373029 2.5972036766126827 125.45846497446713 281.9292541999994
-4.527239293510576 2.406662141918743 125.34608101485203 281.99341079999977
-4.145423772730247 2.4054792973094328 125.32696922585193 282.05927710000014
-3.358367911406205 2.0578589246492553 124.94599653852048 282.12452889999986
-2.8901159760186914 1.9874904368005728 124.9143299317246 282.19090979999964
-2.7173943474461595 1.8947521578131556 125.45074099974788 282.2546493
-0.3831687007712219 0.9523033979546798 124.558309138911 282.3228021999994
-0.45777364761899975 0.7832339642391837 125.11260118132897 282.3876034999994
2.0240050265987932 0.3455374206061649 124.25841438555598 282.4532786
2.650386662370238 0.0414427609822815 124.07765988096122 282.5173937999998
2.8368390473234726 0.11932909832539629 124.17730711908143 282.5842107999997
3.125916907805447 -0.16467464682556165 124.2303971264763 282.64986039999985
3.408335196487066 -0.5580195899641522 123.98785937269416 282.71571499999936
4.577666566516179 -1.056698456546698 123.93528211825118 282.7820780000002
4.880207679886887 -1.2990276224405384 123.88075056644993 282.8468779999994
5.505919089239619 -1.6529693780077843 123.72053941171194 282.9116342999996
5.924771275748704 -1.6792918381226971 122.75485478135201 282.97612070000014
5.7922126402992475 -1.6956366195904016 123.4745279990591 283.0410132999996
5.757605261209264 -1.812332995830697 123.54712879238834 283.1070332999998
5.866967153959976 -2.225235640224229 123.29511216564471 283.1708638
6.149003308563586 -2.1391908002160207 122.53405187610181 283.23716109999987
5.862986219172939 -2.207418984018515 123.2296519203354 283.30103059999965
5.670377236798778 -2.2923468485548137 123.864210981508 283.3674597999998
5.561661418241208 -2.253166059998578 123.20390942304088 283.43061020000005
5.117847200047983 -2.2601222991409498 123.7154599204026 283.49598009999954
3.1080802096286746 -1.9584285568022546 123.59739117426582 283.56054609999956
3.1080802096286746 -1.9584285568022546 123.59739117426582 283.6267435
2.5132093051914666 -1.75586014539177 124.13618442356072 283.69225089999964
0.920529814620501 -1.3490219716535456 123.78036672849638 283.7574513999998
0.42496143993061963 -1.2726629535272178 123.72669200870276 283.8229646
-0.10281986838187152 -1.054489015057427 124.15076805176915 283.8896089
-1.5998436591920608 -0.45364177108382897 124.43388318869579 283.9545201000001
-1.9701169478200526 -0.3642576742630175 124.05061833330682 284.01918829999977
-2.4470335316771497 -0.19367766994962876 124.44014396879433 284.0844712999997
-4.141522324137632 0.4534341594231822 124.91533518967522 284.1488825999995
-4.512746710057378 0.5981786261284803 124.72159393938969 284.2140677999996
-4.536555997548469 1.006277034752898 123.6400908354467 284.2803090999996
-5.605118569783848 1.4077534497148338 124.88384796617669 284.3439908999999
-5.674740568915922 1.6120631026109633 124.45055168447135 284.4096419999996
-6.025352227289254 1.766851921131337 125.00151711265798 284.4740471999994
-6.047593131217624 2.34408756676124 124.6837197124174 284.5391161999996
-5.935090175987156 2.425956326120888 124.37332190092754 284.6044450999998
-6.221555111427605 2.5561965086269183 125.32734002084847 284.6695202000001
-6.146441983653801 2.624214011307868 125.04784322543617 284.73502370000006
-5.918428982907933 2.604196408500812 125.38741890178161 284.80021810000017
-5.531368169905193 2.6689108352129045 125.17955973023246 284.8661499
-4.145863620862549 2.27299729813164 125.69711382461632 284.9319265999993
-3.917070223043389 2.1722813099894296 125.28744055260421 284.99719709999954
-3.481110227500835 2.076350730319085 125.55977488629443 285.0626586999997
-2.758589306837152 2.0579458345295696 124.97584321997718 285.1281571999998
-1.1295292477632657 1.3902996814891895 124.68774864777275 285.1922490999996
-0.625351093494686 1.1643812694798805 124.9720173589246 285.2569678
-0.20683071832887379 1.1091770659532743 124.83813200335234 285.3234493
1.2420582465182406 0.39234985512709997 124.42993772682081 285.3886047999995
1.4687408147576164 0.08234378044563706 125.22061547231748 285.4548851999998
2.262010302143345 0.08554369862434763 124.51025079548785 285.5194187999996
3.578945018280095 -0.6171635755022786 124.53648547292043 285.5848470000001
4.06299583842214 -0.8138799666534997 124.07448469762033 285.65012659999957
4.409871322565884 -0.9146827349823221 123.87137490588086 285.7149674000002
5.481115795287373 -1.3483647522612943 123.80386376796473 285.77929029999996
5.49062503646379 -1.6956640438449644 123.53158477116311 285.8457963000001
5.8600337002846885 -1.5873740152747087 123.14332498492753 285.9099785999997
6.119233603937474 -1.9784095402599164 123.26885048181849 285.9754379999995
5.874664462274197 -2.0668033468386926 124.01497424964761 286.0411845999997
6.042174014936052 -2.2194606373755272 123.24601061095609 286.1074343999999
6.124692760583322 -2.1007551750667153 123.30831682671663 286.17232839999997
6.039461008850992 -2.2445677188230286 123.39674183465009 286.2376359
5.6730940230693605 -2.2975297180082292 123.85558252282395 286.30265249999957
4.477021879218434 -2.2080666981140666 123.5545362159504 286.36950650000017
4.037797411035719 -2.1398809653748736 123.86661288168567 286.43437019999965
3.5458141096563267 -2.0493509309030835 123.94019295185643 286.49970440000016
3.0969658313994515 -2.0127543454625236 123.99034112225581 286.56524759999957
1.4268988768643496 -1.5604639243918328 124.06241441391839 286.6302945999996
0.9145562379489647 -1.3507814301475465 124.06911770260191 286.69580510000014
0.579810986638698 -1.2810336868752907 123.88031157998599 286.76170379999985
-0.9513094237067108 -0.6984114707571947 123.77928651188637 286.8257294999994
-1.470006108542755 -0.4231460285821802 124.15963184179817 286.8909910000002
-2.2102467122409806 -0.39394953515597564 125.14904470507987 286.9569620000002
-3.6842663054896505 0.20638872631513194 124.7777497359588 287.0204520999996
-3.8854016299894027 0.42585726843640115 124.46434546185203 287.08645949999936
-4.421149926457339 0.57223763356891 124.9191536661481 287.1524221999998
-5.226426418322539 1.1836713187954218 124.4900195107902 287.21758359999967
-5.401891873058695 1.4467618146260435 124.3189509122056 287.28181869999935
-5.34256761596162 1.6028764887624676 123.81105440813334 287.3474914999997
-5.86353068961472 2.17196764554025 124.4497369736079 287.41188929999953
-6.04506154347456 2.2672701697580946 124.94644954816467 287.47681009999997
-5.702797239592343 2.4277535279857867 124.27945234635573 287.54240859999936
-5.721152829787172 2.6677602635308544 124.39418808119477 287.60910259999946
-5.788373217843436 2.6463842612002955 124.57553774666054 287.6730886999994
-5.906455743137101 2.6436697649064826 125.08114227635583 287.73951979999947
-5.718212192209904 2.642281022702824 125.70125201850063 287.80294689999937
-4.346384961459044 2.3002314892573654 125.11401441277542 287.86744949999957
-3.6377460285538987 2.25893829681422 124.55275148106307 287.93393990000004
-3.6018883860458857 2.221834346945674 125.31809984645919 287.99827749999986
-1.3749557797305414 1.6032899465679677 124.36877674179388 288.0635443000001
-1.2170443936213147 1.587297605905758 124.60173913512601 288.12885969999934
-0.9114965188011084 0.9848511049733092 124.35310793419822 288.1937318
0.9901744714344431 0.6655224870008186 124.19023511457426 288.2593520999999
1.1889699867339658 0.34493397601993003 125.18547893147105 288.3235020000002
1.5523176992867533 0.1441927654493299 124.59742435714368 288.3895419999999
3.067194278031849 -0.4182886004647741 124.51460607593064 288.45525329999964
3.351542996075416 -0.6054184034259451 124.54250935945589 288.52049459999944
3.881536044595542 -0.8443614410440556 124.35657403235348 288.58440100000007
5.332602597582202 -1.2434032664875732 123.35147984736597 288.65096540000013
5.448632743127284 -1.4299017000089798 123.9212163753896 288.71543289999954
5.626832519025044 -1.5025253831290968 123.39958644861319 288.7808748999996
5.574185431886107 -1.658430140015192 123.83987084969435 288.84551099999953
6.165001596381096 -1.9507198315195287 122.91463359986741 288.9108304000001
5.988648272514212 -2.121418404349223 123.43594241103956 288.9757847000001
6.028962551305646 -2.232314073738909 123.21210750192674 289.0409805999998
5.923331222538721 -2.2677961560853896 123.70116622638946 289.10594690000016
6.042174014936052 -2.2194606373755272 123.24601061095609 289.17151490000015
5.868304246884492 -2.2859478762712007 123.6751154038278 289.23793039999964
4.502869851857049 -2.128286037252872 124.22421258171154 289.3035963000002
4.378194754034745 -2.137157037373796 122.89625581176085 289.3683923999997
3.8080331735870985 -2.0202322174059275 123.52371307947932 289.4346617000001
2.0057021875393986 -1.6908325007295586 124.06690866775638 289.49941539999963
1.4923880587650729 -1.5502396831426544 124.0514631601411 289.5635521999993
1.1387528685273764 -1.4729507889139213 123.6589644570882 289.6299855999996
-0.8542938754094038 -0.8288889367856729 124.4344514038372 289.69481039999937
-0.9438467841835063 -0.7685694809382362 123.95609545927151 289.7606893000002
-1.3534019663350776 -0.47741868037941027 123.98443925166303 289.82602059999954
-3.2067265762500483 0.07122588808381558 124.76682513418885 289.8913040999996
-3.5582961664434194 0.17825329676288515 124.48882182944016 289.9565733999998
-3.6880681494431897 0.46010361409725153 124.03718185761379 290.0212187999996
-5.140506234207038 1.0027206006850533 125.15274855046893 290.08665199999996
-5.173490785572824 1.1831143585716877 124.41055966573524 290.1509621999994
-5.280242464336041 1.3222677979847872 124.32710476869873 290.2161146999997
-5.280242464336041 1.3222677979847872 124.32710476869873 290.2811905999997
-6.116539861848814 2.138661438578611 125.04212664396432 290.3460252999994
-6.1712656476984264 2.26772959704419 124.9504223499016 290.4106743000002
-6.087612387362327 2.396525556931837 124.89283074013855 290.4754587999996
-6.174129741973466 2.6161067196216097 125.19064882942591 290.5412034000001
-6.174129741973466 2.6161067196216097 125.19064882942591 290.60554499999944
-6.101385060726763 2.6197254394721186 125.09308259973464 290.6713930999995
-4.743400696044262 2.409751562563959 125.54420630471489 290.7366652999999
-4.05569448989084 2.4823920710052843 124.43366108848134 290.80118929999935
-3.6321182450625074 2.214194634286059 124.50173745285825 290.8672267000002
-2.848336888770632 1.9067424093175198 125.282693159598 290.93177899999955
-2.5130819357890317 1.808339759645526 125.13368007797462 290.99717899999996
-2.5280547910739983 1.5477768750114773 126.09465760155794 291.0635924999997
0.2300929288451954 0.9448093718037305 124.70013366785389 291.12776119999944
0.6704764600675404 0.4347280198697225 124.82635556610188 291.1940838999999
2.280887688832962 0.018482722440598787 124.34576239708129 291.2587496999995
2.750225381228347 0.05650273597227928 124.03392823095353 291.3235070999999
2.764007229175945 -0.26339973898495095 124.07079873186728 291.3884594000001
3.285771608638086 -0.5406896421447718 123.82111618730252 291.45493199999964
3.488698671125448 -0.3464391958153663 124.26642823464488 291.5208686999995
4.872136435588438 -1.3683680129712301 123.99051170581393 291.5861047999997
5.820538767824999 -1.6785316468842746 123.92133753463457 291.6511154
6.0851899173339135 -1.685944438482974 122.83409065087945 291.7168180999997
5.929921190048788 -1.7949588393541753 123.81315058317543 291.7825624999996
5.872193772323477 -1.9205400315205203 123.87894442730709 291.8478037999994
5.925616823564617 -2.0435461340639067 123.83208244277712 291.91386749999947
5.97958183803599 -2.267139455408441 123.64097503714669 291.9790944999995
6.195875954765441 -2.1785651095155236 122.88464273140616 292.0442919999996
5.654419506281201 -2.218238075620091 123.45429433835066 292.1100448999996
5.354545112570989 -2.2669563211595265 123.66908312469884 292.17651169999954
5.30080896660219 -2.204133427832248 122.80457248558649 292.24318889999995
4.352433271724344 -2.2198911548647033 123.47824587401786 292.30986159999975
2.399380208907175 -1.764623529390633 124.25108152263117 292.3761260000001
2.399380208907175 -1.764623529390633 124.25108152263117 292.4418283999994
0.8987791874804572 -1.305996113614401 123.44367306052315 292.5086143999997
0.22631289291150836 -1.24799072112011 124.13686621938022 292.5740945999996
-0.35128220036402524 -1.0241072435166603 124.38682924807287 292.63901199999964
-0.9201148434215156 -0.757754568861609 123.75913409486324 292.70543279999947
-2.324366343712903 -0.31839149188920257 124.44577225764259 292.7706288999998
-2.4839709349529002 -0.1609824828568579 124.18512255055673 292.83607070000016
-4.187749446204393 0.5238712292505592 124.75336160750882 292.90218430000004
-4.6331218200404365 0.6373551686400628 125.06610175211952 292.9670946999995
-4.132151857565638 0.8063628275540139 123.02823720634663 293.03161139999975
-5.654568144397118 1.5160644151732265 125.01437208566749 293.09782089999953
-5.593497004382414 1.6727140121545414 124.49880512314668 293.1619055000001
-5.916016964955027 1.7569069007240141 125.11169247708892 293.22842630000014
-6.120293912323483 2.0139221345733143 125.05384890053506 293.29412799999955
-5.933913761577969 2.4965050437191927 124.47773130580326 293.36000129999957
-6.083515569461731 2.5240795252838746 125.05664678522449 293.42447170000014
-6.25688188686253 2.6007085942071164 125.45410142753349 293.4901817
-5.926272848812829 2.6512403415507286 125.51676670965706 293.5542624999998
-5.2768667435674175 2.6680550500348548 125.16672891108502 293.62035359999936
-4.935352500653707 2.5923355223945306 125.50646042315874 293.68478270000014
-3.623262466961144 2.1435652980919118 124.72416520262787 293.74904549999974
-3.2979113062565446 2.174005051876818 125.1616547464369 293.81490229999963
-2.4279646105481305 1.8621509344719944 124.9077754928013 293.8789968000001
-1.1649994044266094 1.493796661803366 124.9946397643541 293.9454595999996
-0.9115359642207252 1.0989397875905658 125.24881436089358 294.0102697000002
-0.32886685411605043 1.073207016743583 124.01161751956857 294.07524250000006
1.3193816489795722 0.24743699522732748 124.80163127213898 294.14043069999934
2.076453420999421 0.1147400598872732 124.06722659617905 294.2032546999999
2.4124287499611583 0.0417205786722078 124.9179273857027 294.26919610000004
3.125178896983691 -0.27494423610267305 123.76977155002558 294.33382319999964
4.111808055632984 -0.8135692255518698 124.04332551731869 294.39876319999985
4.427055241010258 -0.923626950401927 124.46912188163772 294.46329499999956
5.768519741406813 -1.3592514191929497 123.25067883393561 294.528628
5.5769283046246585 -1.5342489557129233 123.82829940388247 294.5922800999997
5.833319130185515 -1.731010336427043 123.3222403471228 294.6585586000001
5.92047149916047 -1.7854249853395543 123.62311543614277 294.7230234999997
6.1242347475724515 -1.9538584124787302 123.16612302096785 294.7885083000001
6.083828999492745 -2.155473132318168 123.07028343962122 294.85378089999995
6.1452703694230095 -2.1836874904797963 122.76815239677858 294.91882949999945
6.000449380615123 -2.1840607751039345 123.56648943282768 294.9832557999998
5.7899974459446355 -2.2802890738563866 123.49299679434293 295.0486922
5.416321172384407 -2.28081452746729 123.66769178209552 295.1136676999995
3.8786840035942234 -2.0671985968699125 124.01248809438074 295.17946070000016
3.5588539509236483 -2.019848710557886 123.5333648759603 295.24513209999986
3.1861620729589006 -1.8955023208186597 123.54247911356919 295.31117769999946
1.312022477884497 -1.4069387475984563 123.81881060072843 295.37702889999946
0.7038088645768852 -1.4010427936534566 124.31555051211892 295.44231729999956
0.373115861949465 -1.2101326207748662 123.66441428897544 295.50866159999987
-1.111020809931233 -0.6473271408160046 123.77634563831356 295.57326620000003
-1.6765619384576311 -0.455091717925453 124.40684864702249 295.6378606999997
-2.384514460799444 -0.35461258767543735 124.85832557751068 295.7035029999997
-2.395066516638842 -0.14683666023905761 123.9147833868083 295.76773349999985
-4.082693295857382 0.5475663892240216 124.56161226075761 295.83367139999973
-4.486840882101134 0.6485996788435194 124.93729063725092 295.8971252000001
-4.5561112470939165 0.6890169860250003 124.46041306305398 295.9619385999995
-5.425925240113777 1.4403441541118522 124.38651015572998 296.0264852999999
-5.944978417370358 1.627494191867211 125.37214057838183 296.09202409999943
-5.612328538082309 1.7693934244317306 124.11116134653203 296.15690429999995
-6.123738539807164 2.327821758878145 124.81385508485542 296.22239829999944
-6.00158489232075 2.4125319737748607 124.55233501325979 296.2868778000002
-5.966747894994214 2.49506856486779 124.39062432383551 296.3515847999997
-6.180724244132925 2.6254506803314803 125.0388741308546 296.4192005999994
-5.9394557075405245 2.621099789764605 125.2731663624557 296.4840721999999
-5.447512516786155 2.676329583138873 124.98716452425485 296.5525459999999
-4.175793886990213 2.311395995461263 125.05524391092015 296.6150444999994
-3.794939399011362 2.137897037767951 124.78821285457266 296.68007099999977
-3.5241578043046573 2.146715008018101 125.38183929436039 296.7459764999994
-3.14544211106449 2.023187590139147 125.56685855473057 296.81045149999954
-0.9150333221783029 1.537317229534887 124.3521029040675 296.8751222000001
-0.522853025463121 1.2721203135433097 123.84572974367495 296.94094570000016
-0.6261467286918787 0.8473624941043183 125.26169901726514 297.00543749999997
1.4806439310189319 0.39351990641577517 124.55290233514968 297.0724709999995
1.9188981883678835 0.10667189271865551 124.27769909582808 297.1388968000001
2.530790829823708 0.09409803526405403 123.43209709882694 297.20341180000014
3.517450029776512 -0.6236811063701029 124.61344211811638 297.26929049999944
3.9905773129439623 -0.9389429233218343 124.27284359538261 297.3348329999999
4.628470095993109 -0.8310134798203173 123.61238289052622 297.3991016
5.658646798162103 -1.3367294895262356 123.42340450698393 297.46441179999965
5.6139045964945 -1.5229557701743337 123.6146826052711 297.5297751999997
5.62367675063431 -1.7091436580518948 124.19564426732157 297.59395779999977
6.11434479905332 -1.9508866775181155 122.95659256823903 297.6596897999998
5.748555237292976 -2.0669900140806368 124.02332412701182 297.72471439999936
6.045987687201908 -2.066927183368824 122.89884246800361 297.7904880999995
6.149003308563586 -2.1391908002160207 122.53405187610181 297.85434369999984
5.875259193735815 -2.204370106593965 123.6516871076684 297.9202458999998
5.972351000861018 -2.188940248348856 122.81199052081264 297.9849796999997
4.42182479242107 -2.1466423710941447 123.83138983302726 298.0510887999999
4.0456089120556555 -2.0624220301600054 123.8412080503249 298.1160669000001
3.699531006205774 -2.001916479297173 123.26578406658987 298.18237619999945
1.907144176312464 -1.625747293636548 124.0344043706378 298.24830029999976
1.3055381699257183 -1.508280799241155 124.39863010344689 298.3138291999994
1.0345799282181645 -1.3883070928028465 123.43395521598666 298.3795086
0.3601238349845062 -1.2524607544145905 124.1644966634782 298.44490849999966
-0.9611705396275951 -0.6072898361534815 123.51096977838388 298.5104088999997
-2.3945242785164353 -0.22489077041447625 124.02422904718664 298.57534119999946
-3.3165775812333607 0.1818216970655948 124.43872815520096 298.6566208999993
-3.485218047786887 0.23698096776557176 123.99987900715767 298.72074879999946
-3.477963676054017 0.5239044917760031 123.33216178288582 298.78670559999955
-5.35141997831672 1.1107235874187498 125.50422235824173 298.8515878999997
-5.498054822115414 1.2643889581989076 125.03457146300178 298.91655439999977
-5.413559631293801 1.437352041088139 124.41942491248437 298.98270330000014
-5.739048511680991 1.639606045560193 125.0063145128659 299.04785119999997
-5.974118850800174 2.214084780009782 124.75446037552756 299.1127336999998
-5.913707415849366 2.300291259548556 124.34643703011378 299.1782782
-5.967508023112451 2.413439796223054 124.73603136715187 299.2440665999993
-5.693613910578634 2.675505718679405 124.2514240223184 299.3081836000001
-5.879346550874672 2.648691627718542 124.76252250365548 299.3733623999997
-5.879346550874672 2.648691627718542 124.76252250365548 299.4387187000002
-4.484706656862372 2.344679290611439 125.4028590423849 299.5048485999996
-4.191940116657115 2.3431426041928067 125.3916564007099 299.5700525000002
-4.03957101592998 2.2292848202454336 125.38658591605493 299.6355400000002
-2.576677447649139 1.7865210164110903 125.3190720596935 299.7014975000002
-2.576677447649139 1.7865210164110903 125.3190720596935 299.7671565999999
-1.6398467347923287 1.4806896823131876 124.9463236812729 299.83155869999973
0.6811071589123401 0.661146935851417 124.47684803334256 299.8958819999998
1.0624933542460155 0.5699222891835256 123.95809143582034 299.9612153999997
1.0855609164962772 0.4752980834944198 125.01931979678477 300.02589629999966
2.635517658637383 -0.0736698417312377 124.16005303132168 300.09141589999945
2.988385830498302 -0.3457375897685453 123.71947790579543 300.1570399000002
3.51739325507193 -0.3548351457528214 123.15534833277906 300.22287629999937
3.6649847511489924 -0.5641453277546158 124.01234423253715 300.28833639999993
5.205581590918065 -1.2861731831609502 123.82681617898974 300.3546188999999
5.504922142210177 -1.7180935612096047 124.33424132068563 300.4197663999994
6.009185880147285 -1.7298582093669679 123.27543103592625 300.48493809999945
6.049171566341954 -1.7494377995781583 123.35454727222867 300.54983039999934
6.089737643677097 -1.9269244315519782 123.18075859075554 300.6153807999999
6.087538775221347 -2.0134169635970003 122.97351452821788 300.68107919999966
6.108730571520773 -2.197467755673622 122.98065499023731 300.7466500999999
6.1631626433583335 -2.171617188622 122.7856016852949 300.81134199999997
5.346947800020288 -2.2528897602709153 124.0567177197866 300.8774083999997
5.270869554726524 -2.3406005529377563 123.4193077885149 300.9423152999998
4.860346209780879 -2.18777476236218 123.8825045021073 301.0077836999999
4.484598878326089 -2.187427609470651 123.89960432929978 301.07379929999934
2.412019251192511 -1.7366214619824194 123.85705370025441 301.13715559999946
1.840148869047347 -1.5688773073351214 124.33613060124527 301.2016227999993
0.5633027333019527 -1.28379344899523 124.0532684706553 301.2658759999995
0.17746144432929611 -1.1482423294842872 123.72804659672227 301.3312169000001
-0.35308957493278115 -0.9228455707437311 124.15685692562407 301.3961101999994
-0.824942542706566 -0.8099219334727206 124.2485483359403 301.4620309000002
-2.7674779796120674 -0.07517038031256762 124.46772379285392 301.5271702
-2.7674779796120674 -0.07517038031256762 124.46772379285392 301.59365479999997
-3.383838461517662 0.08911845965101128 125.34416046403149 301.6576739000002
-4.360793956724926 0.7059818035438775 124.26394575469641 301.72306750000007
-4.487480738097794 0.982146021747506 123.84517877954407 301.7893220999995
-5.059571383938575 1.0262228776979314 124.92981312299436 301.8544443999999
-5.965587764205161 1.696157741599039 125.25564272435862 301.92039139999997
-5.7210826007697975 1.9501849645695013 124.23750439764908 301.98554539999986
-5.783675313160252 2.108943808243197 124.40291065478806 302.05138799999986
-6.153581692671011 2.45284930536715 125.1460816789999 302.11591169999974
-5.926903047127219 2.594917471295116 124.55413405006294 302.1818807999998
-6.032795812827118 2.641041794651832 124.90852426856819 302.2473124999997
-5.8383211621839735 2.5984845040782525 125.44210362489954 302.3114343999996
-5.3768656097075365 2.665654131125769 125.42519652836093 302.37566439999955
-4.800611778622034 2.557155888696161 125.05515341498905 302.44138229999953
-3.6138037612160545 2.1330004051010425 124.87623584693988 302.5055524999998
-3.2677492444013936 2.1004701402151795 125.18431512772239 302.57132719999936
-2.947379087167306 2.005215620777948 124.86150648856658 302.6381265
-2.475305365458105 1.7333150709542717 124.95402514230211 302.7032271999997
-0.28286280069086445 1.2369046113391682 123.97505207502132 302.7690892999999
0.0972417595626851 1.0553181319922174 123.94573731095163 302.8347058999998
1.9313241031153652 0.14370353041972694 124.57692583390252 302.89990189999935
2.1380184991852005 0.15309992834550146 124.51360937369596 302.96496839999963
2.4790819789551577 -0.10608893327559299 124.54472582832788 303.0290619999996
2.944281421609439 -0.3160997406756887 124.08520593961005 303.09544899999946
4.389454069181504 -0.7946250262110555 123.86100485927552 303.16002859999935
4.4808918637455335 -0.9796299923698801 124.50985856387216 303.2261990999996
4.725304062357004 -1.21865445954732 124.37184577264209 303.29086180000013
5.8430449412828125 -1.5709881953727636 122.90989387667166 303.35634690000006
6.03288472710944 -1.6723680644246919 123.07490575225692 303.45342639999944
6.2103136215116805 -1.941007296940735 122.917952965505 303.5172940000002
6.295153920749186 -2.066908752962025 122.88421193188098 303.58340749999934
5.999336372728301 -2.1494334966647317 123.72895833700962 303.64860059999955
6.287154509049699 -2.171706498038607 122.78004204021614 303.71343849999994
6.1452703694230095 -2.1836874904797963 122.76815239677858 303.77849759999935
5.746092013370671 -2.1561965984150957 123.2053255064522 303.84262919999946
4.250382416238281 -2.1717018151477743 123.64222819669499 303.90763809999953
3.8829806805004736 -1.9924457051867894 123.26828834239537 303.97482630000013
3.374142150515226 -2.033413395443673 123.76099558395828 304.0387843999997
1.7404435192574113 -1.5845006872890828 123.63238517176552 304.1029295999997
1.142561194359054 -1.426260252145604 123.88871661179537 304.1684611999999
0.8162975573254414 -1.3333721118211956 123.7032239402645 304.2346792999997
0.040576360106086895 -1.145447028195717 124.40123790460244 304.3007100999994
-1.456450594251642 -0.5198786952106005 124.41970990763336 304.3672998000002
-1.691583539258822 -0.42550418473854545 124.22548590815023 304.43175539999993
-2.271103787889274 -0.3254690778167917 124.47064380803069 304.49823560000004
-3.6405203329083093 0.42065010609149617 123.83373687251638 304.5637096999999
-4.020565350866626 0.5832880978655846 124.21445404599073 304.6292579000001
-4.383015759511643 0.696895784508173 124.35871478111405 304.6936962
-5.280242464336041 1.3222677979847872 124.32710476869873 304.75956359999964
-5.537717425350124 1.5436017760756993 124.58738012668361 304.82496079999964
-5.719259790994251 1.6731442976601578 124.50290878338068 304.8895058999997
-5.813762788101123 2.301507715779768 124.38245821702144 304.9554307999997
-6.216436591429719 2.3461715136634047 125.58695316273976 305.02074619999985
-5.783020660010536 2.4417509954827317 124.22978294284168 305.0848699999997
-5.996112393991979 2.710044179715468 124.98676647667769 305.1511587999994
-6.0616450254824485 2.6887225449490293 125.16344565801144 305.2160995999993
-5.87087167731903 2.6084492306033127 125.25422346412456 305.2819316999994
-3.9752952042201315 2.476510404970931 124.48662331780655 305.34710279999945
-4.03957101592998 2.2292848202454336 125.38658591605493 305.4121261
-3.668537007646819 2.137504820707342 124.78261497124733 305.47771920000014
-2.1152221837491965 1.596899268612006 125.36481654589998 305.5419850999997
-1.5121627530745911 1.3681946229295598 124.95745136028619 305.60774799999945
-0.8747130575958124 1.4360384582169348 124.79470527133616 305.6741785999993
-0.5131025309745567 1.148899569600134 124.66076709015708 305.73904159999984
0.8449291073864487 0.4345812567909728 124.7941503224034 305.8043639999996
1.2069448308889648 0.25624608163581714 124.70886123229589 305.86988479999945
1.9579220099347623 0.14725171001810267 124.6407141872483 305.9350945999995
3.5133744979093464 -0.5470049248761208 123.8951647934643 306.0003281999998
3.6287055858463617 -0.7039587191373493 124.81057129971217 306.0665106999995
4.31053915094644 -0.8866871041174815 124.0575645821859 306.1307664999995
5.546501145623722 -1.2155052661107026 123.08530369805759 306.1967803999996
5.561045432141874 -1.3993887072121192 123.65990108172059 306.26280450000013
5.574185431886107 -1.658430140015192 123.83987084969435 306.3284199999998
6.025537249341795 -1.9559644520501198 123.44087374124526 306.3931163999996
6.127935256454407 -1.9770574735187791 123.29466168649903 306.45846619999975
6.235976207522981 -2.074191178579773 122.96207473726943 306.52382839999973
5.921442697693237 -2.292200164476089 123.85056036967792 306.5882898
5.926898455736662 -2.3132488008025476 123.90938674908412 306.65386919999946
5.865327111129211 -2.2935040247313307 123.90925155882074 306.7181045999996
4.791952400254779 -2.1208719011649126 123.45231193906118 306.7836432999993
4.295529134437544 -2.186840767360574 123.83304802002142 306.84871119999934
3.85931633251667 -2.06246462025254 123.9227487313718 306.91345589999946
2.2719906510404613 -1.653980328938438 123.80277483350605 306.9794231999995
1.742765752337796 -1.5506243905119077 124.04182650321675 307.04360519999955
1.2436667652224287 -1.4256022182608454 124.05411473876097 307.10900559999936
0.7909662742248926 -1.361673076419661 123.9029715046974 307.1742900999998
-0.9974912992543779 -0.7857549274065114 124.18948208726857 307.23837769999955
-1.2127275278725094 -0.59016620352163 123.74997525121293 307.30422029999954
-1.643431365336177 -0.36301035007497773 124.07002755937069 307.36999000000014
-2.931381996578807 0.05420229579077518 124.32134001708715 307.4350407000002
-3.222168758407797 0.43955477346185906 122.98936815629949 307.49931899999956
-3.849521541466153 0.5202851157245391 124.07284249455199 307.5640102999996
-5.22245265935333 1.1261414672505976 125.13754233510066 307.62967839999965
-5.471028286772373 1.3005988352766367 124.68898773287751 307.69534609999937
-5.8173786756724795 1.7949113204262357 124.56739556940184 307.7605093000002
-6.013371283652276 2.140960316534204 124.96430391261863 307.8267047999998
-6.0193100541624815 2.275859783964547 124.80894416456803 307.89053129999957
-5.752275375186848 2.4318391158788293 124.1760341315813 307.95589029999974
-6.0616450254824485 2.6887225449490293 125.16344565801144 308.0218387999994
-6.032795812827118 2.641041794651832 124.90852426856819 308.0872738999997
-6.0616450254824485 2.6887225449490293 125.16344565801144 308.1535342999996
-5.835228418872212 2.6077567258940215 125.26145410244793 308.21789739999986
-3.9965917065079566 2.5877030658684155 124.47438286094574 308.2842219999993
-4.250348499175885 2.353954139944896 125.38283831275187 308.3487169
-3.460564942971544 2.175761392727041 124.11035101844539 308.4156976999993
-2.0069925129551933 1.8718730710123006 124.69586214549417 308.4788459000001
-1.8186840054625293 1.4640342344489348 125.41210340983294 308.5438323999997
-1.8186840054625293 1.4640342344489348 125.41210340983294 308.6085611999997
0.557523835623833 0.7485183975241243 124.93095903157041 308.67324819999976
0.8769745165526714 0.482267148112987 124.31139105005823 308.7381988999996
1.7742535645343693 0.17923777370195404 123.82320716563436 308.80297100000007
3.2209881307382418 -0.18639142777544793 123.85589930902869 308.86823000000004
3.2209881307382418 -0.18639142777544793 123.85589930902869 308.9336739999999
3.511771711961565 -0.5133994729616047 124.05552752376224 308.9992763
5.082745644560987 -1.1621024708427874 123.82244149738938 309.06514460000017
5.144418130525537 -1.329476409106594 124.12023560624665 309.12966379999943
5.315899319173575 -1.4236407727338771 124.04619402489874 309.1959487999993
5.69708609319769 -1.782530674993259 123.84419641898081 309.26136270000006
5.735075787691564 -1.8438519533637776 123.68112548075933 309.32680619999974
5.844932892049471 -1.9558090242932828 123.50724023785808 309.3923928999993
5.797968096363952 -2.167943128817051 123.84828975456688 309.4566304
6.052226361305877 -2.089985847527403 123.01552442510962 309.5219369999995
5.931934012320895 -2.197726575544453 123.0615431584912 309.5871777000002
5.47891958746029 -2.166105537131552 123.80608581151003 309.6527081999993
5.005895535039663 -2.251911802299728 124.20228026005256 309.7169348999996
4.851738986538258 -2.1396776184803703 123.45757406644861 309.7822047999998
4.330749461167997 -2.144683110398433 124.06099711186364 309.8477385999995
2.215098353099222 -1.7329222283444494 124.04200779912946 309.91233079999984
1.7591076869969982 -1.6317429736573068 124.16979905964445 309.97794389999945
0.3181387406485854 -1.2063036391703972 124.38365009885266 310.0433486000002
-0.05620008164159174 -1.0810688192245772 124.38947889107864 310.11001899999974
-0.5834130610251691 -0.8952247600971266 124.41000739158673 310.1758285999995
-0.8998008424388146 -0.8023529338717934 124.19720129105212 310.2412091999995
-2.826989000537239 0.021386529519185515 124.17301644962987 310.3045513999996
-2.826989000537239 0.021386529519185515 124.17301644962987 310.3698832
-4.593730953157177 0.5673865975892929 125.24816566592672 310.43491939999967
-4.83308910028974 0.6908724433377162 125.13860692374863 310.4998642999999
-4.968126901422465 0.913620030168284 124.84968758907722 310.56498229999943
-4.925580955935338 1.0847499714157585 124.20923364532533 310.63069259999975
-6.00166337681933 1.7639350267946292 125.07377724783053 310.6954490999997
-5.861903759715524 1.9420353512590378 124.35103741019897 310.76098289999936
-5.652914457939893 2.2089580185973596 123.80565235042056 310.82749629999944
-6.127664001099653 2.5153353241183884 124.93128315521223 310.8919785999997
-5.719183455008995 2.575531236175479 123.81145771173144 310.9579754999995
-6.1883993534813655 2.6891707619444447 125.1682819534525 311.02224599999954
-5.40091865101779 2.8007312626475347 125.28034741354216 311.0888229000002
-4.860955602935199 2.6354604009411458 124.8747020798851 311.15384489999997
-4.237035435904929 2.550392439613134 124.09484418132014 311.2201206
-3.424878438365269 2.174361137327381 125.16782796599848 311.28524070000003
-3.091705107999104 1.9243696490042697 125.1785190371613 311.3492206000001
-2.682664277712533 1.911239763828153 125.11854445610751 311.4133863999996
-0.8709567294687872 1.2980190568720942 124.89456563109377 311.4781275999994
-0.40683693036555724 1.0008057313962473 124.83646419311039 311.54317679999986
-0.030060973493569065 0.8438817356475227 125.13291351816125 311.60905939999975
1.684851489164295 0.20357640415112277 124.55559624108945 311.67387169999984
1.9125764585180747 0.012702973874974322 124.64476846415093 311.7395508999998
2.720378246771382 -0.2112837124306931 124.20070175335388 311.8044512999995
3.375090562588184 -0.1159654219746018 123.88247116458797 311.8698409999997
4.561144822911203 -0.8458713576859944 123.5385606020986 311.93384999999944
4.466397615687185 -1.204972222569339 124.1858331322897 311.9992947999999
5.432049380174476 -1.5466904553493914 123.82221692802258 312.0633305000001
5.564783456506113 -1.5913231120859774 124.26315106312997 312.12850139999955
5.961271621724116 -1.6773239164642106 123.22562504675285 312.19438119999995
5.802190823268575 -1.9193216562992501 123.82969761457242 312.25969410000016
6.123487812461029 -2.0548428055147285 122.8434443479042 312.3255788999995
5.999426746545943 -2.100885722450719 123.31635515683759 312.3906462999994
6.1631626433583335 -2.171617188622 122.7856016852949 312.4549105999995
5.854562797969869 -2.267118129736491 123.64668049619759 312.5200522999994
5.639956610820008 -2.1555571124458446 123.04013208913229 312.5858008999994
5.168336283036226 -2.2925328431248637 123.89083604624474 312.64999439999974
3.7456659727520005 -1.986390834837576 123.31865571567175 312.7153073999998
3.058393087102097 -1.9980677472796167 124.34894184972413 312.78029999999944
2.804521324510546 -1.8329967574762946 123.65833993329109 312.84459460000016
1.032954377807684 -1.384916401627259 123.6796728891005 312.9100975000001
0.45339211805085 -1.3128106261700943 124.15581606877163 312.9751833
0.043928545493642446 -1.11204838604535 123.91850629233568 313.0399207999999
-1.5329288077418468 -0.4574253818610363 124.26267038877768 313.1044530999998
-2.1324519130743766 -0.3551786131233028 124.84935452766246 313.16884990000017
-2.2484391994221227 -0.2616532927050459 123.81418024163534 313.2333652999996
-2.9005890603236253 -0.10642258286355522 124.83589295926912 313.29850629999964
-4.380420626786922 0.6366350191472245 125.05710355953711 313.3650725999996
-4.51933944814715 0.6765120125777025 124.53206000612013 313.4296476999998
-4.76564108219538 1.0036953444639622 124.45333534410773 313.49417339999945
-5.2662310525936675 1.6256264534913323 123.60412898073288 313.5594603999998
-5.823988459915704 1.7887452492323503 124.79443886173955 313.6238814999997
-6.054987214170886 1.9611807951653115 124.8775744343106 313.6885752999997
-5.828588383777898 2.428201099481774 124.28415092304327 313.75464639999973
-6.153581692671011 2.45284930536715 125.1460816789999 313.81948269999975
-6.010198466887822 2.524739696304012 124.78112824239291 313.88508719999936
-6.129637517922625 2.600266677129867 125.44873155918235 313.9497486
-5.431822322592282 2.6841097232590836 124.77154279336206 314.01585459999933
-5.427438624022919 2.6314374617955343 125.8741713930942 314.0811087000002
-3.654145167800749 2.168512276009975 124.27164723100502 314.1458077999996
-3.5588848465183176 2.170468617566176 125.17593044717421 314.21139630000016
-3.2266097224443158 2.083826356478642 125.42597820786794 314.2770426999996
-1.4008322326520073 1.4731336869739464 125.11655252069717 314.3414862999998
-0.8749045559610593 1.3205945684153435 124.87079502934174 314.40735439999935
-0.5490304702190869 1.140826628894876 124.6974541635208 314.4714432999999
-0.40115143216562643 0.805278148446955 124.93921229916323 314.53584709999996
1.713908331579077 0.2640005180448489 124.52867491065642 314.60189869999977
2.0633605039766394 0.06387685058129366 124.68414933132507 314.6679527999995
2.5193423339255645 -0.1691348662545299 124.39123019365537 314.7330613999993
4.033476922690333 -0.7636726257362276 124.17847685547446 314.7986286999994
4.284048846431148 -0.7816528258052402 124.32767164774006 314.8629684999996
4.609032813165584 -1.0621095178185673 124.03891885468171 314.92761530000007
5.6399667364262385 -1.4829183538892172 123.27246723675894 314.99256069999956
5.699815660862981 -1.6583308408502533 123.83263152884881 315.0563333
5.77698795623985 -1.741697733922075 124.10896049787479 315.12298809999993
5.874664462274197 -2.0668033468386926 124.01497424964761 315.1888382999996
6.221719894072351 -2.066456612311115 122.84856367454645 315.25446980000015
6.162335136220477 -2.073992218419537 122.92609172736782 315.3192285999994
6.218719420715431 -2.1897343322725247 122.86132477359548 315.38511599999947
5.802178761060553 -2.327612840540427 123.83108425592454 315.4504644999997
5.447499594414417 -2.2380928236857147 124.10892193279975 315.5146924999999
5.175379490241518 -2.3125071839178655 123.94360447819365 315.57968509999955
3.8022354221692254 -1.9874748392136858 123.25697566263773 315.64448749999974
3.234118953314841 -1.9373732231608685 123.9450920765511 315.71082939999997
1.5521500780850346 -1.444246159514206 123.64299554569476 315.7754466999995
0.9664112470712567 -1.4767213601020157 124.48774886850555 315.8408604999995
0.7694823396746671 -1.27273274034271 123.86622102049391 315.9052614000002
0.09244710869935346 -1.139569008860843 124.35970406895873 315.96917909999956
-1.082676085500566 -0.48233070685221624 123.31085591478863 316.0344556
-1.8987420106774877 -0.4027665890481591 124.441232808836 316.1001808000001
-2.147349178086351 -0.27831411348330626 123.99882758606498 316.1663265999996
-3.855316661116696 0.43396892402314324 124.44874380831517 316.2319001999995
-4.408802275565414 0.6117411730645609 125.24398363711158 316.2964570999993
-4.383015759511643 0.696895784508173 124.35871478111405 316.3609461999995
-5.463396809334554 1.3580407157433303 124.7344288508023 316.4259278999998
-5.535586389948136 1.5619648789215286 124.41208064430111 316.4910900999994
-6.053260990396609 2.0179821445845967 124.97180965765472 316.556509
-6.249080745622436 2.3091408253233427 125.26911096401425 316.6231979999993
-5.643617751436686 2.455754680951382 123.77741007876186 316.6886032000002
-6.270540713971414 2.493301410382699 125.39354010181324 316.7530594
-5.9556642786784835 2.7114733046078885 124.698195917732 316.8184419999998
-5.913132599538876 2.6499812413853596 124.75209194727361 316.88320569999996
-5.612144285450391 2.6770553037880997 124.99108653265618 316.94916269999976
-5.1977491255031865 2.6657992880840267 125.40651640711592 317.0139852000002
-3.984167206412998 2.2793623878387406 125.33536436226348 317.0781366000001
-3.8440200760311214 2.1763933116080194 125.18504393711757 317.1435898
-3.5124765020587887 2.0439296102264155 125.23972745398842 317.2078802999995
-0.8733689303971772 1.5872182295684274 124.5263020428771 317.2719164
-0.8733689303971772 1.5872182295684274 124.5263020428771 317.3360097999994
0.1946011492135895 0.6404873210545682 124.71073918144191 317.40106899999955
1.0290219686323852 0.428065389488656 124.87933616123836 317.4650912999996
1.5523176992867533 0.1441927654493299 124.59742435714368 317.53037889999996
2.1365372863042538 0.15709491789873764 124.29400794994207 317.5954707000001
3.3465547914446745 -0.2999507574545761 123.90231105604424 317.6595475999993
3.3260851099181608 -0.6003418571917314 124.42053527311423 317.7256355999998
3.6494811416220188 -0.7824498667963489 124.36023425565236 317.79093399999965
5.315821296927936 -1.3266200347348152 124.27058455657746 317.8564409999999
5.910944600268209 -1.3221409273329687 122.71749417593342 317.92272520000006
6.120001946938629 -1.7043919868849327 122.93240857641703 317.98726179999994
5.993827773293006 -1.8738408927552714 123.41349295494886 318.05146479999985
6.191719335268893 -1.9145303007885235 122.76169846255189 318.1171485999994
5.9946354384828595 -2.038177357515263 123.66132705284177 318.18246219999946
5.925616823564617 -2.0435461340639067 123.83208244277712 318.2481047000001
6.075005726931003 -2.1614503239847607 123.26660982767004 318.31199190000007
5.921442697693237 -2.292200164476089 123.85056036967792 318.3765644999994
5.021802613590012 -2.244918689485051 123.80927723866235 318.44149599999946
4.6603935335137265 -2.182152722314724 123.8554363900044 318.5073689000001
4.174734779115319 -2.1869103114070825 123.98142632842972 318.5738928999999
3.8448569080788033 -2.056643610307094 123.81833166437787 318.63766769999984
1.617574531152897 -1.5504346817830923 124.04666434962027 318.7031186999993
1.220498787689678 -1.5109064030390416 124.05329659347186 318.76686189999964
-0.2104690398199125 -1.0447397759444692 124.17493524437145 318.8308836999995
-0.4598441752649336 -0.8092288752399521 123.5140543757597 318.89619049999965
-1.023059117036901 -0.6889989104322312 124.37979105946873 318.96195569999963
-1.0367261483529546 -0.4858547915361413 123.4793408026582 319.0276434999996
-3.2235841575378856 0.21363198537927752 123.98476373690357 319.0932026999999
-3.2235841575378856 0.21363198537927752 123.98476373690357 319.15795699999944
-3.6014095846127603 0.4064905076672139 124.00251972784947 319.22272410000005
-4.962571000410847 1.0372334390470066 124.65229384030985 319.28759009999976
-5.2104999414560496 1.162511999995527 124.64857744611267 319.35203679999995
-5.461634986734744 1.355473477022699 124.65355541246306 319.4176736999998
-5.803810433263671 2.1322199681415297 124.39861505705161 319.48251119999986
-6.116539861848814 2.138661438578611 125.04212664396432 319.54824539999936
-6.04506154347456 2.2672701697580946 124.94644954816467 319.61418589999994
-5.395379505954736 2.6213190514711364 124.01332515296417 319.67840089999936
-5.712962879038827 2.6116421926448607 125.40606149571964 319.7428003999994
-5.123735929599057 2.723853559608301 124.32696679314294 319.8088431999995
-5.470520127061789 2.5638431523465632 125.99163214072168 319.87265039999966
-4.904747402411765 2.4759292774425843 125.35410709929096 319.9390896999994
-4.3488196881128545 2.4983444196347704 124.9516699810716 320.00300309999966
-2.849701654555389 1.9687813189667838 125.23779812189458 320.06875820000005
-2.2120169188628864 1.9615638455266666 124.45709491183231 320.13382790000014
-2.0736247101813916 1.691431428409373 125.44512649391825 320.19856439999967
-1.466276066604344 1.527978164217317 125.1448243137376 320.2630599999993
-0.1211714873688905 0.8530034873545619 125.09997189577595 320.32927839999957
0.4577993113175509 0.6311326565487663 124.71339210427513 320.39436549999937
0.8119097474851245 0.5495107284591476 124.83232127588043 320.4608737999997
2.8245501692055015 -0.27132298223372775 124.20388738675365 320.5260806999995
3.450928865284368 -0.2704027970059041 123.45242839768554 320.5907433000002
3.3719331022394243 -0.538420411319751 124.24115222933689 320.65700469999956
4.974313762570183 -1.1130915434762634 123.30577567669958 320.7223082999999
5.133581863515985 -1.1749337343391886 123.85719958780236 320.7875229000001
5.299916135935966 -1.4056660757526958 124.14607368764064 320.85267010000007
5.730484029594265 -1.8792144646623807 123.94200908684417 320.9169529999999
6.090211096591133 -1.8901027860217683 122.96205939351927 320.98194369999965
6.11434479905332 -1.9508866775181155 122.95659256823903 321.04643849999957
5.865327111129211 -2.2935040247313307 123.90925155882074 321.11145119999946
5.986084956307735 -2.2452367858833178 123.44708282593858 321.1771947999996
6.042174014936052 -2.2194606373755272 123.24601061095609 321.24169230000007
5.548023746435518 -2.2232683216990163 123.31555711075072 321.3067039999996
5.174328878301232 -2.224829885994781 123.27226246655964 321.3720476999997
4.735093537302262 -2.1876656084892083 123.8882411168677 321.4375126999994
4.312545005675069 -2.1924935495661786 123.93053967789658 321.5023325000002
2.529257677396089 -1.8434284956392673 123.80519869138483 321.56669369999963
2.2530015265394923 -1.7829315289268104 123.79164770892271 321.6312932999999
0.24458420782677592 -1.200312217230463 124.34559510156792 321.69651479999993
-0.08227300805734927 -1.1134929600969568 124.13343862428117 321.76202809999995
-0.738760510645676 -0.8827725802984177 124.26011493836513 321.82700320000004
-0.6705882756212063 -0.7145540589085071 123.41747770083863 321.89105889999973
-2.5363046816156256 -0.16596855962517054 124.2291881692494 321.95605459999933
-2.6737936302993006 0.03786762271906052 123.82758270795358 322.02059869999994
-3.3165775812333607 0.1818216970655948 124.43872815520096 322.08543089999966
-4.581114346724917 0.7956146023368705 124.67785090424456 322.1507830999999
-4.88516145350021 0.9755884386868925 124.79201930810454 322.21711099999993
-4.818753425521777 1.2299719008148813 124.01435385832296 322.28276039999946
-6.008321197325266 1.8439759434362317 125.03195967595076 322.34751789999973
-5.963374033604097 1.9246223169809964 124.66336136777697 322.4140719999996
-5.978569195780153 2.107948118613182 124.67032038283494 322.47950859999946
-5.731287948920873 2.5529760324683393 124.2541593185373 322.54482259999986
-5.9571588563106275 2.5206078536249676 124.87561429831297 322.6100048999997
-5.942106544152132 2.627329656350064 124.93175773398396 322.67596090000006
-5.5589329323357575 2.6197799399423207 125.25847549344219 322.7407078999995
-5.1160778224354715 2.661325841491095 125.53203361385803 322.80577809999977
-4.499584911581145 2.3820976032082495 125.73574413007584 322.87119059999986
-3.835328430671751 2.4657435392104845 124.66521834340924 322.93640959999993
-2.8032816938006206 2.0519172377295867 125.03575421542146 323.0017233999997
-2.5041290517046733 1.857558448922275 125.02235726293007 323.0676185000002
-2.304387445978584 1.705575209945817 125.40953537967847 323.1334310000002
-0.47237841321727814 1.0311732808577574 124.8173922421667 323.1985920999996
0.4379959351319229 0.8975464633486172 125.01974030399381 323.2639617999994
1.1898318186717702 0.6935394880994388 124.68735785625276 323.32974509999985
2.4721043170754697 -0.051544236238990626 123.9305815229866 323.39584560000003
2.6491261731580167 -0.1615737203644262 124.37505461123027 323.46088249999957
3.0714169376292872 -0.3676135048409237 124.72784911232876 323.5258064999998
4.577523466433675 -0.9048728934626664 123.70269910724068 323.5911291000002
4.833837773482067 -1.073535032786446 124.03795376625546 323.65654769999946
4.922541870810775 -1.2362420735095712 123.70635589505478 323.72177699999975
5.69708609319769 -1.782530674993259 123.84419641898081 323.78622579999956
6.075131106324072 -1.677333565602908 122.70570632663762 323.85006669999984
5.872193772323477 -1.9205400315205203 123.87894442730709 323.91538519999995
6.044271225531006 -1.9969649109352545 123.3757952825592 323.98080389999996
6.1452703694230095 -2.1836874904797963 122.76815239677858 324.0458192999995
6.214167432752689 -2.1718910371679794 122.74158208987762 324.11173039999994
5.728228781182352 -2.2901298112339625 123.80017863981521 324.17627099999936
5.429865743428131 -2.2727406552366363 123.69954399835801 324.24011249999967
5.180183685418591 -2.285063573616161 123.62697669491796 324.3048844999994
4.94912641310912 -2.155227520973798 123.0161237485065 324.36879020000015
3.2471228425660428 -1.9015638716893464 123.19559370240569 324.43487259999984
2.793926183327976 -1.8174516732952908 123.61765154885067 324.50023299999975
2.48439412790637 -1.7210727536009074 123.5419297879734 324.56588869999996
0.4983191645186693 -1.2708306206466178 123.76489354442998 324.63213819999964
0.03783053973189965 -1.0966854242081605 123.86602615907047 324.6964505999995
-0.48858842849636375 -0.9393978087517654 124.1209425852762 324.76175779999994
-2.129495605951533 -0.4237954264150261 124.81559172044672 324.82771669999966
-2.4909026038735718 -0.19178045412157474 124.45750771772376 324.89204209999934
-3.319617835634176 0.2745680438052919 123.52094384318148 324.9574513999996
-4.352645175029316 0.5982962103784293 124.80624637741835 325.05505790000007
-4.343116511796687 0.7223670374199044 123.96315646584053 325.12044220000007
-5.4208653737221155 1.3614402739821632 124.54241519548017 325.18602049999936
-5.411063977340426 1.6360387102414395 124.09525106858841 325.2511165999995
-6.041814448977732 2.0361149439200235 124.8425495564772 325.31602179999936
-5.915954917178738 2.1944152144180746 124.25700692127519 325.3799557000002
-6.153581692671011 2.45284930536715 125.1460816789999 325.44528249999985
-6.197606938160817 2.497046833269479 125.29637448322217 325.51114340000004
-5.960266311789304 2.587162235575767 124.71222562504697 325.57653609999943
-6.2696229186747345 2.6357133588740527 125.90314733004077 325.64224399999966
-5.569132345852665 2.6321467877857225 124.97781615819088 325.7082445999995
-4.2805199936506995 2.449040955301133 125.00591463382769 325.77391199999965
-4.107207585411267 2.0825867816571737 125.57907320849083 325.8397725999994
-3.386329964088418 2.194022650275068 124.80611080860115 325.90352319999965
-3.2030085386142133 2.038541124788804 125.32056790759088 325.9695293999994
-0.9828175588517922 1.3721822259962464 124.38531371916329 326.03500410000015
-0.6094507359551216 1.4651569615361466 124.4961379731809 326.10070649999943
0.42317156786981514 0.8962700987236116 124.48300772429069 326.16612840000016
1.0226101963900476 0.3841111103583559 124.62460983790929 326.2316258999999
1.7123893255150193 0.10990182617678068 124.88852229316345 326.29774369999996
2.7131621904438106 0.026609164574062705 123.66932000892315 326.3622310999999
3.5843229203576428 -0.45735104752188094 124.31110755604408 326.4270926999998
3.5843229203576428 -0.45735104752188094 124.31110755604408 326.49161639999966
3.8997695762290903 -0.9568170665187761 124.37387683493608 326.55718799999977
4.370836210556568 -0.8887756926729105 123.6335627527243 326.6220263999994
5.697236447726318 -1.5542417551630567 123.91831550714528 326.6878627999995
5.695218866113912 -1.6784889594949468 123.92728737596418 326.7529439
5.984180533195314 -1.8950328088486104 123.61944374204882 326.8180134999993
5.875896323310549 -2.052484418818719 124.12611151850362 326.8841668999994
6.018321790601348 -2.068073309034885 123.66060141276455 326.9472453999997
5.9979115800023095 -2.273456670004074 123.73581878783165 327.01313539999956
6.244815389462751 -2.1779446768312565 122.84971580727245 327.07910039999933
6.000766252850347 -2.258110750376457 123.33596087952618 327.1439806999997
5.064903975938577 -2.252043170744722 123.22231276506143 327.2098163999999
4.295741284076016 -2.2373085805111725 124.50861578520943 327.27477550000003
4.078829628952299 -2.163154160874664 123.75113430472095 327.34107909999966
3.531143671154389 -2.082969325365779 124.28415558857421 327.4052912999996
1.5065374869290267 -1.5654849937101072 124.07952343882691 327.4701501999998
1.0074225935133825 -1.4400838629291517 124.09172032095256 327.53459159999966
0.519085772325937 -1.3043576126651772 124.14404388822659 327.5998777999994
-0.8915302191942516 -0.7995403688703799 124.28656469110682 327.66438130000006
-1.0750976803523926 -0.6631432276247919 124.16371815843581 327.73006149999947
-1.2624659802546176 -0.4640833336507044 123.7847999960445 327.7941635999996
-3.565516327144053 0.17108259660227887 124.51090187841525 327.8596514999999
-3.683466431468723 0.42325689877650363 123.85028193743938 327.9242703
-3.683466431468723 0.42325689877650363 123.85028193743938 327.9876850999999
-5.140506234207038 1.0027206006850533 125.15274855046893 328.05303619999995
-5.082047946589043 1.202513959726327 124.2967174884484 328.11739659999967
-5.47930636529744 1.4073277473545711 124.88064341977854 328.18317339999976
-5.705315017998579 1.5392039242899918 124.81367155122949 328.2484631999996
-6.23420626590476 2.1811850358002562 125.36631051752519 328.3128925000001
-5.674716159279619 2.3244882386794545 123.9310548789136 328.37873020000006
-5.500406588593286 2.647350392773157 124.74793777651318 328.44224249999934
-5.218312404915629 2.665908999682072 124.37684728097516 328.5081307999999
-5.324679670088628 2.7091837998125943 124.67423165311531 328.5730165999994
-5.1163630669545554 2.471771148349176 125.41824506174274 328.6384019999996
-4.481262884584595 2.5402695831845494 125.14621278537929 328.70324339999934
-4.073227592085345 2.3558052243119336 125.37150369665336 328.7684322999994
-2.548713207791593 1.967288181312828 124.34852543966772 328.83420380000007
-2.445557339965795 1.7834924392793443 125.21882321562369 328.9000305999998
-2.056892810029055 1.5918997264219799 125.23043354143256 328.96485369999937
0.04543158073418141 0.8997162479948362 124.49226394264345 329.0296201000001
0.2677718019491593 0.8055214941797324 125.00710617993104 329.09351759999936
0.679271094856972 0.502804522748453 124.5874174396953 329.15900749999946
1.159654295542289 0.38757854823080007 124.58153471357816 329.2249505
2.8552749443293237 -0.23100904373315723 124.53486561793851 329.29117339999993
3.08925584166046 -0.5260034557620146 124.30579486904205 329.35562329999993
3.4197079697841204 -0.5983634312340333 124.44165936075643 329.42061209999974
4.7966390232602905 -1.1535848292614834 124.26568242486223 329.48590369999965
5.205581590918065 -1.2861731831609502 123.82681617898974 329.54991100000007
5.229947307348908 -1.3424487296960605 124.34552514330964 329.6148052999997
5.886030040364247 -1.774510234790836 123.74829824068065 329.67953880000005
5.950269226039133 -1.8571793134281678 123.81975567810214 329.74547509999957
5.941876898536449 -1.9271042122515079 123.93323925618684 329.81161819999943
6.235976207522981 -2.074191178579773 122.96207473726943 329.8769464999996
6.287154509049699 -2.171706498038607 122.78004204021614 329.94175899999937
6.409171056506928 -2.1243834888210613 122.31640371388283 330.0077345999998
5.4833415745264915 -2.236547241271749 123.26555889342191 330.07338379999965
4.985602443695228 -2.187877209824546 123.87673107151817 330.14006079999945
4.511303368509402 -2.172487379276492 124.34158803624635 330.20492939999986
4.292280083366208 -2.095047727628733 123.55232086198181 330.2694352999997
2.627202512801098 -1.7838298145132199 123.77885740467913 330.333979
2.047045718389022 -1.6755067285167282 123.98495595433528 330.39930709999953
0.30189680284714626 -1.1485933637309365 123.72442653597447 330.4656451999999
-0.2785558539939217 -1.0524215696095764 124.19319901158467 330.53072019999945
-0.7287817585040415 -0.8152300885011519 124.35759781775027 330.5966469999994
-1.134412255425076 -0.7682318623012487 124.45815923291235 330.66003379999984
-2.494990259312445 -0.13717085368845328 123.81209411465109 330.7251067999996
-3.066644404404485 0.04508172234997743 124.50564732669322 330.79072730000007
-3.521012925077457 0.24437371782296397 124.48962991906238 330.8551407999994
-4.598604316942939 0.8092323294593972 124.44016694398788 330.92119939999975
-5.140506234207038 1.0027206006850533 125.15274855046893 330.9859956999999
-5.308217042944463 1.1518347258027872 124.92642020166444 331.0537881999999
-5.978246389023383 1.8977393327955527 124.9406273931723 331.1197827999995
-6.120293912323483 2.0139221345733143 125.05384890053506 331.1867373999994
-6.065789807684951 2.2131397353401794 124.76729139067872 331.25442609999936
-5.86512909076815 2.521577583000502 124.86224851919698 331.31849299999976
-5.372368468996996 2.661136988870812 124.21905956799132 331.3782827999994
-5.490681360854765 2.7082588785125212 124.96930086743805 331.4374699
-5.239925292362443 2.6400118498046448 125.06936890467088 331.5091588999994
-5.346435298080941 2.5105543833865114 125.8642050819693 331.57012789999953
-4.473563854674175 2.5113014460697234 124.63793670974952 331.64354399999957
-4.441958147202243 2.468973355409763 125.3895942659784 331.67005569999947
-4.1429193070242505 2.3387140384517044 125.50179053883157 331.6956365999995
-3.5820467608412514 2.26693484205556 124.71383006484932 331.7688859
-1.8844590741400182 1.6869818366323148 124.83338807817722 331.8344036999997
-1.5074348245927496 1.6494088218278415 124.65548693477845 331.90762709999944
-1.006578172663474 1.2028544160360757 124.56348923110485 331.9729275999998
0.5042160705871908 0.7003776063606608 124.61620974653854 332.03728649999994
0.8731044237706129 0.41828672266296335 124.9042538727755 332.1017261999996
1.4923808878138516 0.22156265206152537 124.29668326999834 332.1656512999998
3.231541252464311 -0.3558720178233845 124.52464930125988 332.2312498000001
3.6147099116709285 -0.5649596701760502 124.04736727994434 332.29652179999994
3.7962936405231176 -0.7229978495879346 124.42949315725559 332.3606602
4.956714352091517 -1.2477676509362008 124.04865443122647 332.42656259999967
5.480225568019826 -1.2582286850255509 123.39732835056603 332.49083679999967
5.530323341423845 -1.3675242641444405 123.38477348145169 332.5569445000001
6.048516046121151 -1.8488334860086018 123.217598183537 332.6218396999993
5.991229351985041 -1.9976196990324468 123.42474528039882 332.6400813999999
5.848606323475799 -2.1070192896453483 123.88751508656969 332.7065599999996
6.111532149406557 -2.0741664838620553 122.96863959421538 332.7721451999996
5.923331222538721 -2.2677961560853896 123.70116622638946 332.8371059000001
6.077345217624725 -2.2685156973114213 122.95670484775722 332.90115419999984
5.81077048413858 -2.299982598634623 123.96527048931272 332.9665071999998
5.602649548119544 -2.2902932625585994 123.80720134527638 333.03097629999957
4.219566319744317 -2.112956211797045 123.96268200337535 333.0972892
3.85931633251667 -2.06246462025254 123.9227487313718 333.1619128000002
3.483642685759115 -2.061974702843621 123.93904172647744 333.2266136999997
1.6720647476696016 -1.5764539675992006 124.27030306550928 333.2909519999994
1.2012306855600698 -1.5081531848307304 124.2408998679393 333.35573849999946
0.6901587484990372 -1.365546957750631 123.98030804102154 333.4198454999996
0.33841093737014205 -1.162480317013535 123.92008926253162 333.4861055000001
-1.0881426017033604 -0.5149256284293731 123.77878848360214 333.55251299999964
-1.8225299744314754 -0.3499910206791772 124.78171819303019 333.6308343999999
-3.3436009355506187 0.173347783141232 124.44622291941833 333.69524