1.871104105683557 -1.153365842277032 125.08539069568067 0.6678108000005523
1.2297613552276232 -1.1814280428126858 125.43687480590243 0.6881772000006094
0.7813784260991596 -1.409781671511317 125.6360216986358 0.6962172000003193
0.3706120532969237 -1.5317945557080237 124.92976015014914 0.731465500000013
-0.049906009763120096 -1.6164640649644708 125.311715422668 0.7645092000002478
-0.49465410178489577 -1.7598162049421422 125.27389178896914 0.7952586999999767
-0.9792428590172904 -1.8438188234696726 125.4276657401241 0.8273266000005606
-1.0735183583409267 -1.9908708941809787 124.54386451482168 0.8601920999999493
-1.649753578359764 -1.986344572187158 125.36411364747157 0.8904007000001002
-2.1546570219500865 -2.1445623465768797 125.73074997010727 0.9233995000004143
-2.23848680298493 -2.1597004245949334 124.70249022502759 0.9554603000005955
-2.8341874106151153 -2.2413074233193737 125.64430251659925 0.9869845000002897
-3.211819110005706 -2.3011060279057 125.35424611875266 1.0172652000001108
-3.4040883511338293 -2.3414601830010096 124.77810569398399 1.0492009999998118
-3.6929774032637965 -2.343451905158717 124.77836914751136 1.0992009999999937
-3.7689496151982596 -2.3013939399150125 124.2848002221261 1.131219400000191
-4.4389112181333275 -2.450123899266768 125.24192574602499 1.163709899999958
-4.244052708308196 -2.375900400322177 123.97905192143918 1.1948702999998204
-4.762773320958843 -2.4632545313494942 124.88850081581425 1.225813900000503
-5.006852086955369 -2.4864981388659237 124.8147788137854 1.2590201000002708
-5.264940492155425 -2.4614194680456727 124.90039760770783 1.2908754000000044
-5.445559423442987 -2.4018249315014106 125.08100692543991 1.322060500000589
-5.343087591474145 -2.284126220256235 124.4973357923584 1.355902799999967
-5.641844780475644 -2.3352058862584943 124.90829589841584 1.386652199999844
-5.772519954829406 -2.2008521723116283 124.99482823898049 1.4182184000001143
-5.687845409129835 -2.106919699969287 124.87538005157798 1.4666575999999623
-5.927375218070594 -2.056461705445194 125.39162599276169 1.499132699999791
-5.544024558710966 -1.8961376702742658 124.53606562565959 1.5294669000004433
-5.732204424230872 -1.8224651147969158 124.98594742373999 1.563205200000084
-5.731469683092087 -1.6974964081201853 124.98217694856348 1.5935890000000654
-5.57743111579849 -1.4786940151463193 124.51394719694288 1.626415700000507
-5.972932843760141 -1.3966549335915985 125.6994972922763 1.6583422000003338
-5.685059999286089 -1.1937838650253805 124.95400224681171 1.6903197999999975
-5.6063910315852254 -1.0629626677821213 125.58931311047702 1.7211758000003101
-4.986625537544498 -0.8161247922058369 125.16772183509178 1.7535697000002983
-4.986625537544498 -0.8161247922058369 125.16772183509178 1.7714401000002908
-4.791225979307015 -0.688536063188283 125.73191844985796 1.7896742000002632
-3.8477746419208714 -0.2920329025193763 125.32336065591402 1.865457800000513
-3.5862772131981586 -0.14370825018555666 125.02380880849029 1.8995252000004257
-3.2155111439277917 0.06166039498207465 124.31227452824365 1.9291351000001669
-3.036896305229561 0.2101679505945978 125.08920140044977 1.9621346000003541
-2.855913653149024 0.41682586338635563 125.82572873344542 1.9949954000003345
-2.4849664835064402 0.5250470906205743 126.14566555690257 2.0276928000002954
-1.800931410679972 0.7393922038362529 124.96499191844804 2.058191199999783
-1.6739448352372293 0.8583013505771956 126.36026543428525 2.0889412000005905
-0.6444469453607624 1.006358984396141 125.27859367333934 2.1231713000006494
-0.6444469453607624 1.006358984396141 125.27859367333934 2.1420969000000696
-0.17615662332496385 1.387872820852786 125.39930017635753 2.15934340000058
0.208664609058566 1.4687928512926245 125.39293664663892 2.2365405999998984
0.5636293963849468 1.8600529587413561 125.83422398962837 2.268238999999994
0.5700314765230132 2.047098258915764 127.10168793384075 2.2974911999999676
1.3107894846577395 2.089459706003269 125.74610443020049 2.330514299999777
1.8356283637502386 2.3446078834642043 125.82495634031268 2.361112999999932
2.1623288297092316 2.4719178612246244 126.35062914786518 2.395249000000149
2.5222917244253864 2.475701170636139 125.98068848974684 2.42577380000057
2.651687153090144 2.50580356481513 126.55246891094562 2.4584467000004224
3.148511929411505 2.6690777562786194 125.92115668660986 2.491565100000116
3.148511929411505 2.6690777562786194 125.92115668660986 2.5097694000005504
3.051252673542457 2.608969332551088 127.00941170407279 2.5271762000002127
3.929056703451991 2.6894197886342206 125.86877124149906 2.570266900000206
4.246462300427531 2.857069683705516 126.12818365174344 2.60442090000015
4.542978792059017 2.715570807181023 126.88305447521142 2.667637000000468
4.66464673166319 2.830353503825332 127.23281954130766 2.700001500000326
4.975179748583258 2.546045970692757 126.71423126455194 2.7302349000001414
5.057310485691822 2.592268590446295 126.87085889085812 2.7616948000004413
5.428697069339528 2.4452478630002608 125.77688974598986 2.793643800000609
5.573831672923539 2.3907643072463842 125.87152749135235 2.8247928000000684
5.543551376194564 2.3582462485714277 126.37938459270282 2.8590694000004078
5.543551376194564 2.3582462485714277 126.37938459270282 2.876737100000355
5.679408646240688 2.173163574247329 126.26358970615046 2.895991800000047
5.7377717073125964 1.9983596647718094 125.61836007306923 2.9370261000003666
5.719552334526767 1.855857978833614 125.86539449143727 2.97073730000011
5.7243285426306585 1.6676885726819286 125.61556754385825 3.0024812000001475
5.932836759158832 1.5449485340035378 125.93741978448159 3.066907500000525
5.928543133923505 1.2847263723145081 125.16276589610194 3.097455000000082
5.752812692860054 0.9892914053429398 125.56230078061894 3.1305239000002985
5.67287823772007 0.8419500367712581 125.71016748676008 3.1630878000005396
5.535517053041637 0.7573287373186741 126.25995842490236 3.193161300000611
5.424734409870922 0.620921721365003 125.38942381565424 3.2260486000004676
5.424734409870922 0.620921721365003 125.38942381565424 3.244260000000395
4.949566380585587 0.2580718126968088 125.51759544077504 3.2630862000005436
4.614168199268796 0.1569211785698008 125.80208590527836 3.3080648000004658
4.125631561189188 -0.06032729277502202 126.02528596040446 3.338675300000432
3.8260967740648013 -0.2492135107276897 125.32407219628419 3.3713576999998622
3.429410850871868 -0.40907492607576945 125.59828855481983 3.4019036999998207
2.7798400960594734 -0.6954074845967816 125.28514623668343 3.465640700000222
2.3800490164444454 -0.8406789707286128 125.53003913357833 3.4977994999999282
1.72451311975518 -1.0774996962410563 125.87081239477271 3.529443500000525
1.4351180052248722 -1.1597056687291065 125.53263951607666 3.563100000000304
0.9741776627995549 -1.3252438836938505 125.3219329189483 3.595683300000019
0.9741776627995549 -1.3252438836938505 125.3219329189483 3.6138387999999395
0.25544624012334793 -1.4549545802816337 125.87718810395194 3.630821400000059
-0.013625895086626372 -1.5720234007408984 125.17723769994782 3.6726629000004323
-0.5793887722056539 -1.665966831001982 125.71035447559726 3.707134700000097
-0.8822904636701026 -1.8044254786244336 125.3766929047133 3.7390549000001556
-1.2243736267539873 -1.9749291970804528 125.64886079925 3.771435100000417
-1.3170090343584988 -1.972133189331534 124.88089017864935 3.803418800000145
-2.1782439951587875 -2.1587758441049405 124.78457967413382 3.8669528999998874
-2.7158669363117767 -2.2551778379196956 125.45919391079782 3.8996462000004612
-2.9206059528886428 -2.2646863426025607 124.82684952766509 3.9293956999999864
-3.32854739133537 -2.464461169014918 124.9424759322673 3.9616012000005867
-3.32854739133537 -2.464461169014918 124.9424759322673 3.98112300000048
-3.674231687938267 -2.376864378886283 124.92025634779826 3.9997019000002183
-3.9554168520502913 -2.478813180647161 124.62741812641161 4.043056500000603
-4.250749393629945 -2.4347603560291 124.76235277573382 4.076166599999851
-4.546324787951178 -2.4668923217011605 124.86851080608798 4.106667300000481
-4.762773320958843 -2.4632545313494942 124.88850081581425 4.138492200000655
-4.91194993324978 -2.461172566756258 124.82226420241932 4.170577800000501
-5.124533603294346 -2.470955346350769 124.78291323433282 4.203393900000265
-5.2982258488260925 -2.3946180078626678 124.26353708025582 4.265207100000225
-5.641844780475644 -2.3352058862584943 124.90829589841584 4.300020300000142
-5.214806149421875 -2.045944872187852 123.49296534038481 4.329244900000049
-5.214806149421875 -2.045944872187852 123.49296534038481 4.346037299999807
-5.827158816353162 -2.14127735738161 125.16887691426992 4.363584000000628
-5.588166773040527 -2.024680122206989 124.55431549292808 4.410479300000588
-5.58698139095268 -1.9001475534152976 124.54918919690752 4.444778300000507
-5.542510045001997 -1.7715755600642904 124.52993809664767 4.474844100000155
-5.584558136239551 -1.6510976565363382 124.5387967637565 4.50741300000027
-5.8862183352873245 -1.551572801733347 125.38093135899695 4.538069400000495
-5.559865015660705 -1.4134941040750162 124.53307717061807 4.570459100000335
-5.622220714508089 -1.1761295050506222 124.75449591471019 4.604105600000366
-4.93408078943893 -0.8136625721106426 125.05830125723818 4.666697700000441
-4.606141937817917 -0.6259134534038268 125.52429558548938 4.697164400000474
-4.606141937817917 -0.6259134534038268 125.52429558548938 4.716157700000622
-4.126863782855551 -0.5623961415953217 125.53480668844317 4.7347946999998385
-3.8298837144571394 -0.39182049949265785 125.27248206377523 4.778529900000649
-3.314685695456774 -0.1650126034059054 124.6210660856318 4.810275800000454
-3.043569730867546 0.03578655020448929 124.28428573055403 4.842357300000003
-3.514419623148271 0.06377516795057558 125.98219990674076 4.873772900000404
-2.832606169786544 0.3114779622775596 125.69172318295414 4.9054127999997945
-2.404480933918201 0.6245031188309532 125.89709571772988 4.938367300000209
-1.8028475837863525 0.7127946779971907 124.96689211334824 4.970043500000429
-1.7923716917945143 0.786503067484398 126.02997307469518 5.0024694000003365
-0.7760596728694509 1.2585375386263196 125.65689872151984 5.066293800000494
-0.7760596728694509 1.2585375386263196 125.65689872151984 5.084054200000537
-0.592177219756671 1.2392017938653268 126.09786001190962 5.101737500000127
0.4105350665054104 1.609057925340149 124.72303222637602 5.1470531000004485
0.3356538450291282 1.8540077366838608 126.75109652591237 5.177257700000155
0.9661456856671435 1.7825642788308556 126.06920103416353 5.20940630000041
1.2312616328504689 2.119987927826382 125.79803136049748 5.243038900000101
1.8664294383010827 2.239847233007866 125.93342255998368 5.274021199999879
2.468041888508921 2.415360562215193 125.57678716749055 5.306452800000443
2.4411107538774175 2.646155171297029 125.96282323923602 5.337568300000385
2.412424263627436 2.2489748097867492 127.15186371360329 5.369928600000094
3.522305429436223 2.8492652940744803 124.82778261423101 5.403358999999909
3.3327416109770454 2.8367774252154434 126.33706074528142 5.433885600000394
3.6165849376071932 2.638324543712978 126.41764356591614 5.467633600000227
4.219618475278303 2.8769143115773748 125.68021011381938 5.514697800000249
4.463602315735706 2.9413712716565175 126.22309078495583 5.54652040000019
4.463803346578459 2.8236734726187365 126.73670609029372 5.579396199999792
4.81160815538572 2.9143717621152625 126.13219006298479 5.6116735000005065
5.075918841201407 2.9147214938181767 126.66256262938533 5.6429179000006116
5.139212117222314 2.709963385486105 126.86312614452255 5.674687900000208
5.220084263291987 2.617323990936757 126.32726843053597 5.7054667000002155
5.309865709534932 2.4559020891734376 126.1875854291313 5.7398220000004585
5.387341581983534 2.32469384788097 126.2079566747643 5.770742300000165
5.4050755879144035 2.342764784946309 126.79965286515058 5.802600800000619
5.417381114783609 2.222061988598674 126.47314730773621 5.834274800000458
5.470863174159852 1.9600187568897622 125.86589287164662 5.882448000000295
5.501073164909677 1.8171319021662837 125.77294387038926 5.915124400000423
5.3613424592986405 1.6084970790195006 126.08373750954935 5.946314900000289
5.355472200401401 1.472783346502267 126.28987503194215 5.978830900000503
5.438413882159182 1.291654688009786 126.02879640053682 6.010177699999986
5.435301089499411 1.102519391264405 125.94944861804028 6.041673800000353
5.4613532471682475 0.8849319663718969 125.64914723233733 6.073778300000413
5.617771949225052 0.7370137729566929 125.24879317222803 6.106472500000564
5.246592771741646 0.5337166142362455 125.96116422118591 6.137250599999788
4.868234324673011 0.28051367060092647 125.9614557533793 6.169088100000408
4.692584560138016 0.1079649880049125 125.27254181628284 6.204822000000604
4.426724340055827 -0.1394717933967088 125.35667524624036 6.2508426000003965
4.056280887374193 -0.20204214915077479 125.23991263639486 6.281973099999959
3.583664775153977 -0.27468016035998855 125.742841710519 6.314371700000265
3.342941422556571 -0.48633741264554964 124.8591143201051 6.346122500000092
2.7971498566303765 -0.6791399969570598 125.35722184594142 6.3777430000000095
2.3024906600413573 -0.849692623765749 125.38433068155308 6.4096745000006194
1.7865437619712523 -1.1035254960985643 125.70567492944606 6.441754100000253
1.4842136530962122 -1.1820812367478877 125.42299670161769 6.474551500000416
1.1695993770919557 -1.1748514604065026 124.76314998260533 6.507083100000273
0.47719687476615036 -1.4125131167546114 125.67312167209596 6.539164900000287
0.30570697475558717 -1.507062030976185 125.00031497184091 6.586182300000473
-0.24110901669371998 -1.7077054517673904 125.2780290708769 6.617444600000454
-0.6878293450428217 -1.7423137747227075 124.95898897260071 6.650725299999976
-0.9860321716420017 -1.7919470791519996 124.899637833746 6.68305220000002
-1.205583350714008 -1.9414501648004738 124.66291044487679 6.716768199999933
-1.9899432512143989 -1.9360763171276418 125.893245604105 6.746639200000573
-2.3414152206347154 -2.2390599320276783 125.53157027861187 6.7781230999999025
-2.451885050972791 -2.23525693759935 124.58523481238866 6.811316100000113
-3.01143153454737 -2.237510501043534 125.31452773064663 6.842714800000067
-3.3243118245453402 -2.32725409520833 125.12785100539212 6.874834100000044
-3.4148406449372857 -2.3387764899496477 124.41505149799706 6.9060208000000785
-3.910996139382 -2.4614525444690245 125.0832263118856 6.9544175999999425
-4.351312377648682 -2.438797756107072 125.28668853249219 6.985926800000016
-4.181554127754239 -2.382244231618895 124.10543381975101 7.018567199999779
-4.781528752061973 -2.4464375701200027 125.2657573330108 7.051710000000639
-5.082090025202476 -2.4386499710433367 125.36851001004692 7.082241900000554
-5.033025878898208 -2.4292066268344716 124.58083142411338 7.114772599999924
-5.264893974535923 -2.3766999257495325 124.73153531679453 7.146690300000046
-5.3092884990444915 -2.302630465507082 124.52270759937949 7.179237199999989
-5.465351680207974 -2.2741739477442366 124.56170294519526 7.209162900000592
-5.39580383012045 -2.1169716805314884 124.21710020029178 7.243093500000214
-5.73360782806558 -2.072407765901335 124.99330771582937 7.274483300000611
-5.626618362381905 -2.0509018762009306 124.6099672172143 7.321709700000611
-5.58698139095268 -1.9001475534152976 124.54918919690752 7.354351300000417
-5.488857284279284 -1.7735754516315327 124.48535730880937 7.387438200000361
-5.605882799848224 -1.6979207977818445 124.97945886357383 7.419181199999912
-5.288949081552111 -1.523271615028253 124.51131524282754 7.450315600000067
-5.395122459737401 -1.3403630716185155 125.10253576582566 7.482234699999935
-5.369926742304287 -1.2443817673064448 125.3971078021148 7.515034800000649
-5.225078074769883 -1.074347653044228 124.95114052825708 7.545954300000631
-5.200119707100853 -0.9613257331503743 124.9451529990255 7.578757500000393
-5.318302334468228 -0.8513521792098119 125.98993329556241 7.610664900000302
-4.358473698455576 -0.5249461792638143 124.63267330590845 7.6412350999999035
-4.233625236106995 -0.4014906290447148 125.28932823268119 7.689845400000195
-3.869080925253158 -0.33385123996729693 125.03668794690887 7.721462399999837
-3.5832802991316868 -0.07325871700347186 124.99300094437088 7.754998600000363
-3.150859135204655 0.10345647461172847 125.14904117971714 7.786738800000421
-3.088469634593068 0.3524150320073751 125.83110445832246 7.819023300000481
-2.8469924232871904 0.4395364852809696 126.30608013236075 7.8498687999999675
-1.9831132202364472 0.6418771675819581 125.3714958984295 7.882012600000053
-1.8319596544198689 0.8753630541810686 126.10292071259599 7.914082000000235
-1.4634663381637054 0.8443918638212847 126.3674683782889 7.946674499999972
-0.832678440330973 1.207114627831662 125.60793465498423 7.978809100000035
-0.8185196380337842 1.322878226692274 126.64383383205258 8.008730900000046
0.27253641040875465 1.5355925205594474 125.14126463563896 8.060174000000188
0.5675816893775831 1.8877140819532037 125.35657160725955 8.08906449999995
0.33525693942699775 1.8649728260876794 127.1075394849312 8.121566599999824
1.387248145310899 2.012254668211788 124.9121797685218 8.155024000000594
1.3768236627859523 2.4298000588032234 126.77820726429643 8.187381700000515
2.05223105261247 2.350994617202562 126.22181409899521 8.219445499999892
2.4793987144089797 2.6272736467423865 126.19950408829928 8.248980800000027
2.481276326352642 2.671297326082204 126.99643091613505 8.282406600000286
3.1577665953286385 2.669203599282477 125.50824558699335 8.314003299999968
3.243145849074409 2.8370712571393457 126.33128983929166 8.345854000000145
3.5726848080220535 2.9409480381250437 126.66383423319341 8.378941699999814
3.9452676449184025 2.9039235734822393 126.3153822818315 8.425897199999781
4.378284561468725 2.9696172002024457 126.71464892092062 8.459374000000025
4.808086554077676 2.869441617703844 125.67102795729801 8.49123099999997
4.669986535726785 2.8456683013821267 126.88976175211866 8.521707200000492
4.999774307656729 2.9191944800212055 126.73889126588017 8.554088100000627
5.3457798141186785 2.8222128382829452 126.07974294812416 8.586515200000576
5.285600530008075 2.7401053681064793 126.39902241473868 8.619065700000647
5.4941731262690325 2.4059583869632055 126.04283550006778 8.65059939999992
5.565911477666397 2.4558556925998998 126.17428265140244 8.682203500000469
5.6048995047291115 2.371872011476524 126.12538508169641 8.713037399999848
5.7359972704052495 2.124590395765657 125.62501644036841 8.745058100000279
5.81723769966149 2.169626311008705 125.39754601475286 8.795771699999932
5.818529049316098 2.043464411828475 125.39239872155125 8.826284300000225
5.849003833235464 1.7678113153002788 125.16806620087539 8.856498900000588
5.54953214862509 1.5926318682411427 126.35011363570148 8.891397700000198
5.573651850339928 1.3495543235085692 126.06655602020037 8.921272500000669
5.8580459873695645 1.2044615837111718 125.23065577153206 8.954200900000615
5.670913507458529 0.9685281250545832 125.71771431013542 8.987027500000295
5.672222982835862 0.7811303428449214 125.63360643962123 9.019400700000006
5.242661521559874 0.6474450605978052 126.14737967232325 9.050639000000047
4.9935919919493585 0.407134404887407 125.9642782057124 9.080911200000628
5.005225348335976 0.41760147071589226 125.52000255823143 9.114267900000414
4.440192135171721 0.0732082023420475 125.47059084379772 9.162363899999946
3.9975726701362433 -0.1497191454678738 125.62906072254445 9.19383900000048
3.503645732262683 -0.2604465481188013 126.06000495364475 9.226216200000636
3.249606634319619 -0.4915633110595786 125.46983177654006 9.258516100000634
3.0149155157083456 -0.6363363913590173 125.15165013334142 9.289752600000611
2.582392958608409 -0.7875287795594429 125.62384251961959 9.32224270000006
2.2922521525341466 -0.9302334661954746 125.3720268532469 9.35288170000058
1.7804234411332587 -1.1393425104579773 125.91125047580684 9.385000400000536
1.187991401169306 -1.2603906772778992 125.38105845062559 9.418700900000658
0.8184371922628344 -1.3737745018381409 124.90575605023011 9.449158999999781
0.32803328661717046 -1.478651000435498 124.94461780919818 9.483281700000589
-0.23564396426401402 -1.6568173864949145 125.53315007677496 9.529654300000402
-0.6243893356189005 -1.8014710921968522 124.78928617563365 9.560446899999988
-0.894270394124618 -1.8819113087523642 124.98416997370727 9.593785400000343
-1.178301616933119 -1.9735679631153804 124.98381282098119 9.625568000000385
-1.6051369379508458 -1.9278402644433754 125.22763263674419 9.65821330000017
-2.1253486124137737 -2.266608430837088 125.22904731456703 9.689076700000442
-2.369527525218892 -2.2237806323967724 124.64742132007531 9.722947000000204
-2.735805694653159 -2.2404585397747194 124.78387783696223 9.753468800000519
-3.3060152911061493 -2.3560307884086558 125.32043222526245 9.787018699999862
-3.521351934706935 -2.401057042119807 124.83085597587323 9.818767200000366
-3.772674728344171 -2.400203702092694 124.83798199751283 9.850328000000445
-4.157818803571736 -2.4637741085605334 124.80075754817527 9.899149200000465
-4.531526847155149 -2.512203407955326 125.19292337549581 9.929867599999852
-4.6967961968742244 -2.464763017825792 124.80488204658336 9.96078900000066
-5.01612525499435 -2.5118188785793114 125.28679072758258 9.99508969999988
-4.906960211713553 -2.411713502924962 124.42302717544665 10.02655550000054
-5.433725855695826 -2.4993172580214202 125.34567201987218 10.057101800000055
-5.241925134613119 -2.3767448484367817 124.20091851535526 10.090668499999992
-5.749630224760487 -2.3717227835774697 125.42406848560192 10.121644700000616
-5.6168661724123865 -2.2257194216013034 124.72436025977674 10.154489500000636
-5.772519954829406 -2.2008521723116283 124.99482823898049 10.187269600000036
-5.772519954829406 -2.2008521723116283 124.99482823898049 10.205264900000657
-5.692144477279037 -1.9544213268379562 124.91608508611732 10.264857799999845
-5.639590438428705 -1.8404633804041048 124.7170205642847 10.297271500000534
-5.782231917466916 -1.7225689224038474 125.24518503277181 10.329633000000285
-5.63090925054356 -1.543105130010674 124.68569507787856 10.363202999999885
-5.630560530545125 -1.4184837976657816 124.68309196659152 10.393176000000494
-5.443986365888577 -1.245367526816215 124.23483221912117 10.425619800000277
-5.914083836980659 -1.1299376380920827 125.70878489103995 10.458286200000657
-5.496157322588587 -0.9996297766071774 125.61984998659925 10.490196300000207
-5.128063749318088 -0.7390279806659684 125.74536182315232 10.521963000000142
-4.734380877734111 -0.5405708922753653 125.36039002501528 10.554869399999916
-4.734380877734111 -0.5405708922753653 125.36039002501528 10.573603300000286
-4.175869366853206 -0.3963117367854013 125.23365413249269 10.63472770000044
-3.568708144454959 -0.06599319801577674 125.02352963407617 10.665324100000362
-3.212004189049189 0.09823383059190938 125.21671181682007 10.6985351000003
-3.175243470340952 0.23025446534508176 125.55821552908583 10.73145790000035
-2.6557482796720606 0.4228617856095615 125.71697843162033 10.761666000000332
-2.0155881854373447 0.6906801935491438 125.30674724004348 10.794589400000405
-2.020607632091064 0.8137392520478796 125.81144502711703 10.825451000000612
-1.4250166848389725 0.8417932973659265 125.66331042419765 10.85914320000029
-0.5483467682101804 1.3038056272250929 125.10725250540261 10.89084129999992
-0.3630623627215357 1.3295787545969477 126.2659442786874 10.920784300000378
-0.3630623627215357 1.3295787545969477 126.2659442786874 10.940080899999884
0.03868069621980652 1.3322920713478572 125.73744072362928 10.957118600000285
0.41848044381308114 1.71955061655552 126.40665934856096 11.034861799999817
0.9359045324186823 1.9509205237790415 125.6740933836939 11.066253200000574
1.5206060917605555 2.155350266585806 125.37364024170192 11.099232000000484
1.6940680517660383 2.2109176280871843 126.73846433866886 11.129783400000633
2.029025008178465 2.3346878532343487 126.52080503645116 11.161284599999817
2.610803101649026 2.5871724424893556 126.23459240673098 11.194840300000578
2.791659560051677 2.6252824389063782 126.67391902648691 11.226325200000247
3.1467557481415582 2.644131166708689 125.99420606510839 11.258892700000615
3.6371477335653424 2.7740338352100427 126.05676600457707 11.290785500000311
3.6371477335653424 2.7740338352100427 126.05676600457707 11.309249800000543
4.104513341297995 2.8954122191689584 125.99584836643382 11.327805699999772
4.001697112300967 2.876694735690077 127.30747863706688 11.370967800000471
4.292877440508825 2.7206820639648184 126.68077714999596 11.40430920000017
4.798352769321625 2.84714472748091 126.88875161869156 11.466382600000543
5.060043945124953 2.5804175902355238 126.34492484747712 11.498820700000579
5.262295197216062 2.538899609174262 126.08971926776344 11.531880100000308
5.317744688966677 2.452686714804514 126.32568532973723 11.564351900000474
5.392699948442932 2.2768024391047272 125.92522620221219 11.594137900000533
5.582888928365485 2.172001051667989 125.81473510639249 11.627132300000085
5.722663568321501 2.1257508385367836 125.50513716733896 11.658915300000444
5.722663568321501 2.1257508385367836 125.50513716733896 11.676012100000662
5.507623940002517 1.8184080025124598 126.24513985465171 11.694435200000044
5.660701376755583 1.7488211955940902 125.59587992191487 11.737195800000336
5.655994669672232 1.581695598326291 125.80307034839234 11.7703762000001
5.73322616298227 1.4941007082744167 125.46333957629894 11.802657600000202
5.592121253842052 1.2151085663343053 126.08119298435867 11.866774600000099
5.824847390305415 1.0121247226897352 125.21255122916821 11.897409300000618
5.494840665420682 0.7452965387204086 126.34065287541449 11.93122399999993
5.242661521559874 0.6474450605978052 126.14737967232325 11.962963500000114
5.062849246121544 0.3693373603452555 125.73753781340797 11.9953888
4.728500780308089 0.16560200503112077 125.81399006025384 12.026454700000613
4.728500780308089 0.16560200503112077 125.81399006025384 12.04359840000052
4.432104406234487 0.09510962205699613 125.77825768821579 12.061811999999918
3.9848671666974838 -0.16694069332684602 125.41729261718763 12.10638629999994
3.6773347340708895 -0.32652238335937256 125.25387894936274 12.138376200000494
3.2491218096300543 -0.4297796988255532 125.38061386566504 12.16916190000029
2.4185324173386746 -0.8525780678220288 125.6903092522938 12.23570910000035
1.9099082332221826 -0.9587942151352914 126.12117208313975 12.265382500000669
1.7117992298365934 -1.1703757088857585 124.81755695835842 12.297628199999963
1.294022778453538 -1.2155344506478483 124.98140569285539 12.329622199999903
0.5631247046413961 -1.397828025704313 125.79573675288644 12.362617700000555
0.13782391479584533 -1.5211775407357062 125.76872137538875 12.394001600000593
0.13782391479584533 -1.5211775407357062 125.76872137538875 12.412224000000606
-0.3025768497806851 -1.6450590981078625 125.69446992998931 12.43073700000059
-0.6643362872273357 -1.8032970988945625 125.34302672085929 12.474031800000375
-1.0165387271889443 -1.8621926291608224 125.33780206439616 12.508818100000099
-1.135537948241904 -2.0364684911347397 124.8979170680513 12.540587100000266
-1.4131463768310368 -1.9873485364630632 124.56781793635139 12.572415600000568
-2.007662262517293 -2.326302483269893 125.19305549062939 12.602230200000122
-2.913170081405667 -2.3146847001482467 125.27073519465331 12.668742800000473
-3.1366333567700764 -2.245286257542817 124.96578175239269 12.69938330000059
-3.4911598401002095 -2.477273629933889 124.73452946318187 12.73073310000018
-3.933138412293438 -2.4367916638569262 125.27844437329414 12.762581500000124
-3.933138412293438 -2.4367916638569262 125.27844437329414 12.779864199999793
-4.24223601488184 -2.451748761379106 125.14010831652864 12.79802650000056
-4.283519013244131 -2.4633477408321633 124.80443858700117 12.842334099999789
-4.4062067304463355 -2.4134033118537594 124.40968667638818 12.875424300000304
-5.052779003617864 -2.5457184347249546 125.51215170129385 12.906476000000112
-5.059550601953553 -2.4311292832225084 124.83361909276148 12.938640600000326
-5.130823389034894 -2.4126502609034124 124.49102704675875 12.971343799999886
-5.1294361561753945 -2.3554450690180517 123.82607801042504 13.0027783000005
-5.697068493220634 -2.275898819776095 125.0851577514095 13.06710480000038
-5.767659480390833 -2.209918636989338 124.91034628428929 13.10000940000009
-5.765052370035384 -2.1278488467236616 124.82025281868084 13.130153400000381
-5.765052370035384 -2.1278488467236616 124.82025281868084 13.147242000000006
-5.645917585330146 -1.974871421501037 124.66810403082552 13.16470290000052
-5.490862784907122 -1.8793416999223993 124.1980275801794 13.209905000000617
-5.585778485499276 -1.775620008205983 124.5440162065925 13.243322100000114
-5.729503898769792 -1.6198530408002392 124.97698059716109 13.273261600000296
-5.7311773407586415 -1.4577772785364136 124.9087063805835 13.306216800000584
-5.6345130791411435 -1.3417159717316993 124.69557795477816 13.339942999999948
-5.7283113113369595 -1.197644004597025 124.96649542019145 13.36992790000022
-5.6999460649374 -1.0840004290827134 125.94147902132532 13.40051029999995
-4.582806632802402 -0.5620652743612998 125.52006667578158 13.46630390000064
-4.390378325863928 -0.6266647475944248 126.04613591601019 13.497661200000039
-4.390378325863928 -0.6266647475944248 126.04613591601019 13.515097500000593
-3.801138913070986 -0.31822198154506454 125.06087940830604 13.533496800000648
-3.5851261925097972 -0.20469639797274342 124.87887588119283 13.578972799999974
-3.633892913984333 -0.14133079355149325 125.55439286509149 13.610929999999826
-3.042926199509786 0.17713548113020028 125.07606586162015 13.641996299999846
-2.83018262427197 0.4271635715226817 125.81530227424645 13.675438199999917
-1.9435050096344426 0.5678820398095032 124.52648056266283 13.70790870000019
-1.9066126903110714 0.7406802598645104 125.51102259542007 13.73933070000021
-1.5835623040833227 0.8816758920967659 125.90392667051836 13.771089300000313
-1.2151698508419813 0.9986938991904919 126.25625813794797 13.802214299999832
-0.4937134578026203 1.4728600714807534 126.35900259040243 13.866944200000034
-0.4937134578026203 1.4728600714807534 126.35900259040243 13.885313700000552
-0.0463078842239284 1.4797630292099155 125.66747731092512 13.902635399999781
0.5556142099279455 1.8273415016372718 125.71389123213342 13.946692700000312
0.8953508540705784 1.956745209270745 126.74435277607371 13.978783300000032
1.7054655827683192 2.2656362861139083 125.73700109632676 14.011049900000216
1.9231324961157625 2.3590789951715245 126.166489937997 14.042984300000171
2.314777652554234 2.374319236461596 125.88039502772871 14.074058400000467
2.6527511341776915 2.5109472398472166 125.73633623825131 14.1059008000002
2.905176217348476 2.6743133864322437 125.79589588033343 14.13760110000021
2.9683128596528974 2.7669181715527653 126.4864688723218 14.170794999999998
3.1711116394006424 2.746970225080571 126.92639880920204 14.202788700000383
3.593516529716574 2.833764766167924 126.92137319115102 14.234728399999767
4.250115451356805 2.9539610066127255 125.83403152694142 14.283882100000483
4.735110885635102 2.911766950543448 125.69961036633023 14.31417920000058
4.7068853245726885 2.8794507192397565 126.17778167714872 14.34641290000036
4.891050609481141 2.9367384285498495 126.62733304029 14.378499399999782
5.058136571701631 2.707682825039764 126.35240281366572 14.411482000000433
5.178721127775596 2.562545668700361 126.40275867646902 14.442332999999962
5.235947596293457 2.5778615619312304 126.72839469238767 14.475038399999903
5.442314634569868 2.387837374706547 126.23893851526356 14.506293000000369
5.568221230372039 2.3281573743830735 126.16412145459893 14.539428500000213
5.793759677630852 2.1438548291221005 125.21521206832215 14.571011699999872
5.83990753116931 2.183474951567812 125.12530253284815 14.602254500000527
5.654470690948671 1.9621225896598582 125.98370372196985 14.651364299999841
5.548306000364612 1.7202058299787182 126.35583568427961 14.682207599999856
5.707276133290641 1.6428279089122142 125.66996848883771 14.713542000000416
5.979401194721589 1.4332317530761545 124.63227778036725 14.74722490000022
5.667122657194945 1.2217715501445978 125.73233330968992 14.777790699999969
5.742293175575348 0.989314458388186 125.42789474497626 14.810065200000281
5.638729301827958 0.8741304852827996 125.78389540441547 14.842494600000464
5.3259001402308215 0.736168484256529 126.35264000943924 14.874390800000583
5.064133890628916 0.4084211751998125 125.84283177034699 14.906207200000608
4.985702237296245 0.3005392679446108 125.37101307249671 14.938734100000147
4.6611488859456145 0.26257193267116635 125.44634005951794 14.97172110000065
4.057508661931735 -0.052191183089000615 125.97672768605098 15.018224100000225
3.745710400900961 -0.310974366752918 125.56080421017732 15.051062100000308
3.279536772954046 -0.368973267712127 125.92361984516559 15.082423100000597
2.821220504586279 -0.5075203182544729 125.7940895441995 15.1142719999998
2.5773975775932385 -0.7805941871544472 125.08599911928164 15.147348299999976
1.9520128626590747 -0.8291521651902461 126.13565869574053 15.178169800000433
1.5487379553678196 -1.082534433115581 125.89201814154264 15.212618000000475
1.246981700870073 -1.1991205879866587 125.13481795412105 15.241975400000229
0.803237645558319 -1.3487423190771732 125.46550330887426 15.274580199999946
0.36649388183794684 -1.3627537722055885 125.37633395413253 15.306381899999906
-0.06360491956582592 -1.5727870563538713 125.05279474978822 15.338624099999834
-0.5283588025456964 -1.7548724936290445 125.16022765320336 15.386862000000292
-0.8872741654196759 -1.7874041996679373 124.89874502613789 15.418044200000622
-1.1239092822533223 -2.0373872437556986 125.00918377989112 15.44964230000005
-1.5692772088843867 -2.0542897420287356 125.29785540642288 15.481805299999905
-1.9610479384929889 -2.1738731731235648 125.36254001561453 15.515607199999977
-2.3453705243789926 -2.2811715596041133 125.06057828719649 15.544556400000147
-2.77735803484682 -2.3018190188321466 125.44047841040893 15.578548899999987
-3.053402939408201 -2.329821454782032 125.2046140203198 15.610917300000438
-3.589909114351066 -2.425469835891102 125.36457086096128 15.642478000000665
-3.854635045631163 -2.379516889548858 125.22251351574815 15.673745000000054
-4.150779006482367 -2.448736772145732 125.24779370429084 15.705894300000182
-4.361490755621958 -2.5234046976507347 125.12458145309957 15.756034200000613
-4.647734693164942 -2.41516325828362 125.15440895232935 15.787568000000647
-4.786273096214444 -2.4616133073008157 124.81877714731704 15.818266000000222
-5.142158233943945 -2.51134577986971 125.28997420650364 15.849392199999784
-5.199005489884534 -2.46297999255434 124.81774470193673 15.881972600000154
-5.4843716247469985 -2.4481897418796863 124.99851008297972 15.914322800000264
-5.3675741480579475 -2.367297302990824 124.27610463547305 15.946017799999936
-5.659872215872035 -2.258964807112444 124.96292690830042 15.979233500000191
-5.761001851550297 -2.1951611837225067 124.93781018737955 16.008490000000165
-5.859190007567207 -2.0719773640178376 124.99596714761286 16.04104879999977
-5.500966701805311 -1.9274312546988233 124.22992393391125 16.074093900000662
-5.504140844289729 -1.8631399747978503 124.02422749153118 16.122125200000482
-5.925670986029573 -1.7958535283834425 125.45311900944748 16.154501099999834
-5.717754334447598 -1.6200391872667317 124.77175818836206 16.187053700000433
-5.635810641477214 -1.4663943484429316 124.70101502581703 16.21876650000013
-5.4362894121025676 -1.2924992702909597 124.21352921624327 16.24978740000006
-5.534631212352458 -1.1488758105581751 124.49847051651292 16.283050699999876
-5.861774378687336 -1.1312957221855746 125.67133180788656 16.314726900000096
-5.253745372621388 -0.9011146677576337 125.3544382861762 16.3457726000006
-4.900345997234346 -0.676862051180502 125.75080364426361 16.378277499999967
-4.137541828632003 -0.47684007192002553 125.00253530211236 16.40950950000024
-3.906638201963297 -0.28197987796018154 125.31412480727994 16.44158940000034
-3.467106193834333 -0.21655140266146233 124.82711606729502 16.48985940000057
-3.2611185796764985 0.021986000475641143 124.43503553652278 16.521792700000333
-3.7826294107137244 0.1699131735023819 126.59107579719542 16.555717500000355
-2.927332618659783 0.3814180497258103 125.51930750730824 16.587012400000276
-2.3157833812808093 0.6125734159721633 125.63128316462938 16.61798760000056
-2.23145140497504 0.5919290021354604 126.4024344043729 16.65007500000047
-1.2981878793083084 0.8214951551473005 125.05686170328408 16.683270999999877
-0.9656864452323717 1.1109748917304723 125.59702459226446 16.712841100000333
-0.6942386784922974 1.2101228377272826 125.8778099228307 16.746452000000318
-0.3567702488843878 1.4021188101040336 125.71457692142035 16.77822180000021
-0.3174863213098291 1.6138726206119354 126.617130026662 16.81072200000017
-0.17657799381072437 1.5978577847953308 126.88923780261732 16.857729800000016
1.110088956982871 1.975996536217456 124.95960222045025 16.890204000000267
1.6882479239920514 2.3554247643465995 126.12084207863661 16.92177679999986
2.1156689867490286 2.4120953205861637 126.74535658061752 16.954101600000286
2.8679961311866364 2.566470920968461 125.26941421651897 16.987287500000093
2.788474466207468 2.707301009742146 126.68937117938506 17.01852140000028
3.0382009946080046 2.6319726434323005 126.12261427497376 17.049045200000364
2.9198440816249587 2.7239391176416166 126.76793620952265 17.08201259999987
3.197144163746529 2.7627940993704136 126.84044864666922 17.114061799999945
3.594204843385519 2.7681591202406954 126.7986902929891 17.146773500000563
3.8573425954613327 2.827903274206813 126.56197206132858 17.178701300000284
4.224242923189742 2.8869252194091164 126.54594761724941 17.228974000000562
4.420842743699168 2.720679788952974 126.67698680016059 17.259364300000016
4.799136492217102 2.866866818314095 126.91483786910237 17.290775000000394
5.072798606783202 2.787680272935909 125.95044562053378 17.323401399999966
5.21315223950365 2.716328845178891 126.20541222513373 17.354309400000602
5.386772903409906 2.639247953839243 125.94596337578278 17.3852109999998
5.5943200683639915 2.5870987133506462 126.21474795533754 17.41944220000005
5.415536418930984 2.3577965659110904 126.38415746233042 17.45076430000063
5.640878873155202 2.2164475467111036 125.8664480072293 17.482199500000206
5.758062227245013 1.7734530363936938 125.63841818566449 17.661416300000383
5.5508448653333815 1.4650755112691494 126.34408185812926 17.731248799999776
5.546307561316084 0.7165865909811391 125.53694112829916 17.7913894000003
5.219007863231461 0.5809165553986047 125.83994030689149 17.857512000000497
5.1535814290160005 0.413143482577729 125.48921408392289 17.92350400000032
4.614168199268796 0.1569211785698008 125.80208590527836 17.988333899999816
2.956576781467419 -0.5621372549687557 125.9512520882145 18.052802600000177
2.7798400960594734 -0.6954074845967816 125.28514623668343 18.11712030000035
2.4235713612577143 -0.9203397035922237 124.96506975092755 18.183898000000227
0.40077076787672183 -1.4948682121401249 125.48858835835652 18.24760200000037
0.06263052460491991 -1.5499049013636177 125.12337380151706 18.313219700000445
-0.5578824360609644 -1.7431328932706278 125.57935764499977 18.37979069999983
-2.0501703297154776 -2.1419051729609837 125.80687681632143 18.443785800000114
-2.300339107902964 -2.2717955069284725 125.11448785984553 18.510278600000674
-2.5487883067707173 -2.3084650753822475 124.71772632451751 18.574800000000323
-4.042788366276113 -2.454080025990121 124.90171126391662 18.640207000000373
-4.437959236559713 -2.5752824695703653 125.24057151397902 18.706798700000036
-4.511669750375418 -2.4641567453562088 124.88235563393805 18.771984699999848
-5.559797361827805 -2.498895547284828 125.34864299516043 18.83811130000049
-5.643838187168299 -2.4647429233050104 125.11373965252359 18.90251460000036
-5.77551802020492 -2.3549087737855485 125.2325810038794 18.967673000000104
-5.768184747113629 -1.9602736435857135 124.90872543700752 19.032428999999865
-5.639590438428705 -1.8404633804041048 124.7170205642847 19.096787999999833
-5.771318218139228 -1.7141174461530144 125.11223448538964 19.16342320000058
-5.861774378687336 -1.1312957221855746 125.67133180788656 19.228313000000526
-5.213522721903949 -0.9310062205998301 125.16890767608385 19.291988900000433
-4.304442984090514 -0.4254522069599139 125.50400260153127 19.356846399999995
-3.7470809793375253 -0.13490451705872752 125.58972227452584 19.435707000000548
-3.352031632948872 0.06447661524146286 125.45385668990525 19.50099990000035
-3.1906274534248595 0.26074993843439775 126.25244501002028 19.55140980000033
-2.444720423795566 0.47305233030338756 125.1568816073839 19.61694340000031
-0.8846509208763393 1.1149187085089218 126.34162409017021 19.68319270000029
0.08634804462686674 1.5812303276981754 126.53609637415764 19.765536200000497
0.7353681570573158 1.9803933697592604 126.53153666446593 19.832792199999858
1.6840577051673762 2.1341418057746777 125.74780805855734 19.897631400000137
2.2278140298819196 2.4292750403010794 125.66704093659547 19.96366709999984
3.3328416437352146 2.5642040899271574 126.35682108524746 20.02924400000029
4.09119117124407 2.6950943087871133 124.85724390809877 20.09350119999999
3.9436532026551205 3.023817581305828 126.79103360669197 20.1456960000005
3.9436532026551205 3.023817581305828 126.79103360669197 20.21037400000023
5.244958516805298 2.658761446544487 125.6753796112453 20.27483579999989
5.196830035444961 2.651680987203821 126.78240238449531 20.340820500000518
5.360455975192799 2.4329311009497245 126.17628604989997 20.405329400000483
5.546290321740692 1.9480988104629309 125.77268598456187 20.47167239999999
5.546290321740692 1.9480988104629309 125.77268598456187 20.53486630000043
5.656203607600318 1.9196586264920534 126.02489799158315 20.58455420000064
5.343131816206586 1.640083833553296 126.45408788116528 20.650343199999952
5.452390035287124 0.7410087702983515 125.71048032617932 20.714914099999987
5.337708644017532 0.693320623286457 126.286992407043 20.779556299999967
4.308415658070274 0.028020992363502306 125.84121168598789 20.8451941000003
3.85482778245472 -0.24208876000941815 125.9696850725926 20.910545300000194
3.6320509857542476 -0.1850966294077232 125.76964827426416 20.975284600000123
3.1895484990399012 -0.4196476775461412 126.20230565096446 21.04111499999999
0.8250467581112844 -1.2652148095491147 126.11903301290297 21.10677240000041
0.6869749955140421 -1.2744733046923078 125.21791113851799 21.172069000000192
-0.6670864918273551 -1.7731377374452024 124.84329229245871 21.237861900000098
-1.0430260672218736 -1.900021275911803 125.0810145023131 21.3032604
-1.3662084882436716 -2.0193176614442616 125.3435672270484 21.36845110000013
-1.9717176910380374 -2.0200130867259833 125.8225926262944 21.432489700000588
-2.312270203706561 -2.218721516840559 125.41736268135956 21.498027000000548
-3.8681586747226504 -2.4758471940641686 124.74627233340766 21.562570099999903
-4.206654013629425 -2.457189476980073 124.90098683523777 21.62879030000022
-5.014541349708416 -2.5071288311704247 125.08048680105297 21.694056500000443
-5.173544119148374 -2.464599332183701 124.88268628904244 21.759598600000572
-5.390473941603702 -2.4609544056289243 124.90328785782258 21.82586470000024
-5.51600404701837 -2.460486852698562 124.90614383111522 21.89105440000003
-5.771715219529177 -1.951005613422729 124.98927473885325 21.956540099999984
-5.771715219529177 -1.951005613422729 124.98927473885325 22.02217660000042
-5.299050105700843 -1.434542862871075 124.9914661906392 22.08724540000003
-5.0360030121874715 -1.2555045342244293 124.94832231051325 22.151299199999812
-4.849772398064566 -1.1084021773330606 124.88004839644606 22.21639899999991
-4.760418653164621 -0.9781742272638735 124.99562410689043 22.28236350000043
-3.8820060628189736 -0.24212218546801267 125.04794024593625 22.347879200000534
-3.980824632853185 -0.1417751218579376 126.41739361512072 22.41302640000049
-2.220791646428424 0.6883498558778932 126.00392721577819 22.478533500000594
-1.8591975596643309 0.5702349007312505 125.91354030791408 22.54400369999985
-1.2228494937514753 1.0725830668954068 125.59707684787075 22.60792930000025
0.031920512907163356 1.6135322199397784 125.89451721557421 22.673787300000185
0.06484094462995671 1.569902632755457 126.37891841506094 22.739630500000203
1.1763760035523703 2.027430204863378 124.6993818775132 22.803063800000018
1.089963231032442 2.310821757759468 127.04389022686935 22.86932799999977
3.178415933269889 2.619546878356405 125.76251118299786 22.93396980000034
3.070521147188103 2.7918254296887057 126.59693080488424 22.99872890000006
3.166317611316728 2.630830856139305 127.07620789092624 23.064965500000653
4.736189677065923 2.9052599956759817 126.24634418269687 23.12922620000063
5.001462490719376 2.913330789134519 126.64541769799334 23.19477950000055
4.975179748583258 2.546045970692757 126.71423126455194 23.259466800000155
5.533809386171889 2.249062164835377 126.08058576906176 23.324957499999982
5.717775594564785 2.107575571892914 125.55055100168688 23.389098900000135
5.606802743197164 2.1196663340797812 126.12882019766117 23.45417400000042
5.554921149847665 1.2792755075411488 126.24926626672986 23.518648700000085
5.699304851049526 1.143723198969402 125.53606836557388 23.58651640000062
5.623050346803595 0.9144285272467904 125.97016283427617 23.649662900000294
4.8853206018644 0.33045518191050294 125.6570311420336 23.7151257000005
4.515910016683392 -0.007461863285026182 125.28200580790532 23.780877900000633
4.13411901420934 -0.1780957408631476 125.35215954136825 23.847328599999855
3.6123702819788335 -0.3478887476235605 125.61605543440174 23.91273480000018
2.076021026989089 -0.8849528377682211 125.33708496152227 23.97769530000005
1.6712131146502074 -1.1028480044826572 125.5087042811169 24.042747399999826
-0.32249034081878847 -1.6774462389877365 125.62028056946306 24.10638370000015
-0.48723302240020416 -1.7063221637004324 124.80446925190506 24.171201699999983
-0.9470414636527451 -1.8207895149244129 125.18481903828891 24.236823000000186
-1.191015324634101 -2.0310960283201607 125.10202541654076 24.30103599999984
-2.7669688806880615 -2.2736706746217488 125.00374635233455 24.36651560000064
-3.4098145148116785 -2.4083283274694343 125.8041274527679 24.43074930000057
-3.5666182360613377 -2.4686086893808508 124.77394661686303 24.495233000000553
-4.5712349434107225 -2.465201815081264 124.8015790072629 24.56024400000024
-5.055484265969405 -2.5005619950447606 125.3365428424294 24.62635170000067
-5.307649842389466 -2.4997355921300444 125.34266479193995 24.690663500000483
-5.632609416018759 -2.290818905126556 124.70025624374647 24.755305900000167
-5.864937348268647 -2.2557057493751453 125.3242686129929 24.82088980000026
-5.796740652302773 -2.087717225255509 125.05535275713243 24.885761800000182
-5.58698139095268 -1.9001475534152976 124.54918919690752 24.952284599999984
-5.874673900337363 -1.4934803966510763 125.41277237598847 25.01642240000001
-5.729133728231076 -1.3226033174609233 124.97050548703419 25.080845299999964
-4.810249156537402 -0.6688115971793253 126.04107887483603 25.147171999999955
-3.8480614387504133 -0.45135742623524144 124.45808171349721 25.211839200000213
-3.9193843410528117 -0.36112591969068053 125.35162235111635 25.277284700000564
-3.884299476934622 -0.27210201872481654 125.55519164141037 25.34219420000045
-2.4953582347396406 0.44079870226499707 125.93874390126014 25.406347099999948
-2.184908929794304 0.6454276744912336 126.44991947516226 25.487921699999788
-0.19676589059346838 1.3708732906316436 125.53986287715793 25.552464800000052
-0.15350718657253992 1.6046575324398447 126.4300304698617 25.61737280000034
0.4291618818734477 1.7252842882114305 126.22917331757336 25.684716499999922
0.8114087166508241 1.9356828581704129 126.35358794884671 25.748583300000064
2.7664278766906776 2.6232012612268454 126.23842604136759 25.813584000000446
3.198145844439196 2.684438472292213 125.73690400990034 25.878334600000017
3.053496646407652 2.687635449822169 126.76033631711492 25.942695100000492
4.391795632856059 2.7668282038285503 126.35947051804466 26.008312599999954
4.7708235184027 2.984980327312589 126.05639556943981 26.073883200000637
4.840566847041451 2.7375951725597485 126.65253947917898 26.139060600000448
5.525199156037523 2.362732824361916 125.79530693573935 26.20334940000066
5.36940952014713 2.1616670814389014 126.65741269021336 26.269605700000284
5.702952635426101 2.1485337738542176 125.68671369047333 26.334302899999784
5.896550025810036 1.6536404450329354 125.54014713435404 26.399886700000025
5.589102448725342 1.3083279272353632 126.07562755157106 26.46593160000066
5.619133841244761 1.1685880982562946 125.9870805411207 26.53103900000042
4.973722697727325 0.4328411200945289 126.11864479893048 26.596054300000105
4.994638040881689 0.15458374617331883 125.06165299856059 26.66170560000046
4.645335340215112 0.10558595217182543 125.11599238453783 26.727807799999937
4.109133355999333 -0.08545235465304801 125.9478148396971 26.792303400000492
2.4921357808202487 -0.8032075037886329 125.67674308944865 26.857354700000542
2.1250365127812287 -0.9092655507979898 125.6158458255445 26.921217199999774
0.22443624929083938 -1.5381864451653398 125.67982203495343 26.98739680000017
-0.2008859107840948 -1.6532157451666878 125.51623594228123 27.0524204000003
-0.4707588770442115 -1.785018667737384 124.90435008218438 27.11879180000051
-1.0165387271889443 -1.8621926291608224 125.33780206439616 27.184641900000315
-2.4471698617041895 -2.260963313940118 125.26077510834257 27.250785900000665
-2.6827612711222244 -2.2826223814703828 124.93575443501018 27.31588120000015
-3.250108208691728 -2.391351448636944 125.7555835095058 27.38174220000019
-4.270322198843019 -2.4782946230457834 124.65159749012939 27.445799400000396
-4.693370576639623 -2.5139929949655304 125.18264599945684 27.511226100000385
-4.807860506179502 -2.5092962795591727 124.88780425307905 27.576435900000433
-5.500082071332372 -2.4249040380660083 124.60814832086291 27.640788800000337
-5.734922953083171 -2.32235597949892 125.00042659481561 27.705713299999843
-5.875616668106204 -2.2458855539679643 125.424984855669 27.771197400000347
-5.606618035143342 -1.82289051098051 124.98323782728464 27.83448899999985
-5.578146440218923 -1.7093109533501991 124.96718866145014 27.89989659999992
-5.287429994423846 -1.4761085240084637 124.50496745184753 27.965282099999968
-4.6628465219655055 -0.8682044841692323 124.8751459494481 28.03089799999998
-4.931590956503946 -0.72447042686227 125.78287153640183 28.09635849999995
-3.789362892959211 -0.10195747912078623 125.46139220069941 28.162321499999962
-3.6607781302713107 -0.05877089053470408 126.11095093099195 28.226248099999793
-3.0573853914288875 0.34043557746455916 126.49062315584517 28.29231510000045
-2.3954391482404063 0.5489222854108151 125.68652598674853 28.357874000000265
-2.3434569155805534 0.8014700125358871 126.35742922535925 28.421935600000324
-0.5198579081451626 1.2657361464932617 125.76916282774297 28.486919699999817
-0.14727538789604466 1.686185305894968 126.1819205826396 28.552357100000336
0.14975077096727318 1.6178703516469755 126.59801801722467 28.616925000000265
1.965355454887323 2.3451362964381217 126.56337339718871 28.68294650000007
2.304400078179164 2.5434848384779536 126.67938473447441 28.748192300000483
2.5964094695843443 2.636835916095954 126.74151200278874 28.81386250000014
4.045968711921752 2.912446004482895 126.24812166227883 28.87928920000013
4.088098639579599 2.9080535458946044 127.11439581849157 28.943988099999842
5.056093677657749 2.7215398549045218 126.88030882084605 29.009447999999793
5.058755696393369 2.463029994921688 126.86070768589356 29.074437600000238
5.287532389019546 2.357389293866198 126.38896219177256 29.138609800000268
5.35188570148901 2.2442140906784434 126.12471090117234 29.2049920999998
5.635685171440599 1.763753846441665 125.80066408734719 29.270301800000198
5.635685171440599 1.763753846441665 125.80066408734719 29.335659899999882
5.583541253287088 1.5629791405488933 126.09873590791939 29.400845900000604
5.4936916967012195 0.6533024271635423 125.67542493706918 29.46575750000011
5.323367941904408 0.5877262354803117 125.29003913106045 29.530502000000524
5.1535814290160005 0.413143482577729 125.48921408392289 29.596197500000017
4.171640747713809 -0.06609274170535184 125.16989650229532 29.661202400000548
3.3704948601283107 -0.3762750744112485 125.93617370235476 29.726153200000226
2.848594829446803 -0.5606638282372268 125.92997625347755 29.79150800000025
2.5550361068368304 -0.7258490928127362 125.4864466371047 29.857702700000118
0.4505708109207802 -1.5210980323958703 125.27086850788812 29.921472600000016
-0.0555644406189586 -1.5548555655441305 125.24988757211214 29.98664910000025
-1.2205461327290905 -2.0687967609767415 125.32876447504034 30.052519900000334
-1.524951498265338 -2.0687619398259 125.2231266271378 30.117363100000148
-2.0152625842490934 -2.1578137822630574 125.61509816623612 30.183468400000493
-2.1864564754179128 -2.223462671972306 124.7346152917264 30.24915240000064
-4.116192089666086 -2.452185627575449 125.13638984272995 30.31429670000034
-4.402331036373262 -2.5730517697949056 125.25433517998292 30.379823899999792
-5.0582486332744026 -2.4983623323142132 124.96158131104293 30.444603500000085
-5.288711078536103 -2.5094690111113915 125.21577384696478 30.509966700000405
-5.218420791155943 -2.4090431352397963 124.49746790074427 30.575848399999813
-5.550199626898497 -2.449361980413536 124.93833622859084 30.639683100000184
-5.732917149101183 -1.9474356384244866 124.98965770957243 30.705036800000016
-5.542510045001997 -1.7715755600642904 124.52993809664767 30.772237000000132
-5.542510045001997 -1.7715755600642904 124.52993809664767 30.836534400000346
-5.7757786678504175 -1.2212641121729555 125.21953414339976 30.90237740000066
-5.547945346179873 -1.1157309711046604 124.91696668652737 30.967864300000656
-5.177434594657335 -0.8444202615137225 124.99831777206288 31.032900000000154
-3.475502316417682 -0.07258896601107523 125.13352729138965 31.098248899999817
-3.475502316417682 -0.07258896601107523 125.13352729138965 31.163917900000342
-3.1905475102865353 0.17279802785265985 125.37476770124101 31.22950910000054
-1.9481711788051044 0.81757711302719 126.17062586803921 31.295306200000596
-1.0467081540039942 0.9485545822608208 125.31106048452723 31.36013550000007
-0.6668233669535724 1.34404716036773 125.05982889719685 31.42572410000048
0.6096060297405401 1.7263832299694009 126.5305674212429 31.490241999999853
1.4392359952389242 1.88658355442954 125.11540265807233 31.556185700000242
1.7768064625362143 2.290340389125625 126.31529105503981 31.62129300000015
2.6835379762835814 2.613135363221572 127.10890382331036 31.687361799999962
3.3354254005475426 2.6782887699973292 126.18484493089274 31.752626399999826
3.437238973946684 2.8168180520237898 126.75515391541795 31.81888340000023
4.672726181950232 2.587889726749148 126.87252461222862 31.88371730000017
5.011468059034968 2.84381415878644 126.77308983446828 31.949039500000254
5.2292949782548135 2.564223684808587 126.37975750809005 32.01325890000044
5.545170179410988 2.103007198375583 126.37102230805056 32.07848240000021
5.61016330236783 1.9901333348963797 126.10152186670528 32.14384590000009
5.772278295340236 1.9134044984441183 125.4034866300669 32.20910080000067
5.706126582097163 1.7692360676198255 125.67440850059563 32.27430999999979
5.594841050801627 1.0538870190634577 126.05203847516796 32.33969280000019
5.755055999975184 0.8827210914131801 125.35030590660834 32.40553910000017
5.502715938475397 0.6940137356793821 125.73729530614294 32.47047550000025
4.369084936077897 0.09215105652457234 125.94238922875606 32.535532500000045
3.9068799727389987 -0.09615430469351471 126.05269662500457 32.60185210000054
3.292011468744036 -0.37347974607827406 126.02717612020325 32.6662366999999
1.861878830565601 -1.05540623723562 125.68245840301931 32.73038910000014
1.6133259341161121 -1.0905291757561208 124.87299479939377 32.79529770000045
0.9780613307239534 -1.3065617787308437 125.44182684456523 32.859254099999816
-0.9562667628602952 -1.7683901534491628 125.78777908029845 32.92487230000006
-0.8394601416356906 -1.947412188358265 124.39129645242477 32.98990870000034
-1.1532728009751239 -1.9810889516150052 124.60116691884468 33.05369510000037
-2.857031063571057 -2.3144816233483594 125.16173559060906 33.11843899999985
-3.5324762997322097 -2.4871981573604787 125.46053223153805 33.183520300000055
-3.8108219526913345 -2.517081429486027 125.15657745968775 33.24780240000018
-4.926286961103862 -2.5461436477783663 125.50828913108836 33.312974600000416
-4.84078548195032 -2.4312649974763745 124.49086823340588 33.378697699999975
-5.288711078536103 -2.5094690111113915 125.21577384696478 33.44405139999981
-5.559797361827805 -2.498895547284828 125.34864299516043 33.50784010000007
-5.859858570903619 -2.1969498589056835 124.99955003102393 33.57354970000051
-5.89609285225643 -2.08874181294913 125.11671931414395 33.638786500000606
-5.681025729282837 -1.9297657154051553 124.82434887124577 33.703738400000475
-5.905117802479722 -1.5067178530712009 125.31616951212796 33.76938390000032
-6.0299745541931244 -1.3355289556137815 125.88445872023976 33.835106700000324
-5.920235329168172 -1.1954987012547265 125.86442529255332 33.899953500000265
-4.035909421201012 -0.45503694247064563 124.85614408540849 33.966134299999794
-4.047841902168969 -0.3537959314987723 125.15203050085519 34.03296099999989
-3.9484030725244565 -0.2550039141978738 125.56187724585574 34.09678309999981
-2.008570525014825 0.6495154776133331 125.08660444749961 34.163104600000224
-2.1527188608749768 0.7403180389294636 126.14651262898418 34.22851400000036
-1.2248601054090784 0.8769014784822252 125.30126712449952 34.29506889999993
0.8307624480853946 1.6756011871286063 123.16451897393931 34.35986480000065
0.6677741729459541 1.7896214225906184 126.39007849376257 34.42444560000058
1.639628124790633 1.7684122314665647 124.4627038069794 34.48906840000018
2.470693824486105 2.609800859148932 126.50527930789626 34.553393099999994
3.012182710014656 2.4292062889284383 125.80155760836811 34.617311200000586
3.2410996918842514 2.8223387242668574 126.1160503044074 34.68289240000013
4.633766020854452 2.883922062594749 126.14171767416282 34.74898889999986
4.51205795304881 2.6767079130422293 126.71424421529814 34.8146899000003
4.671266935138675 2.716769677062357 126.88143612859218 34.87989000000016
5.123490753452103 2.5605060998572005 126.27530876844293 34.94531340000049
5.601467756232481 2.2340188297882966 126.06062207095356 35.00890080000045
5.770977879552092 2.0855543911240564 125.40651758324437 35.073812000000544
5.55151721207136 1.917396642671565 126.26666733650835 35.138647599999786
5.665392269529455 1.2014409848133363 125.76436098665566 35.20498690000022
5.721408122886416 1.2235583665147358 125.68494433821961 35.27041879999979
5.544391183491307 0.8763159798464492 126.32497879936346 35.3358932000001
4.618225723495641 0.08987468322243675 125.85842797485391 35.402316800000335
4.28921769844402 0.009624534425378473 126.08703022732448 35.468604499999856
4.140613183543763 -0.25126219463858634 125.24406625714616 35.533332699999846
2.423072766553119 -0.870811587282024 125.42233852707732 35.59800749999977
2.0762518857046572 -1.0301926898876785 125.09181659160473 35.66241700000046
1.6169428888760748 -1.152607188895372 125.10045681829354 35.72826410000016
-0.3656345960140328 -1.6790067635959862 125.62407474078583 35.79457890000049
-0.7645368335670852 -1.7875328039642562 125.47127563893403 35.85992549999992
-1.148079351267377 -2.008562382859462 125.52726158145636 35.92553500000031
-1.1101236536370678 -2.0681319049902416 124.62613328563565 35.993905899999845
-2.8497954188253587 -2.378239257140704 125.34520378569228 36.05805479999981
-3.378869544406996 -2.410968736043758 125.42065400642738 36.12355070000012
-4.4092145461916346 -2.46291845464689 124.80808129596119 36.188196699999935
-4.83002287584786 -2.564809679445084 125.36406861298094 36.25408779999998
-5.06801134867078 -2.572959216990641 125.2569261161707 36.31862360000014
-5.3213387409403055 -2.5578858584955895 125.31839823932947 36.38439030000063
-5.6677193887204425 -2.293827050218606 124.68913272920696 36.45039170000018
-5.772519954829406 -2.2008521723116283 124.99482823898049 36.531880000000456
-5.540974938373957 -1.6470205683268149 124.5237547088905 36.5969283000004
-5.826679214517952 -1.601468832422067 125.25946539298491 36.66142740000032
-5.67614884995789 -1.4334289065418133 125.00048630724925 36.72617890000038
-5.611118840266371 -1.255599834378252 124.92127409816084 36.79103269999996
-4.864245478830831 -0.673579570181163 126.08170592302737 36.855582300000606
-3.8808595314659016 -0.46084057706035575 124.57664379715995 36.921330500000295
-4.05746886130175 -0.019417037336832643 126.07007317677557 36.9876463999999
-2.8793506320585465 0.21721497753372 125.08949880111919 37.051839499999915
-1.568557358463238 0.5416115824988598 125.84842724719033 37.116034700000455
-0.8613708624248915 0.7268644830581571 124.94963625188282 37.18212600000061
0.044748887150035443 1.5655369523912448 125.03425697210507 37.24740079999992
-0.22141840543208247 1.6900934201046218 126.95540326670776 37.31434030000037
1.2959466901980932 2.1556454163511396 126.52580789823966 37.37916000000041
1.7351480807818334 2.1987071940526453 126.7331186757055 37.444580600000336
2.5303729901345733 2.593198123935236 126.78670284858352 37.50933200000054
2.7154403119977957 2.618195486756972 126.38672494293768 37.575554699999884
4.2068741702739345 2.8214526994679776 126.74065149670696 37.64056400000027
4.284925885509601 2.8422226507525963 126.89553417276694 37.70689920000041
5.1211665709540455 2.673892189020083 126.53943367371632 37.77298530000007
5.310045678806873 2.4347974535958983 126.38298793035271 37.83866190000026
5.260568805695371 2.3262577492518655 126.88151199881531 37.90266729999985
5.582888928365485 2.172001051667989 125.81473510639249 37.96851490000063
5.585695735300398 1.648407367121791 126.45046154290624 38.03404339999997
5.6010677438669845 1.5129573813371722 126.43579730078177 38.09875819999979
5.6010677438669845 1.5129573813371722 126.43579730078177 38.162558300000455
5.82543632008047 0.7779798018679709 125.06649444288631 38.22822499999984
5.0528157836322976 0.29128855657097485 125.85303699047756 38.29345310000008
4.951201046374855 0.16724274719549825 125.1579916168554 38.35899830000017
4.420105408291356 -0.022122328643625844 125.79374853212744 38.424656799999866
3.2709223601600073 -0.4600387239871041 125.48576234519263 38.48903690000043
2.872814056194237 -0.681400020449776 125.38255776953255 38.55469670000002
1.2869036860130478 -1.2594663439763627 125.33881066673739 38.61947450000025
0.24521628250383998 -1.617473818932511 125.45461251664591 38.684874800000216
-0.2455400862201671 -1.6486827562754316 125.93539866620898 38.74968720000015
-1.173671733565186 -2.038217837264486 124.88802236658461 38.81533060000038
-1.683082786748649 -2.035050988047657 125.6202772277426 38.88023650000014
-2.1820131252025945 -2.135200824207545 125.68703711405912 38.945596300000034
-3.3716199720666253 -2.4282621965175686 124.35117370771347 39.00996810000015
-4.094274335319916 -2.448012282632219 125.05413688016398 39.075155200000154
-4.5620886077411456 -2.5450895537367204 125.40303665967924 39.14069650000056
-4.637223199082484 -2.4637069274868173 124.8854443532094 39.204999300000054
-5.264940492155425 -2.4614194680456727 124.90039760770783 39.27012040000045
-5.51600404701837 -2.460486852698562 124.90614383111522 39.335127000000284
-5.773749969864895 -2.4950760190419663 125.360076770508 39.40034840000044
-5.637502760284079 -1.8785811187681718 124.80792069277452 39.465995000000476
-5.7492172023243455 -1.8701328199505451 125.41652345883769 39.53136679999989
-5.7492172023243455 -1.8701328199505451 125.41652345883769 39.596406800000295
-5.477126943564137 -1.198481997213583 124.96094523066489 39.661946300000636
-5.552119208618308 -1.1163789368213783 125.44927319284207 39.72649400000046
-5.199185398750615 -0.8960509680935883 125.30951432951935 39.79183000000012
-4.9980296210628765 -0.6133652819673733 125.73020901229145 39.85678689999986
-3.25237363350611 -0.010664184413054278 124.93241693523223 39.921275499999865
-3.083440603729642 0.2077614815032769 125.2731554041121 39.98623289999978
-1.3928761827353071 0.8382162763883267 125.18979277523282 40.05220559999998
-1.0559297408951238 1.0413909796709118 125.5498087053345 40.11733989999993
-0.8159905736057169 1.247039184476006 126.25051376452461 40.18274560000009
0.7135746348535577 1.888967253626487 126.40736971270303 40.248218600000655
1.481479799862683 2.198069994364374 125.3724677051842 40.31377930000053
1.606375728206615 2.340593885706308 126.79692375926408 40.37841070000013
3.181152144759686 2.625327256966966 126.21164116083416 40.44280880000042
3.5051441913847725 2.7053267269099948 126.27671535189074 40.50771359999999
3.6411384130916957 2.894783697402147 126.95595947410496 40.57400630000029
5.142320047782057 2.8948482427206716 126.14959610076404 40.63946829999986
5.047430168434559 2.6903180585962354 126.42222366493061 40.704445000000305
5.096079269706998 2.6782801041374107 126.57338257569722 40.769708900000296
5.18543684332009 2.5942452181050313 126.8722657388604 40.834172599999874
5.372222300409057 2.034948288277763 126.47257371601978 40.90043710000009
5.7018073261138085 2.018998316085884 125.95977330249968 40.964724399999795
5.339802645685474 1.7682594614302056 126.46997093072603 41.030906300000424
5.516390849108184 1.057743503464835 125.70893805431876 41.09594930000003
5.575470802351731 0.8903573624694671 125.5275029917709 41.1613440000001
5.495256019573695 0.6117649898606641 125.41376912173851 41.2257352000006
4.166846201724518 -0.14787073145614837 125.80111896051125 41.2907038000003
3.6716546687734066 -0.24603614129460916 126.02217214492245 41.35733640000035
3.3475457323624127 -0.32634591416595093 125.90222956594165 41.42151970000032
1.9720698476264005 -1.0940180125097156 124.78320509656503 41.487148700000034
1.3302492793807943 -1.1787652063945067 125.38287632363688 41.55250520000027
0.6936788349188134 -1.3805493203437535 125.86045794704049 41.61767289999989
-1.0342312473404505 -1.8814733959738077 125.41695443531533 41.68329610000001
-1.1992217627829405 -1.9456656321416061 125.19354097956156 41.74755890000051
-1.532305962808131 -2.0671911083701593 125.09835352506573 41.81327070000043
-2.0629449720378688 -2.1601190236502537 125.63289896240454 41.8780969999998
-3.449286331071555 -2.4519925402020997 125.12966247666388 41.94296880000002
-3.7290208073125015 -2.455813432661545 124.82180241003987 42.00863290000052
-4.906910331917089 -2.571194657854263 125.26853744118988 42.0742908000002
-5.068405794429516 -2.5282000519492516 125.07415966018648 42.13901850000002
-5.264940492155425 -2.4614194680456727 124.90039760770783 42.203499600000214
-5.5410583665508 -2.5085355696612677 125.22303422428105 42.268776900000375
-5.667722395811779 -2.16926626272736 124.68755762167052 42.3338432999999
-5.490047384481201 -1.9942555919225726 124.26696293506092 42.39931870000055
-5.631843234595863 -1.9169661230300723 124.69320188127516 42.46385680000003
-5.371924068694213 -1.3108971240707086 124.95180819090214 42.52906510000048
-5.253429042736151 -1.180652530216074 124.59816642230918 42.59473320000052
-5.012249756913562 -0.9739992165512749 123.9405680756045 42.65996470000027
-4.481186108415599 -0.5480279954983599 126.06388808746082 42.72521450000022
-3.7033560014085225 -0.14922338712918337 124.81237425385893 42.78983210000024
-3.543471274730713 -0.04279528361698692 125.33154261328319 42.854601
-3.211470394126394 0.08266513578845902 125.28415646040142 42.92033970000011
-1.6222112071749706 0.7409523256163631 125.43051890884816 42.98527720000038
-0.7891825803118309 1.0687320528517694 124.79199466848146 43.05137730000024
0.20660605924910413 1.7660345258351642 126.63033021167381 43.116432599999825
0.8474513443808291 1.8565390996705067 125.61360353423703 43.18189540000003
0.948305666767709 2.16249389610291 126.67762795045614 43.247433999999885
1.8194156862889699 2.297563349394453 125.67270214523981 43.312587400000666
3.279026058568242 2.8050779693710206 125.4121866348497 43.377384899999925
3.129751870269132 2.836900852917671 126.92551703721891 43.4433939999999
3.7608276949609163 2.6528615755819556 126.208844971379 43.50730889999977
5.066860996178654 3.013820320213364 125.97431543559895 43.57275710000067
5.058374781817442 2.9233116323015307 126.60724376935254 43.637894000000415
5.058954611741541 2.38814412622566 126.25585205998813 43.703788599999825
5.445673001320429 2.2099007928600214 126.84378173815475 43.768258300000525
5.722489100102628 2.0863761493868926 125.86735815356701 43.83368040000005
5.578185832811485 1.8178382004718259 126.12126436413217 43.89946200000031
5.845607939554306 1.131506942281548 124.88805866427884 43.96377970000049
5.668567477862403 1.0747881379080981 125.75138301319986 44.02831270000024
5.550154806161196 0.8403849032927323 126.18505083660875 44.09418100000039
4.785414576991258 0.17324206920945884 125.14956207419647 44.15874580000036
4.314750549978484 -0.05294496739223986 125.47065835630245 44.22418629999993
3.6780179537064512 -0.20424891472090168 126.2963865007018 44.28892059999998
3.4299627680750504 -0.47513910415916694 125.66628457109164 44.35447019999992
1.94315828389081 -1.075648432227157 125.13556524449714 44.42001840000012
1.4305280133326193 -1.1509419300691928 125.39900584709027 44.48687010000049
0.9876016263087024 -1.4014814267328255 125.1179086239543 44.551695799999834
-0.8223222999941839 -1.8843643124633278 125.40487061585576 44.616140500000256
-0.8500395420243194 -1.8991007517267162 124.52023421810563 44.680867600000056
-1.307567585561472 -1.9578419856989897 125.06209444677575 44.74542819999988
-2.8518239102182577 -2.260920322682357 124.92425020690379 44.8114499000003
-3.5422692961186613 -2.40567302209335 125.68556102062794 44.875373100000616
-3.6014761041252683 -2.4713769673085686 124.75913716904317 44.9397155000006
-4.492382774540701 -2.3993067923505866 124.48412437228777 45.00555390000045
-4.928456581749373 -2.4775597955845843 124.88460191203866 45.07132929999989
-4.993451739851125 -2.3978171976781932 124.4973724522431 45.13561370000025
-5.756323301993348 -2.2234687512355986 125.00497457366771 45.20125290000033
-5.632372683422666 -2.16620252211805 124.69795512996643 45.2653664999998
-5.588166773040527 -2.024680122206989 124.55431549292808 45.33029010000064
-5.644882240457115 -1.576667225002121 124.97808104007694 45.39648810000017
-5.403018102740553 -1.389468179059738 124.37942272441079 45.46200190000036
-5.696819935781711 -1.225976856870369 125.24010950195866 45.52770690000034
-5.844857162935384 -1.1455468116378573 125.68851552148993 45.59261289999995
-4.345674471465308 -0.4018260906208405 125.30048773874583 45.656951500000105
-4.049725790917215 -0.236119977564325 125.64029499145543 45.7214941000002
-3.035439028711309 0.3329711188470327 125.47053987618017 45.78647439999986
-2.9388135089000613 0.4183006738886495 126.37824040743148 45.85125020000032
-1.8921382161594522 0.8812026637893333 126.01991815814803 45.91790480000054
-1.5458948486755233 0.7630770443257481 126.57084933069041 45.98316700000032
0.4042464816603655 1.6954296856355031 125.6631624070545 46.049082700000326
0.8897361856581796 2.0057998290909267 125.88342574492775 46.11392590000014
1.6739427181236692 2.3788033394799757 127.02183553336222 46.17857290000029
2.5622025587525243 2.5293520048793083 125.4527973394898 46.242549399999916
3.1289010077208914 2.7002156463265754 125.52552735152395 46.30849120000039
3.3626641092651823 2.6590564855337337 126.4694863238042 46.37445879999996
4.496019058850365 2.919724189565072 126.68325496175353 46.44005520000064
4.77446736191672 2.909709694097686 127.0102147882875 46.50398649999988
4.963023223003866 2.7439943822006088 126.34178634620888 46.56972709999991
5.683647827473557 2.518826008345167 126.00719529526744 46.634227600000486
5.596287456615137 2.3367849466734363 126.19366892390264 46.683523600000626
5.608343111107871 2.117354881333708 126.10969687407847 46.74808530000064
5.579388324710749 1.9236628041280617 126.1404928351092 46.812722000000576
5.6849047198178795 1.3142941846417784 125.7183351087609 46.87789570000041
5.6849047198178795 1.3142941846417784 125.7183351087609 46.94266400000015
5.306036614433289 0.6029311741675623 125.62866427372421 47.00745129999996
4.843064547268938 0.2181558632249515 125.1953022366612 47.07275819999995
4.249844376420192 0.06948135596348548 126.04047098507016 47.13682870000048
3.0503044601376956 -0.6010673325941046 125.67643282583462 47.20130419999987
2.8863797134748097 -0.733341712784409 124.85978735378193 47.26795670000047
2.2264036115317722 -0.8215421280157561 125.88165312375119 47.33299050000005
1.861878830565601 -1.05540623723562 125.68245840301931 47.39843070000006
1.4351180052248722 -1.1597056687291065 125.53263951607666 47.46399840000049
-0.8889157288439975 -1.7657829598401849 125.697951591737 47.52905069999997
-1.936701547832783 -2.0377090721171656 125.97882508907676 47.59560130000045
-2.315383079586944 -2.2854071116450534 125.63905881195214 47.65979299999981
-2.392929590628114 -2.294065212920985 124.75078338042456 47.72435730000052
-2.8798141674725954 -2.217012877279449 125.35781727374143 47.78891660000045
-3.2800887065059214 -2.4638896762994356 125.06120521553774 47.85383600000023
-4.762734526371965 -2.424133554660023 125.33004852204374 47.9186064000005
-5.055484265969405 -2.5005619950447606 125.3365428424294 47.982307799999944
-5.51600404701837 -2.460486852698562 124.90614383111522 48.04716929999995
-5.609337108916243 -2.322785479126328 124.99774541595418 48.11327770000025
-5.812729778809036 -2.2473931997856234 125.35380251787281 48.163376500000595
-5.875616668106204 -2.2458855539679643 125.424984855669 48.22925120000036
-5.73360782806558 -2.072407765901335 124.99330771582937 48.29544040000019
-5.690859382475651 -1.6300744667404268 125.66083663630137 48.359988900000644
-5.227558410527372 -1.449236784423901 124.96330069597661 48.42652220000036
-4.989728698345694 -0.7907463365480977 125.37910145101777 48.491836799999874
-4.926340953220134 -0.6378556591676404 125.54249210232655 48.558204699999806
-4.774830342462749 -0.4974295068349125 126.40967634023507 48.623067399999854
-3.3211193816582707 0.12456402133024957 126.39760783891981 48.68758919999982
-2.3887658512474133 0.4350408266418899 125.14371666533997 48.7522385000002
-2.4944365466376297 0.6128784716860325 126.37311967208609 48.81673460000002
-0.6174094063405349 1.2267028757892398 125.99208082119794 48.882317700000385
-0.2501864466732471 1.4544031980955445 126.0393606008475 48.94779560000006
0.020673759934773273 1.6227543515776273 126.26972432061018 49.01420270000017
2.0535813436880233 2.3686684170779877 126.18988652350916 49.07912310000029
2.1777970058920886 2.5162880556624216 126.79019135673961 49.14432300000044
2.4536432560269716 2.5107446402908113 126.51269108799795 49.208975000000464
3.9679074827620013 2.717432172468199 126.14377886425021 49.273849000000155
4.292167828587395 3.03333378716331 126.6201146714431 49.339515600000595
4.478843873344999 2.8536700537423902 126.62408335881953 49.40459079999982
4.86041269996911 2.7446903428300935 125.63957058778105 49.47066220000033
5.3147327131745286 2.466965205153938 126.86445165351148 49.53426959999979
5.443931758767484 2.339708796824693 126.85719135227602 49.598700600000484
5.504479120959012 2.2201642775101287 126.59707271119902 49.66504640000039
5.7024851866462285 1.6363243024515173 125.56552567302349 49.72924210000019
5.812961986377374 1.5141740147366263 125.45775875018089 49.79431029999978
5.651581553972463 1.2146076859063515 125.7932060321785 49.86034800000016
5.3014343797677554 0.5445048959209482 125.86544719441906 49.92490210000051
5.197945795479967 0.43732918619498795 125.61923526518096 49.9895376000004
4.825338520635626 0.1275885499865148 125.51054647713644 50.05369800000062
3.4606313936709796 -0.3513844176316915 125.45464763733582 50.12025799999992
2.7523188372650793 -0.6223304033795681 125.43634127397813 50.185218200000236
2.2837119773206 -0.815937832695005 125.83385270743153 50.25015340000027
0.5994625951833612 -1.4080352899658393 125.53343599517505 50.31685160000052
0.21983614075340796 -1.5543427673246897 125.56435961127282 50.38104850000036
-0.24178721176006945 -1.6783968372448732 125.47730815378664 50.446292200000244
-1.6121652294576876 -1.9663283065899528 125.30441245829513 50.51249390000066
-2.1836604381343108 -2.178236903363713 125.49413537395625 50.57698830000027
-2.3879486126640685 -2.292890629013446 124.71524908701296 50.64223409999977
-2.7177235940638766 -2.253583343755952 124.96290618648898 50.70831830000043
-4.2137870172354255 -2.4210998749003823 125.30573622962979 50.772881200000484
-4.484313948651085 -2.5029969550365756 125.23875342020385 50.837853500000165
-4.671773667924938 -2.4664387611267076 124.87140491379053 50.90318130000014
-5.445559423442987 -2.4018249315014106 125.08100692543991 50.96940100000029
-5.749630224760487 -2.3717227835774697 125.42406848560192 51.03511450000042
-5.440574387709638 -2.2064995049108833 124.33435163239916 51.10012939999979
-5.6720073527459505 -1.8381180860580852 125.05259832089713 51.16567910000049
-5.605882799848224 -1.6979207977818445 124.97945886357383 51.230777700000544
-5.374796014459925 -1.5609252868839456 124.96351766105894 51.29653920000055
-5.310666983531263 -0.9954512648091628 125.3337859085529 51.36147080000046
-5.242855463579552 -0.868554793723722 125.38664245988714 51.426448600000185
-5.116723635167837 -0.7116672338834537 125.95353137692086 51.493264499999896
-3.426579306879745 0.05245404021585709 125.10616701687665 51.557196300000214
-3.3815630948056636 0.20261564541948385 126.03240439064922 51.623232400000234
-2.842672208319925 0.29418059133361296 125.77686203192326 51.68810500000018
-0.8010491072656549 1.1441943508044004 125.18315961188011 51.75393570000051
-0.8085996529066719 1.2035757982791189 126.35254449530689 51.81808050000018
-0.5073599551324435 1.333581718426134 126.6726802409037 51.88266250000015
1.488543223011348 2.1436548648781946 125.6309028624151 51.94738330000018
1.7700037059944194 2.3814828518389732 126.81432087415797 52.01190580000002
2.3216006015474093 2.4255686918156716 125.87386277499479 52.07619040000009
2.536684355073021 2.6189363060341875 126.31695640469395 52.1418048000005
3.7404509625383042 2.770483922899333 126.44890374665863 52.206326600000466
4.032970609261163 2.9341825782467255 126.92026636368934 52.27241910000066
4.351280785961087 2.8530782513544173 126.62518922836122 52.33695440000065
4.975179748583258 2.546045970692757 126.71423126455194 52.40223710000009
5.1311138162866 2.529713150152755 126.83346914845303 52.46835490000012
5.286795453044142 2.4849622938064813 126.39267415906758 52.53434500000003
5.267498240242659 1.830834606919772 126.50311648850537 52.59999030000017
5.473293014364131 1.7289508434889211 125.52214705403209 52.66566700000021
5.491250695705467 1.7673084143388018 126.33403978294169 52.73004750000018
5.376721626465155 0.7197455394225352 126.01956736619982 52.7965578000003
5.5372129544773685 0.6541318391962953 125.34234797853807 52.86274120000053
5.258588736817472 0.6294847432929092 126.15151580957468 52.927248099999815
3.751712905578863 -0.2837421554027938 125.64095996088334 52.99240389999977
3.091248506461433 -0.5009790387746643 126.16129277414737 53.05745530000058
3.1839851971254802 -0.547295009036994 124.6433642260728 53.12362480000047
2.5623349377024596 -0.7383774648982403 125.6523643865832 53.18891489999987
0.7263819423263485 -1.431633110767697 125.44678967729051 53.25316030000067
0.3643163314758482 -1.4476885792132856 125.16527708434774 53.31879720000052
-0.24582545567144365 -1.558418189892778 125.85005132668284 53.38579759999993
-1.5535973159937697 -1.9489685399428955 125.12057429740709 53.450305400000616
-2.0629449720378688 -2.1601190236502537 125.63289896240454 53.51658150000003
-2.353305213696025 -2.2721920831251605 125.00757270712104 53.58136520000062
-3.747393309135653 -2.408806112168427 124.96566879636747 53.646631600000546
-4.163065133448008 -2.438496416586649 125.35672264431574 53.711591500000395
-4.402331036373262 -2.5730517697949056 125.25433517998292 53.77645250000023
-5.264940492155425 -2.4614194680456727 124.90039760770783 53.84291209999992
-5.4094149699035725 -2.3847571424921705 124.96105242830106 53.90887070000008
-5.0880017267298285 -2.284199567758596 123.55498661964906 53.97504879999997
-5.551177931479103 -1.9064429536126837 124.48807380046438 54.03934280000067
-5.732917149101183 -1.9474356384244866 124.98965770957243 54.104122100000495
-5.636494820681648 -1.7537407379144145 124.80330333671138 54.17014199999994
-5.530273810000004 -1.1950372550790171 124.69404054865674 54.23538809999991
-5.528081921040311 -1.0820297455962322 125.15603928307908 54.30154610000045
-5.16083730125365 -0.8159767589397381 125.19305237091827 54.36736800000017
-4.10366952393418 -0.22192124826893167 125.81153928382547 54.43346620000011
-3.9420061931957164 -0.08881206813169806 125.95001038063003 54.49794930000007
-2.757280262704029 0.49549976440078064 126.27617469780728 54.5622500999998
-1.8286389177152174 0.947957671970658 126.84858775577523 54.633994700000585
-1.2058912817376068 0.9933915515413664 126.2888318420545 54.69869900000049
-0.5919150250360872 1.1855502440503547 125.23227066793451 54.77995009999995
0.5973748824966663 1.8473042027591253 126.99340836709213 54.84462710000025
1.4530930396176416 1.9052663761129618 125.60864411336908 54.90989080000054
2.4627187880166943 2.4340787384933176 125.8975907354235 54.9907960999999
2.6835379762835814 2.613135363221572 127.10890382331036 55.055354799999805
3.858264456762967 2.717655565511894 125.16606537775407 55.12104470000031
4.115692245696451 3.0022994516708827 125.9114886275825 55.18762320000042
5.191349877780915 2.770505200532063 125.88709348413879 55.25216890000047
4.991227969069918 2.7284147838045048 126.6106283346001 55.31810130000031
5.532571094406691 2.3763983078406548 126.08650411192207 55.383645400000205
5.617824896720052 2.1759838531075277 126.35532082599069 55.44913530000031
5.646830001690226 1.9623973462772049 125.84131062760048 55.51435000000038
5.578185832811485 1.8178382004718259 126.12126436413217 55.579327399999784
5.591951277178374 1.181081084637857 126.06388713492036 55.64429740000014
5.591951277178374 1.181081084637857 126.06388713492036 55.71017800000027
5.364240400720433 0.6319639754517933 125.51709824688959 55.774641599999995
4.936103563028055 0.2886551826779292 125.68689286309292 55.84021670000038
4.183939951774114 -0.0985447605193458 125.83556055504197 55.90600960000029
3.8055018693632903 -0.2220299274072136 125.67282807888697 55.9707997000005
2.501128797777106 -0.7477744087494388 125.43888173160857 56.037058900000375
2.2027695898718633 -0.8851019493070112 125.33191291413672 56.10226839999996
1.6494313851398417 -1.117347362965873 126.01267471282615 56.16838890000054
-0.19531744358580028 -1.6465558124732733 125.66094595352689 56.23293250000006
-0.8937738820852843 -1.8009622495554485 125.26646935003177 56.296083700000054
-1.1647650049428648 -1.960259154447269 125.15063766983114 56.361949500000264
-2.300339107902964 -2.2717955069284725 125.11448785984553 56.42680120000023
-2.488242064628075 -2.2153297200416815 125.05076046094233 56.49090299999989
-3.1693828690906756 -2.269579754584497 125.76351694724741 56.55511810000007
-3.4096999683938023 -2.4498328513676078 125.13383535775066 56.61956720000035
-4.67406218996517 -2.395450773904721 124.78861056856915 56.68491340000037
-5.013863575123516 -2.4623420657233597 124.89451568636922 56.75031230000059
-5.686281979987818 -2.3731479105935867 125.35129148677282 56.81617929999993
-5.606114025177817 -2.264945168285731 125.11777166412674 56.884990700000344
-5.812729778809036 -2.2473931997856234 125.35380251787281 56.949700699999994
-5.4484581568523325 -1.7422530636966154 124.25453499129085 57.01460540000062
-5.761391427755626 -1.598955356774173 125.01226445451478 57.07904520000011
-5.7299342938372675 -1.4475652969859727 124.97445585705492 57.14511720000064
-5.152690671465471 -0.9345152483350553 124.95043720528226 57.21179579999989
-4.814284522820806 -0.6459427220921089 125.2771373694509 57.275976800000535
-4.747874624076459 -0.6501487588545417 125.65805922597237 57.34115030000066
-3.2683376314543295 0.10622854430596684 126.4278344667959 57.407132000000274
-2.7299770997184396 0.436964640434423 126.02553670130348 57.47356459999992
-2.7299770997184396 0.436964640434423 126.02553670130348 57.538377100000616
-1.9205945023221105 0.6197216260309846 124.94682074014936 57.60279890000038
-0.613771675453954 1.25210216433038 126.13364208064016 57.66791319999993
0.11661755064153567 1.627553092746373 125.65609405090234 57.73451879999993
0.2350982614264936 1.8247458474505605 126.8229454290238 57.7995447000003
2.065238361322095 2.4254502648901 126.13142104795361 57.86393459999999
2.226460048615337 2.520900743200057 126.70365231196851 57.92828379999992
2.5303729901345733 2.593198123935236 126.78670284858352 57.9940486000005
4.016583931000092 2.824753151429913 126.66360277562924 58.05923299999995
4.284925885509601 2.8422226507525963 126.89553417276694 58.125740999999834
4.6556364107068475 2.930790481136645 126.6819308187283 58.189552200000435
5.347519797256446 2.61038368669008 126.95346149980061 58.25416469999982
5.360448304583841 2.4208431387245386 126.52581913924304 58.31918790000054
5.380542778076659 2.345709016869198 126.57514565233285 58.38445750000028
5.486665917880494 1.7356671554793635 126.08840332681945 58.44907890000013
5.612152938153521 1.677276376032494 126.01803890604793 58.513891600000534
5.689680174101873 1.4734213982765385 125.48462579835021 58.57856439999978
5.622053354205249 1.2417728049210222 125.58196145718931 58.64474770000015
5.424050581948698 0.6286495668586556 125.33262492173952 58.70976840000003
4.97002742213995 0.21274728282700073 125.67845172752088 58.774968900000204
4.692584560138016 0.1079649880049125 125.27254181628284 58.840542099999766
3.0974524386870286 -0.6008321152413661 125.8269214227908 58.905973100000665
2.780112876618645 -0.7465271478150931 125.51316325664413 58.97093440000026
2.3395973304183855 -0.8285991410734229 125.65571992909086 59.03820520000045
0.5176753570920525 -1.4291497462767584 125.44860580688452 59.10204330000033
-0.0836821281963438 -1.5371531560636136 125.57998569466503 59.16803380000056
-0.4627977214870924 -1.6626135506398807 125.5902853156097 59.234596299999794
-1.8428761078671343 -2.174651221767989 125.53018730681728 59.2998963
-2.225947918330114 -2.1904786347569583 125.14016165889413 59.36564350000026
-2.4970995879183775 -2.2661129839415985 125.0036102806039 59.43177480000031
-3.9901435553627707 -2.4526195348539233 125.13263400755525 59.49712869999985
-4.279084476105908 -2.5130923186201453 125.18495512644203 59.56284810000034
-4.493352266796116 -2.5153874331493054 125.07063689025541 59.62875140000051
-5.520231780616854 -2.50991160223391 125.29930556588947 59.69452700000056
-5.246428077994466 -2.329400803502403 124.0970137689163 59.75887870000042
-5.812343138208725 -2.372720849850464 125.35418004728317 59.82355129999996
-5.6692511140308355 -1.8957315121291396 124.53905541221089 59.888335200000256
-5.925670986029573 -1.7958535283834425 125.45311900944748 59.954489800000374
-5.731469683092087 -1.6974964081201853 124.98217694856348 60.01882519999981
-5.600022890358794 -1.514096771855474 124.5136557700688 60.085508900000605
-5.291171224984012 -0.9411024645945297 125.21081259056174 60.14978119999978
-5.0736689544673155 -0.8167616840058233 125.62974897435411 60.214906000000155
-4.653701194892896 -0.6417437060887062 125.61341625428713 60.28074040000047
-3.5719146958398653 0.2939032437677496 125.84110968094478 60.34635470000012
-3.2701622572138405 0.1973445930295935 125.67556464053004 60.41130310000062
-2.5165971133059486 0.3992833308077073 125.18477023128949 60.47669500000029
-0.821396901861057 1.1456483250611298 125.32545113302895 60.54192899999998
-0.9382177595803469 1.3220678986966101 126.99263725213356 60.6065193000004
-0.47287747696106663 1.3705951482892837 126.68035325606209 60.6722735000003
1.6451969648743514 2.187836349113605 126.4028679496484 60.73855790000016
1.7120154430391352 2.2239524509139836 127.1169220068679 60.80343080000057
2.520066525425463 2.3922498663664875 125.6114138981786 60.86885450000045
2.3523369150956555 2.5431465842907794 127.00201915687376 60.919604300000174
3.944449744096005 2.90180402241444 126.30737041888088 60.98450050000065
4.263116824231119 2.9150979272495445 126.86840873765925 61.049195300000065
4.929140547226972 2.590591998278802 126.87064217043515 61.11471369999981
5.387136155637464 2.527284944413842 125.77591156668058 61.17831230000047
5.25118184003847 2.4731882234616567 126.58466899395196 61.24322680000023
5.542448473416734 2.3719433792944082 126.39324727596477 61.309007900000324
5.774457173386672 1.8603875118197624 125.72010006597264 61.3740042999998
5.631707541585044 1.6470179066739488 125.64078786822652 61.43847220000043
5.4258391905384045 1.4065728502935473 126.2600607466161 61.50318789999983
5.619934292312813 0.7374565871654679 125.41626832070091 61.5677211000002
5.540308951078153 0.6758612483557405 125.13198378081059 61.63340550000066
5.118454399704127 0.45511601942875 126.03100692289043 61.699230300000636
3.5538835623986955 -0.34859401530929224 125.67321810123441 61.763922600000114
3.3021376433169465 -0.42757273591708145 125.34252148175615 61.82941810000011
3.0064835516853705 -0.5714573432629849 124.93231372822227 61.89456539999992
2.5014625028063477 -0.7736274846061403 125.46492755102379 61.96150209999996
0.7904306751518178 -1.3398127806029487 124.99734210898073 62.02648120000049
0.13083041437194964 -1.5815284779729928 125.87321538096566 62.09107210000002
-1.3283691678374154 -1.9625980849009506 125.14427268721306 62.15754360000028
-1.7595972447159767 -2.0518700128251615 125.61745295815821 62.2220483000001
-2.2117516680512566 -2.175411342447612 125.59278408796249 62.28792210000029
-2.58089043664431 -2.241970554569917 125.63652425172187 62.3538724
-3.934802929336165 -2.4519337959819496 125.22828563968866 62.42001100000016
-4.2988785745526314 -2.5029564763462693 125.31733853480651 62.48417860000063
-4.357227097189295 -2.4540620807717337 124.83884601931528 62.55047250000007
-5.196347322761568 -2.418456063444382 124.62796640550405 62.61539820000053
-5.611864600218965 -2.434755164931845 125.31774202079949 62.67964110000048
-5.465351680207974 -2.2741739477442366 124.56170294519526 62.74477900000056
-5.674759511278474 -1.9492595097919634 124.93184787405126 62.80970609999986
-5.915434227596734 -1.9012047477480905 125.65151427357243 62.87386409999999
-5.627606590997132 -1.6852417823246082 124.97531724745733 62.93851030000042
-5.779879985838107 -1.3819448884776238 125.31403447577236 63.002518400000554
-5.449418475919515 -1.035940333439159 125.37850075438273 63.067495000000235
-4.740585465471732 -0.7565067508319093 124.7543195729273 63.13354270000036
-3.7578147400113266 -0.20876453480631352 125.70162666841239 63.19894360000035
-3.046526785237546 0.09963672560794046 124.61592949528966 63.26407530000051
-2.301137940489909 0.6573195241463688 125.39445150473708 63.33085310000024
-2.249614447117537 0.6419907281295779 126.52004591556395 63.39497120000033
-1.1393357284293515 0.9336494378349001 125.0783426504319 63.46075590000055
-1.0566037451407269 1.009890965432889 126.40834710934199 63.52537260000008
-0.09619596980844136 1.4540339165133074 124.94850654905304 63.591278500000044
1.6349658855983122 2.1733971705730735 125.61045074371604 63.65542170000026
2.5254189741679696 2.486850099720071 126.46177889943696 63.721376899999996
3.00709555251197 2.533860202829298 125.42880134592185 63.78718000000026
3.237933181113867 2.8840356742928503 126.52855082248396 63.8527509000005
3.6434833074735735 2.8039598611761862 126.94339813633142 63.91841170000043
4.298112882717888 2.989667126396102 126.26994069758138 63.983099300000504
5.258104556452587 2.874244154226817 126.49685027290583 64.04928890000065
5.220113561514729 2.489764402174439 126.3265363214289 64.11482109999997
5.792661983735542 2.2325743478693827 125.90603096741323 64.17920090000007
5.779392931878199 2.0885585577664982 125.98827302711898 64.24482840000019
5.905712365659191 1.874627020855539 125.4470650006779 64.30966870000066
5.855947893071651 1.7463983546612518 125.47430896757578 64.37586400000055
5.885522316744634 0.9917960278842205 125.47857682416134 64.44143619999977
5.885522316744634 0.9917960278842205 125.47857682416134 64.50651329999982
4.945769928224422 0.3255750140998083 125.45677680239473 64.57226559999981
4.658450718644964 0.02925480211081699 125.0901238156135 64.63807220000035
3.668264372558319 -0.275077528592225 126.11817647922973 64.70299140000043
3.4384276804237572 -0.4252681244007087 125.13669041093381 64.76777829999992
1.999545209755027 -0.8599582034899206 126.13263228965651 64.8339958000006
1.7014680647480773 -1.1223628380266866 125.1397073613718 64.89902630000051
1.1373315040354228 -1.1513443110369015 125.51791650489066 64.96492300000045
0.7641501868235991 -1.3855865358710466 125.24546362465775 65.03037870000026
-1.173671733565186 -2.038217837264486 124.88802236658461 65.0958442000001
-1.649753578359764 -1.986344572187158 125.36411364747157 65.1600126000003
-2.6380986112488856 -2.2127710966521947 124.78611297040452 65.22500050000053
-3.210866129484991 -2.3377629182378206 125.34904561022289 65.28982319999977
-3.5071225912160813 -2.4676604998270646 124.8565207619896 65.35455150000053
-3.817793355255482 -2.467774535854963 124.78105179342975 65.4190122
-5.258888868993111 -2.5571311170734083 125.38882884604458 65.48408930000005
-5.041632963976809 -2.4551615238033313 124.31131591905829 65.54966010000044
-5.468240505454396 -2.2836770556747883 124.50027277406622 65.61429080000016
-5.693493924930742 -2.1938527418376723 124.99198596710819 65.67987220000032
-5.632372683422666 -2.16620252211805 124.69795512996643 65.74510910000026
-5.72551341458518 -1.5989459314023038 125.19157932241527 65.81120960000044
-5.671594451110607 -1.3520636347663872 124.99515829958982 65.87593819999984
-5.621885859612384 -1.1851938566967344 124.95207130759503 65.94212760000028
-5.621885859612384 -1.1851938566967344 124.95207130759503 66.00718770000003
-5.070353826802098 -0.5712064371527098 126.32147389428089 66.07212160000017
-4.165688055741775 -0.33448969266962736 125.202729273037 66.13744850000057
-3.7920236413637483 -0.11048982450623968 125.61813636913618 66.20210190000034
-2.220791646428424 0.6883498558778932 126.00392721577819 66.26642619999984
-2.220791646428424 0.6883498558778932 126.00392721577819 66.33279029999994
-1.2961841230890485 0.8474604197681941 125.07402956021302 66.39724879999994
0.08260869577868846 1.563147034290692 125.85876056796053 66.46311180000066
0.336655615017051 1.6705245333992722 126.14893953455261 66.5277887000002
0.8954017679203119 1.9196883965241298 126.42949159974783 66.59287339999992
2.4347817760202304 2.56654505425583 126.73450611154827 66.6575399000003
2.638490487478002 2.6149033350329867 127.00358559690508 66.72222450000027
2.933373152009871 2.5848163413528287 126.87252616338357 66.78660740000032
4.29541968480963 2.8832682671861884 126.84376481826857 66.85110739999982
4.821942420231025 2.925311390398553 125.79065939762995 66.9161066000006
4.704741110064944 2.837660729973076 126.94304362563713 66.98168299999998
5.316259326670142 2.3373634946819415 126.85265051862024 67.04691180000009
5.452217025741753 2.2834162999214613 126.54646663274949 67.1121546000004
5.5730674835334995 2.072900208610939 126.14310219367117 67.17685580000034
5.73322616298227 1.4941007082744167 125.46333957629894 67.24145500000031
5.665300103366448 1.3484352100071906 125.73939120410563 67.30525940000007
5.699304851049526 1.143723198969402 125.53606836557388 67.37159830000019
5.78724674195275 0.9659962205853525 125.14635215247591 67.43671260000065
4.85701938629586 0.16513357816407104 125.8030802213942 67.50170200000048
4.498361322167796 0.2033038698810451 126.07774789776244 67.56723580000016
4.106852244022498 -0.1134459750463469 125.9719920004326 67.6322153000001
2.5623349377024596 -0.7383774648982403 125.6523643865832 67.69671780000044
2.2922521525341466 -0.9302334661954746 125.3720268532469 67.76382009999998
1.885773807839655 -1.0753564542251755 125.18547296781158 67.82793260000017
0.06096977318082253 -1.6255335716819235 124.93433689331862 67.89225309999983
-0.5276623656124428 -1.7724286729095362 125.17471122629803 67.95741369999996
-0.9133879085779739 -1.8357716513298485 125.14388315166205 68.02252420000059
-2.300339107902964 -2.2717955069284725 125.11448785984553 68.08849190000001
-2.575072168808518 -2.266539785579302 124.90777979184857 68.15485090000038
-3.044186679533773 -2.29845148336057 125.34923520248559 68.21965189999992
-4.294062633542744 -2.4533285857955165 124.90814853157235 68.28594630000043
-4.445670142586415 -2.465637788165751 124.79824168184675 68.35121320000053
-4.762773320958843 -2.4632545313494942 124.88850081581425 68.41699179999978
-5.686281979987818 -2.3731479105935867 125.35129148677282 68.48188019999998
-5.493381952247518 -2.2717247106740452 124.50521410336985 68.54631590000008
-5.800915335889137 -2.198690332212802 124.93944366397334 68.61101440000039
-5.927503920801037 -2.181827264916024 125.3935862584856 68.67569950000052
-5.476606959879703 -1.6389964946510887 124.51756880099451 68.74093069999981
-5.341494275625529 -1.4631981669583856 124.68134992570063 68.80556930000057
-5.272780474194668 -1.3480654772401013 125.21137406007344 68.87047530000018
-5.307270938524148 -0.782003408235869 126.09245569591099 68.93547339999986
-4.710272164592247 -0.5650462671172484 125.80261152545957 68.99900359999992
-4.2262426943182945 -0.28930642608220547 125.45888849842532 69.06537759999992
-3.547033775248238 0.13248112510475207 126.63250342800137 69.12865940000029
-2.0437297632478177 0.5090466914030592 124.56755846062946 69.19423540000025
-2.1710313729580335 0.8466126262841321 126.34024766147877 69.25930729999982
-0.43827120597473623 1.1305744121945867 126.67435489292805 69.3233463000006
0.9677624255062796 1.4411093474531156 122.81483496122765 69.38838310000028
0.32143302457996015 1.908157576270562 126.55320207729284 69.4540949000002
2.3387707660508497 2.368783594158816 125.16943301593713 69.51852750000035
2.6057969853803797 2.5352414161267838 125.54125414076329 69.5828091000003
2.6116753256441427 2.554969652534594 126.81773254289999 69.64899770000011
2.9418253761869693 2.6755303963364905 126.69342676398234 69.71486530000038
4.415778839475884 2.9983765430292677 126.74870036102872 69.78072840000004
4.413275505251441 2.843233653629344 126.89324009734933 69.84564349999982
4.856088799746267 2.9096285344854147 126.23244570135219 69.91112200000043
5.571631312122584 2.3915826086266323 126.24369121345805 69.97602060000008
5.605714656390667 2.3636540773314025 126.30470410717362 70.04052490000049
5.642561124168509 2.1325185168876786 125.93283252079279 70.10604760000024
5.6876545026791305 1.626406470280815 125.77962633175439 70.17194579999978
5.667392511339571 1.328838358592705 125.93230680431988 70.23769770000035
5.619133841244761 1.1685880982562946 125.9870805411207 70.3025133000001
5.188524150003211 0.535641294916386 125.85039225408632 70.36891710000054
5.138645575412873 0.3222270877012675 124.9160127548528 70.4333015000002
4.6934164635679565 0.18545129255856196 125.62411192452532 70.49880040000062
3.045327879318428 -0.5148343542361914 125.58583094238627 70.56307449999986
2.6705175780284023 -0.7267624470044037 125.6873096369073 70.62729790000049
2.513530762231582 -0.7436613623975216 125.46642011075299 70.69263630000023
1.6774887172041488 -0.9757647203585936 126.09501750923339 70.75794360000054
0.06038559419918954 -1.6354937494443313 125.38177233842498 70.82337770000049
-0.3915242023032519 -1.6962941117961639 125.18901158009166 70.88745990000007
-0.6938029017573157 -1.7370319794108635 125.2257921914696 70.95316290000028
-2.039359071462954 -2.1418533702512006 124.79499156843032 71.01806490000035
-2.556635336346446 -2.283077061154589 124.93092222128513 71.08362230000057
-3.056200699387837 -2.3604014811899106 125.54743644096114 71.1496831000004
-4.283940545394202 -2.5245601664274644 125.00453776514364 71.21410050000031
-4.511669750375418 -2.4641567453562088 124.88235563393805 71.27820500000053
-4.531400742509298 -2.4129851946614096 124.41307608931054 71.34343750000062
-5.39704601658957 -2.3496967982185772 124.67262500389226 71.40972409999995
-5.39704601658957 -2.3496967982185772 124.67262500389226 71.47423460000027
-5.875616668106204 -2.2458855539679643 125.424984855669 71.54002140000011
-5.80102532263632 -1.8061621931331149 125.38481384143071 71.60351600000013
-5.674089579561503 -1.6994081712653881 124.92676447826703 71.66817710000032
-5.7252082564811815 -1.503978944887153 125.16121095549745 71.73354870000003
-5.861774378687336 -1.1312957221855746 125.67133180788656 71.79822130000048
-4.960395449432717 -0.6696859288954308 125.46066523500127 71.86301920000005
-4.643313511987124 -0.5683602113280691 125.79566923765992 71.92795089999981
-3.464026054259307 0.08325796428310961 125.29192318400753 71.99212549999993
-3.1906274534248595 0.26074993843439775 126.25244501002028 72.05877180000061
-1.8000967152971086 0.6971934623117715 125.85537187463736 72.12402740000016
-1.2269831811437157 0.927343819273171 125.55757801138066 72.1892269
-0.6249723665712921 1.3685548484354457 126.31681389564275 72.25465780000013
-0.4937134578026203 1.4728600714807534 126.35900259040243 72.31985299999997
0.2840558279187846 1.6625610279866514 125.61798963454099 72.38492750000023
2.0150463949174053 2.3653979844156825 126.12379125433873 72.44982580000033
2.5582066383611775 2.499623425769613 125.90956888275475 72.51612120000027
3.195003424159289 2.635193211145443 126.8478936698006 72.58112580000034
3.63497935353152 2.8403876964111645 126.61782531581251 72.64544280000064
4.1778163550915295 2.9064223646736895 126.90033218757648 72.71113770000011
4.478558325966297 2.849851496759664 126.81603281089235 72.77496800000063
5.35205167364991 2.6632021794770675 126.58573288708105 72.83901969999988
5.442314634569868 2.387837374706547 126.23893851526356 72.90415690000009
5.800795800824545 2.168289262277956 125.42245075338332 72.97005480000007
5.642871178340727 2.005770548443369 125.93180118280786 73.03470590000052
5.661809726640016 1.6018417368911035 125.7529673510834 73.09909460000017
5.586297994985465 1.4356273880769352 126.08724756465398 73.16528500000004
5.779033603879 0.720648150207763 125.30227070878053 73.23049910000009
5.779033603879 0.720648150207763 125.30227070878053 73.29501170000003
5.377970400367751 0.5052043515186442 125.48160504078737 73.35960260000047
4.039102208565261 -0.024764030594638053 125.70309949951277 73.42412510000031
3.1175531976133968 -0.5049487268536573 125.9359592357617 73.48866309999994
2.8822398377452743 -0.6451546751064255 125.45189161068946 73.55403360000037
1.6690739374312287 -1.1798877164536772 125.2040416053351 73.61937430000035
0.8864306831265694 -1.327836002732179 125.7141030884976 73.68399529999988
0.6906946012184036 -1.402179407912715 125.13377323779959 73.74954270000035
0.2514800524262739 -1.4457992503552184 125.06666102946643 73.81580880000001
-1.677668250038657 -1.9679074050857124 125.38714046178795 73.88139950000004
-2.4070211107125417 -2.270496600267028 125.73535987550119 73.94583020000027
-3.5047030439720075 -2.391014367506515 125.76616458800957 74.01145200000065
-3.5790352599172905 -2.459079661836028 124.88591809980552 74.07563680000021
-3.6417072444008483 -2.3510227412165543 124.42077565367858 74.14045150000038
-5.068803604109604 -2.5435016654151132 125.42148421842315 74.20546319999994
-5.093260069392791 -2.409487835928276 124.49446233198124 74.27010930000051
-5.139061363310752 -2.367477806532162 124.0688145563947 74.33529660000022
-5.773914139652199 -2.3696903623754837 125.35901265168381 74.39968630000021
-5.689623732715219 -2.0563871543549475 124.74024845562903 74.46532819999993
-5.631843234595863 -1.9169661230300723 124.69320188127516 74.53112109999984
-5.774213826539416 -1.8681000063190254 125.35374261619359 74.59620330000052
-5.479674836139658 -1.7164757481642017 124.52573149793425 74.66144290000011
-4.8644604009620735 -0.9372521743189554 124.92058384731303 74.72601639999993
-4.8644604009620735 -0.9372521743189554 124.92058384731303 74.79054030000043
-4.1753080275869365 -0.28481819831714594 125.66341745841586 74.85593470000003
-3.7083002367053552 -0.12401655092660913 125.4550604756035 74.92063010000038
-2.3514700593495377 0.6491143936383006 125.8826318571788 75.00076499999977
-1.3865201462860028 0.9060462064430721 125.73538638947956 75.0651856000004
-1.3865201462860028 0.9060462064430721 125.73538638947956 75.12983650000024
-0.950916421090021 1.1572101113766315 126.08796368832515 75.19453410000006
0.4685229614415434 1.840911584091618 126.66870639501398 75.26007070000014
0.5973748824966663 1.8473042027591253 126.99340836709213 75.32446429999982
1.824360785359076 2.113005525836757 125.10138789681264 75.38927530000001
3.165962293687194 2.614006469608613 126.43307463109294 75.4537304000005
3.165962293687194 2.614006469608613 126.43307463109294 75.51808419999998
3.8633063156060388 2.7257011180438218 125.22098159363476 75.58251970000038
4.87519164921212 3.02635388448883 125.98489959964537 75.64888549999978
4.940933351175488 2.7922024866581268 126.76177216991383 75.71410470000046
4.929140547226972 2.590591998278802 126.87064217043515 75.77807200000007
5.446366597989041 2.7160047878598994 126.1149194276654 75.84229099999993
5.545170179410988 2.103007198375583 126.37102230805056 75.90705810000054
5.61016330236783 1.9901333348963797 126.10152186670528 75.97325060000003
5.491703750033217 1.812805330798307 126.71575978998142 76.03852449999977
5.784554751049107 1.0954709953781387 125.33595587763077 76.1035265999999
5.74797203554013 0.9707771514266744 125.4260659661711 76.1701406000002
5.591150779359076 0.8318492417725021 126.07628511369606 76.23526099999981
4.469144754446276 0.131041173644592 126.02505832990154 76.3008749999999
3.9807891186556574 -0.18354171624920257 126.04356332624958 76.36647919999996
3.6408757993964187 -0.219801468023598 126.2868460252759 76.4310532999998
2.0514978891787834 -0.9191628228586887 125.73311240919155 76.49572510000053
1.67215590640199 -1.19946474463906 125.36943884829016 76.5616957000002
1.4117124984549676 -1.2445089420696576 124.70536963497045 76.62696420000066
-0.7147472259585328 -1.7881625953849682 125.59482712190706 76.69235339999977
-0.8171728512647576 -1.9108841591229955 124.65814921343753 76.75808289999986
-1.1678005740891706 -2.0248525559990727 125.08213886818731 76.82259250000061
-2.6470126367466804 -2.280955345173074 124.95151627008526 76.88968260000001
-3.0313848673109334 -2.2728171281976457 124.99787148665428 76.95465830000012
-3.733760782242946 -2.487320968276553 125.57524298783518 77.01922740000009
-4.803300572816916 -2.5013744761109504 125.33027960417594 77.08385120000003
-4.786273096214444 -2.4616133073008157 124.81877714731704 77.14882209999996
-4.906960211713553 -2.411713502924962 124.42302717544665 77.2145115000003
-5.675572236984877 -2.3240275549210314 124.93894141700876 77.28090080000038
-5.830349685461989 -2.169715899000748 125.40861642599188 77.34503980000045
-5.632372683422666 -2.16620252211805 124.69795512996643 77.41018220000024
-5.4608201257216535 -2.0046091032297126 124.25112435718852 77.47445680000055
-5.103923110976716 -1.4169193684792836 124.76719282288363 77.53987920000054
-4.89645531459815 -1.2063767774167946 124.64990090746893 77.60366609999983
-4.994016566501948 -1.1671119357884705 125.3968118778058 77.66821710000022
-4.788743075100015 -0.6043878806829291 126.04222676382531 77.73240679999981
-4.029138921281621 -0.2521424816243799 125.04559602469284 77.79750409999997
-3.9950101809953367 -0.20777424335185635 125.79528905145912 77.86234570000033
-2.177095031430376 0.46472336051328444 125.08265467472854 77.92754950000017
-1.7958527595262836 0.8887396257345728 125.51477359810997 77.99339580000014
-1.9045993031171875 0.7240984874007694 126.73156045885972 78.05824649999977
0.4626246734449495 1.5189460113852093 124.72604015264089 78.12311640000007
0.08944300469021726 1.8066134305026385 127.00597446794335 78.18727649999983
0.9056199876525426 1.88686836165971 125.89886777285558 78.25302700000066
2.509647826377794 2.605919466777373 126.4934960718168 78.31884170000012
2.9491166129882984 2.731165959948438 126.56086762432948 78.38418379999985
3.179562096787322 2.7265523294860112 126.75671294620125 78.44906530000026
3.2484572344482885 2.734038229419875 126.84625412637737 78.51394830000027
4.776222250786738 2.9229559632199473 126.59988293868015 78.57897130000038
4.798352769321625 2.84714472748091 126.88875161869156 78.6438132000003
5.047430168434559 2.6903180585962354 126.42222366493061 78.70948150000004
5.479239098882317 2.244392604642033 126.12114353732589 78.7742287000001
5.481003870174227 2.117172661400145 126.11326420105071 78.84053899999981
5.617824896720052 2.1759838531075277 126.35532082599069 78.9058786000005
5.492830459431595 1.3544211120894243 126.06191963509222 78.97072170000047
5.529176592047271 1.1979158099171592 126.12744945782697 79.03516209999998
5.547923091093388 0.9496503031303085 125.9070627311984 79.09957810000014
4.909722212673593 0.304820835588026 125.97218584340996 79.16511460000038
4.637519403863983 0.07491185389595612 125.34609122769754 79.22912850000012
4.235532165341716 -0.12036899617756647 125.24782874751372 79.29392999999982
2.603209541252909 -0.6916742973596223 125.89180020716235 79.3586064000001
2.2821156866775993 -0.7845841388793485 125.85099622463447 79.42470229999981
1.9721200181243645 -1.1338692704568918 125.09273925637478 79.48935410000013
1.218096434138353 -1.2049083415334803 125.87994089174678 79.55513040000005
-0.6124077485460973 -1.8497601032387498 125.60285673557942 79.61868820000018
-1.0230273356599113 -1.8833371986685852 125.52683185044691 79.68447790000027
-1.0859250312069761 -2.0356999611517113 125.0191647582809 79.75003199999992
-2.807236404543062 -2.224008275880508 125.62209646581046 79.81541840000045
-3.035637188816942 -2.3312978194088805 124.99809448359667 79.88108499999998
-3.496088072331162 -2.409617470731323 124.95962493208472 79.94533980000051
-4.657739086106012 -2.5117546671421325 125.19684204086451 80.00986050000029
-4.762773320958843 -2.4632545313494942 124.88850081581425 80.07473910000044
-5.215907500202206 -2.487127861966841 125.3761131591904 80.14116170000034
-5.738097617469165 -2.3814537609193067 125.32056222871083 80.20492379999996
-5.693493924930742 -2.1938527418376723 124.99198596710819 80.27108870000029
-5.875525963923593 -2.12049048325129 125.42313415535644 80.33616230000007
-5.5351998872788215 -1.6381604067718119 125.15426148671673 80.4016502000004
-5.325621662957154 -1.4313609022403027 124.93231520100221 80.4667614
-5.081481943009919 -1.2820019510940472 124.71421081224142 80.53219510000054
-5.162688581339623 -0.9201196643309627 125.4059219928855 80.59679770000002
-5.157177658164258 -0.8340847117914313 125.69032676594766 80.66169940000054
-4.496060489564059 -0.39473296850345163 126.45022562129456 80.72712970000066
-3.947477702351975 -0.3411250020086477 125.97020630569753 80.7923894000005
-2.8617222635440385 0.4499724648109436 125.95943422949463 80.85721400000057
-1.4858054120493023 0.8069540197060986 126.49944726786022 80.92312800000036
-0.08161245519870874 1.1770009673144248 123.26883762097478 80.98613810000006
-0.5518814257083307 1.5323860876171627 126.76411134176988 81.05192330000045
0.4021126390011105 1.8844824342239797 125.42252092746133 81.11729770000056
0.8605432933809922 1.9129774797100678 126.15579651240147 81.18200280000019
2.5546866322987682 2.6313286579424227 126.07341252570248 81.24737050000022
2.9720495908450175 2.7830814022590635 126.49137966711405 81.3129729000002
3.8266727251790016 2.902213866352724 126.19211600586993 81.37904020000042
4.262678309656678 2.945208096803554 125.78815817509376 81.44590200000039
4.670119456743535 2.908369667385641 126.61874429107839 81.5107723000001
4.798352769321625 2.84714472748091 126.88875161869156 81.57695010000043
5.556463939894272 2.444684299944376 125.76893713125736 81.64224620000005
5.731599108480104 2.4617284056054687 126.17408702378138 81.70707200000015
5.73957123887255 1.8721496597137777 125.61161895937329 81.77173870000024
5.659576183788914 1.7087101909401496 125.96331716971932 81.83578380000017
5.82074919739933 1.4481943003371296 125.18358246312341 81.89970270000049
5.710988266899257 1.2636892260334538 125.65568826483869 81.96507939999992
5.306036614433289 0.6029311741675623 125.62866427372421 82.02837809999983
5.306036614433289 0.6029311741675623 125.62866427372421 82.09333250000054
5.048566987129675 0.3926667140557212 126.07122122513015 82.15840540000045
3.346297140584099 -0.37017486693401935 125.98552133306865 82.22232780000013
2.801752441625851 -0.7966335790554108 124.95066372657341 82.28820780000024
2.3449873699001103 -0.8923751822341818 125.54714325987953 82.35367829999996
0.713022426772504 -1.3035018358736745 126.14046022948058 82.41862050000054
0.4225881472611803 -1.4116573047744012 125.5639598016933 82.48342589999993
0.16529157424845664 -1.4612790381456282 125.21825468246331 82.54934159999993
-1.5347697430024425 -1.9751622863719502 125.85215356292761 82.61486150000019
-2.334212986988568 -2.1937806634921357 125.22956139716932 82.67936559999998
-2.5201197184790303 -2.2984650552775014 124.67814360765205 82.74558630000047
-3.7943832870226757 -2.5044790330127062 125.30385905315522 82.8101286000001
-3.769447130046558 -2.4361726426611097 124.36745985365506 82.87535530000059
-4.315162221010226 -2.5153339491613744 125.1716974900204 82.94142040000042
-5.199005489884534 -2.46297999255434 124.81774470193673 83.00662350000039
-5.13737651969474 -2.344462657488104 123.89261201927492 83.07036659999994
-5.629547972998559 -2.3488523530981364 125.00047432890152 83.13504470000044
-5.714917437233183 -2.2735534330717218 124.93838405063592 83.20056900000054
-5.58698139095268 -1.9001475534152976 124.54918919690752 83.26604230000066
-5.478426009624144 -1.7635547091340582 124.52456010891048 83.33208999999988
-5.170208526405553 -1.5913025848198252 123.9110399339231 83.39723140000024
-5.3621431088031315 -1.4979304096689026 124.24872939688008 83.4610290999999
-5.063386934167966 -0.7286381713494966 125.41116001961605 83.52571650000027
-5.063386934167966 -0.7286381713494966 125.41116001961605 83.59068860000025
-3.459690787027448 -0.11212486041174241 125.6245276947443 83.65479210000012
-3.105930039943985 0.14014306440057267 125.02196464741847 83.71900640000058
-2.8331968963889267 0.1991963853385651 125.80998526567957 83.78324210000028
-1.9880726440921421 0.5676846207435043 124.8201255875298 83.84736299999986
-0.9232806891270542 1.2369335663376777 126.55369513849394 83.91250039999977
-0.31212125962323967 1.1755274017076938 126.0652140522811 83.97780909999983
1.2484862333352496 2.159301849246676 126.02964807753236 84.04315860000042
1.7115238706347782 2.168312261355387 126.24687871569081 84.10692569999992
2.2081820720903664 2.3921418336965314 126.13656668267423 84.17317180000009
3.164809059639559 2.739877166013218 127.32959729474972 84.23752479999985
3.5318493737389645 2.6822808427778018 126.71981061106618 84.30315530000007
4.131002984810145 2.9217089064924746 126.26394255515908 84.36780929999986
4.156577765962396 2.8413238686868474 126.89811932848016 84.43197610000061
4.997002784357903 2.4713204023598134 126.58116238806183 84.49838200000067
5.409591766593607 2.6603792421624033 126.53642435111057 84.56299970000055
5.260475660948956 2.40236981749341 126.82485045758179 84.62877819999994
5.658537879768112 1.8553468127524892 125.76577334095884 84.69454159999987
5.728889838639951 1.746675137463583 125.48042686054983 84.75978790000045
5.803272632845264 1.6771307662467003 125.24822352997225 84.82560090000061
5.806792175029948 0.8854745768256644 125.31009028257728 84.8907063000006
5.499624930138225 0.6604601606143607 125.95827677559673 84.95692770000005
5.526604365010357 0.8287863164006455 125.5544852835066 85.02229609999995
4.056280887374193 -0.20204214915077479 125.23991263639486 85.08885670000018
3.4198096147284076 -0.3734904981923829 126.02049417657032 85.15295789999982
3.13280141148109 -0.576199135816717 125.52891551837547 85.21776529999988
1.4351180052248722 -1.1597056687291065 125.53263951607666 85.28283780000038
0.9488224454925671 -1.3524032084942914 125.71352335062593 85.34880840000005
0.6622843591696466 -1.4459814238386133 125.14277726589293 85.41347000000042
0.1671327010239949 -1.5320830725911767 125.43049401839131 85.4802737
-1.2755344666150634 -1.940335474205785 125.01950307743137 85.54473899999994
-1.8104585953343602 -2.034765501731858 125.62661328721619 85.60923259999981
-3.196817323275262 -2.452823440226661 125.12103072443284 85.67508830000043
-3.7017313596148043 -2.451149230806838 125.13812504504162 85.73970629999985
-3.905232886606292 -2.526014434745372 124.99035125350396 85.80437840000013
-4.157818803571736 -2.4637741085605334 124.80075754817527 85.86973639999997
-5.232784353497564 -2.5086366065246772 125.30676747995004 85.93530129999999
-5.281299642083816 -2.4676741914986753 124.62956260461293 86.00051630000053
-5.2982258488260925 -2.3946180078626678 124.26353708025582 86.06679249999979
-5.632117219435578 -2.041584862073491 124.69560344407789 86.13155499999993
-5.732917149101183 -1.9474356384244866 124.98965770957243 86.19749630000024
-5.875265005353441 -1.8696926294432554 125.4192115862767 86.26191139999992
-4.915810270360872 -1.2118179942705378 124.75550512423654 86.32722600000034
-4.95344931947394 -1.052921194657285 125.58057204380898 86.39149799999996
-4.487034788304008 -0.8699834474727736 124.8396762990244 86.45626240000001
-4.646596741643513 -0.7732000577614265 125.5926239677456 86.52081129999988
-3.814393642973137 -0.08894881733672722 125.94435706081661 86.58544810000058
-3.5249832281122337 0.0011773003937014526 126.38239857849808 86.64985650000017
-1.7643649516463071 0.8742866587704657 125.53834101515557 86.71404580000035
-1.3288896915517157 0.8812742384817857 125.89363249744048 86.77956859999995
-0.7564452521317335 1.182876492022756 125.59918269040013 86.84412500000053
-0.37942402797151686 1.4012416729731068 125.80839629419211 86.90944080000008
0.9257528427271993 2.084131923605649 126.31722264948594 86.97589690000041
1.6163414581099005 2.2089817692982345 125.83057747060181 87.03928429999996
2.3904182302405843 2.5321646551683306 125.23106828751202 87.10410520000005
2.9848427516108345 2.634451761037059 126.61774407156246 87.17038169999978
3.767994305902292 2.7485572238881644 125.55918566948152 87.23406760000034
4.28546047376922 3.016371407618156 125.63372325014771 87.29948779999995
5.044161425157334 2.8178327735542514 126.43582439146026 87.36574890000065
5.030037719911704 2.611749180984222 126.40588557901272 87.43135210000037
5.187403141638292 2.6367254584952917 126.56802428521738 87.4974388999999
5.7359972704052495 2.124590395765657 125.62501644036841 87.56272549999994
5.581700443599011 1.9433404420747191 126.28109087912922 87.62730920000013
5.773370397374379 1.8022410799891717 125.25506205901024 87.69155920000048
5.782593328160331 1.1573246426279429 125.36303012576644 87.75738960000035
5.626757127854361 0.9734338150727494 126.02960774294026 87.82247550000011
5.7564911833900965 0.8077372995767395 125.4155201244615 87.88892000000033
5.3014343797677554 0.5445048959209482 125.86544719441906 87.95422520000011
4.154083539121345 0.013351061412613885 125.73459263161834 88.0187993999998
3.765968291562139 -0.1845409761174429 125.73692581791252 88.0839931999999
3.276356531155834 -0.40342511115374824 125.53358231560959 88.14824800000042
1.684666699271645 -1.1397771582857694 124.97513246552069 88.21360379999987
1.1885508362048043 -1.2572532116065087 125.22408417918857 88.2781229000002
0.4052575546922341 -1.3664351561169026 126.11315344216881 88.34287670000049
-0.9792428590172904 -1.8438188234696726 125.4276657401241 88.4068326000006
-1.178301616933119 -1.9735679631153804 124.98381282098119 88.47193430000061
-1.5659518518468403 -1.9450157158162877 125.36872778730138 88.53695510000034
-3.4937758829391043 -2.395866951685881 125.87089775309549 88.60211560000062
-3.647873868454184 -2.5152634655358685 125.16427762737295 88.66823560000012
-3.621931636812505 -2.427350469799666 124.35842590459879 88.73409309999988
-4.859721198779681 -2.4525884446915196 124.85187963601427 88.79837520000001
-5.054207999096448 -2.4770745705646364 124.88802138184168 88.86381110000002
-5.048816962031523 -2.3956336467643764 124.25882759533681 88.92804630000046
-5.774042743812451 -2.2442995837176536 125.35784759519584 88.99357000000055
-5.813086644562134 -2.122059458736693 125.35334181201593 89.05914029999985
-5.673318592546728 -1.9395889506592066 124.99799265122716 89.12500900000032
-5.662354206212761 -1.8880361221412487 125.16417222189565 89.19076740000037
-5.019645534746623 -1.2542633225286988 125.17172880783941 89.25715750000018
-4.848245442041815 -1.075560284317537 124.94231470625137 89.32060940000065
-4.862074878232107 -0.665657560065621 125.36982879104292 89.38586810000015
-4.58661494640635 -0.4884993520942339 125.5341736034222 89.45082720000028
-3.981880949584294 -0.1639629393884573 125.93788105796271 89.51647330000014
-3.3352779476538643 0.06152097102194398 125.45854050755256 89.58208019999984
-2.1752827972418984 0.7225695089115738 126.3545890927732 89.64625609999985
-1.3006453633255717 0.9133409200487601 125.19075676486052 89.71028790000037
-0.3045107416488406 1.3846637197260647 125.827125168985 89.77494490000026
0.08962629648976872 1.6249700973323344 126.03735248052972 89.84039970000049
0.9160800896451207 1.9799167684303471 126.28911472959686 89.90665810000064
1.1770399937072256 2.2207954284244473 126.71726472101375 89.97146310000062
3.0674531263011247 2.59987231241733 125.69315786694219 90.0361425000001
3.2064089151381054 2.5854089828809754 126.04346115602105 90.10192670000015
3.8157866470564343 2.7764305347289184 125.86671515743441 90.16714409999986
4.449067109093889 2.7426872512489484 126.36941034090977 90.23233299999993
4.919435050130716 2.690615444794674 126.42791670614147 90.29750280000007
5.0921670779986385 2.625513343027028 126.15376606691248 90.36160120000022
5.445673001320429 2.2099007928600214 126.84378173815475 90.42623689999982
5.651952864690436 2.0888773380179284 125.9937981681136 90.4923859999999
5.651952864690436 2.0888773380179284 125.9937981681136 90.55661760000021
5.654470690948671 1.9621225896598582 125.98370372196985 90.62059839999984
5.622303697900897 1.2274138868940216 126.04853181364328 90.6856256000001
5.626757127854361 0.9734338150727494 126.02960774294026 90.75045659999978
5.625104235773918 0.7874003336755735 125.96139028260922 90.81558870000026
4.999902863342406 0.21185260992033628 124.9497332125844 90.88116919999993
4.91932433480163 0.05466489397613561 124.44886339506256 90.94517869999981
4.057508661931735 -0.052191183089000615 125.97672768605098 91.01150180000059
2.2359001848774014 -0.9664529121659969 125.04244850792371 91.07672249999996
1.652519814714637 -1.0736255585267602 125.83401183670159 91.14062720000038
0.5803300964570823 -1.4794585471955655 124.93463731144018 91.20551950000026
-0.1554474338474705 -1.6635391464417162 125.69203236707033 91.27122099999997
-0.37462462547580344 -1.8369547825293044 124.84485817693732 91.33701199999996
-2.1546570219500865 -2.1445623465768797 125.73074997010727 91.40176070000052
-2.685806291833714 -2.3429488037096613 125.02464553658355 91.46600089999993
-3.0618405380948133 -2.3065912709160403 124.92851016642614 91.53185290000056
-3.601437400154893 -2.505480782973849 125.21371591982555 91.59759060000033
-4.566426217572335 -2.5494015000576176 125.62866112158983 91.66186569999991
-4.7640465970932055 -2.5127575392723567 125.28031602589263 91.72642090000045
-4.7296683705651645 -2.5394477381558573 124.85071375653128 91.79221610000059
-5.0477914321041695 -2.450989489061791 124.92667023942704 91.85769119999986
-5.875616668106204 -2.2458855539679643 125.424984855669 91.92227940000066
-5.770485207605411 -2.0892156772300665 125.1144306793562 91.98812950000047
-5.915217163680737 -1.7754867881292506 125.64935163997568 92.05265400000008
-5.4343770127429 -1.5027819318483466 124.40534702615179 92.11850820000018
-5.535310070515038 -1.4579896935351115 125.18242454545204 92.18337760000031
-5.044025286424784 -1.2510376891478976 124.60325926016495 92.2475943999998
-4.845358828303674 -0.5923796430159834 126.0257581628278 92.31274500000018
-4.845358828303674 -0.5923796430159834 126.0257581628278 92.37920880000001
-3.1971965515839784 0.17605207052015026 125.45247888335315 92.44296420000046
-2.711214978632718 0.2627468291665098 125.40813090066442 92.50819520000005
-2.1907782293837315 0.6641069496455425 125.30661931464977 92.57374590000018
-0.9380105763445528 1.226459611937655 125.47522481520352 92.63833470000009
-0.5593887960326853 1.2621864526144417 125.78303223833134 92.70473120000042
0.3592473846882456 1.591884485350683 124.40924502716618 92.76902470000005
0.26402885725644154 1.7542109534539119 126.49880099282073 92.83490679999977
2.202020810188394 2.3616471859286285 126.2115966102336 92.90196019999985
2.281839519685022 2.6035043010564523 126.72360591544174 92.96740469999986
2.7118423819944724 2.622053212524256 126.668827405928 93.03583350000008
4.0911503681505295 2.8465484484214687 126.8323848576291 93.10110930000064
4.5153809800047995 2.8734743689081172 126.27624718635217 93.16647000000012
4.541628331542562 2.844374618288988 126.89129167953952 93.23161720000007
5.389636398323191 2.4037672518061415 125.93790702680968 93.29654910000045
5.380542778076659 2.345709016869198 126.57514565233285 93.36144870000044
5.389802820183419 2.275026164188512 126.81636060589094 93.42739640000036
5.524723866087513 1.6461390845720787 126.42062398487907 93.49252729999989
5.514274380569098 1.54678357421324 126.38052178225672 93.55711080000037
5.636343097309187 1.3824924472881328 125.79595507449982 93.62256260000049
5.619669120265954 0.714398754929226 125.57544852606605 93.68740470000012
5.117181222342168 0.518854473501938 126.14149752605397 93.75258880000001
4.800157847373278 0.24046488226198648 126.08939891199589 93.81874340000013
3.346297140584099 -0.37017486693401935 125.98552133306865 93.88303340000039
3.049937139149563 -0.5553866905104486 125.51104927454898 93.94736550000016
2.5978180985856056 -0.7256885457324106 125.65224645581505 94.01324879999993
1.0543148575633197 -1.355490942795376 124.86710463879983 94.07920689999992
0.6295904837344324 -1.3794530933316511 125.13622494335824 94.14356420000058
-0.005270162583066451 -1.6623736501113013 125.44568012697863 94.20922080000037
-0.26416337902945486 -1.7380881448600496 124.76369824622277 94.27307340000061
-1.782915745388884 -2.0878034281729447 125.20575043262177 94.33768380000038
-2.4682955045961847 -2.2388008816257425 125.53636190406928 94.40342210000017
-2.685806291833714 -2.3429488037096613 125.02464553658355 94.46967330000007
-4.099147000286074 -2.439562890561218 125.28006330200577 94.53342930000053
-4.421775772135284 -2.5073063713998387 125.37912060055292 94.60037480000028
-4.64168997607586 -2.483450949010158 125.205342556337 94.66593550000016
-5.462707721224632 -2.356834608027745 125.16079112327935 94.72982649999994
-5.578753343349945 -2.4661803403105402 125.03500789708788 94.79432840000027
-5.318772351862805 -2.2767820629359523 124.145645651087 94.85991749999994
-5.544024558710966 -1.8961376702742658 124.53606562565959 94.92541789999996
-5.875265005353441 -1.8696926294432554 125.4192115862767 95.0063884000001
-5.584558136239551 -1.6510976565363382 124.5387967637565 95.07191039999998
-5.164350393417806 -1.0176554223835934 125.64585728248989 95.13548559999981
-4.668677422575172 -0.889413432756664 124.96160885687677 95.20167039999978
-4.569031569349157 -0.6546208990382029 125.0502993297164 95.26746060000005
-3.5965604366026867 0.028276182379828763 125.79345980706665 95.33182240000042
-3.4856423472493816 0.04286470950873633 125.7704495601106 95.39766820000023
-2.470549979523369 0.48688003614610026 124.43400463276797 95.46208120000028
-1.169373631566451 1.0534788886836741 126.2679786773713 95.52845620000062
-0.5507184117038904 1.2994341952667599 125.77881722368473 95.59259360000033
-0.3636778788841255 1.4564170051996668 126.26725073536512 95.65763190000052
1.1914554782702567 1.924505865253551 126.75934812304607 95.72394859999986
1.5811592132716825 2.1677771034677833 126.26007107055662 95.7897982000004
1.9729942875990787 2.3509908993295197 126.6002696519813 95.85437660000025
3.475525324104872 2.7906461515464214 126.38192356310249 95.91958830000021
3.75849026712109 2.7060361533100563 126.56110556747232 95.9854065999998
4.086669371337322 2.9267602945234867 126.35734873617285 96.05072180000025
4.263116824231119 2.9150979272495445 126.86840873765925 96.11788590000015
5.057310485691822 2.592268590446295 126.87085889085812 96.18326890000026
5.157470812479083 2.542018146258605 126.84470050955521 96.24836250000044
5.61016330236783 1.9901333348963797 126.10152186670528 96.3147157000003
5.508839804302902 1.7780948159789185 126.42910092141848 96.38058180000007
5.52536188468838 1.703753749416534 126.48584647091657 96.44500200000039
5.54953214862509 1.5926318682411427 126.35011363570148 96.5097667
5.67287823772007 0.8419500367712581 125.71016748676008 96.57480040000064
5.783965549333232 0.6426514717785078 124.72416924956599 96.63856390000001
5.455522567194997 0.785414597000752 125.76507878087506 96.7046878000001
3.9332309607952567 -0.222139755228414 125.66507088801201 96.76929850000033
3.36884618641551 -0.3205148530486662 126.01022144492028 96.83590379999987
3.0735365894522033 -0.554089217264803 125.68931177754855 96.90156380000008
1.4351180052248722 -1.1597056687291065 125.53263951607666 96.9659416000004
0.9780613307239534 -1.3065617787308437 125.44182684456523 97.03257570000005
0.5159212974782434 -1.489881709436101 125.64564865890634 97.09657789999983
0.0962728512168951 -1.597002780204539 125.45689301364705 97.1607883000006
-1.3576852543693718 -2.06707108889868 125.21913842500454 97.22599510000055
-1.8873906473752413 -2.1757069439477146 125.53810123791479 97.29158999999981
-3.375072847199128 -2.4347632697872137 125.08159232208376 97.35760200000004
-3.730500339738093 -2.5258881341017614 125.10315007725745 97.42257150000023
-3.8743624910318744 -2.468500032249857 124.68994297032552 97.48844160000044
-4.17926280052658 -2.511171313675316 124.870620873608 97.5535203999998
-5.173399280306626 -2.4505876152721418 124.9296389551836 97.62006410000049
-5.299003257832567 -2.4501823868773105 124.93257307474768 97.68439769999986
-5.390122431058245 -2.376167014360301 124.73390643056031 97.75053759999992
-5.626618362381905 -2.0509018762009306 124.6099672172143 97.81590620000043
-5.732917149101183 -1.9474356384244866 124.98965770957243 97.88142550000066
-5.606618035143342 -1.82289051098051 124.98323782728464 97.94647440000062
-5.066553060083635 -1.2278595294462313 125.22317551618445 97.99655050000001
-5.088222161793318 -1.0623684389555659 125.57421866500727 98.06089030000021
-4.991185342587578 -0.9161944104312737 125.38508294799519 98.12522619999982
-4.228434684388766 -0.38527451419666014 125.20687877345979 98.19122830000015
-3.8403622092528593 -0.17028450214601842 126.02428741865491 98.25652630000059
-3.3258720067435803 0.13922111810532312 125.59488290218171 98.32244900000023
-3.1221771326593526 0.2713675447714588 125.93781028148123 98.3883635000002
-1.1605820299490972 1.0059342110256104 125.32898358322412 98.45324840000012
-1.144297832647041 1.3183163524640318 126.34410406665697 98.51784490000045
0.06964969869750348 1.8520140150298539 126.78649500695995 98.5819674000004
0.911732911270164 1.7119879645222142 125.75248104890704 98.64769640000031
1.7197954897774679 2.1663930980387445 126.33065623846815 98.71239479999986
2.193720000453254 2.2775833792730236 125.58275152411397 98.77752899999996
3.1143627870514337 2.7569498228166944 126.9858456871017 98.84221200000047
3.632937014582545 2.7791203342756 126.2126423984978 98.90628920000017
4.529262493145616 2.8670428011601157 126.97904100537593 98.97177310000006
4.849547805921368 2.907856043158394 126.62046240219752 99.03768880000007
5.255524175267887 2.584414855103654 126.90963896277074 99.10193119999985
5.439714720988128 2.5153814223202624 126.25006528354533 99.16750719999982
5.427948147081999 2.0231178626810067 126.76606291646145 99.2314092000006
5.658537879768112 1.8553468127524892 125.76577334095884 99.29688930000066
5.658537879768112 1.8553468127524892 125.76577334095884 99.3614077000002
5.617277386769729 1.2957165994744466 125.99520008428041 99.42772820000027
5.744634386966446 0.8631960379129344 125.41879903438122 99.49297170000045
5.625104235773918 0.7874003336755735 125.96139028260922 99.55798260000029
5.367916107240482 0.7049674581485382 126.02335889158131 99.62352910000027
4.567257614635658 0.0776865344480594 125.29848695678535 99.68853680000029
4.0086990414066435 -0.2249856860596261 125.69015071191436 99.7537682000002
3.690538173738993 -0.20751375035556097 126.0504097800137 99.8204581
1.6169428888760748 -1.152607188895372 125.10045681829354 99.8836282000002
1.1780530150123667 -1.2631262188368142 125.00263073554152 99.94847140000002
-0.08698486611647382 -1.5566491890976581 124.72957148784022 100.01414620000014
-0.603086481317689 -1.753739495874337 125.28102470398956 100.07869500000015
-1.0643246387226313 -1.92984112967532 125.28101068956113 100.1448691000005
-2.297203428250789 -2.309442528021672 124.70890946633287 100.2096803000004
-3.2799708821713622 -2.423935315828519 125.52904022707331 100.27567619999991
-3.302670387615059 -2.4025089016834413 124.22283723292763 100.34013740000046
-3.8279448939825613 -2.450722994529524 125.1422926221481 100.40500210000027
-4.803300572816916 -2.5013744761109504 125.33027960417594 100.47029350000048
-4.786273096214444 -2.4616133073008157 124.81877714731704 100.53551760000028
-5.232784353497564 -2.5086366065246772 125.30676747995004 100.60095379999984
-5.632372683422666 -2.16620252211805 124.69795512996643 100.66556840000067
-5.73360782806558 -2.072407765901335 124.99330771582937 100.73088600000028
-5.73360782806558 -2.072407765901335 124.99330771582937 100.79610779999985
-5.520333938612055 -1.590005857108777 125.10675887616232 100.86091790000046
-5.27119850042795 -1.3887151894284147 124.52732558260682 100.92604399999982
-5.45197345571443 -1.3350932720732338 124.95776788321076 100.99128060000021
-5.451717098204291 -1.2101940946109861 124.95541076468328 101.05676230000063
-4.3355763413647495 -0.4425156421377293 125.74746690511124 101.1226185000005
-3.935182754362401 -0.27075776857719636 125.08682285936615 101.18697210000028
-2.8004287847297533 0.4207832490512486 125.78815538229874 101.2526398
-2.209616192572142 0.6690387135983527 125.76655453171034 101.31873890000043
-1.6961198533781854 0.8105384070133181 125.35801782389022 101.38199150000037
-0.23108817414799177 1.4918470429115698 126.00059067868865 101.44797999999992
0.06464877691159643 1.7022644399294775 126.11611471423434 101.51230140000007
0.2476400229999811 1.8358785276160154 126.85424446403101 101.57701820000057
2.2397448293893802 2.4235694756774717 126.16643397499358 101.6430661000004
2.65730466606081 2.483122438612672 126.22834991646536 101.70874400000048
2.907100347312543 2.645056790765131 126.40195316286587 101.77339089999987
3.971116101259689 2.8308097427034062 127.1321764632162 101.83778970000003
4.284925885509601 2.8422226507525963 126.89553417276694 101.90400099999988
4.413275505251441 2.843233653629344 126.89324009734933 101.96828199999982
4.785570849853066 2.6917063865395963 126.29078278428696 102.03464059999988
5.444773206859303 2.179705314318882 126.34880245884975 102.09878240000035
5.517718020828632 2.1971458236826478 126.19110876530368 102.1639266000002
5.500785663917611 2.034842595734552 126.46478694892696 102.22869189999983
5.615986951475676 1.608635242652436 126.0758088027057 102.29353580000043
5.747006510710676 1.3675246466410254 125.5838649866331 102.35920619999979
5.619133841244761 1.1685880982562946 125.9870805411207 102.42482000000018
5.3232101175516675 0.3847626219114455 125.09873986911913 102.49098250000043
4.949183886470969 0.2533880971844724 125.51677759902527 102.5558815000004
4.679594326720846 0.26933264830235454 125.5630626993775 102.62066090000008
3.1574528285716497 -0.6097670836014611 124.60455484547825 102.68553940000038
2.593581217234032 -0.7636779133265831 125.43359559079877 102.75082209999982
2.2733992685665143 -0.8838015723278444 125.21937451381793 102.81725929999993
0.2192706090630807 -1.533960535054669 125.54723143821082 102.8816695000005
-0.19507416045695436 -1.6778697782910648 125.61351908138155 102.94756340000004
-0.5785855815795742 -1.7569543830685856 125.27815425521968 103.0137106000002
-0.9574503006655632 -1.8619712863439282 125.4262101060904 103.07831840000017
-2.4995216143795105 -2.253381835391841 125.57728135323909 103.14326160000019
-2.620771636729202 -2.2230492632022796 124.65558940609493 103.20907500000067
-3.9069655040904365 -2.339812136152164 124.79345685783692 103.27366960000018
-4.228790377286828 -2.4692396922035593 124.7754892214076 103.33944190000057
-4.511669750375418 -2.4641567453562088 124.88235563393805 103.40566450000006
-4.6967961968742244 -2.464763017825792 124.80488204658336 103.47057349999977
-5.579572487579227 -2.341243411664597 125.03593066522575 103.53661850000026
-5.605702826905549 -2.20756056617226 124.91575725583543 103.60279179999998
-5.830349685461989 -2.169715899000748 125.40861642599188 103.6684710999998
-5.627606590997132 -1.6852417823246082 124.97531724745733 103.73354970000037
-5.645944490912463 -1.5895420375853204 125.10908494898831 103.79937950000021
-5.526750873900873 -1.4726533627578728 125.2253075156675 103.86398150000059
-5.247750989760149 -0.8360424962489151 125.20032644538023 103.92836480000005
-4.868156272991634 -0.6351862654762052 125.25425840827542 103.9933473000001
-4.934601523621318 -0.5886343451967745 126.35850602577776 104.05758800000058
-3.3048276113646438 0.14514466947180604 125.98839218776439 104.12219370000003
-2.6568843160369866 0.38100652875514607 125.5249193689896 104.18801960000019
-2.020848218360996 0.6480999141029125 125.21365976314047 104.2540399999998
-0.5576548768648095 1.346217942900336 126.71494069191874 104.3205667000002
0.06533426485953697 1.3370827969300545 125.392105100027 104.3851650000006
0.3859422849254699 1.6336309056971492 125.2516015645492 104.44968440000048
0.7989576788188515 1.7937466383885243 125.30693863899734 104.51585870000054
2.203026715629022 2.3953754223661803 126.34029332136532 104.58022510000046
2.731283618477633 2.622924091557591 126.05842174300602 104.64557700000023
2.966653291294236 2.6363235279499366 126.0822921102564 104.71158939999987
4.090658464225747 2.9751241566884152 126.83638824925906 104.77597950000018
4.284925885509601 2.8422226507525963 126.89553417276694 104.84212280000065
4.821942420231025 2.925311390398553 125.79065939762995 104.90744619999987
5.4437490968654245 2.6863101990405522 126.4680045527013 104.97228510000059
5.477539519572588 2.3716356975860977 126.12880158145842 105.03684460000022
5.568221230372039 2.3281573743830735 126.16412145459893 105.10214410000026
5.580835945373323 1.6903829381439746 126.11007919196504 105.16781080000055
5.583541253287088 1.5629791405488933 126.09873590791939 105.23370100000011
5.665300103366448 1.3484352100071906 125.73939120410563 105.29985110000052
5.565879690566518 0.6752830736010244 125.38411777759434 105.36388729999999
5.238417816184793 0.6222868969151822 126.066576084058 105.42976069999986
4.949566380585587 0.2580718126968088 125.51759544077504 105.49531209999986
4.6283790941750595 0.06414742997348644 125.54232692739458 105.56046330000027
2.7255875062294024 -0.6174201355401306 126.65727182857583 105.6258714000005
2.756842534670426 -0.7972164805124874 124.9587288251505 105.6905256
0.9095669437445508 -1.369343046635838 125.3046035333013 105.75510450000002
0.1282260300741882 -1.4526418073904823 126.41984751215765 105.82141520000005
0.02349665470831752 -1.6183482261818742 125.34108329251376 105.88574659999995
-0.4569214940319952 -1.6802914140603464 125.344508340081 105.9502180999998
-2.0629449720378688 -2.1601190236502537 125.63289896240454 106.01452530000006
-2.334212986988568 -2.1937806634921357 125.22956139716932 106.0791135999998
-2.566328169157785 -2.2819234921585894 124.81605475939041 106.14328250000017
-4.099147000286074 -2.439562890561218 125.28006330200577 106.20973490000051
-4.348609920109126 -2.5070556883245776 125.07210454915996 106.27553070000067
-4.511669750375418 -2.4641567453562088 124.88235563393805 106.3398342999999
-5.230614700087479 -2.3495017428842684 124.46121883822926 106.40463170000021
-5.635819334161624 -2.37713129161516 125.14152836924083 106.46974219999993
-5.717886282630062 -2.3725965431912854 125.13351922372622 106.53614220000054
-5.633522678290042 -1.8206422432098543 124.9247266040647 106.60080209999978
-5.632870819591361 -1.6956681166737027 124.92121934789154 106.66534000000047
-5.800817293333687 -1.6807890520610012 125.3826317326015 106.73016390000066
-5.865883679991349 -1.1114402870392674 126.13859075437107 106.79635169999983
-5.217406746783048 -0.9077825326654464 125.29578523320228 106.86190650000026
-4.886716781659757 -0.6622346905846018 125.30670977363766 106.92694759999995
-4.078309459332395 -0.16795621876034206 126.20525088651938 106.99327679999988
-3.432164435421676 0.14537614977060198 125.99322035505891 107.05747810000048
-2.8077062245202242 0.37105045155023914 125.67137002050346 107.12428259999979
-1.9880726440921421 0.5676846207435043 124.8201255875298 107.19028119999984
-0.8777275584101645 1.2195967909679073 126.37746022795478 107.25535850000051
-0.48380062749505726 1.2237084141412473 125.73676223389418 107.32039870000062
0.9992545364503016 1.8429507957944589 125.80492936841661 107.38520430000062
1.4461040101809672 2.1794815260075624 126.75648112945784 107.45073250000041
2.0837231053348475 2.3096280842927754 126.03310502371248 107.5151507999999
2.5941210160421377 2.6138208803350045 125.71183757554135 107.57915680000042
3.6431794420630794 2.838603819300033 126.91063700506416 107.6443605000004
3.9023654618375545 2.805542652938557 126.93048013475719 107.71016430000054
4.541628331542562 2.844374618288988 126.89129167953952 107.77545050000026
4.917735495970035 2.5636292442609094 126.26680288122976 107.84153490000062
5.3200983667873345 2.5396325023536446 126.57115895192867 107.90737069999977
5.477539519572588 2.3716356975860977 126.12880158145842 107.9716927999998
5.772278295340236 1.9134044984441183 125.4034866300669 108.04205120000006
5.772278295340236 1.9134044984441183 125.4034866300669 108.1048238000003
5.665392269529455 1.2014409848133363 125.76436098665566 108.16965150000033
5.742293175575348 0.989314458388186 125.42789474497626 108.23439090000011
5.650198888953831 0.7014462066998961 125.48115101221649 108.29969940000046
5.380310580536936 0.5406869637477782 125.58484937633187 108.3656817000001
4.420769846262488 0.07374609983501512 125.51918455417596 108.4321316000005
4.126051982325123 -0.07816893966903526 125.47700254092145 108.49700250000024
3.5362445106702367 -0.4176803047330183 125.38018084214414 108.56318530000044
1.9788682786063703 -1.0138405504416257 125.22254122218796 108.62929309999981
0.9826544430684834 -1.3842370050348696 125.37499277555153 108.69466980000016
0.5032374483185933 -1.362310610275029 125.27063807440727 108.76073540000016
-0.7184770817358981 -1.8370781512849086 125.04004744546226 108.82613300000048
-0.9228065908535896 -1.9129016506257792 124.745602353717 108.89038820000042
-1.4104148267688785 -2.0198238470736736 125.20355433749913 108.95502080000006
-3.062222077988025 -2.321122646987666 125.15697977303402 109.02046549999977
-3.5688895544453203 -2.42390721259449 124.59243669751245 109.08687970000028
-4.03242967609043 -2.44026173861702 125.19448680650153 109.15111539999998
-4.8878965953172795 -2.5434735891435922 125.51417061025776 109.21611110000049
-5.008125400578592 -2.4690553728473446 124.93564678939782 109.28034600000046
-5.163289592260476 -2.4602826722018905 124.82911944234912 109.34711270000025
-5.299003257832567 -2.4501823868773105 124.93257307474768 109.41154290000031
-5.787254861086254 -2.0226656285634226 125.09696406500059 109.47629349999988
-5.4532237401407855 -1.8763630566874374 124.20122677077089 109.5413107000004
-5.4532237401407855 -1.8763630566874374 124.20122677077089 109.60715570000048
-5.537034132071177 -1.3611221328624166 124.4378984458685 109.67170820000047
-5.874146247991995 -1.2426649396670206 125.40810785177858 109.73655130000043
-5.844857162935384 -1.1455468116378573 125.68851552148993 109.80058180000015
-3.9896646659752264 -0.28685673951989077 125.56232339384152 109.86591550000048
-3.9896646659752264 -0.28685673951989077 125.56232339384152 109.9320015000003
-4.0207602219151894 -0.17509082200298665 126.06715178772396 109.99611189999996
-2.2142913619879963 0.5938592205525516 126.01518275221771 110.06112889999986
-1.8516215872108361 0.7396461092817971 126.33665343518949 110.1265282000004
-1.132993159522897 0.9225485160708776 125.35315228909255 110.19037480000043
0.14834020852125462 1.8331911409957828 125.96479540792369 110.25577720000001
0.7688743617689937 1.9151233685689766 126.36603540284719 110.32232209999984
1.5460852593628331 2.1626810577209516 125.35596921490443 110.38607409999986
2.58754439099863 2.7171015570179353 126.47737168481285 110.45095430000038
2.9712217697390386 2.6634518933854427 126.31167506471094 110.5170865
3.373060965595876 2.8226116429070376 126.09597814413645 110.58209410000018
4.644598905956478 2.865787928131025 126.42692783596426 110.64677310000025
4.721068069547286 2.826377512537123 126.7333253119361 110.7117616000005
5.20819103687618 2.9425940433188176 126.23323705961708 110.77708080000048
5.568221230372039 2.3281573743830735 126.16412145459893 110.84213340000042
5.649459851931574 2.21566402785207 126.0038207665703 110.90698049999992
5.651952864690436 2.0888773380179284 125.9937981681136 110.97219800000039
5.766358547704392 1.9769401084368048 125.40534416782998 111.0382295999998
5.5414816382493655 1.2539794227464789 126.50463372684901 111.10444290000032
5.782593328160331 1.1573246426279429 125.36303012576644 111.16900549999991
5.744634386966446 0.8631960379129344 125.41879903438122 111.23508399999992
4.686480155414657 0.1599421265737686 125.67453152879595 111.30044439999983
4.4641201334197405 0.026193606577438744 125.4267639555466 111.36490640000011
4.082212659045638 -0.2502058208661272 125.30212216842762 111.42941930000052
2.6016169729714704 -0.8522052349329224 125.638380024533 111.49550799999997
2.1863904271905668 -0.9854953777645429 125.49448738079558 111.56069360000038
1.8468568339826845 -1.171689171930748 124.61887212675741 111.62541630000032
-0.2279848044253825 -1.7102936005359224 124.91877913041635 111.69084879999991
-0.6947059152797124 -1.8006862262455652 125.14994871062352 111.75653760000023
-0.9125124045039072 -1.9610079560708051 125.14239979160664 111.8219665000006
-2.589226685817586 -2.362165907990682 125.4348021680943 111.88662509999995
-2.8422060993500153 -2.3885311732247345 125.2589949634407 111.95120399999996
-3.4215828914055493 -2.3583056634349147 125.43166330841716 112.01622850000058
-4.484313948651085 -2.5029969550365756 125.23875342020385 112.0808662999998
-4.783945369516303 -2.5113031001048807 125.20071684719144 112.14584040000045
-5.055484265969405 -2.5005619950447606 125.3365428424294 112.21041130000049
-5.268186980843389 -2.510870190484436 125.2931213769589 112.27434770000036
-5.731187430558542 -2.225548016249141 125.21639198140471 112.34004100000038
-5.54616656547357 -2.0877734741679066 124.6743166671851 112.40588620000017
-5.574999765836495 -2.0342902798768243 124.71046302233732 112.47014080000008
-5.402975457876998 -1.5137403577355188 124.38085227643565 112.53554520000034
-5.688361901474806 -1.4957264444787155 125.34692645346892 112.59991369999989
-5.393457236137479 -1.285898897314846 124.51996087233373 112.66380029999982
-4.915397161327419 -0.6093428999307383 126.0456442000675 112.72982240000056
-4.132793336237768 -0.44571641170493226 124.51887986676577 112.79420960000061
-4.319624331367933 -0.26976145260180384 125.61540916841906 112.85964539999986
-2.675522358870367 0.3273368648140997 125.9063102356088 112.92466590000004
-1.6191473825729474 0.5916860460575929 124.25276916482758 112.98858699999982
-1.719234403189617 0.8447075990796437 126.37761804166031 113.05444679999982
0.13248182969971367 1.2661005975953623 124.84106895434999 113.12004780000007
0.3397203722654609 1.7157329145092768 125.4569843350943 113.18385840000064
0.42563510056491083 1.6928785882782067 126.90976496353304 113.25034010000036
1.3290768555413237 1.9354563870962105 125.12471105721653 113.31388599999991
2.4600054794693094 2.4901324800135263 126.39416620744592 113.37871150000046
3.012747114824627 2.555449425819186 125.79845260939729 113.44294069999978
3.0325507355990666 2.7661431830975496 126.79731743940603 113.50809459999982
4.45027280576938 2.806361453255632 126.62053150702765 113.57209930000045
4.799136492217102 2.866866818314095 126.91483786910237 113.63703460000033
5.130000909572999 2.724277479667628 126.06361003019268 113.70156190000034
5.4486026075495175 2.412834678245934 126.56650012687798 113.76725380000062
5.501877935832006 2.2001834703860443 126.26785837509574 113.83307890000015
5.876391917040344 2.2381418768513246 125.6141639020362 113.89852860000065
5.5944095167516465 1.4779919801529542 126.0041074745433 113.96392560000004
5.537327953485139 1.3061284101378265 126.10941446813703 114.02957520000018
5.696022588962023 1.1201648435246112 125.12453056737105 114.09516090000034
5.178817217450195 0.4760706141008103 125.63374061196895 114.15943849999985
4.825338520635626 0.1275885499865148 125.51054647713644 114.2248784000003
4.510427389584379 0.0748517068122011 125.35248732323222 114.29027630000019
4.111640977094019 -0.22309673418002762 125.79740509305518 114.35465440000007
2.50544329484368 -0.782903516831467 125.60251017915866 114.42031760000009
2.1633830916863204 -0.9538638654511685 125.52547242007678 114.48710960000062
1.82645282349403 -1.1362563745397098 125.33451865403435 114.55238350000036
0.18054862092307644 -1.5563857907362637 124.58178611860164 114.61747130000003
-0.7116392778552836 -1.7043419312783126 126.16715097680384 114.68238329999986
-0.9464407589945623 -1.994594216765698 124.76138176345653 114.74819120000029
-2.2682375842177436 -2.2567879632313903 124.61955216939356 114.81270550000045
-2.620771636729202 -2.2230492632022796 124.65558940609493 114.87809350000043
-3.4354065647870655 -2.437007651958198 126.09656976173785 114.94378930000039
-4.305305742587564 -2.55055952797555 124.76586301681732 115.02400260000013
-4.555925861250245 -2.3851028377626267 124.87788915564815 115.08884230000058
-4.91014570398702 -2.510848729280985 125.20454761917007 115.15566350000063
-5.518923933312408 -2.356090282655656 124.66132979160152 115.22001869999986
-5.632609416018759 -2.290818905126556 124.70025624374647 115.28487070000028
-5.693493924930742 -2.1938527418376723 124.99198596710819 115.35097170000063
-5.674437373732545 -1.8243342726262286 124.92934166744078 115.41418539999995
-5.770839810078968 -1.60324594557129 125.20931621603881 115.47998980000011
-5.814419390548082 -1.4953094564551206 125.34977525113914 115.5448280999999
-5.090689517098987 -0.7952270958474282 125.47735832882655 115.60964390000026
-4.617479854763836 -0.6515778132823576 125.31885513478422 115.67542779999985
-3.883542381451285 -0.14636530862272745 125.55141737149148 115.74185910000051
-3.683952163956775 0.03704706090597343 125.92823328489852 115.80687540000054
-2.6557482796720606 0.4228617856095615 125.71697843162033 115.87203910000062
-2.244121661832999 0.6094647716334772 125.66560435104086 115.93699740000011
-0.7500126059804515 1.2194947492514383 126.37295319366409 116.00168470000062
-0.1834606113176065 1.3180167478705498 125.67170467211966 116.06772749999982
0.8999785384065078 1.9139419160476407 126.00283246885688 116.13316120000036
1.4200762830161366 2.1456246589838104 126.00731571469231 116.1974852000003
2.151516466552728 2.2924324168805152 126.34100315628388 116.26353550000022
2.5973489381365695 2.4965071839843533 126.0879334492675 116.32876390000001
4.0869157052719345 2.9486861602372745 125.64877507430822 116.3942121
4.0369463701575725 2.7207474118143575 126.68846733341933 116.45903200000066
4.561642931550104 2.80672300317782 126.14597445588238 116.5237790000001
5.292436031244442 2.7331508971816443 126.18861049678543 116.58914150000055
5.291904854432026 2.655593921146169 126.35918952623764 116.65401220000058
5.58144145688933 2.298860282132289 125.82046194026059 116.71901160000016
5.570608219042342 2.20050500373948 126.15372167944986 116.78386870000031
5.615986951475676 1.608635242652436 126.0758088027057 116.84979680000015
5.615986951475676 1.608635242652436 126.0758088027057 116.91607060000024
5.668914680622294 1.004597657845277 126.33595588041241 116.98125570000047
5.7104742098905135 0.8260031418224707 125.58043297256866 117.04636960000062
5.230146455216513 0.5130804498481455 125.52752003819181 117.11130219999995
4.936103563028055 0.2886551826779292 125.68689286309292 117.17553450000014
3.7086064730223 -0.22847868095739543 125.70945641118702 117.2415372000005
3.42969896790094 -0.4300775158637241 125.49767388940306 117.3069172000005
1.799506749927346 -1.103217914149925 125.49818217077951 117.36996760000056
1.090528853062132 -1.2049335201914722 125.8858835982746 117.43522170000051
0.31173161836238705 -1.5104623049464423 125.37777023541905 117.49965900000007
-0.9490195430640043 -1.8840163591521715 125.40985085631421 117.56556660000024
-1.1358867407174813 -1.9670425053251055 125.27820038254092 117.63008830000035
-1.3899946619072878 -2.006776345611161 124.82141882969987 117.69454459999997
-1.9116475532279722 -2.1082413943520475 125.25863659567408 117.75949980000041
-3.5280339190530157 -2.441628115154596 125.17996028288225 117.82438139999977
-4.060836380797902 -2.4514852887979277 125.2317467716956 117.89005280000038
-4.1730010545449545 -2.475846999478061 124.65407305526287 117.95482030000039
-5.181569314920502 -2.500150515979159 125.33962162922415 118.0204461000003
-5.199005489884534 -2.46297999255434 124.81774470193673 118.08569080000052
-5.5382460031058685 -2.4435956904234764 125.28598201059776 118.15108730000065
-5.6822634339311975 -2.116222489086569 124.79001719391782 118.21611420000045
-5.585703422895406 -1.8422731186050458 124.67208436387256 118.28068540000004
-5.6315505897753795 -1.7923464700751128 124.69074999883719 118.34512670000004
-5.537843464768827 -1.3979327483640156 124.5112219252596 118.40911550000055
-5.442823524922268 -1.1211582875002137 124.22978603686349 118.4746253000003
-5.658569307446655 -1.061870441706462 125.6254675339176 118.53889900000013
-4.06981350598474 -0.3916434462502215 125.69872937332482 118.60451540000031
-3.4001844972960242 -0.05825551633146664 125.28838857885712 118.66970740000033
-3.4001844972960242 -0.05825551633146664 125.28838857885712 118.73556350000035
-3.524240753521255 0.10643405620005164 126.43764963836449 118.80111250000027
-1.6361067034046357 0.8415577633671826 126.048107788306 118.8670388999999
-0.9058057788770384 1.079515022538044 125.15630068863315 118.9321374000001
-0.6338304067198237 1.265841751095415 126.0658671764028 118.99756539999998
1.1512379649161772 2.0656909829014727 125.70479963763148 119.06312049999997
1.0325915911965708 2.1550356803318436 126.62803102449818 119.1273226000003
1.858048579865276 2.270900344429325 125.70954541610868 119.19269200000053
3.098904097118293 2.8745429331818735 126.37578948734001 119.25979830000051
3.190813709065523 2.802210692046573 127.33560960462731 119.32468750000044
4.093770588360329 2.8898727207414865 125.97177450879154 119.39075310000044
5.007941556849431 3.1028728598237936 126.6613189170913 119.45534730000054
5.100718461789938 2.6738142555507745 126.72018717684085 119.5205563999998
5.303891064034332 2.8116228516936794 126.51098723616185 119.58452810000017
5.445673001320429 2.2099007928600214 126.84378173815475 119.64920020000045
5.519052136007097 2.147686574886821 126.80827681448223 119.71479940000063
5.68830993034279 1.9435526381607189 125.87005191761868 119.77939500000048
5.531753673582948 1.764237241608173 126.54721425859722 119.84502909999992
5.808160615883175 1.0712760563631227 125.38614449717123 119.91084099999989
5.648267911046858 0.8652000242486511 125.91249133897587 119.97561099999984
5.425690558925851 0.6712900749645067 125.8722067815922 120.0402651000004
4.369084936077897 0.09215105652457234 125.94238922875606 120.1048724000002
4.070143701957903 -0.17815086500712218 124.70359363417562 120.16955959999996
3.3704948601283107 -0.3762750744112485 125.93617370235476 120.2351208
1.70667480316677 -1.0777886492550879 125.94780314270402 120.29921139999988
1.404864215414058 -1.1799308523715477 125.41095825868187 120.36401560000013
0.7923838599694335 -1.338302374392042 125.79264102197831 120.42786690000048
-0.8370929056892464 -1.8165713768203893 125.0891803167647 120.49281340000016
-0.9457922984585423 -1.9301543653349995 124.83845642775644 120.55825939999977
-1.3617610643246678 -1.9580289671231084 124.95790884110029 120.62314520000018
-3.0415101938472375 -2.3594135017644664 125.41722314634792 120.68714640000053
-3.447597008991025 -2.5164128638250878 125.0495784183873 120.75299030000042
-3.692207526547385 -2.468193103786619 124.7775152863834 120.81876830000056
-4.864949610628457 -2.495366540239784 125.19514907859724 120.88262680000025
-4.907903827706221 -2.429690096138605 124.57816369724739 120.94858310000018
-5.307649842389466 -2.4997355921300444 125.34266479193995 121.01435810000021
-5.171464617317525 -2.438974398152612 124.43652160069301 121.07824830000027
-5.789405488155701 -2.137909587245236 125.173748424485 121.14293270000053
-5.490047384481201 -1.9942555919225726 124.26696293506092 121.2081530000005
-5.686442260620964 -1.8654935138677762 124.96794777267864 121.27369490000001
-5.246843728520112 -1.3297300054733312 123.9528551057473 121.33931459999985
-5.591637680832413 -1.2653085907480262 125.00031797234013 121.40457340000012
-5.672210324558421 -1.141939798640839 125.66610128261053 121.4697369000005
-4.0787052466466065 -0.36045670892713566 124.79819730991052 121.53369040000052
-4.180965196585127 -0.21456737159915495 125.97783215887154 121.59864689999995
-3.5331876702933727 -0.049652234356976854 125.43784285644469 121.66305040000043
-2.41859313723004 0.6883251374897256 125.9614313976786 121.72871709999981
-1.653883439669606 0.7318635618136397 125.59552632723228 121.79458450000038
-0.8772077800803544 1.2248049369957865 125.32969120856163 121.85889240000051
0.6283327101864415 1.9272282934141813 126.03499747472888 121.92333300000064
1.1680223282919897 1.8996954389614333 125.08075962507536 121.98823249999987
1.02677848018228 2.2072572237750427 126.70186116280871 122.05261590000009
1.7989778388934567 2.2853026906574025 126.06328033121575 122.1170802000006
3.059888989364808 2.8120005424963996 126.34530902440285 122.18159220000052
3.2752946907507763 2.78716958987533 126.61122459713967 122.24721990000035
3.639742508909343 2.7448556942063895 126.41468420081809 122.31229059999987
5.065299839981151 2.8884298671278206 125.98547878900438 122.37617390000014
5.230552726453389 2.9109699612548883 126.4570365534465 122.44094920000043
5.491592550485862 2.685988615815225 126.17243721376134 122.50634929999978
5.445673001320429 2.2099007928600214 126.84378173815475 122.57103879999977
5.722489100102628 2.0863761493868926 125.86735815356701 122.63657270000022
5.54612288566274 1.9753962296828118 126.36630171646473 122.70074000000022
5.73769764528322 1.2416458619476263 125.44581417046197 122.76631530000031
5.762672580157904 1.1412255633255162 125.62100166712133 122.83252730000004
5.715077284695688 0.8846966947841652 125.64005345495235 122.89727579999999
4.686480155414657 0.1599421265737686 125.67453152879595 122.96231559999978
4.463398645288557 0.10620656292857544 125.86299523637712 123.02669800000058
3.87454335298208 -0.19034306283067504 126.01282065188069 123.09135320000041
3.5230757049633254 -0.2771212910128592 125.73953259558537 123.1571571000004
1.6984898064326401 -0.9612704177338086 126.13194134306835 123.22273610000047
1.4864516357394706 -1.180513779050247 125.25697195114027 123.28758490000018
-0.4482702588938423 -1.6421652620828469 125.76959570614679 123.35307139999986
-0.8238168101841765 -1.7379530833378376 125.48585027258865 123.41678550000051
-0.8552501359060756 -1.9328980593875293 124.81619544430403 123.48089979999986
-1.143290307877514 -1.98410861760222 124.79199483496357 123.54655860000003
-3.0683578521141186 -2.2667262668085106 125.84877779621067 123.61079160000008
-3.5047030439720075 -2.391014367506515 125.76616458800957 123.67555559999983
-3.7208642507550493 -2.4406819154544204 125.26987638520635 123.74010869999984
-4.726798193985125 -2.505661905746802 125.08411546554507 123.8044518000006
-4.8883201137915435 -2.462799572391766 124.89152470229588 123.87064740000005
-5.118484200271574 -2.5203579148200754 125.14880433898263 123.93579229999978
-5.6860286150630515 -2.225069587797888 124.91081717665791 124.00115689999984
-5.632372683422666 -2.16620252211805 124.69795512996643 124.0671768000002
-5.732917149101183 -1.9474356384244866 124.98965770957243 124.13258700000006
-5.631239266639696 -1.6677260800002474 124.68824774489251 124.19712570000047
-5.527750342571807 -1.3889931587711848 124.38139996358186 124.26328410000042
-5.874146247991995 -1.2426649396670206 125.40810785177858 124.32888080000066
-4.9914819416883205 -0.6733232667551029 126.08573495484914 124.39305140000033
-4.1912800016909415 -0.4647849241573706 125.27652648093438 124.45819480000046
-3.576620967360718 0.02469624545672877 125.91521538956391 124.52245360000052
-2.9143174688188296 0.2820929917375415 125.41461761920148 124.5882461000001
-2.6644535095960293 0.5368307884043773 125.88641637227269 124.65380890000051
-1.629253442477335 0.7431394960263983 125.6096476596304 124.71891890000006
-1.0694218066765373 0.9944177340013965 125.59777017553161 124.78312249999999
0.10934659136727021 1.7016827977985611 125.84185217481553 124.84793780000018
0.5381312350664516 1.9708483260332872 126.344253784504 124.91365039999982
1.942368620156671 2.4362475440831357 126.561541831925 124.97836490000009
2.293414995480113 2.5340159890702627 126.99070670959719 125.04378989999987
3.1941027915297937 2.6913894066784128 125.31730065111887 125.10828730000048
3.217066659611895 2.744627921773288 126.62719841863782 125.17341670000042
4.496019058850365 2.919724189565072 126.68325496175353 125.23933490000036
4.909002310711109 2.9208835358386613 126.12359177959192 125.3049630000005
5.4616518307016975 2.6858066970788137 126.45382451060446 125.37118910000027
5.4344366982020915 2.4349852120531628 126.22143582654088 125.43586420000065
5.815926604125295 2.3651943472189427 126.35526215794124 125.49999540000044
5.873855377841828 2.2113372447864066 126.12004875158323 125.56555029999981
5.771573529702742 1.625612442374086 125.92196896394914 125.63074070000039
5.771573529702742 1.625612442374086 125.92196896394914 125.69626210000024
5.728626542727952 1.2863462863495312 126.0421015556773 125.76283680000051
5.359520746764808 0.5444206991435475 125.80548476068054 125.82638889999998
4.877502879791592 0.21811266445957145 125.39756152874872 125.89118430000053
4.435754669579147 0.03210060373632795 125.6689816185311 125.95707540000058
3.1175531976133968 -0.5049487268536573 125.9359592357617 126.02313589999994
2.8914965917728637 -0.6350265437640331 125.41729850063571 126.08832220000022
2.4938523148997973 -0.8066906037309537 125.39429574772407 126.15321640000002
2.1107882578922172 -0.9884672717807769 125.62560996312006 126.21876210000028
-0.1357943070820511 -1.6032178911190278 125.02211516829232 126.28379210000003
-0.7434611394649266 -1.741962417796199 125.49400141535428 126.34845889999997
-1.6932050347798295 -1.9451696783166597 125.37508827902805 126.41355130000011
-2.1017705693503075 -2.2085578654508287 125.07855744168225 126.4784139000003
-2.440772856474304 -2.2693036105259456 125.01983204666156 126.54456910000044
-3.910996139382 -2.4614525444690245 125.0832263118856 126.60972949999996
-4.567305599113411 -2.5144428201759137 125.17903428178303 126.67470700000013
-4.637223199082484 -2.4637069274868173 124.8854443532094 126.73897420000048
-4.915502740126506 -2.4792844584881224 125.13857867283882 126.80484660000002
-5.424603371304514 -2.4497738325852736 124.9354722758286 126.86860870000055
-5.368138100607929 -2.2721150866771493 124.50210188534827 126.93237800000043
-5.731187430558542 -2.225548016249141 125.21639198140471 126.99729329999991
-5.789405488155701 -2.137909587245236 125.173748424485 127.06197130000055
-5.527708038754348 -1.5132642452976914 124.38283105121852 127.12744220000059
-5.527708038754348 -1.5132642452976914 124.38283105121852 127.19165740000062
-5.29062657556171 -0.9524702552548826 125.05478990929167 127.25763490000008
-5.099243658678716 -0.691300405485786 125.8395060408365 127.32214770000064
-4.7305124863403165 -0.5857248701116836 125.92561860076987 127.38828270000067
-4.233625236106995 -0.4014906290447148 125.28932823268119 127.45412459999989
-3.318484031731124 0.25121055589586405 126.38771543707114 127.51807439999993
-2.9488009194408633 0.44109410413009803 126.11678423170822 127.58238720000008
-0.8858911943995196 1.116702838773087 125.46382598232861 127.64748469999995
-0.6850810885197092 1.3737798466453004 126.23402894150082 127.71186089999992
-0.37834310597628473 1.4003179779557584 126.47316910383252 127.77657950000048
1.383740289932085 2.2430848372281083 126.37798119920066 127.84295930000008
1.6551134616964802 2.322039374364428 126.87273408713723 127.90722749999986
2.142601432466364 2.405751646774429 126.28819260607196 127.97316730000057
2.3618300887108603 2.576030989538527 126.93233680143379 128.03893900000003
3.9969843346519838 2.9005712857268464 126.7350156447072 128.10354600000028
4.307371556254829 2.958345468042895 127.09791010210813 128.16788369999995
4.413275505251441 2.843233653629344 126.89324009734933 128.23381940000036
5.057310485691822 2.592268590446295 126.87085889085812 128.29815849999977
5.389674527063107 2.4699340535503453 126.03419528014514 128.36419710000064
5.590882386114352 2.391004507685783 126.0494406990417 128.42951520000042
5.508839804302902 1.7780948159789185 126.42910092141848 128.4953575999998
5.52536188468838 1.703753749416534 126.48584647091657 128.5597529000006
5.514274380569098 1.54678357421324 126.38052178225672 128.62513070000023
5.7104742098905135 0.8260031418224707 125.58043297256866 128.6893226000002
5.463959836362122 0.7540210479426979 125.91336959809746 128.7560564000005
5.276094210614126 0.4697282758219452 125.30840590956116 128.81973010000002
3.681664663769645 -0.3487614349052667 125.66520545651916 128.88607150000007
3.356845731881833 -0.4490398878283467 125.60765928343528 128.95053390000066
3.00733158551909 -0.6729675690562659 124.9546394474142 129.01525279999987
2.4799249496922187 -0.6489496491634056 125.51059511761193 129.0802236999998
0.7641501868235991 -1.3855865358710466 125.24546362465775 129.1439347000005
0.40199045605537265 -1.523990433509887 125.13113818013156 129.2090291000004
-1.106337536382668 -1.9320793620030958 124.82302398768938 129.27477910000016
-1.683082786748649 -2.035050988047657 125.6202772277426 129.34043310000015
-1.9597448667896202 -2.1373863155812796 125.15154236412751 129.40616370000043
-2.1864564754179128 -2.223462671972306 124.7346152917264 129.47258060000058
-3.644583857883724 -2.376697997962422 124.6476783449639 129.5368324000001
-4.131893473130653 -2.4255959692224445 125.31358626166659 129.60194850000062
-4.329031414199115 -2.5249938535831595 124.87786432651782 129.6680922000005
-5.15814500958566 -2.4287208975792414 124.58346854295016 129.73309510000036
-5.433021314194683 -2.350839430663525 124.90127823740555 129.7990531000005
-5.549979959185549 -2.3244415206246583 124.93611156018144 129.86413400000038
-5.598420489427276 -1.9613093783245494 124.71200616001238 129.92938480000066
-5.6720073527459505 -1.8381180860580852 125.05259832089713 129.99340490000031
-5.473660418858145 -1.8032655629068421 124.66135128895863 130.05875530000048
-5.204073342010197 -1.1542784207927812 124.50879891790139 130.12355399999979
-5.26856660236578 -0.9560234036517451 124.64374467467636 130.18871860000036
-5.321346729796915 -0.910825755446926 125.36807735156356 130.25385950000054
-3.634269007900606 -0.08753197460321005 125.90603394090898 130.31731500000024
-3.2857975259632894 0.013771979066561912 125.32201451987596 130.3827209000001
-3.365799417312779 0.1859935202071803 126.04949157965447 130.44847329999993
-2.8494014638424403 0.39335138896759025 126.09768820777073 130.51358979999986
-0.7949470277067192 1.2519619155651676 125.39662951560653 130.5782347000004
-0.6762526981987307 1.3660772580256717 126.12312055870053 130.64403330000005
-0.7531069374805526 1.3099726617866732 126.58821444442333 130.70950450000055
1.659714208831332 2.116693735021695 125.15816705478822 130.7757061000002
1.8889513467023633 2.3717285562349 126.05298731527844 130.84038789999977
2.213188859233064 2.3411843839517124 126.70617874769205 130.90595500000018
3.4264723653271787 2.681159766413399 125.9881789541086 130.97163900000032
3.9649767411552546 2.9319932571389073 125.97679075883595 131.0361485000003
3.9740051662454263 2.7766885293245545 126.86564138161155 131.10046359999978
5.029413012176256 2.7392788230020955 126.40899301747035 131.16749849999997
5.057310485691822 2.592268590446295 126.87085889085812 131.23192879999988
5.438047899921337 2.4344943647771164 126.3770175736697 131.29680780000035
5.643452288336569 2.034523821280593 126.46934062337029 131.36142370000016
5.581623423800458 1.776398232329775 126.46814283178978 131.42712570000003
5.731876050798391 1.7058836262379953 125.8282882861807 131.49148270000023
5.917749823381186 1.6620131605359691 126.03042896227589 131.55775770000037
5.625104235773918 0.7874003336755735 125.96139028260922 131.62250660000063
5.4987646373786205 0.7130297733731865 125.73401554892682 131.68813540000065
4.181435575797067 0.07537632865061084 126.26422539795504 131.7538880000002
3.7279679429480623 -0.22241738074908202 125.82101403263343 131.81781649999994
3.3929648012801366 -0.4025644507886138 125.57310666762072 131.88291260000005
2.8651331683857038 -0.5762955371727413 126.00323724823068 131.94778360000055
1.3616380118407676 -1.1461230960358924 125.35057747760462 132.01352360000055
0.699198993631029 -1.2718756918915974 126.09647437659385 132.0788560000001
0.25544624012334793 -1.4549545802816337 125.87718810395194 132.1444736000003
-1.1647650049428648 -1.960259154447269 125.15063766983114 132.20947800000067
-1.4739496394377412 -1.9601523799177039 125.06339738869099 132.2747433000004
-1.9675080641818923 -2.1720274189059126 125.47385046929851 132.33885330000066
-3.67853103519203 -2.4876281614230233 125.67133872948835 132.40324430000055
-3.7120354862933596 -2.4661266221399676 124.69642827623103 132.46829770000022
-4.00942272380032 -2.4659299130002226 124.86968434337155 132.53341420000015
-5.0477914321041695 -2.450989489061791 124.92667023942704 132.59808350000003
-5.0477914321041695 -2.450989489061791 124.92667023942704 132.66341170000032
-5.078513494256107 -2.3601645821843005 124.07158173060019 132.72857999999997
-5.47252179156547 -2.4258840399671042 124.66604081055212 132.79381730000023
-5.490047384481201 -1.9942555919225726 124.26696293506092 132.8585750000002
-5.7082191739026555 -1.8409582302995067 125.04143138171952 132.9241081
-5.505406055030221 -1.4189348037210046 124.68076977067881 132.98863190000066
-5.585233943298384 -1.3414553109470249 125.04084975618379 133.05360740000015
-5.672210324558421 -1.141939798640839 125.66610128261053 133.11779920000026
-5.272879827417107 -0.9573048142299044 125.13822943810766 133.18259099999977
-3.8488107179015074 -0.1280865904639803 125.73151221577946 133.24918070000058
-3.7355104253556632 -0.024644832621116608 125.83627748895555 133.3139654000006
-2.689094370257969 0.46988811213816367 126.38481210922679 133.38056000000051
-1.6579538992744816 0.9129278658079151 126.00125472450243 133.4469194000003
-1.5165122862324196 0.9667510154395481 126.40281918929416 133.51067299999977
-0.7038870441710685 1.1793069293606688 125.48429259541084 133.5756097000003
0.6079884970400116 1.889788355326484 126.3203406706254 133.64220019999993
0.9151897138039828 1.894875920828527 126.29265174365672 133.7075061000005
2.14749899845269 2.3676716966957168 126.92625426423079 133.77310350000062
2.753144023140152 2.641007527193735 125.99105946437636 133.83780860000024
3.3268966039283185 2.6370195570675 126.8356769158319 133.90265499999987
3.883828684895235 2.8724340253721445 126.07374909251148 133.9686227000002
5.063910018437639 2.8970777871305997 125.8919619128205 134.03386910000063
4.827473325086423 2.6028705416360127 126.88806871254165 134.10035140000036
4.827473325086423 2.6028705416360127 126.88806871254165 134.16483080000035
5.385904227920108 2.6346751633700833 125.51641887413936 134.22916820000046
5.654470690948671 1.9621225896598582 125.98370372196985 134.29520930000035
5.657012173120876 1.8354001091735528 125.97354193418406 134.3604290000003
5.761638858229418 1.267648326409609 125.62490836930607 134.426418
5.761638858229418 1.267648326409609 125.62490836930607 134.49112030000015
5.659831102906018 1.0840868788371838 125.92785068728784 134.5558058000006
4.897685192135619 0.3807789167011245 126.20767211227101 134.62001880000025
4.236172707997717 0.08365932537472698 125.94539074648964 134.6846372
3.7959215838496476 -0.274781983998308 126.11383235445436 134.7495568000004
2.777141642969063 -0.7576187122388413 125.20990902382285 134.81514440000046
2.346793586204278 -0.8687629142409045 125.39928368544919 134.88090300000022
1.8678091834854271 -1.0284715324568565 125.48521924544193 134.94619299999977
-0.12855426002224846 -1.574414700166629 126.01826005946451 135.02656840000054
-0.8223222999941839 -1.8843643124633278 125.40487061585576 135.09177210000053
-1.0549205625820335 -1.9585417760191346 125.05229160076769 135.15634370000043
-2.2928500064478357 -2.267010945919341 125.23088175735379 135.22010229999978
-2.4305049287465863 -2.2835292859088088 124.92604937282162 135.28510180000012
-2.7366803751110425 -2.2749073246542895 124.75351312767664 135.34978349999983
-3.270042668003093 -2.3539488317569486 125.04696943818708 135.41550780000034
-4.6967961968742244 -2.464763017825792 124.80488204658336 135.4807507000005
-4.985334842812165 -2.4522103323984576 124.85505188117028 135.54635159999998
-5.2428611959736955 -2.3677386709853483 124.27374478203141 135.61063490000015
-5.605639885713934 -2.3324355608002114 124.91718648394638 135.67539769999985
-5.875616668106204 -2.2458855539679643 125.424984855669 135.7407103000005
-5.732204424230872 -1.8224651147969158 124.98594742373999 135.80488800000057
-5.502597542640281 -1.5420609270071846 125.4256710807867 135.87096120000024
-5.282276980078777 -1.3886941973641007 125.14164667561836 135.93518390000008
-5.282276980078777 -1.3886941973641007 125.14164667561836 135.9997245000004
-5.3109828755150374 -0.8490713907307817 125.79251363326419 136.0638097000001
-4.530782186557133 -0.5598983271701979 125.03812554585645 136.12894219999998
-4.2164371694210345 -0.3282330019878189 125.45418596354006 136.19485760000043
-3.8907887633817637 -0.24983569981719678 125.50693623522798 136.25939170000038
-2.612045133328465 0.4688698494154252 126.00941169032151 136.32469850000052
-2.2348304432137738 0.6965324484708332 126.50368284307967 136.39022190000014
0.2073978923763633 1.5056565245924478 126.23017395805508 136.4561088999999
0.9832896543133884 1.4741377460387821 125.45937224449727 136.52020940000057
1.0432351631026435 1.853258233264063 126.28756263332907 136.5849361999999
2.672901145213636 2.489234249256568 125.71427032704912 136.64919629999986
3.1557343559924576 2.544123144491803 126.47085449541225 136.71348380000018
3.578411567208512 2.640969623812484 126.07036967872223 136.77898780000032
4.167308136099251 2.8355934560177425 126.63111057414811 136.84323700000004
4.552448246349073 2.896860376604844 125.9199300647878 136.9075745
4.691524301336223 2.871377762581723 125.94132245078762 136.97381889999997
4.611645987520625 2.705808050443202 126.9295285141012 137.03940450000027
5.413648838887198 2.545937060499574 126.65461573736259 137.1038290000006
5.568221230372039 2.3281573743830735 126.16412145459893 137.16892050000024
5.803882938424579 2.274089423217223 126.15248072351262 137.23385589999998
5.814816772370072 1.6577891916793175 125.10460028319456 137.29849530000047
5.774991839511479 1.4693974029533248 125.19408791592171 137.36398250000002
5.534296143479082 1.2606955323881035 126.372700410121 137.4298958999998
5.294493516942502 0.5897819175757532 125.71612068532743 137.49514369999997
5.111241217628773 0.35445940032339945 125.57232772987616 137.56020929999977
4.82561817230394 0.2805549505284898 125.8673630042686 137.62559070000043
3.0974524386870286 -0.6008321152413661 125.8269214227908 137.6906398000001
2.7983935276084324 -0.7270453604598078 125.6789321845177 137.7557852
2.653630840120215 -0.7933312083528324 124.98657397086481 137.81998810000005
0.5497159743930808 -1.4117775053634558 125.55817004794997 137.88518269999986
0.0963736770344994 -1.4954607765443706 125.47668240766474 137.9493538000006
-0.4482702588938423 -1.6421652620828469 125.76959570614679 138.01410530000067
-1.7143001167048482 -2.046537959435237 125.46482398259093 138.07927019999988
-2.253902769433587 -2.1784173229349313 125.59384489392633 138.1448003000005
-2.398094585830407 -2.234244421660721 124.68852377481561 138.20933969999987
-2.9439997385637895 -2.1996011936644453 125.39682779416559 138.2742543000004
-4.367739353055249 -2.4856077069443447 125.5967652522181 138.3387972999999
-4.277089176707001 -2.3903299779690736 124.21856593717261 138.40472899999986
-4.660591586621678 -2.4620512161872146 124.81525081333825 138.47053659999983
-5.341348444665144 -2.399133523087628 124.56395383294021 138.53432200000043
-5.669883518649378 -2.338198853877674 125.05236278415666 138.60017000000062
-5.597878581602352 -2.300867562125193 124.66750149971085 138.66530030000013
-5.628972835272698 -1.8102697573104445 124.98095062415032 138.72911340000064
-5.674089579561503 -1.6994081712653881 124.92676447826703 138.79396309999993
-5.775182462875321 -1.6064150796733734 125.42294940222409 138.85825290000048
-5.267197569357485 -1.0135735629001852 125.052804950371 138.9242406000003
-5.016629118545957 -0.7327628328365764 125.65535826479201 138.98958670000047
-4.810249156537402 -0.6688115971793253 126.04107887483603 139.05417370000032
-3.3377518395297656 0.0829593662344229 125.28806036674014 139.11902530000043
-3.3196486851984446 0.2606131219509327 126.26093110486403 139.18366630000037
-2.3740711256753144 0.44296713300887186 124.86053109576333 139.24878030000036
-2.1110982955452258 0.6609879192034229 125.08636540418969 139.31315559999985
-0.8642233930476024 1.1600955380230245 126.04066609635878 139.37846890000037
0.029789555615195695 1.3647545233119684 124.48400050364837 139.44476430000032
0.13011078876486692 1.8900326286080849 126.31571518409746 139.5105183000005
1.8322694495422596 2.238280145780313 126.80593238965288 139.5756240999999
2.3160185063132417 2.4200342212009764 125.89077197233622 139.64112120000027
2.4762413040695037 2.5972975979408264 126.6772834926572 139.70713549999982
3.7969805409120028 2.752685136991822 126.63351852609162 139.77169200000026
4.3124287340684475 2.934339319788905 126.3338633247454 139.83667830000013
4.357738350505166 2.8346697204008477 126.9279177770354 139.90129909999996
5.032532852142083 2.419568666520661 126.66129083146355 139.9669568999998
5.286795453044142 2.4849622938064813 126.39267415906758 140.03153780000048
5.362970994112764 2.3559092894628377 126.61013671469912 140.09612620000007
5.324540862168597 1.8198647700808586 126.80053152727044 140.1610866000001
5.600521475856887 1.7285791821871215 125.51558658808936 140.22660610000003
5.625440874293176 1.7674763273706762 126.30166455041226 140.29270350000024
5.3666670295180765 1.2958782383566918 126.68094287707434 140.35838710000007
5.429504408629882 0.5441847573457272 125.85651424016564 140.42356680000012
5.215147352551639 0.5252704943477051 125.7895296840629 140.49007549999988
3.6729575055915546 -0.45789623849234473 125.9844221157497 140.5550801999998
3.3846932844719433 -0.5491375440516922 124.94294923600998 140.61922420000064
3.0047224131149335 -0.6551700105456318 125.2125792817273 140.68452140000045
2.6766875675013324 -0.6358866705240273 125.47435995197009 140.74943320000057
0.6005537726530719 -1.3698878768281286 125.46737195816465 140.81471740000052
0.23746062895547482 -1.4678365109910776 125.25588918573621 140.8792570000005
-0.23545330704715184 -1.6604118810711226 125.68084528113869 140.94332750000012
-1.5777983800887228 -1.9448450481198845 125.20550266585883 141.00807690000056
-2.2126679328678023 -2.3320645534429634 125.72456783817834 141.07365329999993
-2.2531083678655293 -2.17337992131235 124.41364271880458 141.13994860000003
-3.670254375043349 -2.4777201120707026 124.63723790864728 141.20525760000055
-4.294240702310532 -2.462523927910892 125.47989171593358 141.26956260000043
-4.369692799187106 -2.5985691748190503 124.759736651444 141.33568960000048
-5.017412079486824 -2.3935970481255726 124.28181643718649 141.39991129999999
-5.017412079486824 -2.3935970481255726 124.28181643718649 141.46395519999987
-5.571148849311186 -2.401357377400317 125.08338821312137 141.52896620000047
-5.774192710761746 -1.9935040542481581 125.35521296665492 141.59335960000044
-5.774213826539416 -1.8681000063190254 125.35374261619359 141.6582814000003
-5.7760427153063745 -1.7319018550316718 125.42704327977324 141.72268919999988
-5.605448455045206 -1.3333458320695115 124.90383197258333 141.7883867999999
-5.626084777383781 -1.085013197172536 125.9722135954282 141.85413330000029
-4.896957137648478 -0.7969699725619218 125.03566933478285 141.91763400000036
-4.6420161975986005 -0.5926093724571194 125.08076881460967 141.98337750000064
-3.2802628253926045 0.05560939903812878 125.78000737185633 142.0489048999998
-2.922536469468966 0.29333120386945716 125.70508003873476 142.11292240000057
-2.3478709783810032 0.6886064037478362 126.00798594179133 142.17779820000032
-1.650709588920833 0.8578819099448708 125.58378313811141 142.24235829999998
-0.8895373166481235 1.3397208049799234 126.83069524488755 142.30902940000033
-0.1946808992154132 1.314841563919401 125.97656762917944 142.37385540000014
1.0864664105235704 2.1485496704083578 126.74498686510569 142.43791510000028
1.7935702266005364 2.172573134015535 126.20286217913984 142.50329710000005
2.4441057282420715 2.4746398988355836 125.34881592022673 142.5686415
3.234202046424734 2.81787806876468 126.08368899222013 142.63273620000018
3.8624187438553435 2.805159510428146 126.23768259627444 142.69751749999978
4.360706340227331 2.978524898286038 126.12065511284565 142.7629665000004
5.1699346418080765 2.6912711662128537 126.27138031093216 142.82714230000056
5.157470812479083 2.542018146258605 126.84470050955521 142.8929874000005
5.157470812479083 2.542018146258605 126.84470050955521 142.95823480000035
5.447667280077987 2.0802122777460563 126.82987227258235 143.02324339999996
5.578185832811485 1.8178382004718259 126.12126436413217 143.0892668000006
5.707276133290641 1.6428279089122142 125.66996848883771 143.15471380000054
5.822671513191665 1.6650716334211528 125.37596598459757 143.21982819999994
5.671761162975017 0.9481842652295346 125.73837670905111 143.28620769999998
5.541330727397437 0.7553966945352203 126.29086249105801 143.35244160000002
5.440220483335196 0.6632589967867917 125.85366620018878 143.41770820000056
3.8798211936976585 -0.1779443586711671 125.36566339696192 143.48265590000028
3.3494841045926336 -0.3982784673324208 125.88321528575877 143.54818119999982
2.2400434203356667 -0.9978393197675876 125.33380433851204 143.61220380000032
1.9076329995564265 -0.9189131825560858 125.54569992194017 143.67825090000042
1.090528853062132 -1.2049335201914722 125.8858835982746 143.74364109999988
-0.5048053913687198 -1.7667947129834247 125.83196015374034 143.80897300000015
-1.1446283775577086 -1.9893679661112968 124.6523074824215 143.87432249999983
-1.4345949704070193 -2.0362153030862804 124.77779788623151 143.9396655999999
-1.9924412245108556 -2.09200155485379 125.32094080277736 144.00648309999997
-2.857627429399159 -2.2205617759253813 124.5606604915093 144.07105460000002
-3.5586254381518003 -2.5179373971040175 125.1487989219985 144.13676920000034
-4.582869683698348 -2.5411236613643555 124.92332568011976 144.2024935999998
-4.933669550387293 -2.479123365753062 124.6588909008581 144.26876020000054
-5.264940492155425 -2.4614194680456727 124.90039760770783 144.33385429999998
-5.2238718120200005 -2.332040289063616 124.51403888225083 144.39997370000037
-5.58933455545958 -2.1492175437732484 124.55939486188898 144.46549060000052
-5.73360782806558 -2.072407765901335 124.99330771582937 144.52994970000054
-5.640812430428767 -1.9651637463138303 124.72225291442071 144.59540360000028
-5.6315505897753795 -1.7923464700751128 124.69074999883719 144.66101620000063
-5.685059999286089 -1.1937838650253805 124.95400224681171 144.72469330000058
-5.685059999286089 -1.1937838650253805 124.95400224681171 144.79100749999998
-4.561315969897649 -0.5507211747461495 125.52492667776221 144.85693489999994
-4.003780572112973 -0.2984461812721265 124.96891289747992 144.92117060000055
-3.94769500072443 -0.14876513390803991 126.13070784479206 144.9873234000006
-3.286238284119456 0.019961261157421695 125.10795265052441 145.05273970000053
-2.187404312784686 0.6807037356899216 126.022659054431 145.11809540000013
-1.5209134903449097 0.8916104060362552 125.42539203315987 145.18376810000063
0.34835717851872516 1.6014700252336587 125.98783802845392 145.24803059999977
0.396886865696537 1.6750995501443522 125.85974790552964 145.3135673000006
0.5435758027773971 1.8644715103684484 126.34882559776744 145.37824249999994
2.3017730209227096 2.4378408971540577 126.75405541460549 145.44376499999998
3.0364097786648045 2.6103290729069113 125.78821252244926 145.5099783000005
3.1001031103684156 2.6192767960307735 126.3698239252576 145.5751975000003
3.519567287571185 2.750913848034614 125.94475206232333 145.63929430000007
4.592384958706255 2.8249572654608306 126.73494089718108 145.70434060000025
4.769588939944448 2.6761720827086317 126.69924750048386 145.76850269999977
4.967665991145303 2.6780925117269945 126.57947965935563 145.83454100000017
5.611655426704097 2.4263118779729873 126.36250969597113 145.89975289999984
5.700493666863736 2.2847809340579657 126.42397157383978 145.96483030000036
5.724699972658357 1.9993646256785418 125.49703087804892 146.0296087000006
5.636015057356012 1.5095862449023234 125.79794903026142 146.09423930000048
5.534296143479082 1.2606955323881035 126.372700410121 146.15861600000062
5.487799732479218 1.0006553977949386 126.37212164379696 146.22382970000035
5.079402890769835 0.39825710629333055 126.01269208824165 146.2884812000002
4.692584560138016 0.1079649880049125 125.27254181628284 146.35372420000022
4.314750549978484 -0.05294496739223986 125.47065835630245 146.41867439999987
2.5978180985856056 -0.7256885457324106 125.65224645581505 146.48281279999992
2.160067735557206 -0.8851572705309948 125.9052164897837 146.54931860000033
2.002725988603217 -1.0280206906075335 124.9028315065753 146.61335469999995
1.2724152067738075 -1.2013456953695307 125.84176150488993 146.6791462000001
-0.4871805286823303 -1.8034923994239467 125.55745122461762 146.74468890000026
-0.7872565152043762 -1.8361394432196612 125.1397397176383 146.80953510000018
-2.204950762050295 -2.2211229288217718 124.6480164422612 146.8749781000006
-2.7936261111437233 -2.3025310399752095 125.57368983561581 146.9412600000005
-3.130166563378836 -2.3722607919082375 125.3729916047866 147.00761590000002
-3.519884936620123 -2.421703500598728 125.21754331711595 147.07211619999998
-4.677201912502433 -2.5017754043601874 125.3270957391023 147.13695400000051
-4.890088043099112 -2.512289470530161 125.28357123744657 147.20347860000038
-5.145960922970332 -2.482041177138492 125.21944046109034 147.26799550000032
-5.635826398357565 -2.320544775898431 124.93790233703855 147.33302439999989
-5.734276436155781 -2.1973812840107376 124.99689736549979 147.39824970000063
-5.6822634339311975 -2.116222489086569 124.79001719391782 147.4639246000006
-5.731469683092087 -1.6974964081201853 124.98217694856348 147.5302231000005
-5.800582549220401 -1.5554143080066036 125.3803752106698 147.5968068000002
-5.825217744193651 -1.4169846415901426 125.38413359278965 147.66134789999978
-4.693824103439908 -0.6517658891932302 125.29331194905136 147.72537730000022
-4.482003222777969 -0.541253143847873 125.35371681359736 147.7916696000002
-4.3658784616652255 -0.42763235060233173 125.30919515093316 147.85639510000055
-2.8881309754207223 0.32623831348468285 125.37279043393612 147.92256330000055
-2.580630262228077 0.5320337258772436 126.13208496680292 147.98650960000032
-1.9296533038291628 0.7659402874008745 125.78517149907536 148.05061209999985
-1.7820993730926489 0.8713598755292811 126.2434604440405 148.11507040000015
0.7373579199177698 1.626027348089706 125.212049150811 148.18066350000026
0.9055934496974416 1.6285780592534267 126.47128870414292 148.2452927000004
1.68729952060891 1.824340213734287 125.04936044540938 148.30983319999996
2.268776525406409 2.496421664908977 126.1103055419233 148.3757955000001
2.696620925000488 2.478190991050958 126.47387538887725 148.44055070000013
3.14896746825184 2.6951570977890014 125.97636994460822 148.50630080000064
4.430908000447424 2.85044762147981 125.9939076317805 148.57147690000056
4.579689597895069 2.7631041340658435 126.45188316268232 148.63727139999992
4.965459195342319 2.9114720130029355 126.42149354229181 148.7019618000004
5.392113660523812 2.3431033590964945 126.02448026574245 148.76776789999985
5.514802015425346 2.2591579869370038 125.93915690972781 148.8321906000001
5.524512208138042 2.0892023063734997 125.99931171523961 148.8990844
5.631707541585044 1.6470179066739488 125.64078786822652 148.9630545
5.492830459431595 1.3544211120894243 126.06191963509222 149.02777539999988
5.487138350341652 1.2743611508119879 126.20690316644439 149.09348730000056
5.527049832030883 1.2054288229942658 126.15490616903116 149.15816600000016
5.01718360580746 0.4595259403287654 125.81926388854147 149.22317939999994
4.692584560138016 0.1079649880049125 125.27254181628284 149.28868130000046
3.0735365894522033 -0.554089217264803 125.68931177754855 149.3543604000006
2.7261040161377963 -0.7260316630069233 125.64226211900328 149.4189307000006
2.4089902799603493 -0.7632253094155331 125.33640615378441 149.48470400000042
1.979771901839392 -1.074981522162624 125.32114710031533 149.5497402000001
0.0930837498543724 -1.5555389122813228 125.4720249780635 149.6158903000005
-0.17044122579751075 -1.6650757757771748 125.2045202425664 149.68163929999992
-0.9050749464917018 -1.7636008716763616 125.7581403690054 149.74674529999993
-2.2970464231852006 -2.2544216682768594 125.45441108266162 149.81343610000022
-2.4716378176286753 -2.28070092575805 125.06537304897336 149.87871330000053
-3.220732836457266 -2.31651053058995 125.99072459468067 149.943628
-4.381249399649107 -2.5451267798471275 125.49681185476791 150.00985190000029
-4.548213569396616 -2.497614361308896 125.10857778963843 150.07476860000043
-4.655481347398059 -2.474995204695175 124.75068231850703 150.13990120000017
-5.104835380513428 -2.3283514950937056 123.78511749736514 150.2050022000003
-5.104835380513428 -2.3283514950937056 123.78511749736514 150.27015399999982
-5.812729778809036 -2.2473931997856234 125.35380251787281 150.33504400000038
-5.531289096453136 -1.7776362626025262 124.49624108748408 150.40017309999985
-5.540974938373957 -1.6470205683268149 124.5237547088905 150.46596170000066
-5.698607036906907 -1.5258656515488056 125.08039818223476 150.53114129999994
-5.798856769374609 -1.1415538915264185 125.66973437923725 150.59597630000007
-5.267902941681761 -0.9411275584430988 125.0564621617233 150.66126340000028
-4.8825818585020855 -0.6477571445470492 126.47550290888799 150.72734740000033
-4.06085305067797 -0.3681361620759819 125.38372757908681 150.7915954
-3.090080952161358 0.27672769644775125 125.8957836553783 150.85692579999977
-2.1598541539357825 0.7254034455944928 126.57562218024856 150.92306110000027
-1.1491512322422253 1.0378973842357488 124.84633935052112 150.9887144000004
-1.1842741110543855 1.2403134452086557 126.13589434894182 151.05346210000062
0.1018847091960069 1.643048929145184 125.17512519306021 151.1185529000004
0.029026310353550855 1.6551573182206405 126.97978909973781 151.18471370000043
2.0628578424662223 2.2967160042098635 125.45469854895985 151.24979470000017
2.14357571608366 2.5987844664483135 126.7035705386213 151.31495900000027
3.310110183040841 2.776065953519228 126.6702020229869 151.3801923000001
3.6137662827024783 2.7361887852582236 126.51049001419149 151.44609540000056
4.384027352700031 2.882237034989981 126.3168590751303 151.51082940000015
4.525336667226377 2.8199676326033103 126.32064205723282 151.57603800000015
5.390893008705042 2.530497598977979 126.60951112382709 151.6416734000004
5.3147327131745286 2.466965205153938 126.86445165351148 151.70783660000052
5.545170179410988 2.103007198375583 126.37102230805056 151.77231070000016
5.73957123887255 1.8721496597137777 125.61161895937329 151.8359328000006
5.615986951475676 1.608635242652436 126.0758088027057 151.90163690000009
5.708470158808495 1.516433471882318 125.66536577357681 151.96652859999995
5.5294962452478345 0.8222866967691026 126.13668139574072 152.03104239999993
5.5294962452478345 0.8222866967691026 126.13668139574072 152.09648840000045
5.3259001402308215 0.736168484256529 126.35264000943924 152.1618395000005
4.172159380359844 0.024974819712734075 125.59237338333354 152.22534470000028
3.1783742377447197 -0.5004806132761804 125.87175848946625 152.2913253000006
2.7326127466607204 -0.6367124423802802 125.945156595139 152.3569483000001
1.699971061206007 -1.1536067644927694 124.93964728622204 152.42164030000004
1.1587265061561283 -1.2454248889154913 125.46504954281967 152.48745570000028
0.8496856064682987 -1.3355333775590292 124.7759200535039 152.5531574000006
-0.8401928061138761 -1.9290597562624492 124.6714279385568 152.61844509999992
-1.66580847705427 -1.9386433466917117 125.57504423474117 152.68187380000018
-2.218038832172425 -2.2547082505053355 125.3243764461433 152.74619320000056
-3.5120314748064843 -2.456164296139564 126.00197178579178 152.81277600000067
-3.3335464997722823 -2.4045877911276166 124.19686988103007 152.8765887999998
-3.6417072444008483 -2.3510227412165543 124.42077565367858 152.94175450000057
-4.9887173822422 -2.5014842941993085 125.25230185121971 153.00723070000004
-5.299003257832567 -2.4501823868773105 124.93257307474768 153.07337970000026
-5.241925134613119 -2.3767448484367817 124.20091851535526 153.13837590000003
-5.773914139652199 -2.3696903623754837 125.35901265168381 153.20451289999983
-5.518946490780721 -2.0191679102259537 124.29384013259634 153.26976600000035
-5.732917149101183 -1.9474356384244866 124.98965770957243 153.33547330000056
-5.690526156915837 -1.818798454597196 124.9782836246903 153.40110379999987
-5.75084183760768 -1.164896634219864 125.41473450672468 153.46637139999984
-5.75084183760768 -1.164896634219864 125.41473450672468 153.53012660000059
-5.636112511003901 -1.050895938244174 125.62795792845368 153.59562929999993
-3.762428416900093 -0.26602526528019366 124.85098472667039 153.6608409999999
-4.134746526309932 -0.24872191255155773 126.02942729340363 153.72661330000028
-3.6735593029278064 -0.05543225582447542 125.40966624234126 153.79188969999996
-1.6862068067212448 0.9129756308828398 125.22308526698961 153.85721920000015
-1.717780280218122 0.830156532564858 126.94607798317739 153.9224275000006
-0.7086505848713429 1.1128229622031767 124.92658525573637 153.9878318000001
0.6621912940053107 2.004565449955185 126.1257919420486 154.05300230000012
1.1127440586540018 1.9333303414534493 125.92018995546034 154.11880050000036
1.5415095857744063 2.2621984588873527 125.97342194558192 154.1829477000001
2.62009358434112 2.471205923398092 126.61572255589313 154.24750680000034
2.927695774636426 2.634091906949896 126.37380968700823 154.31176380000034
3.9355287770441194 2.834090780583555 125.73833015291774 154.37682850000056
4.524519929746866 2.944156375308538 125.89706714141447 154.4410151000002
4.865344705890692 2.671102120568303 126.54063715267912 154.5064782999998
5.056093677657749 2.7215398549045218 126.88030882084605 154.57140960000015
5.18543684332009 2.5942452181050313 126.8722657388604 154.63680759999988
5.6598152177746925 2.1437256772642783 125.74482697607944 154.70129950000046
5.730402788321854 1.9817893390523005 125.67208266101431 154.76559110000017
5.68830993034279 1.9435526381607189 125.87005191761868 154.8308880000004
5.665392269529455 1.2014409848133363 125.76436098665566 154.8973145
5.775699257397136 0.9725397750568445 125.3151770736253 154.96159480000006
5.625104235773918 0.7874003336755735 125.96139028260922 155.04283149999992
4.531671631711461 0.16381739567182596 125.62541384123877 155.10885080000025
4.1744825956877705 -0.023942203164772358 125.66590505246641 155.17468180000014
3.7113355130745376 -0.12526054101462347 126.13051196062986 155.24004560000049
2.214527133680491 -0.9297307115460639 125.51374243723404 155.3052830000006
1.914209410997472 -1.0091460676172197 125.23414548566345 155.3708674999998
1.1507426899189426 -1.2279209077077096 125.73439572825195 155.43515260000004
-0.5284894850962019 -1.7572154020777222 125.40002537895123 155.49983190000057
-0.7558728542516349 -1.910141664499979 124.7381120950166 155.5639202000002
-1.001133357970005 -1.930878363590299 124.7370642800563 155.63103520000004
-2.8321064186936056 -2.3021395951860075 125.33998680405436 155.6961921000002
-3.3396043837338 -2.365655796825572 125.6573216984343 155.76151970000046
-3.3389777505349016 -2.436733128191534 124.4534455829799 155.82672150000053
-4.612756501139479 -2.5322331888473335 124.93741481770542 155.89199250000001
-4.656590995453961 -2.412564174460581 124.41642950203476 155.95641200000046
-5.0477914321041695 -2.450989489061791 124.92667023942704 156.0216986000005
-5.734922953083171 -2.32235597949892 125.00042659481561 156.08754810000028
-5.626194930469431 -2.1754102089524863 124.61030575393188 156.15340319999996
-5.545518354723413 -2.0207066950435753 124.5421369174341 156.2182898000001
-5.9149644936788945 -1.649766900255754 125.64708840863592 156.2830883000006
-5.472909648551315 -1.389908041728901 124.50342549890749 156.34827060000043
-5.538792010083888 -1.3395654319344108 124.64287029792872 156.41475119999996
-5.646511006238846 -1.2143880203296873 125.10616467006378 156.47894189999988
-4.505080615600939 -0.5842769027315221 125.82340310025755 156.5448608000006
-4.226451582174128 -0.2910688447211024 125.33406590896298 156.6096422999999
-4.007225219027141 -0.22827881745526446 126.24353229571017 156.6739475000004
-2.1921567486916658 0.6153155302656002 125.17016160844518 156.73859900000025
-2.1468350660201665 0.6990722704108315 126.32476945012746 156.80405320000045
-1.7119453260283137 0.7556920393978551 125.91385989906667 156.86821710000004
0.5497241802929267 1.8056317460590092 124.8967425446971 156.9328505000003
0.21716956598984893 1.818113211406918 126.85209637904512 156.99846760000037
1.1977333889066841 1.77733902656419 125.0117069553667 157.06286040000032
2.3034844374104537 2.622996033051402 126.62885695298048 157.12737110000035
2.908121672166885 2.6074185932589726 126.43009097330466 157.19236379999984
3.3653122844121413 2.7442941394917906 126.12002117741838 157.25675279999996
3.3090735505136166 2.816267075541547 126.75787315554729 157.32221019999997
4.835809537431139 2.7523995024339367 126.16769597088357 157.38728460000038
5.203557269438448 2.98412645121603 125.94496176166273 157.45299299999988
5.458639698310165 2.4142081914013396 126.73474189195097 157.51755180000055
5.384268525385679 2.2168895927544354 126.55538958863829 157.58194439999988
5.594138101357274 2.1338883000579907 126.0267449980388 157.64768150000054
5.500785663917611 2.034842595734552 126.46478694892696 157.71252550000008
5.4244240386057 1.337312334028503 126.34259373875173 157.77773479999996
5.772513544317825 1.224515710842108 125.32756128168268 157.8423767000004
5.708271302319595 1.078717402417591 125.58865988733925 157.90825899999982
4.909722212673593 0.304820835588026 125.97218584340996 157.9731910999999
4.504875790841872 0.03673122622405889 125.68318204423224 158.03910929999984
4.1001096229868566 -0.03547382115478115 125.76147713742894 158.1032498000004
2.5744282901212827 -0.7109742335701 125.87691931355258 158.1696335000006
2.24211469407161 -0.9321183098640765 125.39910093151063 158.23303260000012
1.652519814714637 -1.0736255585267602 125.83401183670159 158.2985703000004
-0.16297932894845246 -1.5335175848357143 125.56740805018602 158.36424010000064
-0.5896326712507189 -1.6402185782674836 125.6397682825289 158.42980400000033
-0.8210138444899968 -1.6956334591175404 125.17998910230696 158.49451940000017
-2.334212986988568 -2.1937806634921357 125.22956139716932 158.56008370000018
-2.5498259606308835 -2.250338376126186 124.95370579514139 158.62524740000026
-3.052155773113121 -2.3567025731058977 125.30886743153788 158.69053630000053
-3.4859060372207793 -2.4543253312891924 125.11725068060319 158.75579090000065
-4.409011211089876 -2.403611624920064 124.4895399300512 158.82158400000026
-4.9293946879101895 -2.500969993885093 125.33342873520378 158.8864555
-5.142158233943945 -2.51134577986971 125.28997420650364 158.9520575000006
-5.675572236984877 -2.3240275549210314 124.93894141700876 159.01804210000046
-5.58933455545958 -2.1492175437732484 124.55939486188898 159.08453439999994
-5.904573475535521 -2.108002426197895 125.44157967867423 159.14851670000007
-5.635462815831694 -1.6289040535333394 124.79862007744937 159.21422880000046
-5.698607036906907 -1.5258656515488056 125.08039818223476 159.27749649999987
-5.914352178533356 -1.3983227589677902 125.64225958042996 159.3433167000003
-5.182155625162011 -0.8966690892146129 125.30685715403533 159.40737200000058
-4.017747248096512 -0.4708340032534236 125.04091555527249 159.47242390000065
-3.854292336251305 -0.4021883720267737 125.27652415659529 159.53837879999992
-2.976618792144464 0.4267882767939309 125.79399068828853 159.60223940000014
-1.9006492947653015 0.6222639511041844 124.73535650810291 159.66817030000038
-1.0059134218344425 0.9634899227286872 125.49336317749545 159.7337075000005
-1.0546270289609154 1.236310414533881 126.35464359818776 159.80155580000064
-0.5560339754000267 1.2097215348041805 126.42269642512211 159.86547789999986
0.42158158401772994 1.7328632286689993 126.28657611438895 159.93055350000031
1.9940402511227333 2.371051263104539 126.54923015614347 159.99472100000003
2.4772216335511317 2.5394030477719483 125.92464327660188 160.0601142000005
2.7688877817025386 2.5264102359423903 126.27687390250689 160.1254729000002
3.840032236203065 2.843559484458085 126.14762771454643 160.1908352999999
3.9741734766365298 2.8807076854701057 126.79153037621688 160.25586269999985
4.545744222670308 2.7884280171071407 126.61558351968822 160.32180960000005
4.669986535726785 2.8456683013821267 126.88976175211866 160.3873736000005
5.316259326670142 2.3373634946819415 126.85265051862024 160.45093390000056
5.605274399944264 2.3136611916770446 126.05021671798963 160.51780820000022
5.658537879768112 1.8553468127524892 125.76577334095884 160.5818005000001
5.512885829271035 1.649900953897275 126.41144059310803 160.64599280000039
5.735445700598014 1.3678580822965583 125.45462889858428 160.71279180000056
5.73769764528322 1.2416458619476263 125.44581417046197 160.77786650000053
5.547409275170018 0.7156864536517129 125.7095956400836 160.84171770000012
5.250507336313198 0.5805782176335035 125.99898656460512 160.9061855
4.0213734484657095 -0.3468827247453715 124.79961930170995 160.97092330000032
3.480716079919034 -0.4179640181312322 125.42938998421747 161.03584880000017
2.6705175780284023 -0.7267624470044037 125.6873096369073 161.10113600000022
1.4305280133326193 -1.1509419300691928 125.39900584709027 161.1659583999999
0.9288610917498161 -1.2858638639769127 125.54811280340137 161.2306798999998
0.3351728035185033 -1.452680074688708 125.7360726491416 161.29559840000002
-0.03412036121024187 -1.5551629668532168 125.47868395074855 161.36070530000052
-0.2704824948961715 -1.7242761882985347 125.10032761538531 161.42592070000046
-2.229108181830597 -2.1475078587835186 125.00801808536337 161.49094220000006
-2.550052389251988 -2.2063175868461657 125.19109028018444 161.55586010000025
-3.5793505659044556 -2.4201690220902274 124.90083979948295 161.62155380000058
-4.099247078666643 -2.3634333026498546 125.6792015026188 161.68686720000005
-4.31811220952094 -2.4248256504830468 125.37992864878092 161.75182790000054
-4.551527581912012 -2.376837467286385 125.32367525075792 161.81632170000012
-5.480009316674867 -2.3329030413447436 124.91416228845152 161.88139390000015
-5.668462148055347 -2.382903146494927 125.2287607215857 161.94723630000044
-5.58698139095268 -1.9001475534152976 124.54918919690752 162.01221450000048
-5.58698139095268 -1.9001475534152976 124.54918919690752 162.07798640000055
-5.444367330253598 -1.7894769378101025 124.24401893626522 162.1429089000003
-5.584558136239551 -1.6510976565363382 124.5387967637565 162.20800260000033
-5.334344400982701 -0.9148631246570192 125.45409814557343 162.27231260000008
-5.334344400982701 -0.9148631246570192 125.45409814557343 162.33773089999977
-4.76426099002866 -0.6461853702839105 125.2488012008694 162.4027470000001
-3.4899800355994657 -0.06688567756180785 125.03816011879482 162.46727230000033
-3.342269359971773 0.1458559118917777 125.4525305876232 162.53368210000008
-2.7634846074265127 0.30179012611037737 125.11212186562565 162.59824509999999
-1.3449007622525428 1.0618028304073532 125.69543228957272 162.6636440000002
-1.219963324198936 1.1390517300355818 126.60761665561348 162.72881959999995
-0.7028358629843083 1.1996430049977278 125.82530502390316 162.79433080000035
1.826916744149905 2.023144422072641 124.7393940650174 162.85952869999983
1.635306888517249 2.3596449181311527 126.71127638455818 162.92588350000005
2.134061154246872 2.3685705114081004 125.48434948143749 162.99159920000056
3.051567304100409 2.7368484753171143 127.00852893824704 163.0562002000006
3.8080244602131614 2.732375468215778 126.02128406452066 163.12150370000018
4.200693469605795 2.9364565224358383 126.28412709014795 163.18690770000012
5.130000909572999 2.724277479667628 126.06361003019268 163.25163049999992
4.929140547226972 2.590591998278802 126.87064217043515 163.31608030000007
5.275354736676768 2.6704251849648526 126.68481913055726 163.38127780000013
5.5943200683639915 2.5870987133506462 126.21474795533754 163.4454286
5.363353674975542 1.9387154608878028 126.71630208016566 163.5114110000004
5.403861213229057 1.7642030386578025 126.55129903164466 163.57492850000017
5.396956672706516 1.645414168982267 126.42334094099589 163.64130420000038
5.519207633819306 0.8668176791106215 125.60092446307134 163.70577839999987
5.652426237495831 0.720841142787583 125.30705856939636 163.77013480000005
5.4227755851923405 0.561465205641499 125.25587963328941 163.83534880000025
4.088928956035126 -0.13338023011806932 125.4967730165179 163.90050220000012
3.4740155968176225 -0.43220054619431847 125.89285942051326 163.9653997000005
3.0486923098284606 -0.5205564065773342 125.73620222599588 164.03073339999992
1.5377401204869443 -1.1205688275474532 125.4531814795192 164.0967853000002
1.107288856728367 -1.3054495640772057 125.27106879118014 164.16117720000057
0.5994625951833612 -1.4080352899658393 125.53343599517505 164.22834860000057
-1.0430260672218736 -1.900021275911803 125.0810145023131 164.2934638000006
-1.3478217736622682 -1.9605115326916556 125.05904167130777 164.3572320000003
-1.8089333671927434 -1.9910917269409656 125.41931946708246 164.42352570000003
-3.308480263499561 -2.392776219293916 125.22466360523929 164.48837670000012
-3.7208642507550493 -2.4406819154544204 125.26987638520635 164.55314660000022
-3.770914252945744 -2.4268513795891002 124.77631711304201 164.61874249999983
-4.947908012458406 -2.4638770328013924 124.81138395132449 164.6830946
-5.173399280306626 -2.4505876152721418 124.9296389551836 164.74779380000018
-5.183147308514371 -2.4275228386076235 124.51854299272829 164.81258270000035
-5.734276436155781 -2.1973812840107376 124.99689736549979 164.8779043000004
-5.632117219435578 -2.041584862073491 124.69560344407789 164.94326960000035
-5.551177931479103 -1.9064429536126837 124.48807380046438 165.00756590000037
-5.740800243926344 -1.8803632831734225 125.32230076883769 165.07297199999994
-5.505038372798715 -1.2943122090096675 124.67811214350151 165.1377309999998
-5.75084183760768 -1.164896634219864 125.41473450672468 165.20340940000006
-5.43781283004693 -1.013942881131241 125.57733540938743 165.26935760000015
-4.3304721944273865 -0.35765831327279984 126.05403190451256 165.33453050000026
-3.725473325499266 -0.1899048089650679 125.72833503377964 165.39995009999984
-3.276118153616487 0.14077409971762078 125.57155825647365 165.4651027
-2.12626396891865 0.663773672677622 126.26815528500212 165.53113200000007
-0.9557486987774126 0.9650751852674203 124.64662529380838 165.59587759999977
-1.045055830288625 1.328158694147492 126.18618935228245 165.65997740000057
0.5836608721696308 1.6623566348874945 126.34771616975657 165.72625060000064
1.3961264417133137 2.019361784009026 124.72763123895389 165.79100480000034
1.3722001512478315 2.2888574298947875 126.40530081805176 165.85602950000066
2.9112601381773118 2.5878087530755867 126.2921606181721 165.9206339000002
3.281205268211842 2.881889344029084 125.95969181228195 165.98553290000018
3.5704045230626065 2.831530354449891 126.5109010302328 166.05062420000013
3.930247320762362 2.90298561743141 126.41877816347255 166.11669080000047
5.1273261564496195 2.9360040324933587 126.12404654419002 166.18047149999984
5.374264627669497 2.725422434434472 125.92743544898794 166.24597489999996
5.247930486709151 2.6020133110721666 126.60214531887021 166.31189750000067
5.701088314276014 2.072805439020359 126.1360970851377 166.37828570000056
5.824391255213314 2.1146203173113216 126.33580591698043 166.4434753000005
5.738240965178065 1.8047271072501223 126.02005069547334 166.50765169999977
5.767445937327395 1.1840013178207347 125.71216383852033 166.57239260000006
5.75063771750272 0.9144419814333391 125.96453521847573 166.63857449999978
5.67819777859021 0.6951223627809601 125.71229856521343 166.70267690000037
4.381906491027664 0.17616795042447597 126.10348314886896 166.7669590000005
4.298013691111592 0.012689713993059404 125.31889838868035 166.8316322999999
3.5511882063944356 -0.30330727508722444 125.96287413010951 166.8961261000004
1.9756174870760645 -0.9497952714951351 125.87506509245428 166.96083650000037
1.6673228855006954 -1.1993934308857632 125.12951018575319 167.02557230000002
1.3236398176152306 -1.230553855729323 124.7933911475401 167.0900083000006
0.48614256798823163 -1.3439360109899465 125.82648128564122 167.15712230000008
-1.1346074307480976 -1.929444897267797 125.38477510071597 167.2213787999999
-0.9938261993667439 -1.885319003893704 124.43777529160779 167.28699750000033
-1.595121261913036 -1.9408628180337995 125.1178563424833 167.35277170000063
-3.42579578216386 -2.3771339943246246 125.89940521123359 167.41833060000044
-3.682723270116348 -2.4528227659866966 125.22126266217087 167.48291000000063
-3.6417072444008483 -2.3510227412165543 124.42077565367858 167.5485851000003
-4.915502740126506 -2.4792844584881224 125.13857867283882 167.61279640000066
-4.998916080586596 -2.47145387405129 124.77942648390228 167.6774492000004
-5.189812035713935 -2.4310893552117316 124.56174869524052 167.74333790000037
-5.451621380381745 -2.114963315844575 124.26879967958396 167.80772979999983
-5.451621380381745 -2.114963315844575 124.26879967958396 167.87380510000003
-5.875408762650878 -1.9950927570067356 125.42120979221832 167.93965070000013
-5.505406055030221 -1.4189348037210046 124.68076977067881 168.0045928999998
-5.505038372798715 -1.2943122090096675 124.67811214350151 168.06870979999985
-5.179729759003109 -1.1028578946091034 124.05838738641766 168.13473690000046
-4.861180137105642 -0.6815857970515625 126.22210262180889 168.19909449999977
-4.174478285088227 -0.30000136044008807 125.48793855420956 168.26464310000028
-3.889641782853353 -0.20411446098817154 125.7212420673397 168.3288579
-3.556295368013643 0.036923239398771734 125.92235733511012 168.3931431000001
-2.2146633034960956 0.7370416057147974 126.50021401081166 168.45743250000032
-0.8930915955339458 1.1425781163963475 126.28071746430733 168.5231918999998
-0.26335305040340273 1.4257610019600184 125.55514002122192 168.58699960000013
0.4084900849239901 1.7500671095958698 126.24005338576575 168.65147359999992
0.9199269263749272 1.922913374526253 126.40432695710116 168.71630480000022
1.2709770859160798 2.223946578283051 126.52117763024606 168.78124990000015
2.670470498602903 2.628734971114942 126.88865187636384 168.84635530000014
3.2938324795294633 2.7396001647833836 126.22942101035187 168.91141049999987
4.2085750840663465 2.9130397574202203 126.77568645077642 168.97652930000004
4.453609483620383 2.821029641755737 126.28144800926616 169.04142420000062
5.063910018437639 2.8970777871305997 125.8919619128205 169.1069561000004
5.07075908394431 2.7942578290500433 126.75608790805992 169.17285059999995
5.384268525385679 2.2168895927544354 126.55538958863829 169.23807060000036
5.384268525385679 2.2168895927544354 126.55538958863829 169.30368400000043
5.628769020591832 2.152880379140001 125.65166432025549 169.36860570000044
5.635795765581122 1.6366745177255866 125.79952026625318 169.4347955000003
5.640610377646482 1.1841030155251593 125.71594790678098 169.50002490000043
5.816895893712932 1.17066791151942 125.92151158317374 169.56492750000052
5.199834163899446 0.574734889418874 125.88444382011116 169.62986530000035
4.815383942967131 0.29167965573064186 125.98027292304528 169.69446020000032
4.500654205479812 0.06458154839676744 125.55114188560357 169.75945190000039
3.063999215604717 -0.6337341706652088 125.1248917837795 169.82428720000007
2.0761563259006124 -0.9136153688221468 125.63812739147023 169.88880040000004
1.735930342806597 -1.056851986248692 125.41805089122809 169.95358209999995
0.34462422173008633 -1.4078434224331628 125.5469894521585 170.01750750000065
-0.10692146747852149 -1.6017100361852399 125.59024559159302 170.08286560000033
-0.5710585888807103 -1.7594849818127316 125.40095510651378 170.14851960000033
-0.8077976710576777 -1.8647751130203956 124.85844712162363 170.21344580000004
-2.8247685674143668 -2.284094934133115 125.66347146967796 170.27878899999996
-3.1091118616512716 -2.3304884354712097 125.10840742706777 170.34478020000006
-3.961344807623057 -2.374533434955173 124.73867312700482 170.40972190000048
-4.228790377286828 -2.4692396922035593 124.7754892214076 170.47535599999992
-4.677201912502433 -2.5017754043601874 125.3270957391023 170.53924150000057
-5.480688163837122 -2.390456139256637 125.11764318719945 170.6046197000005
-5.635296051667758 -2.1955688387327648 124.93473646277396 170.66930440000033
-5.756323301993348 -2.2234687512355986 125.00497457366771 170.73617009999998
-5.756323301993348 -2.2234687512355986 125.00497457366771 170.80157229999986
-5.349667917875429 -1.6977021395839347 124.21256981816069 170.86659419999978
-5.7488501983375215 -1.6193238573008966 125.41230339813313 170.9324717999998
-5.505761130679268 -1.4461204586190184 124.9107883671139 170.99899090000054
-5.479827144964098 -1.333806747108392 124.90083108442181 171.06470140000056
-4.758501774835224 -0.6071346638044314 125.63236912217604 171.12989689999995
-4.280990418953714 -0.487696119488206 125.49222205101654 171.19714860000022
-3.3258720067435803 0.13922111810532312 125.59488290218171 171.26188410000032
-2.715184673622332 0.3863921178781534 125.43979902083233 171.32845140000063
-2.4184486389847706 0.5503679759246367 126.3329007079991 171.39442580000014
-0.36332798159728696 1.409544162471331 125.68316013321892 171.46083700000054
-0.13151374371754088 1.1895465029420529 125.67141377866398 171.5265728000004
0.5412817732353687 1.5978598142462495 124.41110716975413 171.59190920000037
1.802911757384443 2.28877801870854 126.11971604090918 171.65665380000064
2.398828173780629 2.389692851210897 125.82654310348865 171.72231480000028
2.6381894255003218 2.636378371774141 125.55823834993893 171.78731419999986
3.7418229646692396 2.617563792397146 126.33087582763112 171.85243570000057
4.253800166832136 2.9279388463136584 125.70652896622164 171.91846859999987
4.610792077024016 2.9983980042422593 126.43626711425729 171.98449549999987
5.386772903409906 2.639247953839243 125.94596337578278 172.0491023000004
5.477054023977658 2.504014029435785 125.65406023230818 172.11432049999985
5.62765067142994 2.405841275064967 125.6557392136006 172.1798292000003
5.640878873155202 2.2164475467111036 125.8664480072293 172.24540510000043
5.52536188468838 1.703753749416534 126.48584647091657 172.31096140000045
5.655994669672232 1.581695598326291 125.80307034839234 172.37595909999982
5.704676729620886 1.324959737998769 125.65920319747018 172.4411780999999
5.549663877754462 0.8199337151133937 126.25214748450992 172.5058809000002
5.334790829042966 0.6481065889509445 125.9777291026442 172.57050130000061
4.7928482024188455 0.23846562479982325 126.28835643794831 172.63505070000065
3.346297140584099 -0.37017486693401935 125.98552133306865 172.69994430000042
3.0503044601376956 -0.6010673325941046 125.67643282583462 172.76573720000033
2.6705175780284023 -0.7267624470044037 125.6873096369073 172.83100600000034
0.8250467581112844 -1.2652148095491147 126.11903301290297 172.89706699999988
0.5107141364955723 -1.4467147701972212 125.34051538456981 172.96126400000048
0.30595643033829845 -1.464894892466448 124.20952711746173 173.02587490000042
-1.4864010237309344 -1.9412977950612693 125.23013046456663 173.09170489999997
-1.896232375561219 -2.0442790207516297 125.37108991310153 173.15763490000063
-2.334212986988568 -2.1937806634921357 125.22956139716932 173.22197719999986
-3.6861854749168685 -2.3924098022587597 125.15578458520463 173.28639889999977
-4.173303475700003 -2.4059245279405883 125.83512107121558 173.3524385999999
-4.206549643580971 -2.4494262892886933 125.1545390769217 173.41837570000007
-5.033025878898208 -2.4292066268344716 124.58083142411338 173.48253990000012
-5.217931220133039 -2.284572806915356 124.49436288930808 173.54683340000065
-5.5365114981888865 -2.3513306312248328 124.97649718297502 173.61175880000064
-5.366556340605598 -2.252159186951936 124.2015728514471 173.67632560000038
-5.732917149101183 -1.9474356384244866 124.98965770957243 173.74167990000024
-5.605743299166896 -1.8329144467600176 124.91105966488013 173.80662790000042
-5.632870819591361 -1.6956681166737027 124.92121934789154 173.87187069999982
-5.798856769374609 -1.1415538915264185 125.66973437923725 173.93616890000067
-5.271341662228821 -0.9208527723280341 125.52284271153533 174.00035430000025
-4.945007402427201 -0.675775358661343 125.55017339336835 174.06509160000041
-3.8178707049097085 -0.10628148916908198 126.02221274316832 174.12995210000008
-3.2649642207232645 0.16173153542647278 125.40678334647367 174.1960912000004
-3.135783727267963 0.23608171613747386 126.40359179582661 174.2598926999999
-1.1232735824239484 0.9155928842101696 125.55836905354425 174.32475299999987
-0.5099914095238276 1.2658274720323375 125.40669470141242 174.3896832999999
-0.6680761239525381 1.3258680583246045 126.29935539749515 174.45543910000015
-0.41513407688024984 1.4191885115543637 126.38498662450604 174.52143890000025
1.5761902045293965 2.349227110211189 126.65403435653849 174.58553570000004
1.9291765618872319 2.3578003862452577 126.94332731990191 174.65111720000004
3.2557418886292027 2.588338757471992 126.78098522407517 174.7150585999998
3.86352288813908 2.8848346229774413 126.21788410661664 174.77994180000042
3.9621229171945203 2.8456681658138967 126.83792195441393 174.8448242000004
4.223681606696751 2.8525614604033938 126.62663513283066 174.90993660000004
4.929140547226972 2.590591998278802 126.87064217043515 174.97490050000033
5.412492422511903 2.671463380475567 126.6506743647026 175.05585490000067
5.519052136007097 2.147686574886821 126.80827681448223 175.12053860000015
5.5213822654891445 1.8322134031186383 126.5058016507325 175.1857931000004
5.659576183788914 1.7087101909401496 125.96331716971932 175.2501716000006
5.855947893071651 1.7463983546612518 125.47430896757578 175.31567880000057
5.648267911046858 0.8652000242486511 125.91249133897587 175.38055890000032
5.550486888012877 0.6955213237297284 125.72027954554851 175.44635759999983
5.281711830828591 0.6379404157849057 126.04021991575112 175.51042469999993
3.9332309607952567 -0.222139755228414 125.66507088801201 175.57437140000002
3.715185510267304 -0.1553108802929487 125.66598503758644 175.64005350000025
3.1895484990399012 -0.4196476775461412 126.20230565096446 175.70458510000026
1.4842136530962122 -1.1820812367478877 125.42299670161769 175.7689059000004
1.106283670591118 -1.1483302279730339 125.80190344441017 175.83424569999988
0.5176753570920525 -1.4291497462767584 125.44860580688452 175.89823539999998
-0.9260822460645031 -1.974441009799368 124.97436035235607 175.9636799
-1.3254191321961457 -1.9453975019737708 125.19755770202198 176.0278057000005
-1.835274046856597 -2.114202779024043 125.51568702499979 176.09345269999994
-3.3268088723968745 -2.342802937616465 125.45905206581267 176.15801759999977
-3.544555749069879 -2.47818258674434 124.63292486378494 176.2231198999998
-4.03242967609043 -2.44026173861702 125.19448680650153 176.28892710000036
-4.19452994773674 -2.4665011769923617 124.79146545131576 176.35468480000054
-5.173544119148374 -2.464599332183701 124.88268628904244 176.41927209999994
-5.355029239365152 -2.3908606204926532 125.11525914988344 176.48539789999995
-5.39704601658957 -2.3496967982185772 124.67262500389226 176.5503595
-5.632372683422666 -2.16620252211805 124.69795512996643 176.61571999999978
-5.732917149101183 -1.9474356384244866 124.98965770957243 176.6800248999998
-5.732204424230872 -1.8224651147969158 124.98594742373999 176.74633760000052
-5.7029923619739975 -1.3341475253738526 124.96302318597645 176.81068870000036
-5.857127351490398 -1.2061710241158554 125.86233177593475 176.87644830000045
-4.45131329924795 -0.5785151125349824 125.5695115392198 176.94119430000046
-4.290149002451372 -0.44495098331460625 125.4792826975852 177.00514040000053
-3.776341204767405 -0.03145072029823792 125.29486123929487 177.06969110000045
-3.7021067125770912 0.15105250021142336 125.91272637330972 177.13514740000028
-1.6918302988833887 0.695716462375711 125.19615993313005 177.19956770000044
-1.514082925481631 0.9744487507531715 126.46850119963266 177.26575219999995
0.024608471196017945 1.525776514995305 125.78382201586929 177.33143010000003
0.19964068837263937 1.6500523566167518 126.51797858598229 177.39555980000023
0.8971709718971468 1.9193317831164673 125.58565776591149 177.46100790000037
2.012359193385599 2.226763756139381 124.97423932588188 177.5267289000003
2.3566267163095347 2.546674576610007 125.89607390664925 177.59137069999997
3.2364040556860374 2.8641923838984384 126.48231393081625 177.65678449999996
3.6476310322300236 2.5916156277939133 125.76760895656763 177.72193980000065
4.291470463035054 2.7219900210830597 126.71588084351346 177.78679640000064
5.161779432164309 2.9475931779862754 126.30788883471794 177.85182330000043
5.188932551276309 2.6577072849796353 126.8918073992652 177.91585399999985
5.275354736676768 2.6704251849648526 126.68481913055726 177.9809806000003
5.884480707606279 2.2251744660955066 125.25597041630715 178.04624839999997
5.884480707606279 2.2251744660955066 125.25597041630715 178.11153360000026
5.53053152170191 1.5003056605113856 126.73600378138433 178.17631849999998
5.774868847014012 1.1872396291664113 125.82786659909381 178.24204780000036
5.943094156179562 1.0383534223659638 125.966902515276 178.3070957
5.494840665420682 0.7452965387204086 126.34065287541449 178.3721685999999
4.742188209109578 0.1305727566731809 125.68943034951133 178.43679990000055
4.3720320827489445 0.0527286875141918 125.73498302585325 178.50248480000027
4.003142945736883 -0.1569463083613195 125.64146459229156 178.5682200000001
2.0594569509838507 -0.990904121003401 125.65195748064097 178.63445070000034
1.5377401204869443 -1.1205688275474532 125.4531814795192 178.69885780000004
0.3353792418838424 -1.5571754909660114 124.61330174874168 178.76366099999996
-0.14960143000538295 -1.6325196105039605 125.3884509998043 178.82862269999987
-0.8654144879823704 -1.7495371130162232 126.14160823190582 178.89331140000013
-0.9635186910481366 -1.8164027219529038 125.09407726585367 178.95862060000036
-2.227094807774712 -2.1532883764527226 124.35348610774969 179.02370320000045
-3.450053827653818 -2.4106388008696142 125.80039357620915 179.08758529999977
-3.561278974380784 -2.4085101185259608 125.04180893425995 179.1532557999999
-4.458922991136745 -2.44854708485298 125.16248845105413 179.21933700000045
-4.492382774540701 -2.3993067923505866 124.48412437228777 179.28387209999983
-4.907662019262375 -2.445970117268005 125.26922992641826 179.34884200000033
-5.516319404551709 -2.3356753161590063 124.90548115306086 179.4143525999998
-5.49080817636176 -2.118452650413867 124.27082634036792 179.47968279999986
-5.490047384481201 -1.9942555919225726 124.26696293506092 179.5446837999998
-5.490047384481201 -1.9942555919225726 124.26696293506092 179.6087948000004
-5.3770919541897655 -1.5513720083384404 124.77054411915843 179.67554660000042
-5.099697640047296 -1.3256810894195468 124.63220822061356 179.74164930000006
-5.031184184453451 -0.7476779814514506 125.38183697539151 179.80573020000065
-4.378363379559602 -0.3848324692103081 125.37037388367183 179.87134250000054
-4.378363379559602 -0.3848324692103081 125.37037388367183 179.9358815000005
-3.942550151462271 -0.2088255309812066 125.00097547414138 180.00112679999984
-2.6305300187591385 0.45146462238703694 125.34794707378097 180.06533970000055
-2.3200258298514598 0.5822109388990732 125.22607102275629 180.1320841000006
-2.44882354042128 0.6457524752049542 126.4934314499111 180.19606920000024
0.41282429220576944 1.517828641451605 123.76171950315238 180.26194380000015
0.10808573293190449 1.7318440997577023 126.39987711354591 180.32767909999984
0.617820786532846 1.79452558885757 126.04026646572179 180.3919592000002
2.484913636461357 2.5632162408807546 126.86432778865067 180.45703289999983
3.0817515942428315 2.497011275989921 125.70735946528697 180.5227106000002
3.3359628336126548 2.653132515397884 125.29811962362142 180.58773930000007
4.032970609261163 2.9341825782467255 126.92026636368934 180.65392340000017
4.15808546912875 2.7127445981924354 126.89011534538075 180.72025500000018
5.053225012731566 2.914165252635491 125.27059596422791 180.78559310000037
5.579012159273262 2.686356663936323 126.4331320815025 180.8511951999999
5.491702442106735 2.3556716874209576 126.6022555495376 180.9161684999999
5.504479120959012 2.2201642775101287 126.59707271119902 180.9810268000001
5.701381501843919 2.2641750924397916 125.8659992794241 181.04675260000022
5.615986951475676 1.608635242652436 126.0758088027057 181.11108779999995
5.525066276259906 1.2659673055382588 126.35913585028207 181.17583580000064
5.622303697900897 1.2274138868940216 126.04853181364328 181.2400558999998
5.232923049277211 0.3324594962895776 125.63874015704864 181.3051599999999
4.954789125614965 0.15359490020788003 125.16860278908881 181.37061989999984
4.512983631627456 0.132781164047724 125.41622233323821 181.43653340000037
2.935469559572489 -0.5982046314748298 125.35813966978698 181.50076640000043
2.7763500665131318 -0.61839704122196 125.4106608797979 181.56616080000003
2.288844959921782 -0.8811953586634881 125.28471128521238 181.63124400000015
0.4026760913369287 -1.480082358572358 124.8200559321523 181.6965951000002
-0.0970198610099473 -1.5693163846533733 125.17687381389689 181.7623063000001
-0.6789540541411583 -1.7401426623307392 125.71763452382208 181.82799740000064
-2.1365076336968087 -2.1928389407921873 125.4087014467497 181.89275830000042
-2.1996109213714234 -2.1566893559791422 124.70661128548213 181.95761390000007
-2.6480754004717326 -2.254207837003882 124.86416158780126 182.02272580000044
-4.02397991184916 -2.3993395458402804 124.84496905543259 182.08847500000047
-4.320101806628912 -2.4660709159921903 124.79487039149289 182.1541388000005
-4.690513914883645 -2.434521150976685 125.30025269394898 182.21908200000053
-5.379739864073798 -2.4287986442912075 124.64468104584122 182.28458229999978
-5.773914139652199 -2.3696903623754837 125.35901265168381 182.35004840000056
-5.572026476590736 -2.29257564221325 124.63445968561616 182.41512070000044
-5.667722395811779 -2.16926626272736 124.68755762167052 182.48107080000045
-5.975053606907906 -1.7739279586261483 125.71050734819225 182.54664970000067
-5.770839810078968 -1.60324594557129 125.20931621603881 182.6116675000003
-5.673316961761337 -1.449554372369123 124.92139694303334 182.67823370000042
-4.998848223049663 -0.7762211025478473 125.33882788721354 182.7433286000005
-4.589291503393923 -0.6142183987360453 125.54387950401285 182.80860980000034
-3.998260363514227 -0.45883415815886364 125.05187973716103 182.8733716000006
-2.853395435137017 0.28735122617230174 124.89935638228822 182.93812799999978
-3.0422982154638945 0.48947240121333474 126.17133900934604 183.00357359999998
-2.5717557643119946 0.39966215539283123 125.68461355440915 183.06873489999998
-0.9848913655961411 1.293531734785344 126.72631546352852 183.13433739999982
-0.29751322906077604 1.4478310828727707 126.0310461368454 183.19833999999992
0.18099637048283768 1.5128989071272285 125.81391306388105 183.26380100000006
1.9465305745551618 2.4878601919405323 126.21952344383102 183.3287037
1.837856945482045 2.318116381675492 126.98042409280072 183.39312570000038
2.731184503850976 2.611766319961997 125.25819844212424 183.4593306000006
3.6827391103898393 2.875332318011554 127.02830511411068 183.5249201000006
4.203055873311136 2.77847554476815 126.30119530703587 183.59018480000032
4.509316631230774 2.9724875794106853 126.15386886067704 183.65600650000033
5.2000523373751335 2.6675041314181818 126.74887415699892 183.72279909999997
5.250946225456637 2.5464673766918597 126.52711642282327 183.78708180000012
5.64287627242139 2.417564442071081 125.87771043770086 183.85272720000012
5.669357324104254 1.8530272659211584 125.89702575092079 183.91783960000066
5.613987700910677 1.7357721260835755 126.08456714725213 183.98427600000014
5.745113493721966 1.4936479189205252 125.59091617609114 184.05002950000016
5.77928819793101 1.347164803812357 125.35596050090241 184.11372430000029
5.495412491970171 0.633386749100224 125.69171863472464 184.1789515999999
5.181491990324801 0.5734275637843085 126.05164627770704 184.2454988999998
5.070565031348657 0.296617355101366 125.0123089086273 184.31093000000055
3.2986702564384487 -0.4423298564607553 125.96523938947074 184.3758813000004
3.380144963656228 -0.47657556358016306 124.38396227423736 184.44085450000057
2.5426416785016457 -0.7264738437501365 125.69564222250848 184.50664580000011
0.8268673965553219 -1.3685308587606082 125.46034938540038 184.57205950000025
0.49741568702356176 -1.357508996266397 125.1402858072572 184.63499030000003
-0.0836821281963438 -1.5371531560636136 125.57998569466503 184.69935930000065
-1.3934816629063604 -1.9708941834329812 125.00580792111917 184.76437570000053
-1.9116475532279722 -2.1082413943520475 125.25863659567408 184.8288278
-2.3155227051728957 -2.205287685227443 125.09481133862835 184.8938874000005
-3.6711406691209376 -2.4177654041662775 124.92389880595107 184.95978210000067
-3.9272752811365805 -2.38693373121389 124.8602964190909 185.02486250000038
-3.9272752811365805 -2.38693373121389 124.8602964190909 185.09088990000055
-4.409011211089876 -2.403611624920064 124.4895399300512 185.15699310000036
-5.308853405242992 -2.3531914396163183 124.66384901247486 185.22144350000053
-5.535427291917571 -2.289554827047567 124.6425927112471 185.2866214000005
-5.366556340605598 -2.252159186951936 124.2015728514471 185.35197340000013
-5.732917149101183 -1.9474356384244866 124.98965770957243 185.41690449999987
-5.813710462854679 -1.871374847339133 125.35216905097907 185.48259080000025
-5.778818280626204 -1.6758329964494734 125.23298692373078 185.54746260000047
-5.371219587957398 -1.0378440776651963 124.67735330229439 185.61198440000044
-5.199185398750615 -0.8960509680935883 125.30951432951935 185.6782090000006
-3.956530671817532 -0.34557171040394097 125.54657730426206 185.74311600000055
-3.79288066166896 -0.22450075439417183 125.75017765144774 185.80846629999996
-3.4592729059139558 0.09172527918979467 125.87035314492134 185.8739142000004
-2.949048064242696 0.36351380663104577 125.81723497629626 185.9397353000004
-1.056764817772688 1.0791785688512272 125.417600341968 186.00451109999995
-1.1263893650372978 1.172816773943334 125.91133703753873 186.0696654000003
0.2770888556736608 1.7449992360435287 126.59486567948261 186.1351120999998
0.8701359452932351 1.7417980867014324 125.96062518906226 186.2003222000003
1.555935229647865 2.254447694736282 126.55008377465631 186.26504540000042
2.207917788369315 2.380871557809249 125.8349908219153 186.33098380000047
3.1803644314952493 2.943452560735133 126.76343518521813 186.39617180000005
3.529629153908857 2.6747346462850197 127.03593399415075 186.46219340000061
4.219618475278303 2.8769143115773748 125.68021011381938 186.52704360000007
4.669986535726785 2.8456683013821267 126.88976175211866 186.59346540000024
4.9844063967068735 2.8275096089063885 126.4819418290181 186.6587459000002
5.287690864348868 2.4961225850017903 126.2126455190031 186.7235397000004
5.579012159273262 2.686356663936323 126.4331320815025 186.78897550000056
5.54612288566274 1.9753962296828118 126.36630171646473 186.85444460000053
5.54612288566274 1.9753962296828118 126.36630171646473 186.91945380000016
5.751755294935144 1.260902737297833 125.36139762952925 186.98582050000005
5.739980408097395 1.1154645389695799 125.43690192817863 187.05093269999998
5.550486888012877 0.6955213237297284 125.72027954554851 187.11449840000023
5.400238890562896 0.5524058228684807 125.66949828264562 187.1805118000002
4.463618002129728 0.09078327541054876 125.3554274321006 187.2443331000004
3.9348481736245944 -0.1786438080956425 125.48422279652432 187.30978109999978
2.2837119773206 -0.815937832695005 125.83385270743153 187.37614160000066
1.8747894719157614 -0.958268034650983 125.82747008680631 187.4403155
0.8522946378924132 -1.2818375844282688 125.52638000330718 187.50566150000031
-0.33916984824449514 -1.6581072930057976 125.4475694608305 187.57078270000056
-0.9562667628602952 -1.7683901534491628 125.78777908029845 187.63577130000067
-1.0430260672218736 -1.900021275911803 125.0810145023131 187.70128130000012
-1.3478217736622682 -1.9605115326916556 125.05904167130777 187.76698589999978
-3.1767387727842546 -2.286242097659144 125.6725380391493 187.83053579999978
-3.5643207429281034 -2.4372459586793345 124.52716521247001 187.8955549000002
-4.096088238528786 -2.4239780244410887 125.38266095465211 187.9619620000003
-4.69437416921582 -2.4494162430585793 124.84905851007817 188.02689350000037
-5.0477914321041695 -2.450989489061791 124.92667023942704 188.09254450000026
-5.163289592260476 -2.4602826722018905 124.82911944234912 188.15708950000044
-5.734276436155781 -2.1973812840107376 124.99689736549979 188.22253319999982
-5.732917149101183 -1.9474356384244866 124.98965770957243 188.2879165000004
-5.544024558710966 -1.8961376702742658 124.53606562565959 188.3534653000006
-5.800582549220401 -1.5554143080066036 125.3803752106698 188.4184851
-5.659255441936914 -1.3874551389968932 125.14864073313781 188.48496090000026
-5.464735160342222 -1.1662262389156424 124.67277342008056 188.54900400000042
-4.858339475724748 -0.5856422133708622 125.93168113178344 188.61422560000028
-3.636393203711769 -0.15914007478865488 124.70713330831241 188.68010649999997
-3.636393203711769 -0.15914007478865488 124.70713330831241 188.74525809999977
-1.9143372586179197 0.576018460457106 124.35139906707151 188.8107018999999
-1.718243037166495 0.7425963346673271 125.66980642336745 188.87609280000015
-1.7596359700563582 0.7956309775043261 125.9296382992145 188.94034360000023
0.12804316057850684 1.4082588548918342 126.06276361961852 189.00580940000054
0.3519123677404252 1.828800460829767 126.12677882152556 189.07206140000017
0.7294464116865171 1.8478902647876212 126.35180341898759 189.13686959999995
1.2540592870945275 2.114164856980737 125.77436471141203 189.2018226
2.3524917361725386 2.7093315752881244 127.4715867306164 189.26714429999993
3.0566104088920483 2.564928888541315 125.7106776751227 189.3317291000003
3.3821468003680124 2.972762669742529 126.34905912388619 189.39680409999983
4.571307924220065 2.9721546628516133 127.04649519872982 189.4622749
4.607847930612763 2.85122366683375 126.81065911060097 189.5276641999999
4.741033345126546 2.837255538083313 126.9269365776364 189.59371640000063
5.568221230372039 2.3281573743830735 126.16412145459893 189.65861029999996
5.558905633451495 2.2958118064539654 126.67495444252452 189.7228438000002
5.696238289140489 2.208571822757393 126.70065410384157 189.7881537000003
5.741801400397051 1.476782728876183 125.62657800874375 189.85327899999993
5.653838541254586 1.265603478295835 126.34953373139105 189.91817830000036
5.665505502238922 1.1328101303369005 126.35230526033847 189.98289000000022
4.928552681787039 0.24061453096926133 126.0803559375076 190.04737029999978
4.8934734101666635 0.342941358626606 125.83584286871715 190.11256120000053
4.5154988064721735 0.21009160921985315 125.90015012015485 190.17796249999992
3.9332309607952567 -0.222139755228414 125.66507088801201 190.24351949999982
2.423072766553119 -0.870811587282024 125.42233852707732 190.3089574000005
2.0347179418020147 -1.0097330040903443 125.50924223909648 190.37377660000038
1.5056737276219962 -1.156689881044597 125.42372697680268 190.43955939999978
-0.28828095412510635 -1.6595035605464132 125.56763526093947 190.50433990000056
-0.7480402708457632 -1.7592180506792743 125.28462794068307 190.5705009000003
-1.0955054189453222 -1.9438145580923551 125.32732231276938 190.6353076000005
-2.4305049287465863 -2.2835292859088088 124.92604937282162 190.700965
-2.883832822654277 -2.3022048622091895 125.22978634921392 190.76540920000025
-3.499331031849941 -2.4106595506500774 125.68270490625147 190.83138300000064
-4.306407764881314 -2.430800784641219 124.49648675988082 190.89712130000044
-4.359712048611485 -2.3893694114582 124.08449331269337 190.9630846
-5.08973893777263 -2.4874535261332698 125.37303167620512 191.02831010000045
-5.6650662590366565 -2.3886446259180545 125.17862616301562 191.09288259999994
-5.770163393761521 -2.2142385811515544 125.11504167119753 191.1584068000002
-5.888584901403497 -2.178690732881297 125.395945411406 191.22259740000027
-5.435325521600795 -1.9851971034963731 124.19635050563559 191.2884270000004
-5.7307129599806785 -1.572529731303379 124.97834638747081 191.3537563
-5.630560530545125 -1.4184837976657816 124.68309196659152 191.4177094000006
-4.966250469364525 -0.7003555703280439 125.94810632364877 191.48282840000047
-4.527765560343752 -0.5806662350601727 125.7567491670582 191.54717160000018
-4.106724848872872 -0.49587898365720784 125.35090529689182 191.61272090000057
-3.997520900542341 -0.35621728447866163 125.33012000486418 191.6785361000002
-2.6557482796720606 0.4228617856095615 125.71697843162033 191.74382109999988
-1.9321940765937882 0.6866126548773235 124.9148043024398 191.8082685999998
-2.0397263514774266 0.8609353060293938 126.4001353444852 191.87416660000054
-0.37815084085205086 1.4311864428532424 126.00454103179106 191.93959320000067
0.2299040945495534 1.7115604284231103 125.82150434638817 192.00431610000032
0.5886335381240357 1.9172104597395827 126.28740335921512 192.06965780000064
2.4864758677935725 2.5014674543276554 125.72604653813815 192.13489889999983
2.4906831781676146 2.630263123750833 126.76307721087707 192.2008667
2.8313504319232123 2.6973691731910576 126.68444317527397 192.2664037000004
4.350644296980299 2.8541911252721595 125.98614455814815 192.33104280000043
4.413275505251441 2.843233653629344 126.89324009734933 192.39738190000025
4.935267089343533 2.869150781090007 125.66561344762842 192.46198749999985
5.3502208254304975 2.3216361290815057 126.36865202299532 192.52651810000043
5.384306196407401 2.346201617138533 126.76706402194499 192.59218330000022
5.543551376194564 2.3582462485714277 126.37938459270282 192.65808770000058
5.580835945373323 1.6903829381439746 126.11007919196504 192.72417200000018
5.745113493721966 1.4936479189205252 125.59091617609114 192.78893570000037
5.665300103366448 1.3484352100071906 125.73939120410563 192.85447360000035
5.537613093829442 1.1324591388510472 126.35676471467094 192.9199464000003
5.083708816407025 0.4822766729617808 126.02774109434189 192.98622310000064
4.892254776877735 0.18679770095192583 125.31392482008872 193.0511365000002
4.403087418034417 0.20939206878195116 126.164689034763 193.11588380000012
2.92663066877099 -0.6197323123592627 125.41312484128902 193.18052840000018
2.455438628413077 -0.7875162310923413 125.62871138922108 193.24538850000044
2.336209598619682 -0.8760274485789193 124.5966649053209 193.31020220000028
0.4065552610402321 -1.5379109083254892 125.0405164058923 193.37561629999982
0.05432206896043823 -1.5910556914322291 125.10863054616253 193.4405870999999
-0.5274306536516988 -1.80252567670082 125.39819652321998 193.50611300000037
-2.122515309661111 -2.093728706259473 125.48295224815195 193.5722206999999
-2.2725205070928 -2.2346928969973456 124.68454150274465 193.63689700000032
-2.750230250341758 -2.187804418186889 125.27819533033707 193.70159430000058
-4.068095734251919 -2.368938352064101 125.2419764915254 193.76781010000013
-4.283519013244131 -2.4633477408321633 124.80443858700117 193.83304230000067
-4.283519013244131 -2.4633477408321633 124.80443858700117 193.89776580000034
-5.390790674720897 -2.336142264245301 124.90263183969198 193.96348190000026
-5.749630224760487 -2.3717227835774697 125.42406848560192 194.02825360000043
-5.500993386401419 -2.1759038258176027 124.60765461600121 194.09390640000038
-5.633750746431495 -1.8492983256149702 125.00675597527707 194.15875700000015
-5.633750746431495 -1.8492983256149702 125.00675597527707 194.2231327999998
-5.402917339291754 -1.6380098224823474 124.38224085769653 194.2895822999999
-5.210641825487272 -1.3231537190637406 125.14627668609904 194.35480540000026
-4.846471087756818 -0.8256443211278078 124.93382376408027 194.42021860000023
-4.80020458225335 -0.6966627022771578 124.9107237527688 194.48598159999983
-3.839677198866724 -0.15141285643604685 125.95873739722163 194.55139210000016
-3.1941522775542097 0.06892701563155712 124.82458029888748 194.61523040000066
-2.53135402782047 0.34970700576242275 125.0895546784827 194.68022139999994
-2.2426121428588175 0.6190233104312441 125.67583841371696 194.7454185000006
-0.6922263914360371 1.2943696940438683 126.48794421999138 194.80978589999995
-0.1770034431925822 1.3845342817309523 125.82119888026769 194.87470870000016
0.8464464218425931 1.991329173027156 126.16886701657207 194.94045220000044
1.2709770859160798 2.223946578283051 126.52117763024606 195.0063928999998
1.7921481969807687 2.3335342623376856 126.44954759329235 195.07160550000026
2.731283618477633 2.622924091557591 126.05842174300602 195.13684290000037
3.7728841987790815 2.8047245582685476 126.93702148896277 195.20242440000038
4.206230759819938 2.9986937990197586 126.53624512231498 195.2674751000004
4.453609483620383 2.821029641755737 126.28144800926616 195.33217289999993
5.128831619313743 2.6582398566643617 125.97341106811277 195.39851160000035
5.103606674635948 2.5458354449273317 126.70798437068517 195.4634147000006
5.5195534974706675 2.342789471726987 126.01912821887935 195.52876950000064
5.568221230372039 2.3281573743830735 126.16412145459893 195.59352540000054
5.685117472666484 1.7530915912615748 125.79047248981998 195.65771330000007
5.685117472666484 1.7530915912615748 125.79047248981998 195.72310300000026
5.671761162975017 0.9481842652295346 125.73837670905111 195.78765750000002
5.67287823772007 0.8419500367712581 125.71016748676008 195.86851690000003
5.312936913133406 0.5665393714965353 125.8792844021753 195.9342612999999
3.855618078199626 -0.3266290247917588 125.21498199173067 195.99892340000042
3.855618078199626 -0.3266290247917588 125.21498199173067 196.06499020000047
3.2234310518918363 -0.4332674043661294 125.88210084853677 196.1291957000003
1.785496450769024 -0.9271197400550323 125.97407962893136 196.19462590000057
0.8402206477686036 -1.3527213371406388 125.49776463976386 196.25944810000055
0.3373474609091289 -1.4500464819234882 125.61006460898378 196.32416770000054
-0.7930255841625922 -1.739594468351692 124.99019510596298 196.38876700000037
-1.1054768249272726 -1.93342936266699 125.2807437151453 196.45353669999986
-1.4797989464255323 -1.905268840191492 125.59559604640016 196.51868840000043
-3.2685476840372374 -2.3658386617470715 125.55693551435493 196.58442960000048
-3.7049634508637936 -2.419700683649766 124.90405037086926 196.64986899999985
-4.271168258693635 -2.498273616145738 125.63196215014152 196.71597030000066
-5.014542169678506 -2.5430521454521218 125.51838997078144 196.77993669999978
-5.181569314920502 -2.500150515979159 125.33962162922415 196.84424500000023
-5.199005489884534 -2.46297999255434 124.81774470193673 196.90986280000016
-5.812729778809036 -2.2473931997856234 125.35380251787281 196.97654160000002
-5.6822634339311975 -2.116222489086569 124.79001719391782 197.04039879999982
-5.661588289680793 -1.8980712685834051 125.09294682994712 197.10635749999983
-5.606618035143342 -1.82289051098051 124.98323782728464 197.17160500000045
-5.603544512622243 -1.3230247699715152 124.96775864004606 197.2366458000006
-5.816259138825458 -1.2248484003157358 125.80590539369432 197.30172889999994
-5.5200529484567085 -0.9714067058781776 125.19884427263092 197.36715710000044
-4.096627331180208 -0.3065866075298379 125.05797884958476 197.43182820000038
-3.394631283582875 -0.012325257585150573 125.4483663913917 197.4957045000001
-3.394631283582875 -0.012325257585150573 125.4483663913917 197.5609854000004
-2.2067651084953113 0.7691559572015979 125.96089350760836 197.6253483999999
-1.6644638328768835 0.7669594285610493 126.18984487239062 197.68933050000032
-0.9843202116967404 1.1258541395160224 125.4444925893751 197.75425540000015
0.4685229614415434 1.840911584091618 126.66870639501398 197.82031929999994
1.286292239620046 1.8563678890542108 125.27932149334269 197.8839312
1.3646760726737952 2.1401973207128786 125.6997164629663 197.9489547000003
2.885071064549777 2.6619539503831677 126.10457900146072 198.0142652000004
3.3967133575045523 2.8571399441144285 125.79216961098034 198.0808821999999
3.286851891488105 2.9000154956240394 126.81940510215414 198.14602210000066
4.587825927330705 2.9139461812624283 126.82866998030165 198.21039800000017
4.86120755385393 2.8560307321035556 126.62371951701788 198.2765414000005
4.996294085405324 2.8396488326973865 126.92928391649002 198.3421156000004
5.259823365410298 2.597097032012301 126.0490229716226 198.40782170000057
5.5533459216186 2.162394644095996 126.60503926776096 198.4722880999998
5.849723317492277 2.1255065521279515 125.4992133607088 198.5367814000001
5.633395188561337 1.9062598408783478 126.43877638104023 198.6016909
5.928543133923505 1.2847263723145081 125.16276589610194 198.66806590000033
5.940562193155515 1.1365986262312795 125.12928896275471 198.73265179999999
5.77273825519832 0.9310252710654507 125.68994690888721 198.79722560000027
4.843064547268938 0.2181558632249515 125.1953022366612 198.8620501000005
4.3848811471191596 0.08493119766105084 125.92756690146409 198.92755940000006
3.881300156041881 -0.22487984283485374 125.6966203136331 198.99209710000014
2.2944850607740577 -0.9027964251037207 125.22276954473897 199.0568849000001
1.8226699400958921 -1.0294883934931036 125.10499266644942 199.12352869999995
1.288745002832897 -1.157832612133066 125.61632033622855 199.18860050000058
-0.3634080210301107 -1.6772508644436632 125.3142177787992 199.25377130000015
-0.8903803260357819 -1.7368129878339311 125.3330180938807 199.31909630000064
-1.0498285498172848 -1.9137622574498816 124.88920738296811 199.38488899999993
-2.5507651590944604 -2.2536165563627977 125.46477111290064 199.45049139999992
-2.970715106528054 -2.2343943234806205 125.31528425149502 199.51468509999995
-3.3936930666969545 -2.451409705350162 125.22493518686434 199.57914100000016
-4.501216116719206 -2.4062924896942026 124.98312425239986 199.64377380000042
-4.762773320958843 -2.4632545313494942 124.88850081581425 199.71033220000027
-5.048105291503354 -2.4650629386230634 124.87991097470503 199.7751489000002
-5.229366101060883 -2.3912615059136164 125.11284432445721 199.83978560000014
-5.467728260680744 -2.1592082900559157 124.49711689952323 199.9050113000003
-5.813086644562134 -2.122059458736693 125.35334181201593 199.96931230000064
-5.697670179549476 -2.0259065296597734 125.08381527925228 200.03432729999986
-5.540087446243483 -1.4642536933161838 124.64829726551633 200.10015199999998
-5.509303294314236 -1.3421236415198203 124.69314919575599 200.16447680000056
-5.673977925736665 -1.2128728114341714 125.05096586096218 200.2287524000003
-4.608461458563262 -0.5477922840450796 126.06810937539572 200.29374280000047
-3.926855014736752 -0.3179032244936829 125.06377372930419 200.35906950000026
-4.042394685882407 -0.21202623264291875 125.81693336602277 200.42399170000044
-3.5055702248245026 -0.09615781056449035 124.99558188145805 200.48956940000062
-2.1596514236751148 0.6541962352910895 125.80030862277808 200.55487640000047
-1.7125592189333787 0.909539388485693 125.71041702707603 200.62087920000067
0.07087712490843501 1.554017639344258 125.49075019708053 200.68570210000053
0.23937467474630836 1.784073748148868 126.64130076062379 200.75245040000027
0.764601929431798 1.933530064698389 125.74580564919776 200.81779170000027
0.8975789927625044 1.977865250246937 126.47541565678455 200.88174340000023
3.0892265832103334 2.5097715162314307 124.94964850146539 200.9456326999998
2.9246973477128932 2.8148998134836822 126.76641484050108 201.01174340000034
3.3291474490821074 2.7071653427389935 126.01782262511668 201.0764183000001
4.57113789893522 2.8929423567644466 126.34398890625248 201.14067930000056
5.148901035994854 2.997979467628537 126.30390403527625 201.2062679999999
5.136005829550655 2.8356767930699065 126.86728177830139 201.27148370000032
5.543470335628051 2.385486751796676 126.26264588204242 201.33698730000015
5.7206681748361845 2.2521638331483618 125.5131047130281 201.4026640000002
5.5730674835334995 2.072900208610939 126.14310219367117 201.4673130000001
5.708470158808495 1.516433471882318 125.66536577357681 201.53110580000066
5.617277386769729 1.2957165994744466 125.99520008428041 201.5964027
5.56228383127641 1.1028044952616065 125.946578848008 201.66122110000015
4.962838593857747 0.3860252088400857 125.96806710564718 201.72746439999992
4.686480155414657 0.1599421265737686 125.67453152879595 201.7925438000002
4.4839495670893825 0.04591244110698456 125.49342541149119 201.8562507000006
3.9929970747797654 -0.22146096695642814 125.60222190951129 201.92111579999982
2.4543703860652712 -0.7594668082057742 125.32804565617452 201.98822610000025
2.243244589255724 -0.8614649542829281 125.50126172953713 202.0532946000003
1.5162119926786062 -1.009311564175107 125.24047879234176 202.11936330000026
-0.4144658047633527 -1.679028939510626 125.588270269187 202.18345959999988
-0.8701452073352556 -1.7418089054293557 125.49830454401805 202.24880870000015
-0.8734645687079663 -1.9132730308470869 125.0044045716458 202.31345610000062
-2.490248786635682 -2.1777268424130587 125.26150131460537 202.37784470000042
-2.746388891666058 -2.2226780680946323 124.65962712680766 202.4417256000006
-3.3268088723968745 -2.342802937616465 125.45905206581267 202.50692290000006
-4.56492768743658 -2.449664890270061 125.24524984028562 202.57209240000066
-4.6967961968742244 -2.464763017825792 124.80488204658336 202.6379697000002
-4.6967961968742244 -2.464763017825792 124.80488204658336 202.7029805000002
-5.09488372514393 -2.173780426883379 123.53251129250873 202.76712120000047
-5.605702826905549 -2.20756056617226 124.91575725583543 202.83357160000014
-5.642412536126869 -2.085569076781315 124.90679475513956 202.89895270000034
-5.545695898132415 -1.6899713200786537 124.98616099607987 202.96297820000018
-5.545695898132415 -1.6899713200786537 124.98616099607987 203.02857240000048
-5.534412123008103 -1.5130146681658232 125.1503347842767 203.09403420000035
-5.338205109607642 -1.213785351601385 124.66828233896696 203.15906970000015
-4.8629806130489825 -0.547301624835756 126.07639179890187 203.22396620000018
-4.251312952346154 -0.48109437698819824 125.34260606667105 203.28929900000003
-3.2776017000503472 0.10364158890199926 125.15464136478697 203.3535453000004
-3.318484031731124 0.25121055589586405 126.38771543707114 203.4200265999998
-2.2635100730913607 0.6662770076113914 125.80151056895727 203.4843795000006
-2.042687976137273 0.8173553636132045 126.2038207023626 203.54942220000066
0.0783534515533546 1.431427239049307 125.38111969014851 203.61650590000045
0.5499696485968144 1.820395036044126 125.37388947314953 203.68218799999977
1.377834878325345 2.2668734988265924 126.55196088696155 203.74619059999986
1.965355454887323 2.3451362964381217 126.56337339718871 203.81073800000013
2.418484630178405 2.704938012228637 127.36697603088257 203.8755345999998
2.9441179235523833 2.726929737765319 126.26696098237922 203.94033730000046
4.1778163550915295 2.9064223646736895 126.90033218757648 204.00700320000033
4.478618116715815 2.9359410996176036 126.74352713434462 204.07150830000046
4.681507081917857 2.8117139517823655 126.88626814680312 204.13676430000032
5.232028505364042 2.545638464769148 126.7017465143532 204.20235140000023
5.444113917430236 2.5424952738905504 126.59262663224011 204.26667460000044
5.61660404156693 2.305851295199803 126.16290652363487 204.33188820000032
5.613987700910677 1.7357721260835755 126.08456714725213 204.3971179
5.741801400397051 1.476782728876183 125.62657800874375 204.46295610000016
5.741801400397051 1.476782728876183 125.62657800874375 204.52746149999984
5.574514412028286 0.7839262328466268 125.98742180393992 204.59207049999986
5.463959836362122 0.7540210479426979 125.91336959809746 204.65726330000052
4.877502879791592 0.21811266445957145 125.39756152874872 204.7212408000005
4.4378606883082625 0.11395358627161256 125.71406462854797 204.78775760000008
3.389848938927962 -0.27586599714589977 125.82098967014016 204.8528735
2.828131193624607 -0.5828241580391392 125.87455233700315 204.91813960000036
1.2637454575271718 -1.2556476843455857 125.09679362695798 204.9832993
0.6451726763669825 -1.429524835624533 125.44090183207055 205.0484059999999
-0.4097956685524906 -1.6630270165680336 125.70318767529001 205.11299380000037
-1.2000975108005036 -1.9256282806169898 125.1690707996117 205.17839139999978
-1.7960873548732508 -2.015871623029074 125.79697429266851 205.24284290000014
-2.2817215168146348 -2.1444663143772793 125.73548628934638 205.30900759999986
-3.5663291106243165 -2.3165045759988474 124.89934589672558 205.37290180000036
-3.8183570453759828 -2.463573133754838 125.0582033245361 205.43796900000052
-4.484313948651085 -2.5029969550365756 125.23875342020385 205.50296010000056
-4.43172909915981 -2.3904441338337374 124.48911499062524 205.5675867
-5.299003257832567 -2.4501823868773105 124.93257307474768 205.6318725000001
-5.480009316674867 -2.3329030413447436 124.91416228845152 205.69869280000057
-5.749630224760487 -2.3717227835774697 125.42406848560192 205.76469120000002
-5.732917149101183 -1.9474356384244866 124.98965770957243 205.82891160000054
-5.731469683092087 -1.6974964081201853 124.98217694856348 205.89486530000067
-5.7307129599806785 -1.572529731303379 124.97834638747081 205.95944360000067
-5.596725889233632 -1.1202678413300005 124.94647257445752 206.02369660000022
-5.606829980283273 -1.0061217649999583 125.65766076196716 206.08960530000058
-5.070033403994586 -0.7708654671391125 125.29566849351417 206.15565140000035
-3.9677221083113707 -0.17008666747039036 126.02890572278433 206.22093399999994
-3.3347213452266615 0.23798990669243636 126.36841496639897 206.28636090000055
-3.3347213452266615 0.23798990669243636 126.36841496639897 206.35057469999992
-1.6955692768184463 0.8431960521117166 126.4157343860407 206.41548299999977
-0.35994775558301484 1.3602907320416602 124.69310589830042 206.4796212000001
-0.4937134578026203 1.4728600714807534 126.35900259040243 206.5445789000005
1.0646524793855079 1.9676277852226955 126.35405174218329 206.61052970000037
1.3025185399474637 2.2336754669332213 126.26250948689716 206.67646960000002
1.7349412363594467 2.262196759968628 126.68632364334917 206.74212850000004
2.7152031297053227 2.511315619507937 125.21344129517037 206.80664669999987
3.3113774912374936 2.853058272005596 126.91253857689972 206.87225829999988
3.985701277990394 2.6714690388315576 125.84786671552523 206.9375485999999
4.739999724647177 2.8433560160527795 126.83908942600469 207.00373149999996
5.351361506595531 2.8100467865120966 126.26810288605786 207.06769609999992
5.18543684332009 2.5942452181050313 126.8722657388604 207.1335463000005
5.507474401858694 2.4708813141076926 125.89743722210488 207.19936140000027
5.651952864690436 2.0888773380179284 125.9937981681136 207.26383220000025
5.813215488634235 1.8920327160956467 125.31103649090053 207.32861540000067
5.613987700910677 1.7357721260835755 126.08456714725213 207.39337239999986
5.771377081130659 1.0779886168997406 125.6766003919417 207.45749330000035
5.78626280245448 0.9054709475820453 125.34877920917198 207.52303970000048
5.5670640730293925 0.7421372736741874 125.41235361164982 207.5879587999998
3.979019711477612 -0.12050420986102439 126.1432662168929 207.65307490000032
3.88785001112268 -0.11248609350285277 125.80028171187688 207.7178829000004
3.3194918361292167 -0.29438173677280177 126.17786917580578 207.7825382000001
2.995946316098504 -0.439700458161726 125.97875000240863 207.84687660000054
1.089505034618952 -1.2684901790745875 125.97484633257879 207.91247269999985
0.817854925932977 -1.3243355796080554 125.02395620904416 207.97825580000062
-0.8208265158737902 -1.8210378106221596 125.18071718708038 208.0438251000005
-0.9508954987643108 -2.0034771119415473 124.33860747886038 208.1093191
-1.550762652294381 -1.9680306377231513 125.38161266379818 208.1750645000002
-2.141388927021822 -2.17488719780462 125.49368676755776 208.24044240000057
-3.468652302659457 -2.441408247881681 125.26292111555145 208.30563210000037
-3.548889670106213 -2.3646146121883236 124.44908733131018 208.37141130000055
-4.00942272380032 -2.4659299130002226 124.86968434337155 208.43746439999995
-5.181569314920502 -2.500150515979159 125.33962162922415 208.50329359999978
-5.210695611094238 -2.4539882932191213 124.92363202693008 208.56721449999986
-5.315444765699631 -2.3155284411207995 124.78221342809249 208.6319994000005
-5.58933455545958 -2.1492175437732484 124.55939486188898 208.69714449999992
-5.674759511278474 -1.9492595097919634 124.93184787405126 208.76271690000067
-5.761600868212078 -1.9282802235142733 125.3872690070029 208.82857930000046
-5.411980370875192 -1.3511701140970893 124.50447115478381 208.89297989999977
-5.451717098204291 -1.2101940946109861 124.95541076468328 208.95809980000013
-5.424246566513027 -0.9527524991013289 125.11731565749461 209.02348750000056
-3.911925770344773 -0.2831982314781375 124.87684625134288 209.08948450000025
-3.961501791784187 -0.1010016673432903 125.9400841288665 209.15397360000043
-3.402998177180997 0.07575894882525624 125.4206297797052 209.21916070000043
-3.325963435355618 0.20774057234658183 125.98567974088729 209.28398209999978
-1.14854630010187 0.9720492737999107 125.15920898645597 209.3489810000001
-1.2145349453550907 1.1724949776534643 126.13802724574971 209.4143783999998
-0.7328641890039691 1.2268070009920262 125.79698793538834 209.47972500000014
1.1210281266314013 1.9538024561427259 125.71280079435448 209.54475770000045
1.476131764838449 2.199600983795431 125.95930081100715 209.6094247000001
1.898317401500634 2.314587981872232 125.90709606297604 209.6752305
3.328872421007823 2.6643036512446954 126.57931953097304 209.7396333000006
3.357295262595983 2.551610901142547 126.60252997088345 209.80535250000048
4.114672685395078 2.841519201464218 125.59013385593956 209.87058380000053
5.072861045046807 2.9425841633749594 126.26820632204321 209.93500290000065
5.430136413606419 2.741164291586548 125.3618074321134 210.00037659999998
5.410875185891058 2.769289840135977 126.08416035104509 210.06617180000012
5.873091458654919 2.1626207767681915 125.21106099678195 210.13247260000026
5.654470690948671 1.9621225896598582 125.98370372196985 210.19899650000025
5.452248466547232 1.8212218797300372 126.80118120131559 210.2636022000006
5.622303697900897 1.2274138868940216 126.04853181364328 210.32802100000026
5.69809215724311 1.1200368503945364 125.73554987447555 210.39381130000038
5.744634386966446 0.8631960379129344 125.41879903438122 210.45902519999981
4.688039673047932 0.17909008644927293 125.51018738635311 210.5242130000006
4.292251551611088 0.03773375541514434 125.57971869680762 210.58815260000029
3.8646554726115667 -0.24664982931017276 125.5135668360644 210.65307790000043
3.3947889674509355 -0.27886705918262844 125.7455830879133 210.71923330000027
1.862751674066267 -1.0510319594508153 125.52605319611656 210.78437339999982
1.3600242832841332 -1.1554188498306743 125.50572370415466 210.85061570000016
0.9790566280785526 -1.387505957973945 124.97527090594652 210.91663080000035
-0.7032782985448378 -1.7576331776538132 124.8918165217969 210.98153640000055
-1.1895281870359753 -1.9936325726917978 125.59628987395743 211.04662129999997
-1.3478217736622682 -1.9605115326916556 125.05904167130777 211.11112180000055
-2.998431121149544 -2.328787686712538 125.00977727577254 211.1772187000006
-3.60491458191278 -2.4233671432926505 125.63783611031084 211.2418099000006
-3.8087652265823593 -2.4523796285315242 125.2247908595088 211.30659520000063
-4.8626232927965845 -2.501868567337142 125.24896837501565 211.37267900000006
-5.032852060979131 -2.47813149892145 124.96299115333127 211.4380439000006
-5.032852060979131 -2.47813149892145 124.96299115333127 211.50229089999993
-5.675326911714961 -2.1991063983788637 124.93664765019861 211.56767450000007
-5.71521814747063 -2.1487076824126863 124.93768204305212 211.63291040000058
-5.558324140379092 -1.978522852247715 124.66140572377168 211.6984319000003
-5.537773688123302 -1.556062449890271 124.59291250552734 211.76281010000002
-5.537773688123302 -1.556062449890271 124.59291250552734 211.82766690000062
-5.679919118880882 -1.3744834143644256 125.14268974759574 211.8927031000003
-5.419383748490013 -1.059121953846795 124.97367258168215 211.95781119999992
-4.233625236106995 -0.4014906290447148 125.28932823268119 212.02373540000008
-3.8524291828228883 -0.16900771788745372 125.38677496074175 212.08923480000067
-2.479882549516091 0.3588350022474978 124.7148158051489 212.1555483000002
-2.092646365917382 0.677785497752754 124.95809289545218 212.22216519999984
-2.2779346597098282 0.621868151148833 126.44153673681386 212.28547660000004
-1.3157931717077886 1.15835358979031 126.62908478429615 212.3499367000004
0.5882699264993647 1.7900660378429425 125.33725826176264 212.4156182000006
1.0592380112000797 2.112288248620926 125.3727520315173 212.48066370000015
2.234269691982071 2.595882981024344 125.76979042794429 212.54470850000052
2.291177463328644 2.455847404906734 126.8953921863131 212.61078030000044
2.7774668753608296 2.645198176599563 126.03804062886393 212.6752207999998
3.1809292822195516 2.815766076637763 126.76066153046295 212.74030370000037
5.041234324292347 2.918978504860456 125.93496720404734 212.8048886000006
5.203242373076989 3.054282454635013 126.74895389686691 212.8700134999999
5.131225491193405 2.785720324708018 126.63378279506954 212.93614090000028
5.579938657261941 2.399255039760648 125.8469677004323 213.00229940000008
5.543551376194564 2.3582462485714277 126.37938459270282 213.06760209999993
5.651952864690436 2.0888773380179284 125.9937981681136 213.13255970000046
5.586297994985465 1.4356273880769352 126.08724756465398 213.19761999999992
5.525066276259906 1.2659673055382588 126.35913585028207 213.26347270000042
5.525066276259906 1.2659673055382588 126.35913585028207 213.32832450000024
5.370724160165928 0.7995778884693627 125.9625785048298 213.39383050000015
4.8853206018644 0.33045518191050294 125.6570311420336 213.46031010000024
4.409822358575859 0.07598357557345015 125.87939762118141 213.52557680000064
3.881300156041881 -0.22487984283485374 125.6966203136331 213.5915614000005
2.8556880958898176 -0.6122521472567309 125.84119464870311 213.65565590000006
2.57557615577835 -0.9331373347686692 125.23561973370828 213.7215756000005
0.7423810704324865 -1.3733859895169758 124.64995803999764 213.78572299999996
-0.08601822726028274 -1.5172483088328912 126.26807242260635 213.85096320000048
-0.625631315321229 -1.7702928761763155 124.84029686688893 213.9164705000003
-1.758267471244082 -2.1303343126992744 125.17337302513052 213.98188410000057
-2.171798698282032 -2.207548348156529 125.17956171931726 214.04755889999979
-2.4800812015536735 -2.207395270414051 125.0911217236655 214.11335409999992
-4.1683119545620855 -2.4231261908983948 125.48608573494607 214.17857400000048
-4.334719424641435 -2.3547323342527062 124.58551896902821 214.24434160000055
-4.6967961968742244 -2.464763017825792 124.80488204658336 214.30996910000067
-5.1076983674712295 -2.436414347507244 125.30574429813049 214.37466290000066
-5.446867121219086 -2.2930207101772293 124.63199818565235 214.44048100000055
-5.465351680207974 -2.2741739477442366 124.56170294519526 214.50385129999995
-5.53479099231523 -2.1783727847422867 124.59189709539677 214.56914320000033
-5.827927720598467 -1.793339472684615 125.39678277707053 214.63484160000007
-5.698607036906907 -1.5258656515488056 125.08039818223476 214.70014739999988
-5.698607036906907 -1.5258656515488056 125.08039818223476 214.76568920000045
-5.283447918310877 -0.9145767628767728 125.42449501779146 214.8308717
-4.814284522820806 -0.6459427220921089 125.2771373694509 214.8967590000002
-4.407616405033124 -0.5630131818152958 125.71000322783063 214.96273230000043
-3.3333315340170557 0.1452947251744472 125.41299357668076 215.02756529999988
-2.887093773883855 0.39205023935154376 125.52851106908899 215.0930398999999
-2.742780300561293 0.4542452982755864 125.99976720882438 215.15854330000002
-0.6348300437698597 1.2328416037158298 125.60143983265998 215.22417300000052
-0.4365584428735687 1.3506274143511594 126.30902506783079 215.28934290000052
-0.04803928778528643 1.5105588033523474 125.8089347245589 215.35437249999995
1.981408248558978 2.4050151612653816 125.15580207827684 215.4186475000006
1.9050839254708407 2.4557294542749037 126.91275742018182 215.48392120000062
2.4444194003486928 2.420123739311176 125.88196563834525 215.54949209999995
3.661612814079703 2.9020878116479465 126.4739328517818 215.61547390000032
3.9499260402924534 2.947405856461558 126.74728128312343 215.68025170000055
4.503652678830264 2.968012466485127 126.34896231593635 215.74507940000058
5.056093677657749 2.7215398549045218 126.88030882084605 215.81094230000053
5.232028505364042 2.545638464769148 126.7017465143532 215.87521000000015
5.390893008705042 2.530497598977979 126.60951112382709 215.9411971999998
5.3663820205222095 2.2895458608144597 126.67020952166152 216.00571840000066
5.8914448581369925 1.8920770277178431 125.78816432475205 216.06976980000036
5.876738056047742 1.797969120380848 126.13312076408938 216.13480570000047
5.7979967081598645 1.6175779928917753 126.23957113177045 216.19974679999996
5.82543632008047 0.7779798018679709 125.06649444288631 216.2653334000006
5.451924184951174 0.6372139919611077 125.5183297873442 216.33011280000028
5.118076812661407 0.3356914583861046 125.5732864931084 216.39521289999993
3.6531714486197373 -0.2086162401754872 125.73597245822083 216.46078300000045
3.342941422556571 -0.48633741264554964 124.8591143201051 216.52694490000067
3.091848557290568 -0.5714295594195781 124.76606786217475 216.5927367000004
1.1503919418122948 -1.1688916678441506 125.38293116241641 216.67352269999992
0.8043590620778431 -1.3706382890543942 124.83708779922623 216.7380522000003
0.2869321267678302 -1.4639573136311155 125.01295748710936 216.80361280000034
-1.0809106781544031 -1.9601001120653878 124.31136610098693 216.86913210000057
-1.7873973948380382 -1.971559056437607 125.33210902694408 216.93462420000014
-2.376999139540395 -2.222977737631304 125.86993346304529 217.00007180000011
-3.7208642507550493 -2.4406819154544204 125.26987638520635 217.06641089999994
-3.7968811709889394 -2.4172919353640174 124.92731530913858 217.13198190000003
-4.225231994549937 -2.4391822052818073 125.28339268776914 217.19730380000055
-5.162528552133942 -2.509931663560849 125.21207631591977 217.26183730000048
-5.299003257832567 -2.4501823868773105 124.93257307474768 217.3264661000003
-5.329273158328945 -2.3507520481759854 124.52567914700252 217.39050440000028
-5.73360782806558 -2.072407765901335 124.99330771582937 217.45533590000014
-5.732917149101183 -1.9474356384244866 124.98965770957243 217.5207148999998
-5.6315505897753795 -1.7923464700751128 124.69074999883719 217.5848362000006
-5.7757786678504175 -1.2212641121729555 125.21953414339976 217.65022750000026
-5.810002802417493 -1.1264523792522891 125.63571113048181 217.71447609999996
-5.332174136951792 -0.902027580364008 125.38790547017959 217.7789633000002
-4.9233573498423695 -0.6026934628677315 125.69847483120816 217.8436668000004
-3.644247308804161 -0.15124924493538527 125.27207577427463 217.90941050000038
-3.1732678810627064 0.2053662288517195 124.82839354439089 217.97494480000023
-3.1221771326593526 0.2713675447714588 125.93781028148123 218.03990780000004
-1.5846972185984924 0.8133904603022049 125.97987519708335 218.10543190000044
-0.6676736477939116 1.09446357575127 124.98319841831211 218.17202570000063
-0.44316601860536764 1.394591601146665 126.17760407957057 218.23688310000034
1.03692426774915 2.0096826694605827 126.44693769952572 218.3009935
1.5738597301365829 2.2824552786300427 125.63714793698014 218.36647989999983
1.6626139971790295 2.4048880607937426 126.82698056912045 218.43224830000054
3.1214447179955727 2.601400128244375 126.83269714152279 218.49854659999983
3.9135533284920143 2.8802112076865702 125.55787419849094 218.56206420000035
4.097258584638233 2.9630312734660103 126.3135228203001 218.62767990000066
4.8356677441323725 2.8067530769073077 126.60196855120718 218.6939865000004
5.090630204383217 2.7527412479769944 126.1605518753923 218.75780040000063
5.1211665709540455 2.673892189020083 126.53943367371632 218.8242250000003
5.507474401858694 2.4708813141076926 125.89743722210488 218.88889890000064
5.693067810059439 1.95680027956399 125.70289807589066 218.9543988000005
5.658537879768112 1.8553468127524892 125.76577334095884 219.01919160000034
5.739980408097395 1.1154645389695799 125.43690192817863 219.08383460000005
5.742293175575348 0.989314458388186 125.42789474497626 219.14923460000045
5.625104235773918 0.7874003336755735 125.96139028260922 219.2153189999999
5.242661521559874 0.6474450605978052 126.14737967232325 219.28031340000052
4.001420205418469 -0.18941496484914977 126.01202831384862 219.34650640000018
3.6777616018267594 -0.22190584340273 125.68059741524215 219.41227460000027
3.1027571780596546 -0.4581533157763661 126.23460192855515 219.47723570000016
1.6740458805743188 -1.1387737024929256 125.17457193202652 219.54312089999985
1.1603946126116114 -1.1769788673701314 125.4923698458775 219.60625840000012
0.8174683197311197 -1.4025719576156956 125.12736700619107 219.67216499999995
-1.2106457052426691 -1.768263433851121 125.79772264685302 219.7375161
-1.2939702651727103 -2.024495115275005 125.08656526327833 219.80272460000015
-1.3406884249177153 -1.9240939617680803 124.53484091624972 219.86727560000054
-3.1445978952163287 -2.2588955722853226 125.41273963514408 219.93355820000033
-3.496088072331162 -2.409617470731323 124.95962493208472 219.99730790000012
-3.6686533458185053 -2.3452372061527242 124.8475622005898 220.06192920000012
-4.965346109332124 -2.407461231080688 125.55723041070574 220.12686510000003
-4.820828475796091 -2.4197596502421446 124.62019877459113 220.19189220000044
-5.181992151735095 -2.3748225144692805 125.33937219624517 220.25670380000065
-5.181992151735095 -2.3748225144692805 125.33937219624517 220.32195839999986
-5.9742017176810975 -2.092311472783399 125.84596281242852 220.3862323000003
-5.594229829987469 -2.038446667229633 124.6991096958006 220.4517596000005
-5.606618035143342 -1.82289051098051 124.98323782728464 220.5175930000005
-5.496266921291948 -1.3693693715822062 125.40228971677276 220.58246360000066
-5.496266921291948 -1.3693693715822062 125.40228971677276 220.64627689999998
-5.421646155155777 -1.1805607532852638 125.3648864363241 220.71102400000018
-4.3817040385414145 -0.3791055464339651 125.61596469637249 220.77551099999982
-3.867009252114393 -0.12293107632888223 125.65131159607607 220.8402643999998
-3.576620967360718 0.02469624545672877 125.91521538956391 220.9043240000001
-2.3156067620377314 0.6038920238822441 125.76770728722006 220.96888089999993
-2.2395143367077495 0.6715143691421228 126.19473284409897 221.0342427000005
-0.7036538009294944 1.1851984573322225 125.40582646340987 221.09932650000064
0.29091703250713863 1.7259730505505648 127.05948791505419 221.16442600000028
1.0688666074151456 1.9053281558687152 125.63465466607495 221.22995700000047
2.806988499410714 2.5489257487649697 125.20921742751851 221.29408109999986
2.6195392339766954 2.7977098139905148 126.55163539463172 221.35964670000067
2.6740443931855538 2.3770864795583093 126.38319421015586 221.42446699999982
3.5449460720750636 2.6777378246706043 124.38326964772642 221.4883946
4.0403001025848795 2.6593564738431392 125.79265077035912 221.55428440000014
4.669986535726785 2.8456683013821267 126.88976175211866 221.61916970000038
5.1699346418080765 2.6912711662128537 126.27138031093216 221.6839312000002
5.4941731262690325 2.4059583869632055 126.04283550006778 221.74861359999977
5.4928059540773475 2.292122368908376 126.50101010608556 221.81328610000037
5.868681746993545 2.336436833079545 126.13373742395781 221.87790010000026
5.583855371720425 1.8161874856900617 126.27251189605774 221.94403890000012
5.7732066264421675 1.3924410346431442 126.24245527602432 222.00897570000052
5.7732066264421675 1.3924410346431442 126.24245527602432 222.0740740000001
5.117181222342168 0.518854473501938 126.14149752605397 222.13828120000016
4.9467974697062616 0.3979521325161618 126.04169868437909 222.20262420000017
4.876573030249581 0.28144198126310527 124.68396155515101 222.26727010000013
3.75388829222522 -0.22476001707207804 125.70312248077789 222.3324388000001
2.7061833099587176 -0.7182241933444985 125.5587765012646 222.39792390000002
2.410571604645419 -0.8606007052864865 124.76440193885071 222.46301210000001
1.8754532224754712 -1.044194159286313 124.9890219873913 222.52813229999992
-0.1571098323940845 -1.5374838697289448 125.69669146050616 222.5928832999998
-0.3799196908847833 -1.6930197334035584 125.24251522407195 222.65971630000058
-1.0233446016931893 -1.9715050093960227 124.87128636101518 222.7247842000006
-2.2409452994119974 -2.1635459423398236 124.93018561996924 222.78987990000041
-2.606176322151903 -2.207000898337335 125.09524377952764 222.8558935000001
-2.990622462523824 -2.2463644119589925 125.12225383858505 222.9221021000003
-4.260552880198809 -2.465048582773759 124.87608266943508 222.98722460000045
-4.797220053367099 -2.465982667335283 124.87426989857973 223.0533088000002
-5.013863575123516 -2.4623420657233597 124.89451568636922 223.11922690000029
-5.241819830846964 -2.252634040963629 124.19897867562028 223.18486230000053
-5.427573466676094 -2.1559208440999247 124.49311158826606 223.2494869000002
-5.492288066783573 -2.147181097184462 124.50035291551069 223.31551820000004
-5.848552449397836 -1.7743319290781479 125.70734951006915 223.38116400000035
-5.435930745361766 -1.4446048314504436 124.95786227805444 223.44588300000032
-5.47795150126241 -1.323443202889612 124.9649767639828 223.5104099
-5.47795150126241 -1.323443202889612 124.9649767639828 223.5765148999999
-4.608719836960624 -0.5072221992647571 124.72870706471228 223.64108670000041
-4.940127998055658 -0.552530726905008 126.46648316038275 223.70807120000063
-3.2763823349884262 0.12742957591023885 125.63289082295704 223.77140260000033
-2.759523735696206 0.3920268210124232 125.52182259803752 223.83671270000013
-2.394512094543053 0.540347991291271 125.82024667232832 223.9014631
-2.1032892002288435 0.7060446260417186 125.96432988332937 223.9671139000002
-0.2921134812805519 1.4000671578508996 125.64679034730753 224.03299640000023
-0.30958440229949247 1.5219924948626087 126.51686708037812 224.09899330000007
0.3165234113943285 1.7649966093023663 125.77721408329481 224.16281570000046
2.154019055977386 2.4191165763462297 126.33096893492657 224.22922300000027
2.4445330854940863 2.580314976059832 126.7816787753584 224.29455620000044
2.778054635169404 2.6445927168010286 126.41013746426175 224.3606719999998
4.126599401184166 2.8801076612162326 126.32892615646679 224.42603370000052
4.321761094995843 2.806313222853732 126.62696063452245 224.49075520000042
4.587825927330705 2.9139461812624283 126.82866998030165 224.55669209999996
5.18543684332009 2.5942452181050313 126.8722657388604 224.62271510000028
5.5195534974706675 2.342789471726987 126.01912821887935 224.6865310000003
5.6048995047291115 2.371872011476524 126.12538508169641 224.75182080000013
5.738240965178065 1.8047271072501223 126.02005069547334 224.81575729999986
5.922963674625194 1.794613178489476 125.96369855047848 224.88108749999992
5.566467439899888 1.4933946237752438 126.66411079293388 224.9465664999998
5.622303697900897 1.2274138868940216 126.04853181364328 225.0121353000004
5.117181222342168 0.518854473501938 126.14149752605397 225.07735670000056
5.061100950018954 0.1891958598451624 125.49130975131858 225.14266420000058
4.710586188249103 0.31264176058881227 125.63150030027867 225.20868830000018
3.0974524386870286 -0.6008321152413661 125.8269214227908 225.27455809999992
2.9246781184238984 -0.6793952271003804 125.348958789572 225.34049719999985
2.5014625028063477 -0.7736274846061403 125.46492755102379 225.40583190000052
0.3989430873052342 -1.409211340205557 125.65608629296449 225.4707073999998
-0.01630556092476354 -1.6012729213166086 125.72840720825177 225.5365038
-0.40990067621324755 -1.6912367398429713 125.35616539807381 225.60236890000033
-1.8224914097495386 -2.0537109400852396 125.30800947199577 225.66740310000023
-2.0742967136068486 -2.1760039531312616 124.86550300050784 225.7321025000001
-2.533165164076358 -2.20780923699004 124.98523096632374 225.79719550000027
-3.9561779242411106 -2.418756782201107 124.91038148831306 225.86151100000006
-4.19452994773674 -2.4665011769923617 124.79146545131576 225.92655980000018
-4.400904862323223 -2.398023340641265 124.85518560127592 225.99281280000014
-4.921272671992341 -2.347887651659697 123.87002528221969 226.0577659999999
-5.560216309434409 -2.373571640470334 125.34836609326474 226.12295240000003
-5.534318949952194 -2.259390275243532 124.96022331980338 226.18740359999993
-5.607282178408973 -1.8702620314553893 124.98750359555602 226.25326170000062
-5.627606590997132 -1.6852417823246082 124.97531724745733 226.31961010000032
-5.762330455780102 -1.6712066214779662 125.25291990838028 226.3847856000002
-5.255311198395788 -0.9832470039915363 124.22327932432982 226.44957090000025
-5.24738617918468 -0.8950458080382958 125.33342609115772 226.5141149000001
-4.928088992890764 -0.6575726205390059 125.59015879705079 226.57840670000041
-4.735726241536199 -0.5475501242903781 126.07227718243615 226.6451586000003
-3.4309925658568545 -0.0205837805497312 125.57733106439036 226.70903739999994
-2.879239549366794 0.3179831494112874 125.56751083042982 226.77395940000042
-2.5884861653027613 0.5348129548506848 125.9102963416687 226.83924900000056
-0.9078172339458135 1.2076070207571676 126.0802942536825 226.90421659999993
-0.6645174437715013 1.38539156975826 126.2378570144078 226.96892480000042
0.06917964578953928 1.6048585229183039 125.62908875006923 227.03490539999984
2.3237475059552466 2.3240121524978496 125.53711277622264 227.09885829999985
2.7196519513835753 2.5848909330676704 125.95097456698282 227.16498630000024
2.9771543584702016 2.5026677997707565 126.19244801668644 227.2298711000003
3.58794398569254 2.9354020359985267 126.83303780800878 227.29338090000056
4.004377482436155 2.864704779162635 126.45218953403092 227.35849080000025
3.915303055289975 2.770250530503531 127.0921189850309 227.42267679999986
5.261035458401757 2.658109234526014 126.62181650974755 227.48729259999982
5.316722086287022 2.6686977415701993 126.59030826332024 227.55378139999993
5.363393017275563 2.417475421673615 126.68291429659884 227.61883099999977
5.804755211781064 2.395509281077352 125.34337499925596 227.68471469999986
5.912983066233096 2.044410481055577 125.9901130903753 227.75006440000016
5.510325074830419 1.650344126683617 126.59826248521966 227.83134750000045
5.69953009850569 0.9107935074837267 125.99244790541583 227.8961575000003
5.574514412028286 0.7839262328466268 125.98742180393992 227.9616530000003
5.5475066937739825 0.8012131502287484 125.83768028293369 228.02613380000003
4.242454677326911 -0.08656524713093339 125.66204044526624 228.0907097999998
3.6123702819788335 -0.3478887476235605 125.61605543440174 228.15541870000015
3.2424330478442513 -0.5449211147841954 125.21428663402776 228.2214214000005
2.8192162059807515 -0.7486989331584087 125.34582669805907 228.28582480000023
1.3212731713153474 -1.2294425503065987 124.64680402958632 228.3508155999998
0.5497159743930808 -1.4117775053634558 125.55817004794997 228.41534420000062
0.0963736770344994 -1.4954607765443706 125.47668240766474 228.47950769999989
-1.2236793417367977 -1.9000981597443292 124.98102525992536 228.5455292000006
-1.685841176571877 -1.961017471032982 125.27195255260226 228.60979230000066
-2.2970464231852006 -2.2544216682768594 125.45441108266162 228.67399360000036
-3.2885622527170852 -2.330446702728075 124.02497182153219 228.73986390000027
-3.9541524489372506 -2.450293740936903 125.14641757218331 228.8056876999999
-4.134989462063885 -2.4654905696749383 124.8728990294413 228.8713576
-5.033025878898208 -2.4292066268344716 124.58083142411338 228.93642940000063
-5.15814500958566 -2.4287208975792414 124.58346854295016 229.00012760000027
-5.420458011859864 -2.377894853471508 124.70697430953592 229.06509110000025
-5.450585262425136 -1.9907225280448508 124.2640940013928 229.12972549999995
-5.7845724267604695 -1.9147266448961897 125.3880547433169 229.19423430000006
-5.606618035143342 -1.82289051098051 124.98323782728464 229.25878890000058
-4.99325529911534 -1.1869125775692688 124.9362073101454 229.32311440000012
-4.99325529911534 -1.1869125775692688 124.9362073101454 229.3895424000002
-5.043186231826908 -1.0564237383042463 125.35371446649343 229.45385720000013
-5.19565747053894 -0.9148284601891395 125.75292623740553 229.52063160000034
-3.566916673471475 -0.08806254284889203 125.22547220308239 229.58572830000048
-3.3258720067435803 0.13922111810532312 125.59488290218171 229.64979720000065
-1.8604859102514482 0.6350461976374957 125.29305014196443 229.71470779999981
-1.685477406391513 0.8990530681787416 125.69272107690297 229.77948250000009
-1.619103089945277 0.8484522203753929 126.32862398569009 229.84579910000048
-0.4816751813029754 1.6146649952314038 127.00215761240676 229.91048039999987
0.47325947522826795 1.854959078754273 126.8388737314178 229.97637200000008
1.6582001698509359 2.246945691192904 124.6706578347382 230.0395698000002
3.2721565422652716 2.753910864453552 125.5627791131746 230.10515029999988
3.1986282681136657 2.7920058334004074 126.59270914910664 230.1707403999999
3.5229019903266874 2.6813481847596483 125.77255597204332 230.23585520000051
3.6824945032647207 2.9250188092994662 126.44175227150275 230.30082440000024
4.987477850597422 2.6438454416958614 126.37992868927611 230.36682259999998
5.274094493224567 2.8594591533965104 126.17612646411148 230.43308119999983
5.329044307250712 2.673810602242071 126.34305166484697 230.49693230000048
5.6318732502535696 2.3160768929535074 126.42210568537593 230.56220960000064
5.500920104144484 2.0335760643261414 126.63772448186941 230.62777069999993
5.643452288336569 2.034523821280593 126.46934062337029 230.6925984999998
5.716778103149871 1.6645733188143448 125.7830148612309 230.7584794000004
5.8353615182862555 1.0786506150055022 125.58317172184056 230.82375740000043
5.8353615182862555 1.0786506150055022 125.58317172184056 230.88782590000028
5.020857186243298 0.412770513202359 125.52025824534435 230.95260550000057
4.384284339688129 0.1495890153178161 125.96039817714566 231.01758260000042
4.204972677569202 -0.14503273103506298 124.87836799995863 231.08211960000062
3.305161771758847 -0.45236325509538367 125.07557443531908 231.14792430000034
2.0590451952960933 -0.9855872458448854 125.50077986159356 231.2126619999999
1.636230254206815 -1.14047402431139 124.99715485125081 231.27684200000022
-0.10629004559459077 -1.6509977063589147 125.00133162868853 231.34212070000012
-0.5785855815795742 -1.7569543830685856 125.27815425521968 231.40872610000042
-1.0638272030279268 -1.8680590906638663 125.59427657217964 231.47402150000016
-2.3944014014888353 -2.2818705116018303 124.94099269051806 231.5394350000006
-2.6525071893852257 -2.2163062918713634 125.04616656336302 231.6042311000001
-3.2948984762371296 -2.3586786977428424 125.42689656411116 231.66943989999982
-3.64607788018656 -2.450529392882765 125.2327110553695 231.7357587000006
-4.530414170787665 -2.3876367192409282 124.94100044508505 231.80108670000027
-5.048105291503354 -2.4650629386230634 124.87991097470503 231.8664705000001
-5.300937370619998 -2.250459748620963 124.26140733373389 231.93192080000063
-5.6421387231000395 -2.21038990886813 124.9075725217226 231.9953089999999
-5.774077014778449 -2.104347620357817 125.22515651650315 232.06141300000036
-5.524400901007134 -2.032490798522994 124.54988514980035 232.12618209999982
-5.4126720944884 -1.556550732722827 124.59043465178605 232.19115070000043
-5.015273653527693 -1.2339367961973373 124.07971252967344 232.2559867
-5.317342951529469 -1.1018327229719338 125.22449648486744 232.3214998000003
-4.812458374727875 -0.6612965723497858 125.33939622251852 232.38703739999983
-4.623375717264707 -0.38433867938972754 125.85743719390364 232.4529392000004
-4.249558913420103 -0.33306686653433026 125.8071409165098 232.51906469999994
-3.0787571242985123 0.32002317635306 125.92575388065671 232.58406389999982
-2.1033033202900313 0.6437777294968238 125.59412504687518 232.6489835000002
-1.7354008937723222 0.9369744668941603 125.82647171991957 232.71441529999993
-0.3000980083118705 1.3342259383308315 127.01708169896133 232.7805702000005
0.7572366547599785 1.663377572152875 124.14509899997464 232.84468040000047
0.40399606225238216 1.979709927962972 126.31111516113619 232.9100994999999
2.0171849851005703 2.291787214570629 126.54336457004983 232.97548710000046
2.938285396763476 2.6695589406759503 124.76048267190644 233.0417680999999
2.8310494786793328 2.7092672751251485 126.94566566262672 233.10708270000032
3.165962293687194 2.614006469608613 126.43307463109294 233.17139339999994
4.660543198777091 3.0147859371921224 126.12590105387537 233.2372105000004
4.837945322297607 3.0979407198867115 126.98725326214144 233.30359839999983
4.715444924336339 2.674416358216245 126.73854504626952 233.3686959000006
5.477199207847775 2.3631200801646974 126.31164432164665 233.4341370000002
5.49401641085754 2.455259243287277 126.73046968492743 233.5001729000005
5.807383989409381 2.371721665165782 126.33747119393438 233.56457690000025
5.708470158808495 1.516433471882318 125.66536577357681 233.63066059999983
5.74467554028044 1.3506170238791273 125.6151713956318 233.6958665000002
5.5911770445362095 1.2273386539079938 126.19304349666247 233.76146580000022
5.178817217450195 0.4760706141008103 125.63374061196895 233.82572130000062
5.079333649038539 0.16660488402913887 125.1457527099252 233.89104190000035
4.650868874810911 0.351527555610947 125.64887054415136 233.95536880000054
3.0883060172713 -0.6576605217950303 125.20806312292204 234.01942120000058
2.497225390235272 -0.644700072270416 125.93927567437555 234.08430120000048
2.4295873946388653 -0.9295736980044257 125.16681396379111 234.15040920000047
1.6722665611614218 -0.9946528908456777 125.72357947674791 234.21434200000022
-0.06633387186122519 -1.6351851645600743 125.38688284238961 234.2807545000005
-0.30689970805725864 -1.7847378369519964 125.06594041101818 234.3470084999999
-1.937827930295228 -2.03447436482358 125.63289634542666 234.41217920000054
-2.4542336993251794 -2.2422946604293617 125.63258667102073 234.47805860000062
-2.606176322151903 -2.207000898337335 125.09524377952764 234.54285870000058
-3.143593575008559 -2.2404850757072783 125.55699973481418 234.60905820000062
-4.339948817908137 -2.441241473211178 125.0383361910268 234.67488150000008
-4.667329007414715 -2.4368601344813885 125.36898204597627 234.7411634
-4.6967961968742244 -2.464763017825792 124.80488204658336 234.8080934999998
-5.647188459610909 -2.3842416432882714 125.30357395942609 234.87261940000008
-5.812729778809036 -2.2473931997856234 125.35380251787281 234.9384602
-5.734276436155781 -2.1973812840107376 124.99689736549979 235.00306700000056
-5.684290914030932 -1.7500809423966421 125.16038424598999 235.06729020000057
-5.7488501983375215 -1.6193238573008966 125.41230339813313 235.1315312000006
-5.361307019022902 -1.3737457946849698 124.2446603965955 235.19633570000042
-4.849398331406675 -0.7577857482864986 124.54869595683837 235.26064210000004
-4.848364781980116 -0.6426188022196601 126.05667330886763 235.3262494999999
-3.925140021127305 -0.4347156078690181 124.8295426156508 235.3909706000004
-3.2523910949759767 0.23178518949385607 125.59048455771662 235.45733629999995
-2.679010287721148 0.515648166580289 125.52718748835632 235.52157910000005
-2.346481945807838 0.5577261362304275 125.6738977526747 235.58596269999998
-1.5206376376051267 0.7669171089625973 124.50853109516184 235.65224620000026
0.12804316057850684 1.4082588548918342 126.06276361961852 235.71743810000044
0.5869327024580926 1.601161150796591 125.39747781912838 235.78274330000022
0.4599314760635522 1.7502644118586543 126.54738629796073 235.84827270000005
2.2835110130417178 2.4617463164865034 125.84581071376935 235.91316869999991
2.401287664891818 2.592196873660867 126.79086921895936 235.9786836000003
3.020289542789513 2.6689187268075347 125.9290607796515 236.04442780000045
4.078321126139471 2.9483007967690957 126.74485802101731 236.11016999999993
4.284925885509601 2.8422226507525963 126.89553417276694 236.1751159000005
4.535062486595869 2.906956307894561 126.64438225351205 236.2406277
5.35205167364991 2.6632021794770675 126.58573288708105 236.3044447000002
5.749307746044522 2.4837870566039655 125.78826807402474 236.36964700000044
5.522867301469965 2.2750886095545213 126.58730987657893 236.43399730000056
5.787784915626787 1.7484697188863558 125.59008017903508 236.50017500000013
5.758870960995573 1.6469872203986355 125.63536699454717 236.56604470000002
5.74467554028044 1.3506170238791273 125.6151713956318 236.63177570000062
5.537965973192527 0.6456855675346894 125.67017848925465 236.6961826000006
5.413714244031212 0.6790269804035393 125.22693687527156 236.7613405000002
4.866879954975232 0.28389132570205494 125.79937477260431 236.82702060000065
3.346297140584099 -0.37017486693401935 125.98552133306865 236.89107890000014
2.8235984818201914 -0.43622482514543093 126.62752608772676 236.95558270000038
2.6911672412835017 -0.7482006854594271 125.35642652321587 237.0205745000003
2.1914382717280887 -0.7797546265334564 125.52190607175886 237.08702859999994
0.4730855135205303 -1.4295646445951977 125.30184073686165 237.1527685000001
-0.23101753505149958 -1.4950811883861292 126.12962304794532 237.21754349999992
-0.5774885519892692 -1.7209431227890453 125.7274556847838 237.2838909000002
-1.7088849195859055 -2.0437721040358654 124.8135912665095 237.3477737000003
-2.47920800569743 -2.145482378131002 125.83922303880685 237.41293630000018
-2.575495442048293 -2.217501698223659 124.9231713079378 237.4943602000003
-4.1683119545620855 -2.4231261908983948 125.48608573494607 237.56004720000055
-4.351312377648682 -2.438797756107072 125.28668853249219 237.62517060000027
-4.432866672376647 -2.356286387221975 124.64657303380794 237.6878716000001
-5.3951571453712575 -2.3852041833019246 125.29749715787302 237.75328760000048
-5.560216309434409 -2.373571640470334 125.34836609326474 237.81938499999978
-5.560216309434409 -2.373571640470334 125.34836609326474 237.88525019999997
-5.761600868212078 -1.9282802235142733 125.3872690070029 237.95050679999986
-5.74904711788821 -1.7447292884280108 125.41445085808262 238.01666830000067
-5.572827205893397 -1.6513455108261952 125.07903194837847 238.0841006999999
-5.419952625765248 -0.9911074785183732 124.90531808161573 238.14873100000023
-5.419952625765248 -0.9911074785183732 124.90531808161573 238.21443120000004
-5.412134542469218 -0.8393809622642915 126.02188422819016 238.28031920000012
-3.395762810855885 -0.0032555581275900414 125.0136910657004 238.34592080000039
-3.4843618030956947 0.16877979450400127 125.76492293611335 238.40939419999995
-3.044140681051516 0.2743603492363073 126.0640060824312 238.47461920000023
-1.5788684776264574 0.8276895120912261 125.88782090032191 238.53946730000007
-1.1185488071121341 1.058302923180896 126.19758389470587 238.60437060000004
-0.5810058970166736 1.180334724013217 125.7642405135016 238.66942139999992
1.2397367960654861 2.2185196874978175 125.94638540391531 238.73479750000024
1.4541648963937632 2.296850988417681 127.0239275810404 238.79878780000035
2.609996381109866 2.5438647916575534 126.9916117542835 238.86330200000066
3.151611528224308 2.740080123368517 126.15785663035022 238.92744970000058
3.3090735505136166 2.816267075541547 126.75787315554729 238.99297110000043
3.4390092339260363 2.7386528428664785 126.99150755212371 239.05756010000005
4.192808174255511 2.922048105722071 126.00772701180077 239.1229731000003
5.220084263291987 2.617323990936757 126.32726843053597 239.18865470000037
5.579240662300826 2.7158302841120276 126.0852014045551 239.25505909999993
5.504479120959012 2.2201642775101287 126.59707271119902 239.32146100000045
5.629327586620839 2.034762626051093 126.45707107901342 239.38589930000035
5.657012173120876 1.8354001091735528 125.97354193418406 239.45066660000066
5.746725623267537 1.1686542992738143 125.98164785048557 239.53078939999978
5.754788375569774 0.8632601461611252 125.5549843036046 239.5962638000001
5.7234206277862185 0.8981823042854734 125.91079018735572 239.66078470000048
4.632927766251861 0.15599720377334203 125.7113711243465 239.72543230000065
4.334926307569461 0.015136916687031432 125.77127462309274 239.7904494000004
3.881300156041881 -0.22487984283485374 125.6966203136331 239.8569035999999
3.6531714486197373 -0.2086162401754872 125.73597245822083 239.9206019000003
1.625044144345587 -1.1683334469673485 124.99301139418974 239.98663510000006
1.625044144345587 -1.1683334469673485 124.99301139418974 240.05114820000017
-0.12625642146245752 -1.5591283572802124 124.72181449393001 240.11657150000065
-0.8395230110719893 -1.7220106781168396 125.3750342903602 240.18138739999995
-1.124309366337961 -1.9106555867232098 125.71678325492475 240.2468082000005
-1.037847239777939 -1.9344828874599336 124.42211977389617 240.3111600000002
-2.9757468131909874 -2.2376987404268327 125.55511235123417 240.37693130000025
-3.2359530421524454 -2.3135912146444 125.17453436413481 240.44249350000064
-4.411151754584594 -2.3745897122854394 124.9239375422582 240.50724480000008
-4.637223199082484 -2.4637069274868173 124.8854443532094 240.57376960000056
-4.942951653924226 -2.4482724602210815 125.25501156771257 240.63774230000035
-5.6866697703536175 -2.2478189149226933 125.35092208921803 240.70371070000056
-5.875616668106204 -2.2458855539679643 125.424984855669 240.7688592000004
-5.6822634339311975 -2.116222489086569 124.79001719391782 240.8337175000006
-5.875408762650878 -1.9950927570067356 125.42120979221832 240.89940750000005
-5.605125440483022 -1.5729531266859382 124.97561926323282 240.964696
-5.632066260669738 -1.3991402088978893 125.13677722532726 241.03089350000027
-5.844857162935384 -1.1455468116378573 125.68851552148993 241.09713620000002
-4.902503909669406 -0.5978528595468334 126.07721229571648 241.1613586000003
-3.97521844585291 -0.37138343925863004 124.79168611415646 241.22631400000046
-3.813282119446882 -0.2029680368913449 125.5292610732818 241.2905537000006
-2.3381601089203343 0.5031457926951588 125.49822692972268 241.35581559999991
-1.7700169003219273 0.8073448600538791 125.19037558861659 241.4217104999998
-0.8159399725492378 1.0480055328875175 124.8736330486423 241.48725060000015
0.1697704780339251 1.4527998018610477 124.87330278174929 241.5668366
0.1428045606116939 1.6555884819814257 126.42174010079513 241.63164959999995
0.6712192740036684 1.7441763508429977 125.92555943802982 241.6970753000005
2.448926752375506 2.4875975762603058 126.09447379978883 241.76240750000034
2.6823863158618053 2.731957034658728 126.6559694719361 241.84351640000023
2.8286540906270545 2.7089271623018574 127.28804051983336 241.90960840000025
4.2420016770609905 2.9694100285544 126.74988420630048 241.9744326
4.450718485479044 2.91168188533492 126.85516765409236 242.03847720000067
4.669986535726785 2.8456683013821267 126.88976175211866 242.1036309000001
5.3200983667873345 2.5396325023536446 126.57115895192867 242.16923889999998
5.753996805983867 2.4890873560419164 125.71444052510641 242.23456500000066
5.442787034500611 2.179290428560619 126.18470725832253 242.30013280000003
5.384202009108549 1.6501660602166028 126.42021913051563 242.36500390000037
5.458229816194766 1.4358725828887482 126.09493228337493 242.43016549999993
5.692697528448079 1.2809115805779219 125.09454286648649 242.4978228
5.37069514360779 0.5981286051789511 125.87612669487477 242.5619875000002
5.082202316870045 0.527718444709298 126.07940023097333 242.62739779999993
4.687862669453928 0.1545149419066748 125.83494892181105 242.6932297000003
3.2128193055550227 -0.40818947570324615 125.61538506787038 242.7594155000006
3.007875140715093 -0.6336526093898139 125.01552415421082 242.8240663000006
2.438239596778871 -0.8007858227890127 125.55877854151751 242.88889329999984
0.6803179134661761 -1.3186394562000863 125.33363484401951 242.95435330000055
0.20745125434000045 -1.488228353082437 125.381331330371 243.01984230000016
-0.1071964163225374 -1.6450556255138031 125.07563499802244 243.08446749999985
-1.6586710343299842 -1.9831287859701336 125.24803829405315 243.14975420000064
-2.2901801779159427 -2.161532897644892 125.64627303394715 243.21450800000002
-2.426476793024129 -2.271402694412117 125.11868469110584 243.2790187999999
-2.651621048873814 -2.26246486494369 124.80695354422987 243.34552410000015
-4.2988785745526314 -2.5029564763462693 125.31733853480651 243.40996910000013
-4.296649964930154 -2.4152757347130085 124.57657631699757 243.47576290000052
-4.63868783055225 -2.3811372193269684 124.87154264774755 243.5415155999999
-5.483747642986522 -2.3232120073186024 124.99502984446976 243.60630469999978
-5.686281979987818 -2.3731479105935867 125.35129148677282 243.67171159999998
-5.6421387231000395 -2.21038990886813 124.9075725217226 243.7381615000004
-5.7492172023243455 -1.8701328199505451 125.41652345883769 243.8038535000005
-5.553924823417766 -1.6838824066309952 125.01107556260857 243.86975110000003
-5.187548996728246 -1.42683718316482 124.41092138302838 243.9339918000005
-5.179868154110714 -0.9454387158464493 124.93126227307054 244.00088610000057
-5.298490107166948 -0.8759863080053244 125.6030467738335 244.0668329
-4.758501774835224 -0.6071346638044314 125.63236912217604 244.1320765999999
-3.556463505776833 0.10545709799427883 125.57629062333334 244.19680849999986
-2.7745107190264946 0.27638475076074387 124.45345803887037 244.2632954999999
-2.5769028957582805 0.5733365604716768 125.6384134129356 244.32780530000036
-0.5365496682197985 1.09564209009169 125.62227762044579 244.39276060000066
-0.30591103028048394 1.2786687870237798 126.3684658911725 244.45848120000028
0.3346386028327899 1.5447031471211732 125.58426764661007 244.5239646
1.2306074833236451 2.1323644305023737 126.5077111460643 244.5906831000002
1.8004854771812333 2.225910703580333 126.4433926372758 244.6555540999998
2.552072051955335 2.5825604794587367 125.29935530006533 244.72090389999994
2.336569062410298 2.6189063282627667 127.00825757051062 244.78732060000038
4.214157719220573 2.8468437593928795 125.47276439293579 244.8511040000003
4.153010106623711 3.0346077676827488 127.16524998787202 244.91711190000024
4.52733770024129 2.9534876565006742 126.40849965610238 244.9817251000004
5.412492422511903 2.671463380475567 126.6506743647026 245.0464732999999
5.488854741736802 2.545288114187254 126.68931114655297 245.11162479999984
5.543551376194564 2.3582462485714277 126.37938459270282 245.1772875000006
5.643240026138379 1.8790228670106757 125.93054050034003 245.24330330000066
5.787784915626787 1.7484697188863558 125.59008017903508 245.30798740000046
5.667920627224561 1.5346518899196493 125.80830422390626 245.37269509999987
5.7104742098905135 0.8260031418224707 125.58043297256866 245.4372527000005
5.532940550213034 0.6093584390881837 125.14220120540934 245.50237460000062
5.153605955343693 0.5186957657759262 125.85976293752238 245.56726270000036
3.70110834629768 -0.30020924349521005 125.6979787918531 245.63211599999977
3.324039383498146 -0.42740177918455735 125.69439046462041 245.69729449999977
2.9614031130126435 -0.6558580984253063 125.48629346750859 245.76371879999988
1.090528853062132 -1.2049335201914722 125.8858835982746 245.82908970000062
0.7620822177998292 -1.3215926385078083 125.33638709191267 245.89363109999977
0.24264490822471174 -1.4102530906698867 125.45458013869826 245.95979679999982
-0.003201108091502647 -1.6129028299091814 125.29357862289453 246.0250528000006
-1.5130314460308156 -1.945002019110036 125.12261878598736 246.0900274000005
-2.1072251856081152 -2.1397982910117785 125.71440009030152 246.15517520000049
-3.496088072331162 -2.409617470731323 124.95962493208472 246.21962460000032
-3.6929774032637965 -2.343451905158717 124.77836914751136 246.28412650000064
-4.004342135116175 -2.3707823710516434 125.09181333961641 246.34904910000023
-4.4389112181333275 -2.450123899266768 125.24192574602499 246.41402730000027
-5.212024380656246 -2.4138969165629316 124.94016026418905 246.47756040000058
-5.560216309434409 -2.373571640470334 125.34836609326474 246.54233579999982
-5.6973803569944295 -2.150905192914905 125.0845167667543 246.60886910000045
-5.674759511278474 -1.9492595097919634 124.93184787405126 246.67381209999985
-5.7492172023243455 -1.8701328199505451 125.41652345883769 246.73887560000003
-5.449901439550764 -1.7187567262936838 124.5780582944474 246.80416400000013
-5.542553125191944 -1.152651813303538 125.12213861549328 246.8691757000006
-5.65887447385937 -1.004820005482805 125.69431661866501 246.93633760000012
-5.152385610218587 -0.8761948143440051 125.75202043421096 247.00114140000005
-3.9508563096544123 -0.1681123648224706 126.20122504522502 247.0670028000004
-3.03591205528749 0.09840031718612208 125.18515121578547 247.13313190000008
-2.878025647672146 0.18886553558930097 125.95788887879011 247.1983876000004
-1.6589694654863294 0.9169312254541315 126.47209841032506 247.26356159999978
-0.8524541064420603 1.078114513652465 125.43195195118734 247.32926589999988
-0.8524541064420603 1.078114513652465 125.43195195118734 247.3940633000002
-0.9048310125853618 1.2985842627503543 126.59609330722884 247.4585315000004
1.7278201558783906 2.1656359494845727 125.3739935424828 247.52484150000055
2.0331567253399996 2.4353983391036804 126.31085483565269 247.5912048
2.3101101719102104 2.4639460329631344 126.21084556252258 247.65575360000003
3.1815842596630404 2.6880731194575307 126.75753783325172 247.72065269999985
3.2484572344482885 2.734038229419875 126.84625412637737 247.78501099999994
3.8878148608048235 2.776428558743693 126.27947950160157 247.85035880000032
5.056093677657749 2.7215398549045218 126.88030882084605 247.91651850000017
5.220084263291987 2.617323990936757 126.32726843053597 247.98180990000037
5.696233506009385 2.328132481781506 126.15738622819498 248.0453507000002
5.640679616804967 2.164187933061967 126.48689861691848 248.11045710000053
5.629327586620839 2.034762626051093 126.45707107901342 248.1754445000006
5.7458303745777926 1.9215197704820137 126.16512774367756 248.24094380000042
5.662025071209605 1.0100888953542104 126.31474172984358 248.3052200000002
5.6189494613792235 0.873061982290917 126.35231306346472 248.3719572
5.119448955060761 0.3333305729844573 125.22965235000716 248.43578609999986
4.714177848029024 0.23211461396920718 125.99163248403019 248.50116330000037
4.183939951774114 -0.0985447605193458 125.83556055504197 248.5672252000004
3.885694211771394 -0.2000770896070897 125.52832612331763 248.63148830000046
3.3704948601283107 -0.3762750744112485 125.93617370235476 248.6970654000006
1.2373252752660804 -1.1612083598973562 125.64779768457699 248.76064750000023
0.7640608795109927 -1.3284480629458528 125.85877591075639 248.82464680000066
-0.4569214940319952 -1.6802914140603464 125.344508340081 248.8882947000002
-1.1437338979445784 -1.8353205299402968 126.07745818269208 248.9544937999999
-0.9262859210504146 -1.868701565982959 124.55514624874286 249.01874150000003
-1.5130314460308156 -1.945002019110036 125.12261878598736 249.0837607000003
-3.440261138917144 -2.465020557895878 125.04588616749449 249.1488377000005
-3.440261138917144 -2.465020557895878 125.04588616749449 249.21273810000002
-4.432866672376647 -2.356286387221975 124.64657303380794 249.2793975000004
-4.90120902431029 -2.430702449556059 125.30343441455763 249.34440929999982
-4.907903827706221 -2.429690096138605 124.57816369724739 249.40874070000064
-5.297559668020845 -2.4347433455511345 125.38356348029237 249.47473210000044
-5.801489551340275 -2.182269424369617 125.39091503118641 249.5413110999998
-5.413978995347016 -1.997627098050934 124.2019172576421 249.60694479999984
-5.6341441824894645 -1.9456172724921044 124.92814857499954 249.67246460000024
-5.800582549220401 -1.5554143080066036 125.3803752106698 249.7385463999999
-5.80032105673893 -1.4300382196194477 125.3780441684609 249.8046718000005
-4.609716832780769 -0.6663494633006669 125.36328472732083 249.8691829999998
-4.4416010718230865 -0.5737824501645158 125.82353806721785 249.93473600000016
-3.9490017423830537 -0.3180519873355724 124.92257640238856 250.00031670000044
-4.134746526309932 -0.24872191255155773 126.02942729340363 250.0666181000006
-2.7350169905560406 0.42889269269967634 126.28170342495524 250.1311099000004
-1.340871823444715 0.7727103887760043 124.69647778394281 250.19575280000026
-1.4925594199494725 1.0538471929972413 126.61062858184447 250.26111690000016
0.00013952866866162594 1.4083754276764142 126.06930588301884 250.3272089000002
0.5038769342450635 1.8427937088045518 125.63471383629843 250.39330789999985
0.5029818013548137 1.839508944713462 126.63890331406624 250.45893479999995
2.4444194003486928 2.420123739311176 125.88196563834525 250.5238119000005
3.0192102627878583 2.7321513570465785 125.93551790863077 250.5900556000006
3.165962293687194 2.614006469608613 126.43307463109294 250.65388320000056
4.324313841531854 2.8448881962125343 126.4553094123313 250.71807230000013
4.852748947631795 2.9784467700763155 126.22405514588874 250.78386670000054
4.7810659358601555 2.8028347961495763 126.64087931493684 250.84879770000043
5.380542778076659 2.345709016869198 126.57514565233285 250.91379060000054
5.700597372581328 2.3429158969539308 125.61709724181372 250.97914540000056
5.606587574325793 2.244601675117854 126.1176556538684 251.04371919999994
5.61016330236783 1.9901333348963797 126.10152186670528 251.10849289999987
5.77928819793101 1.347164803812357 125.35596050090241 251.1741492000001
5.7807997886796585 1.2832851376831769 125.3700212736352 251.2382475000004
5.739980408097395 1.1154645389695799 125.43690192817863 251.30471949999992
4.899962576090182 0.37993530318159424 126.0416732228768 251.36955670000043
4.614498879428048 0.1310062807879948 125.69743959306251 251.43525600000066
4.376920986371715 0.12722729607674022 125.97322960297078 251.50122680000004
2.6705175780284023 -0.7267624470044037 125.6873096369073 251.5660082000004
2.253799383037304 -0.7751446905958478 125.89111097310723 251.6313366000004
2.0392491404793773 -0.91422185746072 125.347540570393 251.6963784999998
0.021622706141272374 -1.5537558950468133 125.52817051178417 251.76096380000035
-0.22869728861189031 -1.7724783794471994 125.15274820093327 251.82552740000028
-0.9562667628602952 -1.7683901534491628 125.78777908029845 251.8918695000002
-2.47920800569743 -2.145482378131002 125.83922303880685 251.9572680000001
-2.4950795321825723 -2.205193694307239 124.99470459816236 252.02386650000062
-2.9844361496212315 -2.2057977821272776 125.1074088738528 252.08964269999979
-4.349149522585975 -2.423209036004212 125.3914557476839 252.15402600000016
-4.318959977444628 -2.381934898404065 124.62015734248304 252.21785770000042
-4.66480584445641 -2.3982039206617514 125.02351842187636 252.2831438000003
-5.409037198605851 -2.303306970446072 124.58903352572227 252.3489884999999
-5.633218623655445 -2.274602307682904 125.15141496305677 252.41572739999992
-5.675326911714961 -2.1991063983788637 124.93664765019861 252.4803268000005
-5.626618362381905 -2.0509018762009306 124.6099672172143 252.54525139999987
-5.45325466032434 -1.5560685838311223 124.94273738448798 252.61096950000046
-5.227558410527372 -1.449236784423901 124.96330069597661 252.67667059999985
-5.143885377931532 -1.34127198438718 125.09775163934425 252.74245920000067
-4.94395329347401 -0.7128133654794145 125.15474090979784 252.80808799999977
-4.5755303466810275 -0.5444171723998038 125.4316070568727 252.8737570000003
-4.161932234437408 -0.34313413832227113 125.53833717991405 252.94008550000035
-3.323246026439506 0.23185241332419748 126.46685940609032 253.00469590000012
-2.515388742475224 0.434063048817317 125.53792216268539 253.06981390000055
-1.8852296085511284 0.8074596466484714 125.66739424144171 253.13539180000043
-0.09105319121864142 1.4872063869953709 126.38215823235069 253.20131240000046
0.5448708689177479 1.4748891916767457 125.4711950099272 253.26552260000062
1.0492448313231648 1.7416418467011443 124.41808756092226 253.33114770000066
1.9284886400657228 2.4074034062343275 126.79308690793279 253.3966218000005
2.1800278674698106 2.4518314847558296 126.81755952859459 253.46261440000035
2.8116235009144077 2.675517346394696 126.24462876251971 253.52839920000042
4.148876923462879 2.9669627682744184 126.28190960752845 253.5952801000003
4.0369463701575725 2.7207474118143575 126.68846733341933 253.66156870000032
4.863492519419317 2.907985320892944 125.37680961191805 253.7270239999998
5.390935192008811 2.874035338828923 126.46840268832294 253.79168140000002
5.503069671916862 2.388308853492605 126.34102042810113 253.8560451000003
5.724516746728618 2.464350125379338 126.18844455924163 253.92195439999978
5.64869247800646 2.4031030509002935 126.59351528018838 253.98699769999985
5.597176407068446 1.64129029469568 126.4550934662075 254.05166670000017
5.655597917634751 1.5182381095839395 126.4017661550352 254.1167101000001
5.724431485775526 1.4477941887489845 126.18492068038294 254.1837961000001
5.372149487840709 0.5388231839729325 125.7963667834415 254.2480860000005
5.21762525217018 0.4142382608866858 125.25462170495707 254.31350790000033
4.814229302876484 0.16278364881300444 125.62322558287661 254.37999459999992
3.027916874744534 -0.48410785736494966 126.0108316763251 254.44524270000056
2.6714198650874366 -0.6785138205806814 125.79668763029683 254.50964900000054
2.4089902799603493 -0.7632253094155331 125.33640615378441 254.57479049999984
0.7087118011297235 -1.3364186138938186 124.99253470883514 254.63918590000048
0.14051049077613698 -1.4908744686397353 125.4721225622975 254.70596790000036
-0.3735008548629821 -1.6207787750206264 125.77732075807216 254.77218619999985
-1.8539219045507096 -2.013499821263447 125.70706333320467 254.8370003
-1.9996278127424674 -2.167711856074777 124.66562368205733 254.9026887
-2.3453705243789926 -2.2811715596041133 125.06057828719649 254.96883210000033
-3.7812304446789398 -2.4016181689913108 124.99102928957643 255.03562500000044
-4.075028262189534 -2.3718738406904367 124.86311718820093 255.09992930000044
-4.410163671321897 -2.5240709777993993 125.00916675566992 255.16584320000038
-5.15916721900124 -2.276807102308818 124.5037318864913 255.23037680000016
-5.59618786837401 -2.376614128308436 125.33677855471551 255.29571680000026
-5.60574109567866 -2.0826818920361956 124.91425986437645 255.36043390000032
-5.87271091971634 -2.023174499510187 125.64509210683181 255.42565120000017
-5.645710445307579 -1.714585163183361 125.10993381947722 255.4900144000003
-5.517591895597768 -1.7115453380716135 124.90134338550918 255.5543419000005
-5.468043687881881 -1.4963615020528267 124.76804526245792 255.61926219999987
-5.426037823831479 -0.9844344972705034 125.54569913947853 255.6857540000001
-4.888267693719399 -0.732237743151758 124.87237398039329 255.74913070000002
-5.011694658236863 -0.5828995122515298 125.83597645564787 255.81472829999984
-3.0164091829490047 0.09017164982057924 124.79908033419245 255.88004050000018
-2.929420231352516 0.3424367160654021 125.49910260672777 255.9458897000004
-2.663902279679945 0.3964108146735283 125.94721781454624 256.0098988
-0.9342542271559608 1.1711606888962511 125.62710970371873 256.07551049999984
-0.8758247372653329 1.2775063546764218 126.44037073573816 256.1413674000005
0.5882660393844006 1.8774934701358337 126.54080229461238 256.2061485000004
1.6339843306947728 2.3918641737136546 126.09205756431302 256.27068099999997
2.2820567573500057 2.4171233864794863 125.5217934556061 256.33638880000035
2.5092664272326886 2.6228823010073317 125.71985120458412 256.40173159999995
3.4473471670379254 2.7146055521433756 126.85536015627186 256.46690130000025
3.4473471670379254 2.7146055521433756 126.85536015627186 256.5330973
4.025896942593199 2.907690407003788 126.16314903905467 256.59732350000013
4.589305435292211 3.1943205611668737 126.12669927104561 256.6625204000002
5.222513955630227 2.6666963190156054 126.91936669790229 256.72766050000064
5.31348991065564 2.5966293006518515 126.87546317911527 256.7930984000004
5.573030276684349 2.2125272797114097 126.85058113068123 256.85866910000004
5.520962601686669 2.01793821790884 126.79433440275056 256.9244303000005
5.90220281510323 2.036557168768871 126.06857072851113 256.99026890000005
5.787621889043258 1.7284020359033065 125.75280013106693 257.05617600000005
5.6779093194800225 0.7979552028479954 125.87085340019458 257.1222165999998
5.335398926650903 0.7011340740115086 126.07862137743348 257.1872828000005
4.292195743997553 0.18895087960196189 126.4400721821782 257.25272720000066
4.192388810147783 -0.1429235842771014 125.09957165346941 257.3175161999998
3.8659792588521142 -0.1436770967472667 125.64102483582212 257.38264340000023
3.463839876055509 -0.3408609396723966 125.41855710664382 257.4473715000004
1.0733818961196704 -1.2266139913490655 125.71652530679609 257.5132620000004
0.5451309878382133 -1.3472793465638944 125.91668915354315 257.57754269999987
-0.5785855815795742 -1.7569543830685856 125.27815425521968 257.64326620000065
-1.0342312473404505 -1.8814733959738077 125.41695443531533 257.71129139999994
-1.1975732971178985 -2.019026271038022 125.33917404650843 257.77419270000064
-1.3583010909079718 -1.982738041539612 124.66897532107865 257.83900989999984
-3.4062125541666575 -2.4353109652177642 124.54389318377508 257.90478560000065
-3.6141566282477697 -2.417457793972552 124.72679471167633 257.96953850000045
-3.6141566282477697 -2.417457793972552 124.72679471167633 258.034533
-5.014542169678506 -2.5430521454521218 125.51838997078144 258.09932879999997
-5.268186980843389 -2.510870190484436 125.2931213769589 258.16595080000025
-4.888710103880868 -2.3454498961778314 123.8879019634736 258.2300374000006
-5.242889896057257 -2.272502067640193 124.49895038096798 258.29559750000044
-5.829574476013612 -2.044255220588508 125.40476279317994 258.37752210000053
-5.645944490912463 -1.5895420375853204 125.10908494898831 258.4421186999998
-5.505406055030221 -1.4189348037210046 124.68076977067881 258.50816600000053
-5.815792071939121 -1.2341785349123984 125.42098890758119 258.5721265000002
-5.504246482298605 -1.0450671304068648 124.67264402681036 258.6372326999999
-4.028813233539161 -0.44537163645458244 125.1162464063247 258.70347610000044
-3.8631572747827647 -0.2872508990982817 125.55853180032295 258.7687556000001
-3.812065990444111 -0.1453619532205498 125.59474606238405 258.8339642000001
-2.5427430947282303 0.4537825025236176 125.88251163795024 258.89961399999993
-1.154369150342994 0.9804649473963927 124.28083583949841 258.96408539999993
-1.4606363784273526 1.02610925694733 126.18565301825754 259.03000260000044
0.20707915311206193 1.5103396531357363 125.79660916759461 259.09479160000046
0.788229508771991 1.9306493053487044 125.65713050159339 259.16072450000047
1.1860882506216726 2.004919490379549 126.17333309896311 259.22599700000046
2.67983454279441 2.7138278817008623 125.77560377312031 259.28911270000026
2.7351141207345293 2.7251417963960916 126.84286789624596 259.3560496
2.9341176756789835 2.605318549474109 126.74508212215672 259.42138609999984
4.595295322943201 2.9078511545706633 126.25814306037384 259.4858862000001
4.668893976644831 2.974575579448116 126.89744903879021 259.5517872999999
4.86120755385393 2.8560307321035556 126.62371951701788 259.6169995999999
5.932099954300341 2.6152105495386455 125.39940221519666 259.68215469999996
5.501877935832006 2.2001834703860443 126.26785837509574 259.74756419999994
5.651952864690436 2.0888773380179284 125.9937981681136 259.8131385000006
5.5795849641196185 2.0705223640035473 126.28953894912983 259.87819730000047
5.589102448725342 1.3083279272353632 126.07562755157106 259.9436061000006
5.788543614358829 1.2431392742222855 125.41437233617317 260.00761539999985
5.624507711051059 1.1004065145820143 126.03913766578331 260.0714926999999
4.9467974697062616 0.3979521325161618 126.04169868437909 260.13724020000063
4.6421426649453466 0.25301688024704416 125.9113852812071 260.2030187999999
4.184617735140726 -0.09521466738834428 125.66617344210671 260.26872940000067
2.7442643490843537 -0.7144718546894303 125.18063653722706 260.3326225999999
2.1208375243522894 -0.9336620132338561 125.54524522609728 260.3973762000005
1.7707869922277055 -1.103140468847585 125.62277265848614 260.46284040000046
-0.2108151004724732 -1.536973463258824 125.58574932529831 260.5287693999999
-0.3947106139467209 -1.7236416294304404 124.85079402323328 260.5930132000003
-0.7345590624305274 -1.792561102626013 124.89269033022622 260.65848710000046
-2.353981856034096 -2.207786247906691 125.08696651086312 260.7248977999998
-2.678739487053626 -2.270606977105773 125.12697834923769 260.7894059
-3.0718379982632555 -2.328076722456158 125.11918998017302 260.85494840000047
-3.4859060372207793 -2.4543253312891924 125.11725068060319 260.9204365000005
-4.529962994288958 -2.475483502855374 124.74725216993555 260.98548690000007
-4.786273096214444 -2.4616133073008157 124.81877714731704 261.05134290000024
-5.675646102305848 -2.433436470739201 125.39190323811464 261.1171376000002
-5.491746152045771 -2.226185062952736 124.72217295466183 261.1824932999998
-5.53479099231523 -2.1783727847422867 124.59189709539677 261.2470135000003
-5.632117219435578 -2.041584862073491 124.69560344407789 261.3131041000006
-5.9299049520422 -1.6443432862812917 125.69282504046114 261.3774449000002
-5.914676175767539 -1.5240454387121751 125.6447244289606 261.4430831999998
-5.390650338524644 -1.2476310172679859 124.19073843938871 261.5078336000006
-4.639666443917513 -0.6252688744979865 125.71738902944348 261.5744099000003
-4.332582976277479 -0.5057804705080063 125.58999989433681 261.6386607000004
-4.07988850926985 -0.3168567679615354 125.73250731615992 261.70451070000036
-2.8654348702156724 0.39726605601055176 125.92007970075694 261.7696851999999
-2.2049821253530553 0.628821397716383 125.47127584749201 261.8357568000001
-1.9733349879510698 0.8663370261723558 126.3172514096719 261.9014919000001
-0.48327415557701414 1.337449955517089 126.04656723732352 261.96598040000026
0.2133676644376834 1.6386337858004927 125.34973131758464 262.0301747000003
0.3356538450291282 1.8540077366838608 126.75109652591237 262.09644170000047
2.221484777102077 2.4413296636930863 126.26689918713629 262.1607589000005
2.399171888976717 2.58159099887028 127.0617769141422 262.2268008000001
3.0772221226039846 2.6272894316370676 125.62203968487673 262.2918526000003
4.120665708110607 2.9335497653765112 126.75697104189587 262.35724370000025
4.307371556254829 2.958345468042895 127.09791010210813 262.42261880000024
4.450718485479044 2.91168188533492 126.85516765409236 262.4873318
5.094125772004652 3.02215806678505 126.11314405931046 262.55209990000003
5.438047899921337 2.4344943647771164 126.3770175736697 262.6162135000004
5.543470335628051 2.385486751796676 126.26264588204242 262.68116139999984
5.496784505534386 2.163411499299031 126.48282634674055 262.7456194000006
5.846531038406212 1.6172088971477319 124.90229689400287 262.8119747999999
5.690222120989226 1.4997580946769948 125.768705041264 262.8776323000002
5.665392269529455 1.2014409848133363 125.76436098665566 262.9431248000001
5.306036614433289 0.6029311741675623 125.62866427372421 263.00950230000035
4.897685192135619 0.3807789167011245 126.20767211227101 263.07518600000003
4.543284503578505 0.13747632190489756 126.08108363505751 263.1418196000004
2.960281878507672 -0.5347855056638674 125.6198055835592 263.20724940000036
2.534392537386097 -0.6855756655595978 125.8447805516508 263.2730476000006
2.2791060142859223 -0.8608551333511413 125.18079033442059 263.3367890999998
0.6568616164897421 -1.4912010270688474 124.73451578874277 263.4029633
-0.013625895086626372 -1.5720234007408984 125.17723769994782 263.4668969000004
-0.3634080210301107 -1.6772508644436632 125.3142177787992 263.53303440000036
-1.8239081084429927 -2.0081861866606445 125.35201698145984 263.59751440000036
-2.334212986988568 -2.1937806634921357 125.22956139716932 263.66328130000056
-2.568061996114565 -2.2045071549975805 125.10391539829521 263.72813099999985
-3.944142729000447 -2.342613324748363 124.7853830004374 263.79394950000005
-3.944142729000447 -2.342613324748363 124.7853830004374 263.8583150000004
-4.1995567085336845 -2.306051184550765 124.16193122639635 263.92363000000023
-4.61515024452455 -2.3836910715896114 124.93929868006876 263.98947190000035
-5.620662132458364 -2.367585391260148 125.2130239189381 264.0538867000005
-5.336724493154499 -2.253339152585002 124.25373625103023 264.12076160000015
-5.813413586507515 -1.996719912014321 125.35279746965297 264.1844422000004
-5.591171649418094 -1.8460401488754838 124.88778868695235 264.2499078999999
-5.871071976749228 -1.645861075641145 125.63557232755245 264.3161876000004
-5.60555972288077 -1.4582416018312063 124.90574275135329 264.38078959999984
-5.095098512734069 -0.8101656396823135 125.11298100215046 264.4457501000006
-4.870973427489112 -0.6135651191280928 125.72567404123406 264.5115467000005
-4.147757311821444 -0.21349683169422218 125.93906919071476 264.57727030000024
-2.9563480462072675 0.2231730134685067 125.19730014201095 264.64302920000046
-3.1114497934371244 0.31160702680982877 126.03961078647313 264.7075316999999
-2.9403620124444387 0.43288393900564287 126.22712576784687 264.7732996000004
-0.6976697741511657 1.1835468187947358 125.94726516933873 264.83921290000035
0.003148954121712677 1.5503515661401908 125.24785095461705 264.904133
0.020673759934773273 1.6227543515776273 126.26972432061018 264.96910780000053
0.9721883155069975 1.986192277426361 126.4355097582543 265.0349462000004
2.0075692396194 2.471022915475979 126.7345549667962 265.0993773
2.5864105974619136 2.463349246584972 126.25158031205305 265.1647444
3.8171982581878154 2.925632650071707 126.41406057021923 265.22990240000036
3.783186400782043 2.8975103760651693 126.93701823803086 265.2952249
3.783186400782043 2.8975103760651693 126.93701823803086 265.35972200000015
4.939746273458219 2.6402888149107038 126.39791800314704 265.42450270000063
5.1843436809885475 2.723705497345166 126.88197820431884 265.4902069
5.683647827473557 2.518826008345167 126.00719529526744 265.5549649000004
5.687891895272813 2.5353096786982574 126.45144987115256 265.6207519999998
5.581700443599011 1.9433404420747191 126.28109087912922 265.68602330000067
5.669357324104254 1.8530272659211584 125.89702575092079 265.75074399999994
5.707276133290641 1.6428279089122142 125.66996848883771 265.8165730999999
5.625104235773918 0.7874003336755735 125.96139028260922 265.88211390000015
5.219746022407691 0.6654661851977962 126.06856374902378 265.9480848000003
4.307190523727989 -0.031665814343793564 125.77421206900871 266.01299780000045
3.9332309607952567 -0.222139755228414 125.66507088801201 266.07824979999987
3.3704139535158646 -0.2702451041049553 126.25860904674747 266.1437734000001
1.8741218850387185 -0.9637065435027657 126.00793870109555 266.21016130000044
1.090206498853206 -1.259597523632019 125.11518595954729 266.2758549
0.5631141141303004 -1.385367555269002 125.37375377736046 266.3413596999999
0.11287364901402697 -1.5874502286121484 124.94973404878229 266.4075399000003
-1.276762842913712 -1.8957319053785455 125.88472608669399 266.47316670000055
-1.304405053661732 -1.9731277490790564 124.98848719154978 266.5394075000004
-1.8528390880966086 -1.9724614894475136 125.41572777875584 266.6036303000001
-3.5793505659044556 -2.4201690220902274 124.90083979948295 266.66808350000065
-3.6578693640557844 -2.3183757291448877 124.33833753158318 266.73298350000005
-4.134989462063885 -2.4654905696749383 124.8728990294413 266.7989551999999
-4.878956158727888 -2.465151443950509 124.71895111227906 266.86428160000014
-5.307649842389466 -2.4997355921300444 125.34266479193995 266.9304567999998
-5.305375276590297 -2.4114310640732257 124.9655323571093 266.99712309999995
-5.647188459610909 -2.3842416432882714 125.30357395942609 267.0614231999998
-5.732917149101183 -1.9474356384244866 124.98965770957243 267.12724160000016
-5.828767135063892 -1.9187963056560289 125.40081819155466 267.19318400000066
-5.603544512622243 -1.3230247699715152 124.96775864004606 267.2574894999998
-5.53376970222471 -1.1679600302832909 124.62368463683866 267.32382810000036
-5.403052779437736 -1.0166368117469755 124.37488700719949 267.3891776999999
-4.056585675746689 -0.3795378299467703 125.72770404632323 267.45358339999984
-3.689914289879475 -0.1870540796703577 125.68683693140245 267.51839440000003
-3.414213396217079 -0.08743259668539305 125.41927459129934 267.5843491000005
-2.226753276596966 0.6828447764982315 125.61251060991805 267.6486792000005
-1.611114890679758 0.8310302212380619 125.56954472447553 267.71466450000025
-0.9456534493091695 1.1943976399494127 125.23556073586323 267.7795839999999
0.23379161290884554 1.8575549326305132 126.6141739165684 267.84520990000055
0.5275804185433017 1.771580381197365 126.5409681937888 267.91070860000036
1.3124859802733795 2.187352946110743 125.47512760288598 267.97603100000015
1.1960242831031849 2.305891760254948 126.74038749310273 268.0407057000002
2.9889595030393536 2.363742178380251 125.53209611317573 268.10682330000054
3.6768223635353934 2.974473031968441 124.96128765684617 268.17177810000067
3.752565412248302 2.949053573022814 126.37464483290992 268.2371116000004
4.714486808111047 2.9005566057140166 126.73085931205766 268.3022980000005
5.083930758004804 2.9345221431912623 126.3327920386735 268.3680183000006
5.511060552251976 2.92013171779233 126.31489890756617 268.43208310000045
5.649459851931574 2.21566402785207 126.0038207665703 268.49653430000035
5.873091458654919 2.1626207767681915 125.21106099678195 268.5612970000002
5.5813261886960035 2.028441860392064 126.5394913228338 268.6280172000006
5.647691908640965 1.2896591836031743 126.21696877623928 268.6914244999998
5.767445937327395 1.1840013178207347 125.71216383852033 268.75566160000017
5.822364316202474 1.0958156742819543 126.26986453475739 268.8203018000004
4.792975725993436 0.1308173557898744 125.66120710802511 268.9010066000001
4.266976115382562 0.05167903670222218 126.11047266124045 268.9663534000001
4.056841615749988 -0.21465991376060345 125.63971995027116 269.0311597
2.534961424893872 -0.7829869756071811 125.08513266827987 269.09636110000065
2.0923545597326054 -0.9289412692206941 125.34359014123142 269.1620382000001
1.8056762450877102 -1.0211402934074378 124.54455637522729 269.2273071999998
-0.19228567144716635 -1.632973395237264 125.14989791097409 269.2916402000001
-0.7055335828328069 -1.75666069712956 125.28424441628258 269.3562034000006
-1.0638272030279268 -1.8680590906638663 125.59427657217964 269.42115100000046
-2.3453705243789926 -2.2811715596041133 125.06057828719649 269.4854677000003
-2.8425013754090145 -2.2547677001682147 125.46375239442564 269.5501168999999
-3.178382162185102 -2.295074083732943 125.23648898040882 269.6156823000001
-4.477388159268472 -2.43840958600473 125.28995057775255 269.68006610000066
-4.7295259556744895 -2.437622249217023 125.29637220291967 269.7460041000004
-4.639920692478142 -2.439251618118771 124.44863187453574 269.8106509999998
-4.935473835000693 -2.399253807313914 124.43938879312408 269.87625769999977
-5.492288066783573 -2.147181097184462 124.50035291551069 269.9420073000001
-5.758685803134931 -2.149060638367997 125.15164387903066 270.0063897
-5.674759511278474 -1.9492595097919634 124.93184787405126 270.0709519000002
-5.486854297677304 -1.4974924435922925 124.25111616449848 270.1361630000001
-5.475677040170083 -1.3641088668988801 124.28710034038349 270.2004410999998
-5.6862661958513385 -1.1347564373385883 125.08958478631607 270.2648906000004
-4.71789348715366 -0.5925621326701899 126.02085319049102 270.33045910000055
-4.081375608393017 -0.3649537519298266 125.67356663711723 270.39419670000007
-3.8397607332978296 -0.1488069802823324 125.77275214845915 270.4592637000005
-2.9488009194408633 0.44109410413009803 126.11678423170822 270.5252588000003
-2.2634148607980222 0.6748943862826806 125.66429834721943 270.59009550000064
-1.9529259861582489 0.8177441056401877 126.36971506972769 270.6557444
-0.18267040595760875 1.5647216361479983 125.66822151015542 270.7199176000004
-0.23939507949104666 1.5758675105771986 126.68653487627735 270.78497120000065
0.7390960245279103 1.8426640003380723 125.31590838586254 270.8507709000005
0.9909234273499621 2.1564855270428107 126.69920163923292 270.91486500000065
2.4712317799683703 2.5632344016497584 126.72593784708117 270.98067020000053
2.8116708666088215 2.6526133229527717 126.78027556367674 271.0452992999999
3.070521147188103 2.7918254296887057 126.59693080488424 271.11127840000063
4.284925885509601 2.8422226507525963 126.89553417276694 271.17542969999977
4.890898839195863 2.88758203713432 125.8328303602998 271.2405165
5.317208570072573 3.0824875135699408 126.14564990690893 271.30459410000003
5.568044147603089 2.344977626615083 126.00024207505017 271.37056910000047
5.510692305174658 2.2915830488366535 126.50092358089468 271.43582810000044
5.808238132542613 2.3427828667688755 126.70286309008286 271.5007222000004
5.868066099880089 1.7590333683691113 126.50285871535428 271.56614850000005
5.663222836764824 1.320211080015652 126.43345066143804 271.6319334
5.8130175464423814 1.2310716477679544 125.95634028995137 271.6964777000003
5.121200117026241 0.40699010883393516 125.95822347360641 271.76177499999994
4.812294019035178 0.2813811216516371 125.8414950956566 271.82756530000006
4.629248688110238 0.21526003714243935 125.90801727908804 271.8929968000002
4.132100046015275 -0.09824518469836863 125.69979119510904 271.9589732000004
2.575523919569065 -0.7014976546710124 126.0970683770537 272.0245719000004
2.6298206610373995 -0.7435608749140533 124.75897864934275 272.0898692999999
0.25734361949768925 -1.4461545797562616 125.3507033569388 272.1559444000004
-0.06815672867213607 -1.5241993059160217 125.01426609218404 272.2214279
-0.6252625526372455 -1.695174762011462 125.37386535697284 272.28559660000064
-1.1161842242119846 -1.851857540092002 125.75680376797685 272.3516642000004
-2.3155227051728957 -2.205287685227443 125.09481133862835 272.4152998999998
-2.6525071893852257 -2.2163062918713634 125.04616656336302 272.47868019999987
-3.2212116293026014 -2.197635735788703 125.45543508980556 272.5448621000005
-4.278916010910542 -2.4764536814280635 124.74028634357104 272.61020689999987
-4.278916010910542 -2.4764536814280635 124.74028634357104 272.67467380000016
-4.907662019262375 -2.445970117268005 125.26922992641826 272.74086720000014
-5.516319404551709 -2.3356753161590063 124.90548115306086 272.8054041000005
-5.675326911714961 -2.1991063983788637 124.93664765019861 272.8698138
-5.494600959399165 -2.080036179875227 124.37950327274797 272.93527950000043
-5.674437373732545 -1.8243342726262286 124.92934166744078 272.99966120000045
-5.800817293333687 -1.6807890520610012 125.3826317326015 273.0638493000006
-5.48520477553955 -1.400012736202426 124.4697495007154 273.12832160000016
-5.65842063408752 -1.2623159524648284 125.14459039368339 273.1939325000003
-4.694987097878482 -0.5732810572670092 125.82998151758343 273.25957149999977
-3.644440049036298 -0.12505987967519516 125.34066097471796 273.3245172000006
-3.762576129277427 0.019811179138384927 125.97622424827684 273.38944850000007
-3.043999066497797 0.1895451125345371 125.39957414351782 273.4538362000003
-2.47527004413125 0.549037095445361 125.93956416538663 273.5194607000003
-2.1827692441583793 0.6723735184540575 126.14559929546165 273.58414080000057
-0.13643117526787307 1.4686704614501795 125.85614170112575 273.65014990000054
0.14921653718570838 1.6229871324585148 126.26273528797954 273.71612880000066
1.1160939019241596 2.103491621259545 126.31972805334848 273.78192260000014
2.7368082065247776 2.479723426288872 125.49829623447081 273.84659420000025
2.7989596339454863 2.625727358579335 126.2237599743136 273.91224500000044
2.729309623622754 2.507048298887016 126.62623222912924 273.9778713000005
4.004377482436155 2.864704779162635 126.45218953403092 274.04305660000045
4.226754599097383 3.036014761259814 127.15609474760939 274.10884570000053
5.113292123021658 2.9718684254754577 126.91074057972313 274.1733525999998
5.119363486847284 2.3890565546454967 126.35858389930362 274.23895530000027
5.6445530459164885 2.4693317566543636 126.02363168363134 274.30429470000036
5.459130033531899 2.310151034996504 126.85497851571375 274.36867919999986
5.643667480763128 1.7522767176205285 125.92905240270811 274.4341204000002
5.643667480763128 1.7522767176205285 125.92905240270811 274.49957390000054
5.597176407068446 1.64129029469568 126.4550934662075 274.5659714000003
5.552241695796873 1.3375392425812458 126.33775230026917 274.63034229999994
5.243265016247612 0.5077884214925834 125.69487734759751 274.6956467
5.1535814290160005 0.413143482577729 125.48921408392289 274.760945
3.883609122921065 -0.2500923682966224 125.26979507398275 274.82673410000007
3.42969896790094 -0.4300775158637241 125.49767388940306 274.89018080000005
3.188449359016701 -0.611994401332547 124.9745878438226 274.95492879999983
1.2308738451504624 -1.099632324676711 126.03617178359883 275.02105980000033
0.29545964857442186 -1.4115264681663584 125.56973417763854 275.08500280000044
-0.1945441754921049 -1.5157491187253345 125.76115533399332 275.15030579999984
-1.048901806020801 -1.9161629155870736 124.97910721249981 275.2147307000005
-1.4079560895316376 -1.9423049761101487 125.09873469976282 275.28047289999995
-2.012703140678326 -2.160444582789335 125.75061332804663 275.34623850000025
-3.4327282785478275 -2.3732181906476533 124.98700735386176 275.41179869999996
-4.060836380797902 -2.4514852887979277 125.2317467716956 275.47602910000023
-4.1730010545449545 -2.475846999478061 124.65407305526287 275.54299170000013
-4.1730010545449545 -2.475846999478061 124.65407305526287 275.60839960000067
-5.271286336200497 -2.4524310921023647 124.9901439848002 275.6747241000003
-5.308853405242992 -2.3531914396163183 124.66384901247486 275.73811449999994
-5.516319404551709 -2.3356753161590063 124.90548115306086 275.8030478999999
-5.674437373732545 -1.8243342726262286 124.92934166744078 275.87009260000013
-5.674437373732545 -1.8243342726262286 124.92934166744078 275.93375430000015
-5.576239950228285 -1.6731398183348323 124.83807257996367 275.99943600000006
-5.200686477160282 -1.2111290209506511 124.95002338428425 276.06394210000053
-5.214177714535722 -0.9738471514013077 125.14879193114264 276.1295441000002
-5.0246197973438385 -0.822965785034724 124.9780814807753 276.19479090000004
-3.9950101809953367 -0.20777424335185635 125.79528905145912 276.2605213000006
-3.594064610646903 -0.026491257505465438 125.2402341208515 276.3253871000006
-3.5594899864804646 0.14561335562559208 125.99799108133958 276.3905861000003
-1.331714729302611 0.8785776611699067 126.15899996733879 276.4552702000001
-1.0040881446116146 1.0213941838620775 125.86399972707055 276.52067910000005
-1.0054302107780302 1.2197091406497211 126.38192501032373 276.5861498000004
0.8613436214485333 1.7713518148180634 126.1818657779645 276.6507743000002
1.7519068499046 2.1535069984075106 125.54796334838628 276.7160732000002
1.9442778872902977 2.4828273004859507 125.98655323721003 276.7812760000006
3.236432927174853 2.560933410451774 125.83048785792616 276.84676600000057
3.591978258074974 2.9447182722295513 126.05610902305241 276.91213210000024
3.745336530310418 2.706480958582065 126.36997163715627 276.9759715
4.2586099162269235 2.7320931492354013 125.75795830309674 277.0409651
5.493278705101446 2.9693374392337017 125.52132399940841 277.10563400000046
5.454043774212927 2.783411659479795 126.83547732746719 277.17064889999983
5.439714720988128 2.5153814223202624 126.25006528354533 277.2365872999999
5.717345008339983 2.1091581938432125 125.87306517437588 277.3019899000001
5.657012173120876 1.8354001091735528 125.97354193418406 277.36729640000067
5.621855503057823 1.7981425988869049 126.14197858016163 277.4331858000005
5.7973329023525935 1.1596132688586676 125.44333631242141 277.4970772000006
5.6007326862339895 0.7996572216651056 126.02805043313079 277.56305520000024
5.630633024171765 0.6925428471529764 125.54949284837896 277.6279319000005
4.2904896615720745 0.061527240366995084 125.95173671074895 277.69265950000045
3.964957300046869 -0.20139643795299222 125.37086096690517 277.75775669999985
3.36884618641551 -0.3205148530486662 126.01022144492028 277.82231970000066
1.9397067974848738 -0.9319810089111161 125.27269175703609 277.88732450000043
1.5183440816650844 -1.071544431086521 125.31783043297325 277.9521770000001
1.0148334734550488 -1.2602768130421969 125.24358150230913 278.0167218000006
-0.9167450777864232 -1.7879370063362021 125.72050120037586 278.0817882000001
-1.0348814220204616 -1.9425949125539423 125.49951368520354 278.14789519999977
-1.4731382870071172 -1.886990572828247 125.69386936929727 278.2135760000001
-1.7631466690409496 -2.1129381708391555 125.40962569814931 278.2790525999999
-3.4590699119636596 -2.4082040849612083 125.6868326217109 278.34370750000016
-3.728502452074828 -2.3798607711728303 125.21888778677257 278.40800949999993
-4.087422237427518 -2.42135928636111 125.30186551399852 278.47408260000066
-5.095136918136156 -2.4509630758029 125.40387927273616 278.5395263999999
-4.9680958954241845 -2.409929936950269 124.4914214943729 278.60454329999993
-5.189812035713935 -2.4310893552117316 124.56174869524052 278.66966070000035
-5.636464120654516 -2.0501501559127777 124.80818870458558 278.73483399999986
-5.697670179549476 -2.0259065296597734 125.08381527925228 278.8009517999999
-5.662354206212761 -1.8880361221412487 125.16417222189565 278.8683093999998
-5.787092384181406 -1.371962885505602 125.40540041516287 278.93389770000067
-5.6384851608990445 -1.2246405684555612 125.0131795737905 278.9978654000006
-5.844857162935384 -1.1455468116378573 125.68851552148993 279.06307240000024
-4.233625236106995 -0.4014906290447148 125.28932823268119 279.1284192000003
-4.147757311821444 -0.21349683169422218 125.93906919071476 279.22522879999997
-3.416011310270271 -0.042862031161533753 125.32438482732081 279.2908894000002
-2.027273416193893 0.8261367501720847 125.75136572129098 279.3554844999999
-1.8925372862620833 0.8252069251127803 126.31773874101776 279.4214843
-0.24311793892282196 1.4963378836788905 126.08151155927195 279.48614090000046
0.15469316249663478 1.7741209695349385 125.86336421709557 279.55226870000024
1.3242806208250428 2.0579967822111884 124.87418468313057 279.61755640000047
1.7910711841618792 2.323374046519698 125.64446086427067 279.6833385
2.778054635169404 2.6445927168010286 126.41013746426175 279.7480531000001
2.9213582889172613 2.8511954862242335 126.76231139404165 279.81352229999993
3.2262788982492197 2.8951788268395147 126.47151270666107 279.87761300000057
4.5447435609349895 2.8359230346326205 126.38216336668836 279.9463979000002
4.983465602421916 3.03364997455505 126.58541570651086 280.0091624000006
5.285143812095633 2.8676700796941685 126.4016454609418 280.0756656000003
5.53584243935633 2.4845776717444994 125.60008916016835 280.13969390000057
5.573831672923539 2.3907643072463842 125.87152749135235 280.2055825000007
5.318034186459748 2.2078425995032567 126.8402322366578 280.2702740000004
5.455482692159499 1.5632013991547633 126.10628610402402 280.33522880000055
5.549328628180746 1.3092353382124196 125.74306474280911 280.3997602999998
5.463862701651003 1.1813673508708666 126.07183818130876 280.46361830000023
5.087173465095269 0.5531190064954443 125.98149191154879 280.5291489000001
4.686480155414657 0.1599421265737686 125.67453152879595 280.59427250000044
4.308415658070274 0.028020992363502306 125.84121168598789 280.6605337000001
4.004405254391969 0.04476717046572298 126.28189689281314 280.72604670000055
2.5419744768623644 -0.6366939242311876 125.50953860716047 280.79109060000064
2.0525026805283915 -1.0147160116913954 125.16083422416521 280.8601950000002
0.1779532257793619 -1.507242802938166 125.25735330215151 280.9396778999999
-0.1028591202900202 -1.5289072317430894 125.10460576743563 281.00466589999996
-0.7182270827507722 -1.7838911811356755 125.4583822623935 281.0665976
-1.980270427423882 -2.2214796848814338 124.88140618960072 281.12967220000064
-2.4603635621697464 -2.1934622805451425 125.23332029893162 281.1945503000006
-2.8426043741954885 -2.2989997753629234 125.22971100234776 281.26086620000024
-3.8322187559008256 -2.3742913754391073 123.97145850892149 281.3269885999998
-4.4389112181333275 -2.450123899266768 125.24192574602499 281.3928987999998
-4.897697417239918 -2.4731660288092483 125.75435125907686 281.4600203
-5.549979959185549 -2.3244415206246583 124.93611156018144 281.54672440000013
-5.378435354766637 -2.266269628651711 124.53306964738232 281.61313789999986
-5.535347587861196 -2.164941766260011 124.64078282916833 281.6787273
-5.606618035143342 -1.82289051098051 124.98323782728464 281.73637560000043
-5.393703412226195 -1.6018507401295379 124.65297512070411 281.7975284000004
-5.393703412226195 -1.6018507401295379 124.65297512070411 281.8640181999999
-5.318169757430866 -0.9312784161449718 124.90365442264127 281.93119000000024
-4.941377342033327 -0.6509716278480401 125.33920681528163 281.99622869999985
-4.882056759541932 -0.5659165888472842 126.25521337956583 282.05594759999985
-3.766266023495426 -0.10082553987938547 125.80693608538074 282.1230923000003
-3.314116201599319 0.12289816207839155 124.80763132078962 282.1878410999998
-3.327361169523691 0.24687368587745362 126.20590659919328 282.24612119999983
-1.5841367616388382 0.5573906816006721 123.89060299825589 282.31300290000036
-0.6399111485006799 1.2825430094964694 126.10466408978607 282.3790318000001
-0.16084537165068014 1.5329869759540715 125.62583876519292 282.44556720000037
1.175214510697522 2.0963727461941817 125.22547308149393 282.51275650000025
1.5559207877572092 2.334086823226394 125.87746065075022 282.57674769999994
2.0096627826565694 2.439356089375869 125.87673107633846 282.64171799999986
2.644948764790378 2.7943618847990095 126.85031890942075 282.70699539999987
4.129942191690418 2.9346573561469 126.05548245397516 282.7764549000003
4.556742808457095 3.0477051163108575 126.34740436340402 282.84380469999996
5.09170740910082 2.8719156453645693 126.33471424525975 282.91287569999986
5.092441353865084 2.807274997125616 126.59047219955222 282.9786806000002
5.304200272625671 2.6299689421744277 125.6700060982843 283.0461654999999
5.35929202882631 2.5598833036692055 126.18084842701133 283.1112970000004
5.7062205851885395 1.817681413469645 126.11398396712406 283.17855229999986
5.851630289961392 1.8542697819450384 125.51638106585355 283.24498180000046
5.8378655812815055 1.2636173924208234 125.65125022562479 283.3125989
5.668914680622294 1.004597657845277 126.33595588041241 283.38104660000045
5.619881225636782 0.7594576373212804 125.69668080570631 283.45224210000015
5.119544924477609 0.41116589665920045 125.7973942918367 283.4861527000003
4.858012540735402 0.3567755255245363 125.58459751644588 283.55873430000065
3.626464427762741 -0.22462705488846357 125.70965236522296 283.6301604
3.195002548552644 -0.25943845828684287 126.30289599016223 283.69311950000065
1.8434329880263078 -0.942893248617955 126.24310623433949 283.75877089999994
1.451295498108145 -1.2476370468140052 125.14085725886889 283.83108750000065
0.9904216055523207 -1.2758005480576875 124.95297188574217 283.8963315000001
-0.6815031385559394 -1.728535102038852 124.68951986618812 283.9617678000004
-1.255867539943381 -1.9265416553299675 125.5190764311212 284.0274003000004
-1.4739496394377412 -1.9601523799177039 125.06339738869099 284.09148689999984
-3.2054251227317394 -2.260533150431169 125.47621262336072 284.1581477
-3.545217817805195 -2.333508762497968 125.24617784590892 284.2226692000004
-4.130491227524438 -2.3704006883290747 125.09599355544462 284.28756990000056
-4.630535299883171 -2.4144214998201963 124.47951322671008 284.35270560000026
-4.742944211636534 -2.3786238852529444 124.1902139456723 284.42011749999983
-5.187167684143574 -2.422321852591263 124.7962273024629 284.4826827000006
-5.813086644562134 -2.122059458736693 125.35334181201593 284.5481729000003
-5.586897442449072 -1.976720595231665 124.60790150751222 284.58022660000006
-5.642899407167242 -1.835913600735244 124.90507497948482 284.6448850000006
-5.771318218139228 -1.7141174461530144 125.11223448538964 284.7093265000003
-5.771318218139228 -1.7141174461530144 125.11223448538964 284.77438580000035
-5.654431044948559 -1.0817386806902425 125.1603395237156 284.8387579
-5.171575990820784 -0.9243333752015167 124.9548183719762 284.90602040000067
-4.756402568816199 -0.6702736277200282 125.47779471683742 284.9697833
-3.770455615731599 -0.12468708525350558 125.34365498030236 285.03449360000013
-3.683952163956775 0.03704706090597343 125.92823328489852 285.0996328000001
-2.9857034907889783 0.37722437785459667 125.56498775728436 285.1654956000002
-1.2593097887800369 0.908563977887875 125.65810700558022 285.23038670000005
-0.6644589818797257 1.3306068691979074 125.27890082465714 285.2942972999999
-0.9085048365475927 1.3270129298162843 126.64982339414405 285.35991120000017
1.4395176959629978 1.8346633162880934 124.21764201795443 285.42579840000053
1.0870360521422882 2.2166166439083312 126.89287375414784 285.49055190000036
1.929683037385523 2.1729890201238904 126.05990748182386 285.5551436000005
3.439111337925816 2.83945846796044 125.84594346547601 285.6201682000001
3.4932184738049656 2.7369311475409375 126.46911325061718 285.68539300000066
3.892940990842952 2.705849681013535 126.24516316086562 285.75151749999986
4.9301945664041185 2.9122372656443907 126.65555415650937 285.8140086000003
5.294555001751043 2.69904747295693 125.80996699456398 285.88012030000027
5.32364240752905 2.5528672113736364 125.84402870281896 285.94583479999983
5.608343111107871 2.117354881333708 126.10969687407847 286.0111149000004
5.516674314726274 1.9608600732752444 126.53037009404395 286.0762100000002
5.452248466547232 1.8212218797300372 126.80118120131559 286.14167
5.787784915626787 1.7484697188863558 125.59008017903508 286.20700600000055
5.7983336083045955 0.9914092010874656 125.55104858783459 286.27216529999987
5.625104235773918 0.7874003336755735 125.96139028260922 286.3374597000002
5.649533936058312 0.8771554087509197 125.95551654178807 286.40316470000016
4.184617735140726 -0.09521466738834428 125.66617344210671 286.46791699999994
3.6577866434439414 -0.2029138516963741 125.92127416458423 286.53366880000067
3.3601410156134506 -0.49672336119687854 125.52529572976121 286.5977466000004
1.6722695609351774 -0.9556222881372857 125.90108206750689 286.66507550000006
1.4132872782017145 -1.1791825482274243 125.22404970055753 286.72767620000013
0.5854460431347377 -1.3040264780275876 126.14443385919286 286.7932969000003
-0.6956574784429037 -1.806115271282716 124.833786510961 286.8573470000001
-1.001133357970005 -1.930878363590299 124.7370642800563 286.92366459999994
-1.4676181264929866 -1.9415517659973078 125.40282251489926 287.00303540000004
-3.2383211538808965 -2.406722698202363 125.79109936928664 287.06726590000017
-3.435630281910356 -2.40893287783345 125.03897807347455 287.13134679999985
-3.747393309135653 -2.408806112168427 124.96566879636747 287.1966991999998
-4.6967961968742244 -2.464763017825792 124.80488204658336 287.2617936000006
-5.0689511664707325 -2.4478032408165764 125.25819435539559 287.3272990000005
-5.005755394757244 -2.4130969391674073 124.48819598833785 287.39201409999987
-5.801489551340275 -2.182269424369617 125.39091503118641 287.45622940000067
-5.467195146480734 -2.034739890410281 124.49390432279388 287.52177590000065
-5.480225101870296 -1.8881219878640203 124.5314971976016 287.5866309000003
-5.632842211209656 -1.8994147151254728 125.14546181709856 287.65209550000054
-5.072776371279609 -1.2388544796279004 125.17141734322823 287.71776339999997
-5.184509665683798 -1.1212310944156516 125.33202535070134 287.78249049999977
-5.043410099012256 -0.9518188875777737 124.89499471641471 287.8483180000003
-4.2962360509265025 -0.3372742536618295 125.82660503071553 287.9142622999998
-3.9455265849110503 -0.23777063326180592 125.48674137033517 287.9796477
-3.4933224442624464 0.06097548469515779 124.99740354590634 288.0459434000004
-2.10818570846903 0.739588591767752 126.34895863434134 288.1111804000002
-1.383026633000533 0.8653528916629667 125.66228455215119 288.17558910000025
-0.8487811684266262 1.1268892677070486 125.48385649761227 288.24149750000015
0.4054266655237697 1.6999351851351303 126.09133219669233 288.30663619999996
1.3259001040599614 2.0513992371986416 125.27200932201148 288.37281690000054
1.2552129262232512 2.1343034362689424 126.82646160945191 288.43772010000066
3.019530071931314 2.622374472910736 125.6933540207012 288.50272640000003
2.9613432555117853 2.7407110835089874 126.61797324038857 288.5672731000004
3.2765076853738577 2.7373324067149225 126.55531978273483 288.6320579000003
4.962370317355905 2.821346325776732 126.09490560138903 288.69748419999996
4.9002853337541055 2.9939355058452026 126.41929588741871 288.7618093000001
5.18443483699091 2.7835636677566695 126.90115323557045 288.8265018000002
5.541203621429226 2.4398951523314687 126.81462467798238 288.89057460000004
5.695830000238651 2.300350711078976 126.64920300885976 288.9562912000001
5.784517014613954 2.0009908609948153 125.60220766617495 289.0223480000004
5.662202950987869 1.433057143182659 126.11484713800267 289.08768020000025
5.794700007716671 1.2436748942961713 125.5644718669921 289.15292150000005
5.828587224787917 1.0118897812237047 125.25283873738935 289.2182395
6.152477052061563 1.0836718603670976 125.09957098147403 289.284498
4.686480155414657 0.1599421265737686 125.67453152879595 289.34968070000014
4.369165800843575 0.0036566936446519316 125.50218690657682 289.4139892000003
3.8043612909302382 -0.22460944985339304 125.84321054311002 289.4788898000006
2.2264036115317722 -0.8215421280157561 125.88165312375119 289.5449176000002
1.8747894719157614 -0.958268034650983 125.82747008680631 289.609023
1.5188477479503888 -1.135131030450487 125.23140281311588 289.67520390000027
-0.3594884364781663 -1.6930367100147166 125.22903244659759 289.7397658
-0.7803641184681993 -1.8821746134864301 125.40571007017535 289.8047787000005
-1.0997201993332268 -1.928278337552837 125.21078294759022 289.8708587000001
-2.4949826260490866 -2.2184683929602733 124.7881442665289 289.93556420000004
-2.9193144054531217 -2.274815568780054 125.03521148795308 289.9998843000003
-3.4339860926082224 -2.3932583578360394 125.14798797073323 290.06458530000054
-4.404441210426448 -2.4759696648313083 124.74378674179918 290.1295295
-4.691946964731052 -2.4045741964619882 125.06608953670236 290.19452210000054
-4.691946964731052 -2.4045741964619882 125.06608953670236 290.2598103
-5.036340096048065 -2.5103915766128977 125.20833417291283 290.3251915000001
-5.572194308603642 -2.168020772267321 124.63340346866488 290.3902899000004
-5.5352418859956245 -2.0403259728582017 124.63890056459184 290.45520450000004
-5.535110125695617 -1.9157076967957498 124.63694573246946 290.51954840000053
-5.502915417879173 -1.55330421087666 124.6054505978532 290.5858582000001
-5.518287929990862 -1.4767689074200998 124.65202850502834 290.6516977000001
-5.602721037385649 -1.198064512970193 124.96373789427795 290.7173622999999
-4.866740430392163 -0.5457057791340659 126.14481546879591 290.7833446000004
-4.316110009384985 -0.3223194422411634 125.87854114341843 290.8483961000002
-3.30391433222087 0.1706952443180414 125.78265581761136 290.9145610000005
-2.8362382415427945 0.36056675952106815 125.69218168284843 290.9806542000006
-2.228757175841146 0.5489050288115934 125.62265400356739 291.0465543
-1.6520394005085635 0.7367892718488881 126.36869889456307 291.11030290000053
0.18030148556140801 1.609515415780645 125.03353908499984 291.17614159999994
0.1525229321720829 1.8529421916050635 126.74981660085497 291.24142630000006
1.659856437421439 2.277951091262727 126.83834145308876 291.307546
2.4767459172437682 2.4041791234641257 125.40595489127001 291.3725576000006
2.4769974815919866 2.5958636977265237 126.23243895403257 291.4384981000003
2.945879695747557 2.5728346807263196 125.5812277576554 291.50434550000045
4.514426032821163 2.9698004569298604 126.67949255559832 291.5697995999999
4.541628331542562 2.844374618288988 126.89129167953952 291.6348659000005
4.8624778923740735 2.917685054554272 126.77010079853041 291.7007701000002
5.3200983667873345 2.5396325023536446 126.57115895192867 291.76590490000035
5.707940507968637 2.487378241552003 125.59201530653839 291.8313912000003
5.699177581141775 2.1788101959425816 126.16967320807592 291.89603500000067
5.849723317492277 2.1255065521279515 125.4992133607088 291.96159140000054
5.860285165671478 1.493804545942535 125.45708586394322 292.0265373000002
5.860285165671478 1.493804545942535 125.45708586394322 292.0914382000001
5.625104235773918 0.7874003336755735 125.96139028260922 292.15665290000015
5.540460315731316 0.7017567418070907 125.93831540440206 292.2218461000002
5.1677190307797005 0.36204863546303606 125.39221260133232 292.28657340000063
4.545367751536247 0.11933789976919462 125.32104151576739 292.3527300000005
3.1281692359194295 -0.4747160517652774 125.52761959169678 292.4190868000005
2.9124022364388793 -0.5519456574302605 125.22651334104579 292.4840449000003
0.9627324135951199 -1.2628921384471927 125.82650529093684 292.54991599999994
0.6374635686873802 -1.3853764989957975 125.2508517363253 292.6157380000004
0.22882904654306913 -1.5062329594089356 125.13180818493733 292.68093920000047
-1.2281652766056723 -1.9744080970857025 124.86335701068427 292.7469368000002
-1.6586710343299842 -1.9831287859701336 125.24803829405315 292.81259260000024
-2.208057530323117 -2.1940943764444514 125.22577209797909 292.87759259999984
-3.274899105440312 -2.3677009177073596 123.96676131985042 292.94343650000064
-3.8334382109523446 -2.4625666654633203 124.96200651890614 293.00819480000064
-4.153643849854383 -2.388823959201225 124.93192272161608 293.0742471000003
-5.13940370223974 -2.461882026123025 124.89747343486957 293.1388192000004
-5.130823389034894 -2.4126502609034124 124.49102704675875 293.20450600000004
-5.52151747562425 -2.3705289235998586 125.3526029896918 293.2702267000004
-5.241819830846964 -2.252634040963629 124.19897867562028 293.3364427000006
-5.506688488277973 -1.9174213551627255 124.69089110941337 293.4004660999999
-5.634486151050645 -1.6778591753012262 125.37818114747435 293.4666237000001
-5.288949081552111 -1.523271615028253 124.51131524282754 293.5315350000001
-5.19685068542514 -1.027571084614216 125.06662004667 293.59777310000027
-5.115953613621841 -0.9365882955407522 124.92722661977722 293.6630184000005
-5.096676948838393 -0.7557282279865979 125.6290554606799 293.72881959999995
-3.5994470225253963 -0.03662091687349911 125.23910902026856 293.79371210000045
-3.2862238117113947 0.12281174934812467 125.66840844395674 293.85875209999995
-3.026265519195924 0.28917337386809117 125.77519367054732 293.92457749999994
-1.0694073398968058 0.9365584518246888 125.05212651674 293.9899832000001
-0.5620872942596193 1.262488820488112 125.43424197336766 294.05564480000066
-0.3975206289843669 1.4286940637999077 125.49122446797492 294.12079950000043
1.3179696347983096 2.0400583361472284 126.29618489825583 294.1858342000005
1.7417352634879322 2.3165555643041063 126.19037599608845 294.2507647000002
2.065971963816459 2.399257979827777 126.4102018710355 294.31503470000007
3.143259984259842 2.825813422596229 126.80125381011007 294.3809842999999
3.703950738551491 2.924924358953349 126.31463064418882 294.44818100000066
4.075070730638338 2.904647101632934 126.30464016411192 294.5115311999998
5.0000013881666305 2.9153148380975296 126.8577388684754 294.57841030000054
5.285600530008075 2.7401053681064793 126.39902241473868 294.64248230000067
5.474453105483612 2.69526690268579 126.07037537246899 294.70669650000036
5.875309660042888 2.6083832562464164 125.77675069569678 294.77182989999983
5.735676690595767 2.1175680946195437 126.10621212170759 294.83699780000006
5.723856893536244 1.9561662356675917 126.18933220849773 294.9015709000005
5.82857215210867 1.7572537468755587 125.86271672045848 294.96678430000065
5.869357452726064 0.988985296296903 125.42136056269868 295.0316563000006
5.6917752601188525 0.7913408298103508 125.85862396551117 295.0973696000001
5.492259735508043 0.6543885117626569 125.50446217878877 295.16139980000025
4.004749374255127 -0.0981858299173134 125.70595567156059 295.22590200000013
3.5679447723127637 -0.2543660121635912 125.97739197101119 295.29209059999994
3.174316527513973 -0.4747056964386972 125.68265285626579 295.35865809999996
1.4695786190854392 -1.0777990331934761 125.88168914685899 295.42317189999994
1.2248702371247404 -1.1740448812772564 125.4102116365021 295.48876500000006
0.5994625951833612 -1.4080352899658393 125.53343599517505 295.5535004000003
-0.7307007798541818 -1.8636901616448558 124.64876163362757 295.61897320000026
-1.0498285498172848 -1.9137622574498816 124.88920738296811 295.68479670000033
-1.6679649276536708 -1.946821529491475 125.72170296533943 295.7497178000003
-2.0250462869537884 -2.126629831443295 125.09705917008532 295.81431880000036
-3.7583432118854176 -2.349767606181881 125.72454314285214 295.87846530000024
-3.6929774032637965 -2.343451905158717 124.77836914751136 295.9458500999999
-4.2386394856733105 -2.4215209007592855 125.65789033285394 296.0103702000006
-4.70441368575576 -2.361437048782019 124.06253829895243 296.0753433
-5.15814500958566 -2.4287208975792414 124.58346854295016 296.1410639000005
-5.390790674720897 -2.336142264245301 124.90263183969198 296.2061960000001
-5.674759511278474 -1.9492595097919634 124.93184787405126 296.27153610000005
-5.828767135063892 -1.9187963056560289 125.40081819155466 296.3362547000006
-5.674437373732545 -1.8243342726262286 124.92934166744078 296.4018317
-5.630193099414747 -1.293862260818805 124.68043839021897 296.4677526000005
-5.6145213324020204 -1.1334376587252133 125.13003532385616 296.5321834000006
-5.267902941681761 -0.9411275584430988 125.0564621617233 296.5981087
-3.7576456773185782 -0.27239107592888623 125.55104990004637 296.6643386000005
-3.700671689725624 -0.18758211247237844 126.04755435622275 296.7294029000004
-3.4375551355116016 -0.033287600403080875 125.52567976117918 296.79313749999983
-1.6657811956045734 0.7266658540398404 124.82634465770884 296.8590922000003
-1.2458914943763872 1.1390917980300177 125.57420578020087 296.9253464000003
-0.9607381912630188 1.0508804173685538 126.38517111339532 296.99182759999985
1.0404719666359057 1.9297474715802356 125.38224986095739 297.0562786999999
0.9734620392569653 2.0049120579388537 126.52173062081957 297.12244439999995
1.295566281988478 2.1371498292764812 126.4269860864386 297.18575560000045
2.103684672637627 2.391869177114676 125.66072727974823 297.25145020000036
3.5259165985999417 2.8575004194884492 125.78170228097721 297.31727820000015
3.607355357531283 2.872623725961445 125.90796739697716 297.3821734000003
4.1119701946363065 2.793345161817801 125.5878524246393 297.4472360999998
5.169174023681833 2.9488438595610598 125.70133618459681 297.51272169999993
5.135364489347076 2.8136265513919 127.17777487037283 297.57839180000065
5.3486479837456 2.6178054561587314 126.32018123339184 297.6433938
5.861297030981177 2.3105625472615143 126.34114184248932 297.7087298000006
5.801087689254601 2.1039311403126795 126.36173100640704 297.7746050000005
5.80197528037813 1.9762596955015228 126.35703762115638 297.83896390000064
6.073052907416539 1.365104883934676 125.5863199357481 297.90379029999986
5.9624539382216355 1.0785966584505198 125.57767021486205 297.96815330000027
5.754318596036278 0.8196970668434251 125.7366144524181 298.0326481000002
4.5792502749748465 0.12866340703050783 125.98104998511825 298.0983995000006
4.205804979481947 -0.12466987777501837 125.30812332360148 298.1633563000005
3.9362671063678647 -0.20322117995448163 125.05065167795331 298.2281545000005
3.3967538773532624 -0.28972950606545644 125.96919977406085 298.29453640000065
1.769508016835161 -1.0095131615244148 125.23018996190838 298.35847150000063
1.2641223439832814 -1.1277014692271123 125.64678665669717 298.42369920000056
0.8165784794890101 -1.3859046807652717 125.36342638885439 298.4886327000004
-0.9073014256411369 -1.8818261560266678 125.41135678358687 298.5534824000006
-1.0521940079739451 -1.9740057224956646 124.97910384561658 298.6181692
-1.3124176338257172 -1.9843864250858165 124.5056865145951 298.6835894000005
-3.236217254817042 -2.3589431287924127 125.44903323767694 298.7486036999999
-3.60236547958619 -2.380200056006899 125.21522941747907 298.8139286000005
-3.7049634508637936 -2.419700683649766 124.90405037086926 298.8783127000006
-4.67567056398898 -2.47393729180226 124.67023125184821 298.9434338000001
-4.842928267792146 -2.410369425054679 124.48834570095264 299.0089342000001
-4.842928267792146 -2.410369425054679 124.48834570095264 299.07340639999984
-5.734276436155781 -2.1973812840107376 124.99689736549979 299.1399345
-5.450585262425136 -1.9907225280448508 124.2640940013928 299.2050945000001
-5.813413586507515 -1.996719912014321 125.35279746965297 299.2691783999999
-5.870442396376127 -1.5200903374647678 125.6321609369199 299.3344597000005
-5.870442396376127 -1.5200903374647678 125.6321609369199 299.4002270000001
-5.743048091691001 -1.3791526149980857 125.3227684364548 299.4662841999998
-4.181088748999471 -0.537402106677627 125.90658055135597 299.5320055000002
-3.643092762920965 -0.1974743275357188 125.35361021485025 299.5977892000001
-3.3208183376346767 -0.049400886882774886 124.90851303881236 299.6626186000003
-2.3131683083931165 0.49472891455538004 124.94725793138615 299.7282369000004
-2.266798432294003 0.6707312478022855 125.94454102143379 299.79336710000007
-1.8619915591445704 0.5876529077074808 125.86211762578395 299.8596068000006
-0.8901288842117552 1.2271597763109388 126.28130517750172 299.92529210000066
0.46418930389565816 1.730762893635705 126.25030246327069 299.9910552000001
1.0852865489571428 1.9250201103542337 125.52670139468292 300.0554632000003
2.574687958380899 2.4326652538874476 125.0730962846926 300.15281810000033
2.291177463328644 2.455847404906734 126.8953921863131 300.2179958000006
3.0132313600071754 2.6418788041459442 125.96509158120203 300.28485610000007
4.5351067695536 2.8391191640353726 126.2543677681155 300.3501120000001
4.636726312035073 2.9215788416977766 126.64071223979647 300.4157487000002
5.2861511738000715 2.612535179615942 126.39603028916375 300.48171960000036
5.4344366982020915 2.4349852120531628 126.22143582654088 300.5470728999999
5.492887216397655 2.3518541079123336 126.66440730047721 300.6123963
5.845778801659357 2.378382292916302 125.51512419442639 300.6776273000005
5.9303094269006635 1.6398120617140919 125.17001589869969 300.7420651000002
5.922876346112659 1.537223123345615 126.01770346217178 300.8078771999999
5.864758841718604 1.2413322289681359 125.4394212000664 300.8730220000007
5.564269290890799 0.6697877137205235 125.64009406336093 300.93783280000025
5.280789724748537 0.5188110986566601 125.85589208504064 301.00309389999984
4.891461036192965 0.2774274742182956 125.85223222946392 301.0677271000004
2.9899903444214857 -0.5054017221966375 125.94092614798619 301.1319959000002
2.7798400960594734 -0.6954074845967816 125.28514623668343 301.1965796000004
2.7798400960594734 -0.6954074845967816 125.28514623668343 301.2619469000001
0.7640608795109927 -1.3284480629458528 125.85877591075639 301.32665950000046
0.39452605629293913 -1.4501760657966027 125.67998139408019 301.3916041000002
-0.06842608960005236 -1.5095644526101548 125.39303197863244 301.4560067000002
-0.3107138963130751 -1.72560557796003 124.8471732134542 301.5212078000004
-1.896232375561219 -2.0442790207516297 125.37108991310153 301.5863448
-2.3017744792972508 -2.1466555329953394 125.1177101747573 301.65150429999994
-3.5460854045121195 -2.35362215763207 124.6361551608211 301.71723850000035
-3.9734427175931657 -2.314623479291119 125.27639417096181 301.7816462999999
-4.1243221000079515 -2.4075639496974865 124.97452568442836 301.8459750000002
-4.917859250432244 -2.3345323121579886 124.45692896495483 301.9099137000003
-5.15916721900124 -2.276807102308818 124.5037318864913 301.9755427
-5.498596941316869 -2.3938026297007395 125.1637919014304 302.0411597000002
-5.87271091971634 -2.023174499510187 125.64509210683181 302.1071391000005
-5.363995228008186 -1.794117541099383 124.2594330529188 302.1732831999998
-5.533244809909874 -1.6564444368852866 124.69787772764543 302.2373894000002
-5.621885859612384 -1.1851938566967344 124.95207130759503 302.30311789999996
-5.254770122730299 -1.0054554345992477 124.22217450230846 302.36797879999995
-5.271341662228821 -0.9208527723280341 125.52284271153533 302.43225640000037
-4.857101109966486 -0.5964875861014322 125.61856642846303 302.4973
-3.1707601191310033 0.01288501351837179 124.95765429341087 302.56315300000006
-3.5034768214795236 0.1696836542266137 126.43885862317916 302.6275099000004
-2.68724564097613 0.3977934077704423 125.41909837587609 302.6924474000007
-1.1106191110041266 1.1374249380979484 126.1794153616338 302.75668529999984
-0.5276667664263499 1.2900648887163135 125.73993366309821 302.82228470000064
-0.2501864466732471 1.4544031980955445 126.0393606008475 302.88758750000034
1.231880148051566 2.1458267380584517 126.36803034805594 302.95364960000006
1.7024950485617225 2.246867187061002 126.26819129804393 303.0171527000002
2.2057689359676402 2.495455253073872 126.13240463874068 303.0822183999999
3.4055950619638153 2.659506519688827 126.59752247435108 303.1479552999999
3.813819710952423 2.776238940078971 126.33266048227634 303.2136317000004
4.128577343020446 2.9000080060158435 126.42384456139713 303.2793773000003
5.1699346418080765 2.6912711662128537 126.27138031093216 303.34429790000013
5.460801575927654 2.6319761150099645 125.54747175365493 303.4096894000004
5.3486479837456 2.6178054561587314 126.32018123339184 303.47659939999994
5.438047899921337 2.4344943647771164 126.3770175736697 303.5414445000006
5.679571287321885 2.0455254177040767 126.2620394306579 303.60713600000054
5.583855371720425 1.8161874856900617 126.27251189605774 303.67264840000007
5.738936337847953 1.6029828439819669 125.63797505304424 303.73757430000023
5.704336112041773 0.9318986075929041 125.80603510072221 303.80399880000004
5.688397790469033 0.7552673451004269 125.41797761112733 303.86933690000023
5.315881852194117 0.5357714190777335 125.84524274397182 303.9334915999998
4.073635995172374 -0.22004241541872305 125.18996382642064 304.0000928999998
3.7209681578229095 -0.10204358520964307 125.40003522872011 304.0632869000001
3.0735365894522033 -0.554089217264803 125.68931177754855 304.12833260000025
1.4842136530962122 -1.1820812367478877 125.42299670161769 304.1948867000001
1.0370937744221678 -1.3230495882369304 125.40101972787973 304.26056570000037
0.6005973915213474 -1.4299130612578743 125.29354509631166 304.32588639999994
-0.961344016946228 -1.9110915877049295 125.01835433854535 304.39180880000004
-1.307567585561472 -1.9578419856989897 125.06209444677575 304.45607999999993
-1.7286385972109741 -2.0291505134358525 125.35082897946766 304.5216111
-3.2766837501700294 -2.3170204322016628 125.17388264139478 304.5875384000001
-3.54539504977906 -2.4182365033584436 124.9204475341459 304.65213380000023
-3.9016678627627854 -2.3892334284494785 125.17519677478734 304.7178998999998
-4.942951653924226 -2.4482724602210815 125.25501156771257 304.78271459999996
-5.1715222452704666 -2.4351729054700715 125.38071461505757 304.8466524000005
-5.319966404878947 -2.4022898490585107 125.07859506007762 304.9120307000003
-5.560216309434409 -2.373571640470334 125.34836609326474 304.9770666000004
-5.774192710761746 -1.9935040542481581 125.35521296665492 305.04358779999984
-5.634327569137412 -1.867082951925854 124.92973769320216 305.1074072000001
-5.674437373732545 -1.8243342726262286 124.92934166744078 305.1735716000003
-5.621885859612384 -1.1851938566967344 124.95207130759503 305.23880139999983
-5.798856769374609 -1.1415538915264185 125.66973437923725 305.3040363
-5.156060194184292 -0.914705770770634 125.4181099732651 305.3696835999999
-3.261176679899414 -0.14329517755483923 125.05332440380582 305.4343337
-3.1657494637680657 0.0017312050607212193 125.26438582028584 305.49902310000016
-2.8248614636555587 0.19680731722480338 124.35388122640859 305.5641563999998
-1.8132995851750948 0.7833612201333713 125.89889446150885 305.6291406
-0.6903070807107454 0.950693969959461 124.5017854138597 305.6945162000002
-0.3916234005394301 1.4912178310562325 125.26815801029342 305.7600499
0.9170997716197675 1.8530834389036297 125.58234055318907 305.8255248000005
1.0246977328049667 2.11353839518361 126.2890778961534 305.8906285000003
1.4478518491941657 2.1663909272043025 126.90314526352542 305.9558667000001
2.098790349511745 2.3866173740503807 126.07329104395929 306.0199031000002
3.197144163746529 2.7627940993704136 126.84044864666922 306.0867345000006
3.794720055637441 2.8887111766400597 126.33349988542689 306.15068580000025
3.899881222011196 2.8398089903818318 126.90400185560766 306.2160410000006
5.047430168434559 2.6903180585962354 126.42222366493061 306.2809074000006
5.3753904524104215 2.59175213019896 125.48328481132643 306.3472746000007
5.52420221126436 2.5068990887305658 125.63609426879351 306.41321659999994
5.570503471398986 2.1594620691782724 126.60145955908025 306.4782568999999
5.7861344541890745 1.8747204299321987 125.5962033323964 306.54361450000033
5.659576183788914 1.7087101909401496 125.96331716971932 306.6089802000006
5.6118510457857695 1.1287113998814537 126.38473604935547 306.67374610000024
5.799458250926115 0.9478060966814069 125.73057900719762 306.7382197000006
5.549663877754462 0.8199337151133937 126.25214748450992 306.80394630000046
4.416486437644416 0.09530037004541192 125.6620245508068 306.8702652000002
4.20119177748353 -0.2205349869097294 125.18053024001708 306.93493490000037
3.751416668917898 -0.25961269390840547 125.49260571871824 306.99980380000034
2.0514604749100585 -0.9775895392373003 125.49367792055708 307.06554120000055
1.5429253072435145 -1.1024759705016751 125.51913870099604 307.13194269999985
0.9140586708799887 -1.2369872877894514 126.10286334405124 307.1959106000004
-0.6554359757955197 -1.7568789736742145 125.4057154459755 307.2606560000004
-0.9490195430640043 -1.8840163591521715 125.40985085631421 307.3256945000003
-2.258774950794347 -2.1167968105248787 125.53246397266734 307.39091129999997
-2.8439886962597 -2.234721128191759 125.31002519827229 307.46796220000033
-3.4698594089096773 -2.45680991249941 126.1432612514838 307.5329294000003
-3.370455360235198 -2.361044382256551 124.5551599149959 307.5992948000003
-4.605148507852277 -2.467923593900659 124.78494834191994 307.66475210000044
-4.951347488977056 -2.4917676583782646 125.19803613681343 307.7291451000001
-5.445559423442987 -2.4018249315014106 125.08100692543991 307.7944324
-5.53479099231523 -2.1783727847422867 124.59189709539677 307.8675844999998
-5.730121274195945 -2.100219812362069 125.2116233256614 307.9318370000001
-5.73360782806558 -2.072407765901335 124.99330771582937 307.99684870000056
-5.800582549220401 -1.5554143080066036 125.3803752106698 308.0609340000001
-5.80032105673893 -1.4300382196194477 125.3780441684609 308.1267992000003
-5.800032788646604 -1.3046610462293136 125.37563851695768 308.1931689000003
-5.800032788646604 -1.3046610462293136 125.37563851695768 308.2568630000005
-4.063667542582756 -0.38043737124782095 124.7886858265602 308.32159540000066
-4.4049957684155245 -0.31301033929177013 126.01651213507856 308.38740039999993
-3.7966209770111803 -0.07036875089603545 125.82409446112521 308.45137740000064
-2.309217891362607 0.7882870691592018 126.52795281011797 308.51746960000037
-2.309217891362607 0.7882870691592018 126.52795281011797 308.5827946999998
-1.4750060433942593 0.8267928894171664 125.24735168619053 308.64772940000057
0.22187089913148839 1.705227032946952 126.27685516420401 308.71275479999986
0.7093633220737843 1.738280745422174 126.20972118930948 308.7787699999999
1.1723531757986763 2.075776409378735 126.16240613004123 308.84468580000066
2.215282930563319 2.502777981968202 126.03349605697095 308.91013060000023
2.4822927783521465 2.3305545007872794 126.81998811627408 308.97563850000006
3.178103560505768 2.688190282147039 125.3655136031498 309.03931139999986
4.413275505251441 2.843233653629344 126.89324009734933 309.1046217000003
4.779173718930252 2.886527764321747 126.64332151379529 309.1706476999998
5.256596786907899 2.642795109180048 126.6207340396259 309.2358546000005
5.646133330918438 2.395102819109164 125.30039496967687 309.30196520000027
5.543470335628051 2.385486751796676 126.26264588204242 309.3661069
5.570608219042342 2.20050500373948 126.15372167944986 309.43154500000037
5.800557256235763 2.080462083237144 125.41159479366407 309.49676960000033
5.589102448725342 1.3083279272353632 126.07562755157106 309.5606359000003
5.739980408097395 1.1154645389695799 125.43690192817863 309.625685
5.495412491970171 0.633386749100224 125.69171863472464 309.69125410000015
5.178817217450195 0.4760706141008103 125.63374061196895 309.75728080000044
4.879980661994573 0.1894838137885303 125.53957096774293 309.8221516000003
4.8813614828986545 0.35797365187373315 124.84145249901044 309.88781910000034
2.3946694416912564 -0.7175495069676406 125.90761182456939 309.95443410000007
2.1250365127812287 -0.9092655507979898 125.6158458255445 310.0186411000004
0.817854925932977 -1.3243355796080554 125.02395620904416 310.08339570000044
0.2894998180669077 -1.4896624030393757 125.54261549301701 310.1474539999999
-0.10773312330761797 -1.6780656367481646 125.29578240950245 310.2136601000002
-0.5518700874895188 -1.7093821104674896 125.03739301180819 310.2785444000001
-2.334212986988568 -2.1937806634921357 125.22956139716932 310.3422964000001
-2.334212986988568 -2.1937806634921357 125.22956139716932 310.4083698000004
-2.621366112366033 -2.204826510813965 124.99959627906945 310.4723777999998
-4.02804620685005 -2.3892132793451073 124.92883423592501 310.53756450000037
-4.292768709577622 -2.5235798929083995 124.89157818234078 310.6033888000002
-4.380375196357392 -2.4152915088224076 124.47357023999714 310.66849999999977
-5.453946833253212 -2.3416984919333115 125.03335901052456 310.7349972000002
-5.686281979987818 -2.3731479105935867 125.35129148677282 310.7996608000003
-5.6866697703536175 -2.2478189149226933 125.35092208921803 310.86596270000064
-5.506396102345796 -1.7928006503209595 124.68843708660818 310.9309817000003
-5.847004647693943 -1.7149566997038272 125.83690554906623 310.9959942000005
-5.225023142868778 -1.4926795836145539 124.18539486567326 311.06105970000044
-5.250119529256352 -0.9613213656132044 125.20904025371051 311.1258852000001
-4.888638704411335 -0.7075788728206244 125.10596251198547 311.1914744000005
-4.743863986877152 -0.651318733236618 125.32277927412272 311.2572433000005
-3.301849268202517 0.15665274160701104 125.45287051952425 311.32237930000065
-3.1985051591349247 0.20758184904095278 125.98061233358709 311.38604550000036
-2.6167553336332148 0.44402192776014765 125.52942371818699 311.4511757999999
-0.7660794337929744 1.1922034214952748 125.59094586718383 311.5165914999998
-0.6294220671117969 1.320785113805603 126.71959312564695 311.58187590000034
-0.03737829206590959 1.4050632650814399 125.7064668692903 311.64759649999996
1.505273924144646 2.3457535189803402 126.30708752529118 311.7125930000002
1.9518438938842522 2.502781950224923 126.80392514585931 311.7776573000001
2.2163332061714627 2.5956597703135165 126.69403289299508 311.84239119999984
2.645509336894527 2.7326319130962426 126.4584279233337 311.9085758000001
3.86318332269402 2.8988503343426526 126.75440317230782 311.97404410000036
4.206771782167557 2.9492813847766373 126.74252625533958 312.0389621000004
4.534927348310987 2.85997368194087 126.58728236873657 312.1048644000002
5.1843436809885475 2.723705497345166 126.88197820431884 312.1686596999998
5.579012159273262 2.686356663936323 126.4331320815025 312.2337212000002
5.6445530459164885 2.4693317566543636 126.02363168363134 312.29848420000053
5.588136393909224 1.898902822172856 126.50192701254781 312.3632969999999
5.649340802103282 1.7759728338752323 126.43519499810196 312.42905880000035
5.858098759974467 1.6200865324764653 125.46575547111377 312.49360460000025
5.6189494613792235 0.873061982290917 126.35231306346472 312.55903000000035
5.425690558925851 0.6712900749645067 125.8722067815922 312.6253195999998
5.215785478671798 0.6128078435509854 126.07562239808401 312.69142700000066
3.9541532590402184 -0.24970959180263075 125.31313894164714 312.75649650000014
3.42969896790094 -0.4300775158637241 125.49767388940306 312.82260570000017
3.037356899585923 -0.5120425769202507 125.3293672080655 312.8882682000003
2.588818993643443 -0.7260070045185797 125.84763388520915 312.95348190000004
0.8017430316845022 -1.2857926921980258 125.55385739043989 313.0187885000005
0.34462422173008633 -1.4078434224331628 125.5469894521585 313.0837483000005
-0.8405174824725705 -1.8229940709564416 124.39339601465124 313.1484282000001
-1.3934816629063604 -1.9708941834329812 125.00580792111917 313.21320900000046
-1.9314456848401775 -2.193593094313053 125.27434358592188 313.27897649999977
-2.1864564754179128 -2.223462671972306 124.7346152917264 313.3441007000001
-3.599503896761128 -2.418904144909226 124.82126411019588 313.4100083000003
-4.0873877635329094 -2.341258301621948 125.48724623720014 313.4747606000001
-4.19452994773674 -2.4665011769923617 124.79146545131576 313.5409606000003
-5.071177579560889 -2.418893535073506 124.6254073765808 313.60649660000036
-5.242118258312196 -2.351754867712229 124.72121014595955 313.6709748000003
-5.611967035014764 -2.3819395698701222 125.31734993817295 313.7373348000001
-5.6341441824894645 -1.9456172724921044 124.92814857499954 313.8028419000002
-5.645453950051156 -1.8396238286905522 125.11072088579952 313.8686466999998
-5.600540080888386 -1.724615282728092 125.19303296675393 313.9336936999998
-4.842633157885523 -1.1224314756094063 124.92754640930384 313.9992953000001
-4.883602653999922 -0.9793999672896919 125.16285235548614 314.0656512000005
-4.862063174936708 -0.8677562466951613 125.16584556412299 314.13003500000013
-3.512610578330275 0.06819260638256308 125.35207344289654 314.1957401999998
-3.188318482026311 0.12259768974746255 124.80357726731265 314.26094790000025
-3.3596181030558228 0.21414490220649451 125.7637724093742 314.3264528999998
-1.7667353949136952 0.7275026302180619 126.53659153950062 314.392159
-0.4645896387236448 1.0984533819328905 124.36869513908059 314.45790099999977
-0.31605034277268373 1.3626694380482194 126.20583872834514 314.5234454000001
1.3319792718504218 1.9427037096699382 124.96332099935547 314.5884216000004
1.1770399937072256 2.2207954284244473 126.71726472101375 314.65432320000036
1.5943768708939814 2.2539048051593 126.66135997864478 314.71860639999977
2.143941180442866 2.3655995792208753 126.11478242118471 314.7842989999999
3.3494959329850573 2.7792125855595478 127.01188167406325 314.84870950000004
4.089899189352117 2.781870808011856 125.45542462127172 314.91390500000034
4.035563501957498 2.911399557393724 126.80439829568216 314.98016540000026
5.029413012176256 2.7392788230020955 126.40899301747035 315.04613900000004
4.998520668473056 2.578407429950255 126.9093774654167 315.11116910000055
5.3200983667873345 2.5396325023536446 126.57115895192867 315.17613170000004
5.5730674835334995 2.072900208610939 126.14310219367117 315.24049300000024
5.696820122333328 1.8892122396755706 125.58769167645309 315.3059911999999
5.658537879768112 1.8553468127524892 125.76577334095884 315.3715247
5.668994388624398 1.0951355648946715 125.7251052796589 315.43633260000024
5.744634386966446 0.8631960379129344 125.41879903438122 315.50111540000034
5.688119903389655 0.6716382984497459 125.39299221923001 315.5648906000006
4.361421385536289 0.030199834521965174 125.80536553307294 315.6315220000006
4.012107690417693 -0.25067590856499933 125.25698907612134 315.6964044000006
3.508601814593149 -0.3715068944082399 125.41997523678528 315.7621162000005
2.051677022445446 -1.0749393409937982 125.35556422581101 315.8266101999998
1.4002841166358166 -1.162896425092697 125.67269722980318 315.89126080000005
0.8409883029850178 -1.3249835256373035 125.7271904883615 315.9577559999998
0.4823093494376707 -1.4441110173280571 125.44989742010729 316.0217504000002
-1.1895281870359753 -1.9936325726917978 125.59628987395743 316.08750130000044
-1.2354272297790416 -1.958348105800864 124.95267656571338 316.1522574999999
-2.451885050972791 -2.23525693759935 124.58523481238866 316.21760580000046
-3.3604058320027903 -2.3941324788215512 125.03804852601822 316.28303959999994
-3.3674635516476528 -2.3167050051823987 124.35669147609568 316.3476120000005
-3.9901435553627707 -2.4526195348539233 125.13263400755525 316.4136275999999
-5.01612525499435 -2.5118188785793114 125.28679072758258 316.47872430000007
-4.965915753103545 -2.430792885965826 124.49378466419063 316.54373470000064
-5.319966404878947 -2.4022898490585107 125.07859506007762 316.60915269999987
-5.4630329384885385 -2.025092835228978 124.5515658351965 316.67374180000024
-5.482004075687129 -2.0126981324794158 124.53837958618573 316.73783710000043
-5.591171649418094 -1.8460401488754838 124.88778868695235 316.8028357000003
-5.62232352732066 -1.3689403942750236 125.40505408984531 316.8679428000005
-5.284153715102008 -1.1496708792095687 124.49215578040491 316.93347280000035
-5.28251478857068 -1.0251534402343463 124.48565930753226 316.99847730000056
-5.28251478857068 -1.0251534402343463 124.48565930753226 317.0620534999998
-3.9031704270886323 -0.11721914458728189 125.70865671229633 317.1280678000003
-3.5712938020836873 -0.07533403725877563 125.96296652547959 317.19366640000044
-1.8487512672794253 0.7608231134197934 125.54887577715135 317.2584919000001
-1.7838470233424744 0.8609623526212613 126.39029068376956 317.32301610000013
-1.7838470233424744 0.8609623526212613 126.39029068376956 317.3880042999999
-1.094393119702545 1.0532093162949123 125.53250083659049 317.45310940000036
1.3472579573534276 1.894645561517025 125.31830172171423 317.5179797999999
1.699569163881435 2.156767835137813 125.63881177347558 317.58414280000034
1.7026640345477304 2.1795825012781775 126.74746733758671 317.6492480000006
2.716536477314108 2.659209834307956 126.35977038287224 317.71465739999985
2.9677055349796078 2.639671273331625 126.48869047493802 317.7790640000003
3.237293052417037 2.7368643822153618 126.47909026831422 317.8444853000001
4.86120755385393 2.8560307321035556 126.62371951701788 317.9098537
5.130000909572999 2.724277479667628 126.06361003019268 317.9753864000004
5.5195534974706675 2.342789471726987 126.01912821887935 318.0397203000002
5.495711604981182 2.1809732784772105 126.32387326846455 318.1070909
5.7747259949202245 2.1637481138822996 125.44940576708605 318.1708152000001
5.574978043114932 2.0824406927010064 126.83550996584064 318.2354400000004
5.883645636667353 1.3564603695049584 125.65889543734338 318.30081150000024
5.940562193155515 1.1365986262312795 125.12928896275471 318.36716140000044
5.802675731886524 0.8212416787964393 125.71743489245638 318.4325499000006
5.122025715868979 0.255545992953471 125.67768426976062 318.49788739999985
4.687862669453928 0.1545149419066748 125.83494892181105 318.5626159000003
4.230807982925924 -0.030961441592335492 126.41150704504095 318.62826589999986
4.004749374255127 -0.0981858299173134 125.70595567156059 318.69258119999995
2.120791254533202 -1.0107466169458053 125.33453145957182 318.7589496999999
1.719392687464378 -1.1996561655435847 125.09625045777864 318.84054019999985
-0.008607856705324934 -1.4509202094162164 126.22222639655182 318.90545999999995
-0.24178721176006945 -1.6783968372448732 125.47730815378664 318.96945049999977
-0.7957589531568416 -1.784793974669737 125.58771599251456 319.03305140000066
-2.4263705289108586 -2.2675020095711913 124.90014100446749 319.0981042000003
-2.9464231632402402 -2.2177365716292434 125.4429315569415 319.1631879000006
-2.9464231632402402 -2.2177365716292434 125.4429315569415 319.2294873999999
-4.121432713913954 -2.5236643007217228 125.01335850906773 319.2941343000002
-4.320091699581539 -2.421455899069115 124.60942954662382 319.3611785000003
-4.497918336717575 -2.424089468251284 124.38275259509594 319.42498090000026
-4.8883201137915435 -2.462799572391766 124.89152470229588 319.4906326999999
-5.409037198605851 -2.303306970446072 124.58903352572227 319.55591450000065
-5.731187430558542 -2.225548016249141 125.21639198140471 319.6205541999998
-5.574772448808517 -1.7454867899039073 124.80501749917875 319.68666120000034
-5.380927507235874 -1.6686296735996407 124.68358644338315 319.7511308000003
-5.164084327374738 -1.4653856719599818 124.63982562889403 319.8168605000001